den,prioritet,nazvanie,kategoriya,gorod,nomer,tekst_hy,tekst_ru,status,data,otvet,tg_id
1,0,Garage 88 Workshop,автосервис,Ереван,+37433388488,"Բարև Ձեզ։ Ես Ազատն եմ, կայքեր եմ պատրաստում Հայաստանի բիզնեսների համար (EVNWEB)։ Նկատեցի, որ Garage 88 Workshop-ի Google քարտում նշված է business.site կայք։ Google-ը 2024-ին փակել է այդ կայքերը, և հղումը տանում է դատարկ էջ։ Կարող եմ ուղարկել կարճ տեսանյութ, թե ինչպես է աշխատում ավտոսերվիսի կայքը՝ առցանց գրանցում վերանորոգման և բոքսերի զբաղվածություն ադմինում։ Գինը՝ 150 000 ֏-ից։ Ցույց տա՞մ, թե ինչպես կլինի ձեզ մոտ։","Здравствуйте! Меня зовут Азат, я делаю сайты для бизнесов в Армении (EVNWEB). Заметил, что в карточке Garage 88 Workshop в Google стоит сайт на business.site. Google закрыл такие сайты в 2024, и ссылка ведёт в пустоту. Могу прислать короткое видео, как работает сайт автосервиса: онлайн-запись на ремонт и загрузка боксов в админке. Цена от 150 000 ֏. Показать, как это будет выглядеть у вас?",,,,
1,0,Lantern,кафе,Ереван,+37498766450,"Բարև Ձեզ։ Ես Ազատն եմ, կայքեր եմ պատրաստում Հայաստանի բիզնեսների համար (EVNWEB)։ Նկատեցի, որ Lantern-ի Google քարտում նշված է business.site կայք։ Google-ը 2024-ին փակել է այդ կայքերը, և հղումը տանում է դատարկ էջ։ Կարող եմ ուղարկել կարճ տեսանյութ, թե ինչպես է աշխատում ռեստորանի կայքը՝ մենյու 3 լեզվով, սեղանի ամրագրում և ադմին, որտեղ գները փոխում եք ինքներդ։ Գինը՝ 280 000 ֏-ից։ Ցույց տա՞մ, թե ինչպես կլինի ձեզ մոտ։","Здравствуйте! Меня зовут Азат, я делаю сайты для бизнесов в Армении (EVNWEB). Заметил, что в карточке Lantern в Google стоит сайт на business.site. Google закрыл такие сайты в 2024, и ссылка ведёт в пустоту. Могу прислать короткое видео, как работает сайт ресторана: меню на 3 языках, бронь столов и админка, где цены меняете сами. Цена от 280 000 ֏. Показать, как это будет выглядеть у вас?",,,,
1,0,Inga Hotel Yerevan,отель,Ереван,+37443330031,"Բարև Ձեզ։ Ես Ազատն եմ, կայքեր եմ պատրաստում Հայաստանի բիզնեսների համար (EVNWEB)։ Նկատեցի, որ Inga Hotel Yerevan-ի Google քարտում նշված է business.site կայք։ Google-ը 2024-ին փակել է այդ կայքերը, և հղումը տանում է դատարկ էջ։ Կարող եմ ուղարկել կարճ տեսանյութ, թե ինչպես է աշխատում հյուրանոցի կայքը՝ ուղիղ ամրագրում առանց Booking-ի միջնորդավճարի, զբաղվածության օրացույց և ադմին։ Գինը՝ 450 000 ֏-ից։ Ցույց տա՞մ, թե ինչպես կլինի ձեզ մոտ։","Здравствуйте! Меня зовут Азат, я делаю сайты для бизнесов в Армении (EVNWEB). Заметил, что в карточке Inga Hotel Yerevan в Google стоит сайт на business.site. Google закрыл такие сайты в 2024, и ссылка ведёт в пустоту. Могу прислать короткое видео, как работает сайт отеля: прямая бронь без комиссии Booking, календарь занятости и админка. Цена от 450 000 ֏. Показать, как это будет выглядеть у вас?",,,,
1,0,Florance,ресторан,Ереван,+37410320211,"Բարև Ձեզ։ Ես Ազատն եմ, կայքեր եմ պատրաստում Հայաստանի բիզնեսների համար (EVNWEB)։ Նկատեցի, որ Florance-ի Google քարտում նշված է business.site կայք։ Google-ը 2024-ին փակել է այդ կայքերը, և հղումը տանում է դատարկ էջ։ Կարող եմ ուղարկել կարճ տեսանյութ, թե ինչպես է աշխատում ռեստորանի կայքը՝ մենյու 3 լեզվով, սեղանի ամրագրում և ադմին, որտեղ գները փոխում եք ինքներդ։ Գինը՝ 280 000 ֏-ից։ Ցույց տա՞մ, թե ինչպես կլինի ձեզ մոտ։","Здравствуйте! Меня зовут Азат, я делаю сайты для бизнесов в Армении (EVNWEB). Заметил, что в карточке Florance в Google стоит сайт на business.site. Google закрыл такие сайты в 2024, и ссылка ведёт в пустоту. Могу прислать короткое видео, как работает сайт ресторана: меню на 3 языках, бронь столов и админка, где цены меняете сами. Цена от 280 000 ֏. Показать, как это будет выглядеть у вас?",ne_mobilny,,,
1,0,Paty Beauty Hall,салон красоты,Ереван,+37455100057,"Բարև Ձեզ։ Ես Ազատն եմ, կայքեր եմ պատրաստում Հայաստանի բիզնեսների համար (EVNWEB)։ Նկատեցի, որ Paty Beauty Hall-ի Google քարտում նշված է business.site կայք։ Google-ը 2024-ին փակել է այդ կայքերը, և հղումը տանում է դատարկ էջ։ Կարող եմ ուղարկել կարճ տեսանյութ, թե ինչպես է աշխատում սրահի կայքը՝ առցանց գրանցում վարպետների մոտ և գրաֆիկ ադմինում։ Գինը՝ 150 000 ֏-ից։ Ցույց տա՞մ, թե ինչպես կլինի ձեզ մոտ։","Здравствуйте! Меня зовут Азат, я делаю сайты для бизнесов в Армении (EVNWEB). Заметил, что в карточке Paty Beauty Hall в Google стоит сайт на business.site. Google закрыл такие сайты в 2024, и ссылка ведёт в пустоту. Могу прислать короткое видео, как работает сайт салона: онлайн-запись к мастерам и расписание в админке. Цена от 150 000 ֏. Показать, как это будет выглядеть у вас?",,,,
1,0,Sunny people,турагентство,Ереван,+37443121224,"Բարև Ձեզ։ Ես Ազատն եմ, կայքեր եմ պատրաստում Հայաստանի բիզնեսների համար (EVNWEB)։ Նկատեցի, որ Sunny people-ի Google քարտում նշված է business.site կայք։ Google-ը 2024-ին փակել է այդ կայքերը, և հղումը տանում է դատարկ էջ։ Կարող եմ ուղարկել կարճ տեսանյութ, թե ինչպես է աշխատում տուրիստական ընկերության կայքը՝ տուրերի կատալոգ 3 լեզվով և առցանց հայտեր։ Գինը՝ 150 000 ֏-ից։ Ցույց տա՞մ, թե ինչպես կլինի ձեզ մոտ։","Здравствуйте! Меня зовут Азат, я делаю сайты для бизнесов в Армении (EVNWEB). Заметил, что в карточке Sunny people в Google стоит сайт на business.site. Google закрыл такие сайты в 2024, и ссылка ведёт в пустоту. Могу прислать короткое видео, как работает сайт турагентства: каталог туров на 3 языках и заявки онлайн. Цена от 150 000 ֏. Показать, как это будет выглядеть у вас?",,,,
1,0,Vincent Hostel by Hotelier,хостел,Ереван,+37493992010,"Բարև Ձեզ։ Ես Ազատն եմ, կայքեր եմ պատրաստում Հայաստանի բիզնեսների համար (EVNWEB)։ Նկատեցի, որ Vincent Hostel by Hotelier-ի Google քարտում նշված է business.site կայք։ Google-ը 2024-ին փակել է այդ կայքերը, և հղումը տանում է դատարկ էջ։ Կարող եմ ուղարկել կարճ տեսանյութ, թե ինչպես է աշխատում հյուրանոցի կայքը՝ ուղիղ ամրագրում առանց Booking-ի միջնորդավճարի, զբաղվածության օրացույց և ադմին։ Գինը՝ 450 000 ֏-ից։ Ցույց տա՞մ, թե ինչպես կլինի ձեզ մոտ։","Здравствуйте! Меня зовут Азат, я делаю сайты для бизнесов в Армении (EVNWEB). Заметил, что в карточке Vincent Hostel by Hotelier в Google стоит сайт на business.site. Google закрыл такие сайты в 2024, и ссылка ведёт в пустоту. Могу прислать короткое видео, как работает сайт отеля: прямая бронь без комиссии Booking, календарь занятости и админка. Цена от 450 000 ֏. Показать, как это будет выглядеть у вас?",,,,
1,0,Tomu’s Hotel,отель,Гюмри,+37477424341,"Բարև Ձեզ։ Ես Ազատն եմ, կայքեր եմ պատրաստում Հայաստանի բիզնեսների համար (EVNWEB)։ Նկատեցի, որ Tomu’s Hotel-ի Google քարտում նշված է business.site կայք։ Google-ը 2024-ին փակել է այդ կայքերը, և հղումը տանում է դատարկ էջ։ Կարող եմ ուղարկել կարճ տեսանյութ, թե ինչպես է աշխատում հյուրանոցի կայքը՝ ուղիղ ամրագրում առանց Booking-ի միջնորդավճարի, զբաղվածության օրացույց և ադմին։ Գինը՝ 450 000 ֏-ից։ Ցույց տա՞մ, թե ինչպես կլինի ձեզ մոտ։","Здравствуйте! Меня зовут Азат, я делаю сайты для бизнесов в Армении (EVNWEB). Заметил, что в карточке Tomu’s Hotel в Google стоит сайт на business.site. Google закрыл такие сайты в 2024, и ссылка ведёт в пустоту. Могу прислать короткое видео, как работает сайт отеля: прямая бронь без комиссии Booking, календарь занятости и админка. Цена от 450 000 ֏. Показать, как это будет выглядеть у вас?",,,,
1,1,Formula Motors,автосервис,Ереван,+37455288282,"Բարև Ձեզ։ Ես Ազատն եմ, կայքեր եմ պատրաստում Հայաստանի բիզնեսների համար (EVNWEB)։ Նկատեցի, որ Formula Motors-ի կայքը (www.formulamotors.am) այժմ չի բացվում։ Կարող եմ ուղարկել կարճ տեսանյութ, թե ինչպես է աշխատում ավտոսերվիսի կայքը՝ առցանց գրանցում վերանորոգման և բոքսերի զբաղվածություն ադմինում։ Գինը՝ 150 000 ֏-ից։ Ցույց տա՞մ, թե ինչպես կլինի ձեզ մոտ։","Здравствуйте! Меня зовут Азат, я делаю сайты для бизнесов в Армении (EVNWEB). Заметил, что сайт Formula Motors (www.formulamotors.am) сейчас не открывается. Могу прислать короткое видео, как работает сайт автосервиса: онлайн-запись на ремонт и загрузка боксов в админке. Цена от 150 000 ֏. Показать, как это будет выглядеть у вас?",,,,
1,1,Kuzov.am,автосервис,Ереван,+37444086858,"Բարև Ձեզ։ Ես Ազատն եմ, կայքեր եմ պատրաստում Հայաստանի բիզնեսների համար (EVNWEB)։ Նկատեցի, որ Kuzov.am-ի կայքը (kuzov.am) այժմ չի բացվում։ Կարող եմ ուղարկել կարճ տեսանյութ, թե ինչպես է աշխատում ավտոսերվիսի կայքը՝ առցանց գրանցում վերանորոգման և բոքսերի զբաղվածություն ադմինում։ Գինը՝ 150 000 ֏-ից։ Ցույց տա՞մ, թե ինչպես կլինի ձեզ մոտ։","Здравствуйте! Меня зовут Азат, я делаю сайты для бизнесов в Армении (EVNWEB). Заметил, что сайт Kuzov.am (kuzov.am) сейчас не открывается. Могу прислать короткое видео, как работает сайт автосервиса: онлайн-запись на ремонт и загрузка боксов в админке. Цена от 150 000 ֏. Показать, как это будет выглядеть у вас?",,,,
1,1,Arvestanoc,автосервис,Ереван,+37498809272,"Բարև Ձեզ։ Ես Ազատն եմ, կայքեր եմ պատրաստում Հայաստանի բիզնեսների համար (EVNWEB)։ Նկատեցի, որ Arvestanoc-ի կայքը (arvestanoc.am) այժմ չի բացվում։ Կարող եմ ուղարկել կարճ տեսանյութ, թե ինչպես է աշխատում ավտոսերվիսի կայքը՝ առցանց գրանցում վերանորոգման և բոքսերի զբաղվածություն ադմինում։ Գինը՝ 150 000 ֏-ից։ Ցույց տա՞մ, թե ինչպես կլինի ձեզ մոտ։","Здравствуйте! Меня зовут Азат, я делаю сайты для бизнесов в Армении (EVNWEB). Заметил, что сайт Arvestanoc (arvestanoc.am) сейчас не открывается. Могу прислать короткое видео, как работает сайт автосервиса: онлайн-запись на ремонт и загрузка боксов в админке. Цена от 150 000 ֏. Показать, как это будет выглядеть у вас?",,,,
1,1,LT Motors,автосервис,Ереван,+37443522522,"Բարև Ձեզ։ Ես Ազատն եմ, կայքեր եմ պատրաստում Հայաստանի բիզնեսների համար (EVNWEB)։ Նկատեցի, որ LT Motors-ի կայքը (flashmotors.am) այժմ չի բացվում։ Կարող եմ ուղարկել կարճ տեսանյութ, թե ինչպես է աշխատում ավտոսերվիսի կայքը՝ առցանց գրանցում վերանորոգման և բոքսերի զբաղվածություն ադմինում։ Գինը՝ 150 000 ֏-ից։ Ցույց տա՞մ, թե ինչպես կլինի ձեզ մոտ։","Здравствуйте! Меня зовут Азат, я делаю сайты для бизнесов в Армении (EVNWEB). Заметил, что сайт LT Motors (flashmotors.am) сейчас не открывается. Могу прислать короткое видео, как работает сайт автосервиса: онлайн-запись на ремонт и загрузка боксов в админке. Цена от 150 000 ֏. Показать, как это будет выглядеть у вас?",,,,
1,1,Flash Motors,автосервис,Ереван,+37460522555,"Բարև Ձեզ։ Ես Ազատն եմ, կայքեր եմ պատրաստում Հայաստանի բիզնեսների համար (EVNWEB)։ Նկատեցի, որ Flash Motors-ի կայքը (flashmotors.am) այժմ չի բացվում։ Կարող եմ ուղարկել կարճ տեսանյութ, թե ինչպես է աշխատում ավտոսերվիսի կայքը՝ առցանց գրանցում վերանորոգման և բոքսերի զբաղվածություն ադմինում։ Գինը՝ 150 000 ֏-ից։ Ցույց տա՞մ, թե ինչպես կլինի ձեզ մոտ։","Здравствуйте! Меня зовут Азат, я делаю сайты для бизнесов в Армении (EVNWEB). Заметил, что сайт Flash Motors (flashmotors.am) сейчас не открывается. Могу прислать короткое видео, как работает сайт автосервиса: онлайн-запись на ремонт и загрузка боксов в админке. Цена от 150 000 ֏. Показать, как это будет выглядеть у вас?",ne_mobilny,,,
1,1,Avan Hills,апартаменты,Ереван,+37495858585,"Բարև Ձեզ։ Ես Ազատն եմ, կայքեր եմ պատրաստում Հայաստանի բիզնեսների համար (EVNWEB)։ Նկատեցի, որ Avan Hills-ի կայքը (avanhills.am) այժմ չի բացվում։ Կարող եմ ուղարկել կարճ տեսանյութ, թե ինչպես է աշխատում հյուրանոցի կայքը՝ ուղիղ ամրագրում առանց Booking-ի միջնորդավճարի, զբաղվածության օրացույց և ադմին։ Գինը՝ 450 000 ֏-ից։ Ցույց տա՞մ, թե ինչպես կլինի ձեզ մոտ։","Здравствуйте! Меня зовут Азат, я делаю сайты для бизнесов в Армении (EVNWEB). Заметил, что сайт Avan Hills (avanhills.am) сейчас не открывается. Могу прислать короткое видео, как работает сайт отеля: прямая бронь без комиссии Booking, календарь занятости и админка. Цена от 450 000 ֏. Показать, как это будет выглядеть у вас?",,,,
1,1,Sweet Home apartments,апартаменты,Ереван,+37444770520,"Բարև Ձեզ։ Ես Ազատն եմ, կայքեր եմ պատրաստում Հայաստանի բիզնեսների համար (EVNWEB)։ Նկատեցի, որ Sweet Home apartments-ի կայքը (sweethomeapartemts.am) այժմ չի բացվում։ Կարող եմ ուղարկել կարճ տեսանյութ, թե ինչպես է աշխատում հյուրանոցի կայքը՝ ուղիղ ամրագրում առանց Booking-ի միջնորդավճարի, զբաղվածության օրացույց և ադմին։ Գինը՝ 450 000 ֏-ից։ Ցույց տա՞մ, թե ինչպես կլինի ձեզ մոտ։","Здравствуйте! Меня зовут Азат, я делаю сайты для бизнесов в Армении (EVNWEB). Заметил, что сайт Sweet Home apartments (sweethomeapartemts.am) сейчас не открывается. Могу прислать короткое видео, как работает сайт отеля: прямая бронь без комиссии Booking, календарь занятости и админка. Цена от 450 000 ֏. Показать, как это будет выглядеть у вас?",,,,
1,1,Villa Nor Arabkir,апартаменты,Ереван,+37499472509,"Բարև Ձեզ։ Ես Ազատն եմ, կայքեր եմ պատրաստում Հայաստանի բիզնեսների համար (EVNWEB)։ Նկատեցի, որ Villa Nor Arabkir-ի կայքը (villanor.am) այժմ չի բացվում։ Կարող եմ ուղարկել կարճ տեսանյութ, թե ինչպես է աշխատում հյուրանոցի կայքը՝ ուղիղ ամրագրում առանց Booking-ի միջնորդավճարի, զբաղվածության օրացույց և ադմին։ Գինը՝ 450 000 ֏-ից։ Ցույց տա՞մ, թե ինչպես կլինի ձեզ մոտ։","Здравствуйте! Меня зовут Азат, я делаю сайты для бизнесов в Армении (EVNWEB). Заметил, что сайт Villa Nor Arabkir (villanor.am) сейчас не открывается. Могу прислать короткое видео, как работает сайт отеля: прямая бронь без комиссии Booking, календарь занятости и админка. Цена от 450 000 ֏. Показать, как это будет выглядеть у вас?",,,,
1,1,Wine Time Winery,бар,Ереван,+37444151413,"Բարև Ձեզ։ Ես Ազատն եմ, կայքեր եմ պատրաստում Հայաստանի բիզնեսների համար (EVNWEB)։ Նկատեցի, որ Wine Time Winery-ի կայքը (winetime.am) այժմ չի բացվում։ Կարող եմ ուղարկել կարճ տեսանյութ, թե ինչպես է աշխատում ռեստորանի կայքը՝ մենյու 3 լեզվով, սեղանի ամրագրում և ադմին, որտեղ գները փոխում եք ինքներդ։ Գինը՝ 280 000 ֏-ից։ Ցույց տա՞մ, թե ինչպես կլինի ձեզ մոտ։","Здравствуйте! Меня зовут Азат, я делаю сайты для бизнесов в Армении (EVNWEB). Заметил, что сайт Wine Time Winery (winetime.am) сейчас не открывается. Могу прислать короткое видео, как работает сайт ресторана: меню на 3 языках, бронь столов и админка, где цены меняете сами. Цена от 280 000 ֏. Показать, как это будет выглядеть у вас?",,,,
1,1,Stop music club,бар,Ереван,+37412560780,"Բարև Ձեզ։ Ես Ազատն եմ, կայքեր եմ պատրաստում Հայաստանի բիզնեսների համար (EVNWEB)։ Նկատեցի, որ Stop music club-ի կայքը (stopclub.am) այժմ չի բացվում։ Կարող եմ ուղարկել կարճ տեսանյութ, թե ինչպես է աշխատում ռեստորանի կայքը՝ մենյու 3 լեզվով, սեղանի ամրագրում և ադմին, որտեղ գները փոխում եք ինքներդ։ Գինը՝ 280 000 ֏-ից։ Ցույց տա՞մ, թե ինչպես կլինի ձեզ մոտ։","Здравствуйте! Меня зовут Азат, я делаю сайты для бизнесов в Армении (EVNWEB). Заметил, что сайт Stop music club (stopclub.am) сейчас не открывается. Могу прислать короткое видео, как работает сайт ресторана: меню на 3 языках, бронь столов и админка, где цены меняете сами. Цена от 280 000 ֏. Показать, как это будет выглядеть у вас?",ne_mobilny,,,
1,1,Albert House,гостевой дом,Ереван,+37493445900,"Բարև Ձեզ։ Ես Ազատն եմ, կայքեր եմ պատրաստում Հայաստանի բիզնեսների համար (EVNWEB)։ Նկատեցի, որ Albert House-ի կայքը (alberthouse.am) այժմ չի բացվում։ Կարող եմ ուղարկել կարճ տեսանյութ, թե ինչպես է աշխատում հյուրանոցի կայքը՝ ուղիղ ամրագրում առանց Booking-ի միջնորդավճարի, զբաղվածության օրացույց և ադմին։ Գինը՝ 450 000 ֏-ից։ Ցույց տա՞մ, թե ինչպես կլինի ձեզ մոտ։","Здравствуйте! Меня зовут Азат, я делаю сайты для бизнесов в Армении (EVNWEB). Заметил, что сайт Albert House (alberthouse.am) сейчас не открывается. Могу прислать короткое видео, как работает сайт отеля: прямая бронь без комиссии Booking, календарь занятости и админка. Цена от 450 000 ֏. Показать, как это будет выглядеть у вас?",,,,
1,1,Каскад Шоколатерия,кафе,Ереван,+37410581758,"Բարև Ձեզ։ Ես Ազատն եմ, կայքեր եմ պատրաստում Հայաստանի բիզնեսների համար (EVNWEB)։ Նկատեցի, որ Каскад Шоколатерия-ի կայքը (cascadechocolateria.am) այժմ չի բացվում։ Կարող եմ ուղարկել կարճ տեսանյութ, թե ինչպես է աշխատում ռեստորանի կայքը՝ մենյու 3 լեզվով, սեղանի ամրագրում և ադմին, որտեղ գները փոխում եք ինքներդ։ Գինը՝ 280 000 ֏-ից։ Ցույց տա՞մ, թե ինչպես կլինի ձեզ մոտ։","Здравствуйте! Меня зовут Азат, я делаю сайты для бизнесов в Армении (EVNWEB). Заметил, что сайт Каскад Шоколатерия (cascadechocolateria.am) сейчас не открывается. Могу прислать короткое видео, как работает сайт ресторана: меню на 3 языках, бронь столов и админка, где цены меняете сами. Цена от 280 000 ֏. Показать, как это будет выглядеть у вас?",ne_mobilny,,,
1,1,Богема,кафе,Ереван,+37460443333,"Բարև Ձեզ։ Ես Ազատն եմ, կայքեր եմ պատրաստում Հայաստանի բիզնեսների համար (EVNWEB)։ Նկատեցի, որ Богема-ի կայքը (cafelaboheme.am) այժմ չի բացվում։ Կարող եմ ուղարկել կարճ տեսանյութ, թե ինչպես է աշխատում ռեստորանի կայքը՝ մենյու 3 լեզվով, սեղանի ամրագրում և ադմին, որտեղ գները փոխում եք ինքներդ։ Գինը՝ 280 000 ֏-ից։ Ցույց տա՞մ, թե ինչպես կլինի ձեզ մոտ։","Здравствуйте! Меня зовут Азат, я делаю сайты для бизнесов в Армении (EVNWEB). Заметил, что сайт Богема (cafelaboheme.am) сейчас не открывается. Могу прислать короткое видео, как работает сайт ресторана: меню на 3 языках, бронь столов и админка, где цены меняете сами. Цена от 280 000 ֏. Показать, как это будет выглядеть у вас?",ne_mobilny,,,
1,1,Aladdin,кафе,Ереван,+374771958888,"Բարև Ձեզ։ Ես Ազատն եմ, կայքեր եմ պատրաստում Հայաստանի բիզնեսների համար (EVNWEB)։ Նկատեցի, որ Aladdin-ի կայքը (aladdinam) այժմ չի բացվում։ Կարող եմ ուղարկել կարճ տեսանյութ, թե ինչպես է աշխատում ռեստորանի կայքը՝ մենյու 3 լեզվով, սեղանի ամրագրում և ադմին, որտեղ գները փոխում եք ինքներդ։ Գինը՝ 280 000 ֏-ից։ Ցույց տա՞մ, թե ինչպես կլինի ձեզ մոտ։","Здравствуйте! Меня зовут Азат, я делаю сайты для бизнесов в Армении (EVNWEB). Заметил, что сайт Aladdin (aladdinam) сейчас не открывается. Могу прислать короткое видео, как работает сайт ресторана: меню на 3 языках, бронь столов и админка, где цены меняете сами. Цена от 280 000 ֏. Показать, как это будет выглядеть у вас?",ne_mobilny,,,
1,1,Green Bean,кафе,Ереван,+37411529279,"Բարև Ձեզ։ Ես Ազատն եմ, կայքեր եմ պատրաստում Հայաստանի բիզնեսների համար (EVNWEB)։ Նկատեցի, որ Green Bean-ի կայքը (thegreenbean.am) այժմ չի բացվում։ Կարող եմ ուղարկել կարճ տեսանյութ, թե ինչպես է աշխատում ռեստորանի կայքը՝ մենյու 3 լեզվով, սեղանի ամրագրում և ադմին, որտեղ գները փոխում եք ինքներդ։ Գինը՝ 280 000 ֏-ից։ Ցույց տա՞մ, թե ինչպես կլինի ձեզ մոտ։","Здравствуйте! Меня зовут Азат, я делаю сайты для бизнесов в Армении (EVNWEB). Заметил, что сайт Green Bean (thegreenbean.am) сейчас не открывается. Могу прислать короткое видео, как работает сайт ресторана: меню на 3 языках, бронь столов и админка, где цены меняете сами. Цена от 280 000 ֏. Показать, как это будет выглядеть у вас?",ne_mobilny,,,
1,1,L'Orange Azur,кафе,Ереван,+37410525711,"Բարև Ձեզ։ Ես Ազատն եմ, կայքեր եմ պատրաստում Հայաստանի բիզնեսների համար (EVNWEB)։ Նկատեցի, որ L'Orange Azur-ի կայքը (azur.lorange.am) այժմ չի բացվում։ Կարող եմ ուղարկել կարճ տեսանյութ, թե ինչպես է աշխատում ռեստորանի կայքը՝ մենյու 3 լեզվով, սեղանի ամրագրում և ադմին, որտեղ գները փոխում եք ինքներդ։ Գինը՝ 280 000 ֏-ից։ Ցույց տա՞մ, թե ինչպես կլինի ձեզ մոտ։","Здравствуйте! Меня зовут Азат, я делаю сайты для бизнесов в Армении (EVNWEB). Заметил, что сайт L'Orange Azur (azur.lorange.am) сейчас не открывается. Могу прислать короткое видео, как работает сайт ресторана: меню на 3 языках, бронь столов и админка, где цены меняете сами. Цена от 280 000 ֏. Показать, как это будет выглядеть у вас?",ne_mobilny,,,
1,1,Ciao Bambino,кафе,Ереван,+37410550099,"Բարև Ձեզ։ Ես Ազատն եմ, կայքեր եմ պատրաստում Հայաստանի բիզնեսների համար (EVNWEB)։ Նկատեցի, որ Ciao Bambino-ի կայքը (ciaobambino.am) այժմ չի բացվում։ Կարող եմ ուղարկել կարճ տեսանյութ, թե ինչպես է աշխատում ռեստորանի կայքը՝ մենյու 3 լեզվով, սեղանի ամրագրում և ադմին, որտեղ գները փոխում եք ինքներդ։ Գինը՝ 280 000 ֏-ից։ Ցույց տա՞մ, թե ինչպես կլինի ձեզ մոտ։","Здравствуйте! Меня зовут Азат, я делаю сайты для бизнесов в Армении (EVNWEB). Заметил, что сайт Ciao Bambino (ciaobambino.am) сейчас не открывается. Могу прислать короткое видео, как работает сайт ресторана: меню на 3 языках, бронь столов и админка, где цены меняете сами. Цена от 280 000 ֏. Показать, как это будет выглядеть у вас?",ne_mobilny,,,
2,1,Ponchikanots,кафе,Ереван,+37410565686,"Բարև Ձեզ։ Ես Ազատն եմ, կայքեր եմ պատրաստում Հայաստանի բիզնեսների համար (EVNWEB)։ Նկատեցի, որ Ponchikanots-ի կայքը (grand-candy.am) այժմ չի բացվում։ Կարող եմ ուղարկել կարճ տեսանյութ, թե ինչպես է աշխատում ռեստորանի կայքը՝ մենյու 3 լեզվով, սեղանի ամրագրում և ադմին, որտեղ գները փոխում եք ինքներդ։ Գինը՝ 280 000 ֏-ից։ Ցույց տա՞մ, թե ինչպես կլինի ձեզ մոտ։","Здравствуйте! Меня зовут Азат, я делаю сайты для бизнесов в Армении (EVNWEB). Заметил, что сайт Ponchikanots (grand-candy.am) сейчас не открывается. Могу прислать короткое видео, как работает сайт ресторана: меню на 3 языках, бронь столов и админка, где цены меняете сами. Цена от 280 000 ֏. Показать, как это будет выглядеть у вас?",ne_mobilny,,,
2,1,Loft,кафе,Ереван,+37443408864,"Բարև Ձեզ։ Ես Ազատն եմ, կայքեր եմ պատրաստում Հայաստանի բիզնեսների համար (EVNWEB)։ Նկատեցի, որ Loft-ի կայքը (loft.am) այժմ չի բացվում։ Կարող եմ ուղարկել կարճ տեսանյութ, թե ինչպես է աշխատում ռեստորանի կայքը՝ մենյու 3 լեզվով, սեղանի ամրագրում և ադմին, որտեղ գները փոխում եք ինքներդ։ Գինը՝ 280 000 ֏-ից։ Ցույց տա՞մ, թե ինչպես կլինի ձեզ մոտ։","Здравствуйте! Меня зовут Азат, я делаю сайты для бизнесов в Армении (EVNWEB). Заметил, что сайт Loft (loft.am) сейчас не открывается. Могу прислать короткое видео, как работает сайт ресторана: меню на 3 языках, бронь столов и админка, где цены меняете сами. Цена от 280 000 ֏. Показать, как это будет выглядеть у вас?",,,,
2,1,Cito Lab,клиника,Ереван,+37410200260,"Բարև Ձեզ։ Ես Ազատն եմ, կայքեր եմ պատրաստում Հայաստանի բիզնեսների համար (EVNWEB)։ Նկատեցի, որ Cito Lab-ի կայքը (cito-lab.am) այժմ չի բացվում։ Կարող եմ ուղարկել կարճ տեսանյութ, թե ինչպես է աշխատում կլինիկայի կայքը՝ բժիշկների էջեր, գներ և առցանց գրանցում։ Գինը՝ 280 000 ֏-ից։ Ցույց տա՞մ, թե ինչպես կլինի ձեզ մոտ։","Здравствуйте! Меня зовут Азат, я делаю сайты для бизнесов в Армении (EVNWEB). Заметил, что сайт Cito Lab (cito-lab.am) сейчас не открывается. Могу прислать короткое видео, как работает сайт клиники: страницы врачей, цены и онлайн-запись. Цена от 280 000 ֏. Показать, как это будет выглядеть у вас?",ne_mobilny,,,
2,1,Axiomed,клиника,Ереван,+37491522882,"Բարև Ձեզ։ Ես Ազատն եմ, կայքեր եմ պատրաստում Հայաստանի բիզնեսների համար (EVNWEB)։ Նկատեցի, որ Axiomed-ի կայքը (axiomed.am) այժմ չի բացվում։ Կարող եմ ուղարկել կարճ տեսանյութ, թե ինչպես է աշխատում կլինիկայի կայքը՝ բժիշկների էջեր, գներ և առցանց գրանցում։ Գինը՝ 280 000 ֏-ից։ Ցույց տա՞մ, թե ինչպես կլինի ձեզ մոտ։","Здравствуйте! Меня зовут Азат, я делаю сайты для бизнесов в Армении (EVNWEB). Заметил, что сайт Axiomed (axiomed.am) сейчас не открывается. Могу прислать короткое видео, как работает сайт клиники: страницы врачей, цены и онлайн-запись. Цена от 280 000 ֏. Показать, как это будет выглядеть у вас?",,,,
2,1,Eforea Motel,мотель,Ереван,+37499012244,"Բարև Ձեզ։ Ես Ազատն եմ, կայքեր եմ պատրաստում Հայաստանի բիզնեսների համար (EVNWEB)։ Նկատեցի, որ Eforea Motel-ի կայքը (eforea.am) այժմ չի բացվում։ Կարող եմ ուղարկել կարճ տեսանյութ, թե ինչպես է աշխատում հյուրանոցի կայքը՝ ուղիղ ամրագրում առանց Booking-ի միջնորդավճարի, զբաղվածության օրացույց և ադմին։ Գինը՝ 450 000 ֏-ից։ Ցույց տա՞մ, թե ինչպես կլինի ձեզ մոտ։","Здравствуйте! Меня зовут Азат, я делаю сайты для бизнесов в Армении (EVNWEB). Заметил, что сайт Eforea Motel (eforea.am) сейчас не открывается. Могу прислать короткое видео, как работает сайт отеля: прямая бронь без комиссии Booking, календарь занятости и админка. Цена от 450 000 ֏. Показать, как это будет выглядеть у вас?",,,,
2,1,Bastille Hotel,отель,Ереван,+37411211112,"Բարև Ձեզ։ Ես Ազատն եմ, կայքեր եմ պատրաստում Հայաստանի բիզնեսների համար (EVNWEB)։ Նկատեցի, որ Bastille Hotel-ի կայքը (bastille.am) այժմ չի բացվում։ Կարող եմ ուղարկել կարճ տեսանյութ, թե ինչպես է աշխատում հյուրանոցի կայքը՝ ուղիղ ամրագրում առանց Booking-ի միջնորդավճարի, զբաղվածության օրացույց և ադմին։ Գինը՝ 450 000 ֏-ից։ Ցույց տա՞մ, թե ինչպես կլինի ձեզ մոտ։","Здравствуйте! Меня зовут Азат, я делаю сайты для бизнесов в Армении (EVNWEB). Заметил, что сайт Bastille Hotel (bastille.am) сейчас не открывается. Могу прислать короткое видео, как работает сайт отеля: прямая бронь без комиссии Booking, календарь занятости и админка. Цена от 450 000 ֏. Показать, как это будет выглядеть у вас?",ne_mobilny,,,
2,1,IBIZA Hotel Sauna,отель,Ереван,+37410600101,"Բարև Ձեզ։ Ես Ազատն եմ, կայքեր եմ պատրաստում Հայաստանի բիզնեսների համար (EVNWEB)։ Նկատեցի, որ IBIZA Hotel Sauna-ի կայքը (ibiza-hotel.am) այժմ չի բացվում։ Կարող եմ ուղարկել կարճ տեսանյութ, թե ինչպես է աշխատում հյուրանոցի կայքը՝ ուղիղ ամրագրում առանց Booking-ի միջնորդավճարի, զբաղվածության օրացույց և ադմին։ Գինը՝ 450 000 ֏-ից։ Ցույց տա՞մ, թե ինչպես կլինի ձեզ մոտ։","Здравствуйте! Меня зовут Азат, я делаю сайты для бизнесов в Армении (EVNWEB). Заметил, что сайт IBIZA Hotel Sauna (ibiza-hotel.am) сейчас не открывается. Могу прислать короткое видео, как работает сайт отеля: прямая бронь без комиссии Booking, календарь занятости и админка. Цена от 450 000 ֏. Показать, как это будет выглядеть у вас?",ne_mobilny,,,
2,1,Ossanna Hotel,отель,Ереван,+37491290900,"Բարև Ձեզ։ Ես Ազատն եմ, կայքեր եմ պատրաստում Հայաստանի բիզնեսների համար (EVNWEB)։ Նկատեցի, որ Ossanna Hotel-ի կայքը (ossanna-hotel.com) այժմ չի բացվում։ Կարող եմ ուղարկել կարճ տեսանյութ, թե ինչպես է աշխատում հյուրանոցի կայքը՝ ուղիղ ամրագրում առանց Booking-ի միջնորդավճարի, զբաղվածության օրացույց և ադմին։ Գինը՝ 450 000 ֏-ից։ Ցույց տա՞մ, թե ինչպես կլինի ձեզ մոտ։","Здравствуйте! Меня зовут Азат, я делаю сайты для бизнесов в Армении (EVNWEB). Заметил, что сайт Ossanna Hotel (ossanna-hotel.com) сейчас не открывается. Могу прислать короткое видео, как работает сайт отеля: прямая бронь без комиссии Booking, календарь занятости и админка. Цена от 450 000 ֏. Показать, как это будет выглядеть у вас?",,,,
2,1,Regineh Hotel,отель,Ереван,+37410651619,"Բարև Ձեզ։ Ես Ազատն եմ, կայքեր եմ պատրաստում Հայաստանի բիզնեսների համար (EVNWEB)։ Նկատեցի, որ Regineh Hotel-ի կայքը (hotelregineh.am) այժմ չի բացվում։ Կարող եմ ուղարկել կարճ տեսանյութ, թե ինչպես է աշխատում հյուրանոցի կայքը՝ ուղիղ ամրագրում առանց Booking-ի միջնորդավճարի, զբաղվածության օրացույց և ադմին։ Գինը՝ 450 000 ֏-ից։ Ցույց տա՞մ, թե ինչպես կլինի ձեզ մոտ։","Здравствуйте! Меня зовут Азат, я делаю сайты для бизнесов в Армении (EVNWEB). Заметил, что сайт Regineh Hotel (hotelregineh.am) сейчас не открывается. Могу прислать короткое видео, как работает сайт отеля: прямая бронь без комиссии Booking, календарь занятости и админка. Цена от 450 000 ֏. Показать, как это будет выглядеть у вас?",ne_mobilny,,,
2,1,Hotel YAN,отель,Ереван,+37410582726,"Բարև Ձեզ։ Ես Ազատն եմ, կայքեր եմ պատրաստում Հայաստանի բիզնեսների համար (EVNWEB)։ Նկատեցի, որ Hotel YAN-ի կայքը (gyumri-hotel.am) այժմ չի բացվում։ Կարող եմ ուղարկել կարճ տեսանյութ, թե ինչպես է աշխատում հյուրանոցի կայքը՝ ուղիղ ամրագրում առանց Booking-ի միջնորդավճարի, զբաղվածության օրացույց և ադմին։ Գինը՝ 450 000 ֏-ից։ Ցույց տա՞մ, թե ինչպես կլինի ձեզ մոտ։","Здравствуйте! Меня зовут Азат, я делаю сайты для бизнесов в Армении (EVNWEB). Заметил, что сайт Hotel YAN (gyumri-hotel.am) сейчас не открывается. Могу прислать короткое видео, как работает сайт отеля: прямая бронь без комиссии Booking, календарь занятости и админка. Цена от 450 000 ֏. Показать, как это будет выглядеть у вас?",ne_mobilny,,,
2,1,Roma Hotel,отель,Ереван,+37410200020,"Բարև Ձեզ։ Ես Ազատն եմ, կայքեր եմ պատրաստում Հայաստանի բիզնեսների համար (EVNWEB)։ Նկատեցի, որ Roma Hotel-ի կայքը (hotelroma.am) այժմ չի բացվում։ Կարող եմ ուղարկել կարճ տեսանյութ, թե ինչպես է աշխատում հյուրանոցի կայքը՝ ուղիղ ամրագրում առանց Booking-ի միջնորդավճարի, զբաղվածության օրացույց և ադմին։ Գինը՝ 450 000 ֏-ից։ Ցույց տա՞մ, թե ինչպես կլինի ձեզ մոտ։","Здравствуйте! Меня зовут Азат, я делаю сайты для бизнесов в Армении (EVNWEB). Заметил, что сайт Roma Hotel (hotelroma.am) сейчас не открывается. Могу прислать короткое видео, как работает сайт отеля: прямая бронь без комиссии Booking, календарь занятости и админка. Цена от 450 000 ֏. Показать, как это будет выглядеть у вас?",ne_mobilny,,,
2,1,Diamond House,отель,Ереван,+37410508080,"Բարև Ձեզ։ Ես Ազատն եմ, կայքեր եմ պատրաստում Հայաստանի բիզնեսների համար (EVNWEB)։ Նկատեցի, որ Diamond House-ի կայքը (diamondhousehotel.am) այժմ չի բացվում։ Կարող եմ ուղարկել կարճ տեսանյութ, թե ինչպես է աշխատում հյուրանոցի կայքը՝ ուղիղ ամրագրում առանց Booking-ի միջնորդավճարի, զբաղվածության օրացույց և ադմին։ Գինը՝ 450 000 ֏-ից։ Ցույց տա՞մ, թե ինչպես կլինի ձեզ մոտ։","Здравствуйте! Меня зовут Азат, я делаю сайты для бизнесов в Армении (EVNWEB). Заметил, что сайт Diamond House (diamondhousehotel.am) сейчас не открывается. Могу прислать короткое видео, как работает сайт отеля: прямая бронь без комиссии Booking, календарь занятости и админка. Цена от 450 000 ֏. Показать, как это будет выглядеть у вас?",ne_mobilny,,,
2,1,Hotel Panossian,отель,Ереван,+37410655200,"Բարև Ձեզ։ Ես Ազատն եմ, կայքեր եմ պատրաստում Հայաստանի բիզնեսների համար (EVNWEB)։ Նկատեցի, որ Hotel Panossian-ի կայքը (panossianhotel.am) այժմ չի բացվում։ Կարող եմ ուղարկել կարճ տեսանյութ, թե ինչպես է աշխատում հյուրանոցի կայքը՝ ուղիղ ամրագրում առանց Booking-ի միջնորդավճարի, զբաղվածության օրացույց և ադմին։ Գինը՝ 450 000 ֏-ից։ Ցույց տա՞մ, թե ինչպես կլինի ձեզ մոտ։","Здравствуйте! Меня зовут Азат, я делаю сайты для бизнесов в Армении (EVNWEB). Заметил, что сайт Hotel Panossian (panossianhotel.am) сейчас не открывается. Могу прислать короткое видео, как работает сайт отеля: прямая бронь без комиссии Booking, календарь занятости и админка. Цена от 450 000 ֏. Показать, как это будет выглядеть у вас?",ne_mobilny,,,
2,1,Nare Hotel,отель,Ереван,+37410656565,"Բարև Ձեզ։ Ես Ազատն եմ, կայքեր եմ պատրաստում Հայաստանի բիզնեսների համար (EVNWEB)։ Նկատեցի, որ Nare Hotel-ի կայքը (narehotel.am) այժմ չի բացվում։ Կարող եմ ուղարկել կարճ տեսանյութ, թե ինչպես է աշխատում հյուրանոցի կայքը՝ ուղիղ ամրագրում առանց Booking-ի միջնորդավճարի, զբաղվածության օրացույց և ադմին։ Գինը՝ 450 000 ֏-ից։ Ցույց տա՞մ, թե ինչպես կլինի ձեզ մոտ։","Здравствуйте! Меня зовут Азат, я делаю сайты для бизнесов в Армении (EVNWEB). Заметил, что сайт Nare Hotel (narehotel.am) сейчас не открывается. Могу прислать короткое видео, как работает сайт отеля: прямая бронь без комиссии Booking, календарь занятости и админка. Цена от 450 000 ֏. Показать, как это будет выглядеть у вас?",ne_mobilny,,,
2,1,Royal Plaza,отель,Ереван,+37410505000,"Բարև Ձեզ։ Ես Ազատն եմ, կայքեր եմ պատրաստում Հայաստանի բիզնեսների համար (EVNWEB)։ Նկատեցի, որ Royal Plaza-ի կայքը (royalplaza.am) այժմ չի բացվում։ Կարող եմ ուղարկել կարճ տեսանյութ, թե ինչպես է աշխատում հյուրանոցի կայքը՝ ուղիղ ամրագրում առանց Booking-ի միջնորդավճարի, զբաղվածության օրացույց և ադմին։ Գինը՝ 450 000 ֏-ից։ Ցույց տա՞մ, թե ինչպես կլինի ձեզ մոտ։","Здравствуйте! Меня зовут Азат, я делаю сайты для бизнесов в Армении (EVNWEB). Заметил, что сайт Royal Plaza (royalplaza.am) сейчас не открывается. Могу прислать короткое видео, как работает сайт отеля: прямая бронь без комиссии Booking, календарь занятости и админка. Цена от 450 000 ֏. Показать, как это будет выглядеть у вас?",ne_mobilny,,,
2,1,Forum,отель,Ереван,+37410501740,"Բարև Ձեզ։ Ես Ազատն եմ, կայքեր եմ պատրաստում Հայաստանի բիզնեսների համար (EVNWEB)։ Նկատեցի, որ Forum-ի կայքը (hotelforum.am) այժմ չի բացվում։ Կարող եմ ուղարկել կարճ տեսանյութ, թե ինչպես է աշխատում հյուրանոցի կայքը՝ ուղիղ ամրագրում առանց Booking-ի միջնորդավճարի, զբաղվածության օրացույց և ադմին։ Գինը՝ 450 000 ֏-ից։ Ցույց տա՞մ, թե ինչպես կլինի ձեզ մոտ։","Здравствуйте! Меня зовут Азат, я делаю сайты для бизнесов в Армении (EVNWEB). Заметил, что сайт Forum (hotelforum.am) сейчас не открывается. Могу прислать короткое видео, как работает сайт отеля: прямая бронь без комиссии Booking, календарь занятости и админка. Цена от 450 000 ֏. Показать, как это будет выглядеть у вас?",ne_mobilny,,,
2,1,Eden Tavern-Cafe,паб,Ереван,+37410544644,"Բարև Ձեզ։ Ես Ազատն եմ, կայքեր եմ պատրաստում Հայաստանի բիզնեսների համար (EVNWEB)։ Նկատեցի, որ Eden Tavern-Cafe-ի կայքը (edencafepub.com) այժմ չի բացվում։ Կարող եմ ուղարկել կարճ տեսանյութ, թե ինչպես է աշխատում ռեստորանի կայքը՝ մենյու 3 լեզվով, սեղանի ամրագրում և ադմին, որտեղ գները փոխում եք ինքներդ։ Գինը՝ 280 000 ֏-ից։ Ցույց տա՞մ, թե ինչպես կլինի ձեզ մոտ։","Здравствуйте! Меня зовут Азат, я делаю сайты для бизнесов в Армении (EVNWEB). Заметил, что сайт Eden Tavern-Cafe (edencafepub.com) сейчас не открывается. Могу прислать короткое видео, как работает сайт ресторана: меню на 3 языках, бронь столов и админка, где цены меняете сами. Цена от 280 000 ֏. Показать, как это будет выглядеть у вас?",ne_mobilny,,,
2,1,Dude's,парикмахерская,Ереван,+37499071097,"Բարև Ձեզ։ Ես Ազատն եմ, կայքեր եմ պատրաստում Հայաստանի բիզնեսների համար (EVNWEB)։ Նկատեցի, որ Dude's-ի կայքը (dudes.am/en) այժմ չի բացվում։ Կարող եմ ուղարկել կարճ տեսանյութ, թե ինչպես է աշխատում սրահի կայքը՝ առցանց գրանցում վարպետների մոտ և գրաֆիկ ադմինում։ Գինը՝ 150 000 ֏-ից։ Ցույց տա՞մ, թե ինչպես կլինի ձեզ մոտ։","Здравствуйте! Меня зовут Азат, я делаю сайты для бизнесов в Армении (EVNWEB). Заметил, что сайт Dude's (dudes.am/en) сейчас не открывается. Могу прислать короткое видео, как работает сайт салона: онлайн-запись к мастерам и расписание в админке. Цена от 150 000 ֏. Показать, как это будет выглядеть у вас?",,,,
2,1,Salon,ресторан,Ереван,+37411443333,"Բարև Ձեզ։ Ես Ազատն եմ, կայքեր եմ պատրաստում Հայաստանի բիզնեսների համար (EVNWEB)։ Նկատեցի, որ Salon-ի կայքը (salonarmenian.com) այժմ չի բացվում։ Կարող եմ ուղարկել կարճ տեսանյութ, թե ինչպես է աշխատում ռեստորանի կայքը՝ մենյու 3 լեզվով, սեղանի ամրագրում և ադմին, որտեղ գները փոխում եք ինքներդ։ Գինը՝ 280 000 ֏-ից։ Ցույց տա՞մ, թե ինչպես կլինի ձեզ մոտ։","Здравствуйте! Меня зовут Азат, я делаю сайты для бизнесов в Армении (EVNWEB). Заметил, что сайт Salon (salonarmenian.com) сейчас не открывается. Могу прислать короткое видео, как работает сайт ресторана: меню на 3 языках, бронь столов и админка, где цены меняете сами. Цена от 280 000 ֏. Показать, как это будет выглядеть у вас?",ne_mobilny,,,
2,1,Seasons,ресторан,Ереван,+37412777770,"Բարև Ձեզ։ Ես Ազատն եմ, կայքեր եմ պատրաստում Հայաստանի բիզնեսների համար (EVNWEB)։ Նկատեցի, որ Seasons-ի կայքը (seasons.am) այժմ չի բացվում։ Կարող եմ ուղարկել կարճ տեսանյութ, թե ինչպես է աշխատում ռեստորանի կայքը՝ մենյու 3 լեզվով, սեղանի ամրագրում և ադմին, որտեղ գները փոխում եք ինքներդ։ Գինը՝ 280 000 ֏-ից։ Ցույց տա՞մ, թե ինչպես կլինի ձեզ մոտ։","Здравствуйте! Меня зовут Азат, я делаю сайты для бизнесов в Армении (EVNWEB). Заметил, что сайт Seasons (seasons.am) сейчас не открывается. Могу прислать короткое видео, как работает сайт ресторана: меню на 3 языках, бронь столов и админка, где цены меняете сами. Цена от 280 000 ֏. Показать, как это будет выглядеть у вас?",ne_mobilny,,,
2,1,Venice,ресторан,Ереван,+37455590102,"Բարև Ձեզ։ Ես Ազատն եմ, կայքեր եմ պատրաստում Հայաստանի բիզնեսների համար (EVNWEB)։ Նկատեցի, որ Venice-ի կայքը (venice.am) այժմ չի բացվում։ Կարող եմ ուղարկել կարճ տեսանյութ, թե ինչպես է աշխատում ռեստորանի կայքը՝ մենյու 3 լեզվով, սեղանի ամրագրում և ադմին, որտեղ գները փոխում եք ինքներդ։ Գինը՝ 280 000 ֏-ից։ Ցույց տա՞մ, թե ինչպես կլինի ձեզ մոտ։","Здравствуйте! Меня зовут Азат, я делаю сайты для бизнесов в Армении (EVNWEB). Заметил, что сайт Venice (venice.am) сейчас не открывается. Могу прислать короткое видео, как работает сайт ресторана: меню на 3 языках, бронь столов и админка, где цены меняете сами. Цена от 280 000 ֏. Показать, как это будет выглядеть у вас?",,,,
2,1,Venice,ресторан,Ереван,+37455590102,"Բարև Ձեզ։ Ես Ազատն եմ, կայքեր եմ պատրաստում Հայաստանի բիզնեսների համար (EVNWEB)։ Նկատեցի, որ Venice-ի կայքը (venice.am) այժմ չի բացվում։ Կարող եմ ուղարկել կարճ տեսանյութ, թե ինչպես է աշխատում ռեստորանի կայքը՝ մենյու 3 լեզվով, սեղանի ամրագրում և ադմին, որտեղ գները փոխում եք ինքներդ։ Գինը՝ 280 000 ֏-ից։ Ցույց տա՞մ, թե ինչպես կլինի ձեզ մոտ։","Здравствуйте! Меня зовут Азат, я делаю сайты для бизнесов в Армении (EVNWEB). Заметил, что сайт Venice (venice.am) сейчас не открывается. Могу прислать короткое видео, как работает сайт ресторана: меню на 3 языках, бронь столов и админка, где цены меняете сами. Цена от 280 000 ֏. Показать, как это будет выглядеть у вас?",dubl,,,
2,1,X Planet,ресторан,Ереван,+37410298600,"Բարև Ձեզ։ Ես Ազատն եմ, կայքեր եմ պատրաստում Հայաստանի բիզնեսների համար (EVNWEB)։ Նկատեցի, որ X Planet-ի կայքը (x-planet.am) այժմ չի բացվում։ Կարող եմ ուղարկել կարճ տեսանյութ, թե ինչպես է աշխատում ռեստորանի կայքը՝ մենյու 3 լեզվով, սեղանի ամրագրում և ադմին, որտեղ գները փոխում եք ինքներդ։ Գինը՝ 280 000 ֏-ից։ Ցույց տա՞մ, թե ինչպես կլինի ձեզ մոտ։","Здравствуйте! Меня зовут Азат, я делаю сайты для бизнесов в Армении (EVNWEB). Заметил, что сайт X Planet (x-planet.am) сейчас не открывается. Могу прислать короткое видео, как работает сайт ресторана: меню на 3 языках, бронь столов и админка, где цены меняете сами. Цена от 280 000 ֏. Показать, как это будет выглядеть у вас?",ne_mobilny,,,
2,1,Arkayadzor,ресторан,Ереван,+37410580062,"Բարև Ձեզ։ Ես Ազատն եմ, կայքեր եմ պատրաստում Հայաստանի բիզնեսների համար (EVNWEB)։ Նկատեցի, որ Arkayadzor-ի կայքը (arqayadzor.am) այժմ չի բացվում։ Կարող եմ ուղարկել կարճ տեսանյութ, թե ինչպես է աշխատում ռեստորանի կայքը՝ մենյու 3 լեզվով, սեղանի ամրագրում և ադմին, որտեղ գները փոխում եք ինքներդ։ Գինը՝ 280 000 ֏-ից։ Ցույց տա՞մ, թե ինչպես կլինի ձեզ մոտ։","Здравствуйте! Меня зовут Азат, я делаю сайты для бизнесов в Армении (EVNWEB). Заметил, что сайт Arkayadzor (arqayadzor.am) сейчас не открывается. Могу прислать короткое видео, как работает сайт ресторана: меню на 3 языках, бронь столов и админка, где цены меняете сами. Цена от 280 000 ֏. Показать, как это будет выглядеть у вас?",ne_mobilny,,,
2,1,Garten,ресторан,Ереван,+37412300030,"Բարև Ձեզ։ Ես Ազատն եմ, կայքեր եմ պատրաստում Հայաստանի բիզնեսների համար (EVNWEB)։ Նկատեցի, որ Garten-ի կայքը (maoor.am) այժմ չի բացվում։ Կարող եմ ուղարկել կարճ տեսանյութ, թե ինչպես է աշխատում ռեստորանի կայքը՝ մենյու 3 լեզվով, սեղանի ամրագրում և ադմին, որտեղ գները փոխում եք ինքներդ։ Գինը՝ 280 000 ֏-ից։ Ցույց տա՞մ, թե ինչպես կլինի ձեզ մոտ։","Здравствуйте! Меня зовут Азат, я делаю сайты для бизнесов в Армении (EVNWEB). Заметил, что сайт Garten (maoor.am) сейчас не открывается. Могу прислать короткое видео, как работает сайт ресторана: меню на 3 языках, бронь столов и админка, где цены меняете сами. Цена от 280 000 ֏. Показать, как это будет выглядеть у вас?",ne_mobilny,,,
3,1,Drakht,ресторан,Ереван,+37410622202,"Բարև Ձեզ։ Ես Ազատն եմ, կայքեր եմ պատրաստում Հայաստանի բիզնեսների համար (EVNWEB)։ Նկատեցի, որ Drakht-ի կայքը (drakht.am) այժմ չի բացվում։ Կարող եմ ուղարկել կարճ տեսանյութ, թե ինչպես է աշխատում ռեստորանի կայքը՝ մենյու 3 լեզվով, սեղանի ամրագրում և ադմին, որտեղ գները փոխում եք ինքներդ։ Գինը՝ 280 000 ֏-ից։ Ցույց տա՞մ, թե ինչպես կլինի ձեզ մոտ։","Здравствуйте! Меня зовут Азат, я делаю сайты для бизнесов в Армении (EVNWEB). Заметил, что сайт Drakht (drakht.am) сейчас не открывается. Могу прислать короткое видео, как работает сайт ресторана: меню на 3 языках, бронь столов и админка, где цены меняете сами. Цена от 280 000 ֏. Показать, как это будет выглядеть у вас?",ne_mobilny,,,
3,1,Kamurj,ресторан,Ереван,+37410570075,"Բարև Ձեզ։ Ես Ազատն եմ, կայքեր եմ պատրաստում Հայաստանի բիզնեսների համար (EVNWEB)։ Նկատեցի, որ Kamurj-ի կայքը (kamurj.org) այժմ չի բացվում։ Կարող եմ ուղարկել կարճ տեսանյութ, թե ինչպես է աշխատում ռեստորանի կայքը՝ մենյու 3 լեզվով, սեղանի ամրագրում և ադմին, որտեղ գները փոխում եք ինքներդ։ Գինը՝ 280 000 ֏-ից։ Ցույց տա՞մ, թե ինչպես կլինի ձեզ մոտ։","Здравствуйте! Меня зовут Азат, я делаю сайты для бизнесов в Армении (EVNWEB). Заметил, что сайт Kamurj (kamurj.org) сейчас не открывается. Могу прислать короткое видео, как работает сайт ресторана: меню на 3 языках, бронь столов и админка, где цены меняете сами. Цена от 280 000 ֏. Показать, как это будет выглядеть у вас?",ne_mobilny,,,
3,1,Harsnaqar (Avan),ресторан,Ереван,+37493149914,"Բարև Ձեզ։ Ես Ազատն եմ, կայքեր եմ պատրաստում Հայաստանի բիզնեսների համար (EVNWEB)։ Նկատեցի, որ Harsnaqar (Avan)-ի կայքը (harsnaqar.am) այժմ չի բացվում։ Կարող եմ ուղարկել կարճ տեսանյութ, թե ինչպես է աշխատում ռեստորանի կայքը՝ մենյու 3 լեզվով, սեղանի ամրագրում և ադմին, որտեղ գները փոխում եք ինքներդ։ Գինը՝ 280 000 ֏-ից։ Ցույց տա՞մ, թե ինչպես կլինի ձեզ մոտ։","Здравствуйте! Меня зовут Азат, я делаю сайты для бизнесов в Армении (EVNWEB). Заметил, что сайт Harsnaqar (Avan) (harsnaqar.am) сейчас не открывается. Могу прислать короткое видео, как работает сайт ресторана: меню на 3 языках, бронь столов и админка, где цены меняете сами. Цена от 280 000 ֏. Показать, как это будет выглядеть у вас?",,,,
3,1,Harsnaqar (Avan),ресторан,Ереван,+37493149914,"Բարև Ձեզ։ Ես Ազատն եմ, կայքեր եմ պատրաստում Հայաստանի բիզնեսների համար (EVNWEB)։ Նկատեցի, որ Harsnaqar (Avan)-ի կայքը (harsnaqar.am) այժմ չի բացվում։ Կարող եմ ուղարկել կարճ տեսանյութ, թե ինչպես է աշխատում ռեստորանի կայքը՝ մենյու 3 լեզվով, սեղանի ամրագրում և ադմին, որտեղ գները փոխում եք ինքներդ։ Գինը՝ 280 000 ֏-ից։ Ցույց տա՞մ, թե ինչպես կլինի ձեզ մոտ։","Здравствуйте! Меня зовут Азат, я делаю сайты для бизнесов в Армении (EVNWEB). Заметил, что сайт Harsnaqar (Avan) (harsnaqar.am) сейчас не открывается. Могу прислать короткое видео, как работает сайт ресторана: меню на 3 языках, бронь столов и админка, где цены меняете сами. Цена от 280 000 ֏. Показать, как это будет выглядеть у вас?",dubl,,,
3,1,Golden Kiss,ресторан,Ереван,+37410778770,"Բարև Ձեզ։ Ես Ազատն եմ, կայքեր եմ պատրաստում Հայաստանի բիզնեսների համար (EVNWEB)։ Նկատեցի, որ Golden Kiss-ի կայքը (goldenkiss.am) այժմ չի բացվում։ Կարող եմ ուղարկել կարճ տեսանյութ, թե ինչպես է աշխատում ռեստորանի կայքը՝ մենյու 3 լեզվով, սեղանի ամրագրում և ադմին, որտեղ գները փոխում եք ինքներդ։ Գինը՝ 280 000 ֏-ից։ Ցույց տա՞մ, թե ինչպես կլինի ձեզ մոտ։","Здравствуйте! Меня зовут Азат, я делаю сайты для бизнесов в Армении (EVNWEB). Заметил, что сайт Golden Kiss (goldenkiss.am) сейчас не открывается. Могу прислать короткое видео, как работает сайт ресторана: меню на 3 языках, бронь столов и админка, где цены меняете сами. Цена от 280 000 ֏. Показать, как это будет выглядеть у вас?",ne_mobilny,,,
3,1,Subtitle,ресторан,Ереван,+37460515585,"Բարև Ձեզ։ Ես Ազատն եմ, կայքեր եմ պատրաստում Հայաստանի բիզնեսների համար (EVNWEB)։ Նկատեցի, որ Subtitle-ի կայքը (subtitle.am) այժմ չի բացվում։ Կարող եմ ուղարկել կարճ տեսանյութ, թե ինչպես է աշխատում ռեստորանի կայքը՝ մենյու 3 լեզվով, սեղանի ամրագրում և ադմին, որտեղ գները փոխում եք ինքներդ։ Գինը՝ 280 000 ֏-ից։ Ցույց տա՞մ, թե ինչպես կլինի ձեզ մոտ։","Здравствуйте! Меня зовут Азат, я делаю сайты для бизнесов в Армении (EVNWEB). Заметил, что сайт Subtitle (subtitle.am) сейчас не открывается. Могу прислать короткое видео, как работает сайт ресторана: меню на 3 языках, бронь столов и админка, где цены меняете сами. Цена от 280 000 ֏. Показать, как это будет выглядеть у вас?",ne_mobilny,,,
3,1,Sayat-Nova Tavern,ресторан,Ереван,+37410553220,"Բարև Ձեզ։ Ես Ազատն եմ, կայքեր եմ պատրաստում Հայաստանի բիզնեսների համար (EVNWEB)։ Նկատեցի, որ Sayat-Nova Tavern-ի կայքը (sayat-nova.com) այժմ չի բացվում։ Կարող եմ ուղարկել կարճ տեսանյութ, թե ինչպես է աշխատում ռեստորանի կայքը՝ մենյու 3 լեզվով, սեղանի ամրագրում և ադմին, որտեղ գները փոխում եք ինքներդ։ Գինը՝ 280 000 ֏-ից։ Ցույց տա՞մ, թե ինչպես կլինի ձեզ մոտ։","Здравствуйте! Меня зовут Азат, я делаю сайты для бизнесов в Армении (EVNWEB). Заметил, что сайт Sayat-Nova Tavern (sayat-nova.com) сейчас не открывается. Могу прислать короткое видео, как работает сайт ресторана: меню на 3 языках, бронь столов и админка, где цены меняете сами. Цена от 280 000 ֏. Показать, как это будет выглядеть у вас?",ne_mobilny,,,
3,1,Villa restaurant complex,ресторан,Ереван,+37410671050,"Բարև Ձեզ։ Ես Ազատն եմ, կայքեր եմ պատրաստում Հայաստանի բիզնեսների համար (EVNWEB)։ Նկատեցի, որ Villa restaurant complex-ի կայքը (vila.am) այժմ չի բացվում։ Կարող եմ ուղարկել կարճ տեսանյութ, թե ինչպես է աշխատում ռեստորանի կայքը՝ մենյու 3 լեզվով, սեղանի ամրագրում և ադմին, որտեղ գները փոխում եք ինքներդ։ Գինը՝ 280 000 ֏-ից։ Ցույց տա՞մ, թե ինչպես կլինի ձեզ մոտ։","Здравствуйте! Меня зовут Азат, я делаю сайты для бизнесов в Армении (EVNWEB). Заметил, что сайт Villa restaurant complex (vila.am) сейчас не открывается. Могу прислать короткое видео, как работает сайт ресторана: меню на 3 языках, бронь столов и админка, где цены меняете сами. Цена от 280 000 ֏. Показать, как это будет выглядеть у вас?",ne_mobilny,,,
3,1,Future Diner,ресторан,Ереван,+37433086668,"Բարև Ձեզ։ Ես Ազատն եմ, կայքեր եմ պատրաստում Հայաստանի բիզնեսների համար (EVNWEB)։ Նկատեցի, որ Future Diner-ի կայքը (myqrcode.com/qr/6f522b21/view) այժմ չի բացվում։ Կարող եմ ուղարկել կարճ տեսանյութ, թե ինչպես է աշխատում ռեստորանի կայքը՝ մենյու 3 լեզվով, սեղանի ամրագրում և ադմին, որտեղ գները փոխում եք ինքներդ։ Գինը՝ 280 000 ֏-ից։ Ցույց տա՞մ, թե ինչպես կլինի ձեզ մոտ։","Здравствуйте! Меня зовут Азат, я делаю сайты для бизнесов в Армении (EVNWEB). Заметил, что сайт Future Diner (myqrcode.com/qr/6f522b21/view) сейчас не открывается. Могу прислать короткое видео, как работает сайт ресторана: меню на 3 языках, бронь столов и админка, где цены меняете сами. Цена от 280 000 ֏. Показать, как это будет выглядеть у вас?",,,,
3,1,Jazzve,ресторан,Ереван,+37495559909,"Բարև Ձեզ։ Ես Ազատն եմ, կայքեր եմ պատրաստում Հայաստանի բիզնեսների համար (EVNWEB)։ Նկատեցի, որ Jazzve-ի կայքը (jazzve.am) այժմ չի բացվում։ Կարող եմ ուղարկել կարճ տեսանյութ, թե ինչպես է աշխատում ռեստորանի կայքը՝ մենյու 3 լեզվով, սեղանի ամրագրում և ադմին, որտեղ գները փոխում եք ինքներդ։ Գինը՝ 280 000 ֏-ից։ Ցույց տա՞մ, թե ինչպես կլինի ձեզ մոտ։","Здравствуйте! Меня зовут Азат, я делаю сайты для бизнесов в Армении (EVNWEB). Заметил, что сайт Jazzve (jazzve.am) сейчас не открывается. Могу прислать короткое видео, как работает сайт ресторана: меню на 3 языках, бронь столов и админка, где цены меняете сами. Цена от 280 000 ֏. Показать, как это будет выглядеть у вас?",,,,
3,1,Mayrig,ресторан,Ереван,+37441760760,"Բարև Ձեզ։ Ես Ազատն եմ, կայքեր եմ պատրաստում Հայաստանի բիզնեսների համար (EVNWEB)։ Նկատեցի, որ Mayrig-ի կայքը (mayrig.am) այժմ չի բացվում։ Կարող եմ ուղարկել կարճ տեսանյութ, թե ինչպես է աշխատում ռեստորանի կայքը՝ մենյու 3 լեզվով, սեղանի ամրագրում և ադմին, որտեղ գները փոխում եք ինքներդ։ Գինը՝ 280 000 ֏-ից։ Ցույց տա՞մ, թե ինչպես կլինի ձեզ մոտ։","Здравствуйте! Меня зовут Азат, я делаю сайты для бизнесов в Армении (EVNWEB). Заметил, что сайт Mayrig (mayrig.am) сейчас не открывается. Могу прислать короткое видео, как работает сайт ресторана: меню на 3 языках, бронь столов и админка, где цены меняете сами. Цена от 280 000 ֏. Показать, как это будет выглядеть у вас?",,,,
3,1,Jazzve,ресторан,Ереван,+37410273068,"Բարև Ձեզ։ Ես Ազատն եմ, կայքեր եմ պատրաստում Հայաստանի բիզնեսների համար (EVNWEB)։ Նկատեցի, որ Jazzve-ի կայքը (jazzve.am) այժմ չի բացվում։ Կարող եմ ուղարկել կարճ տեսանյութ, թե ինչպես է աշխատում ռեստորանի կայքը՝ մենյու 3 լեզվով, սեղանի ամրագրում և ադմին, որտեղ գները փոխում եք ինքներդ։ Գինը՝ 280 000 ֏-ից։ Ցույց տա՞մ, թե ինչպես կլինի ձեզ մոտ։","Здравствуйте! Меня зовут Азат, я делаю сайты для бизнесов в Армении (EVNWEB). Заметил, что сайт Jazzve (jazzve.am) сейчас не открывается. Могу прислать короткое видео, как работает сайт ресторана: меню на 3 языках, бронь столов и админка, где цены меняете сами. Цена от 280 000 ֏. Показать, как это будет выглядеть у вас?",ne_mobilny,,,
3,1,Jazzve,ресторан,Ереван,+37443153000,"Բարև Ձեզ։ Ես Ազատն եմ, կայքեր եմ պատրաստում Հայաստանի բիզնեսների համար (EVNWEB)։ Նկատեցի, որ Jazzve-ի կայքը (jazzve.am) այժմ չի բացվում։ Կարող եմ ուղարկել կարճ տեսանյութ, թե ինչպես է աշխատում ռեստորանի կայքը՝ մենյու 3 լեզվով, սեղանի ամրագրում և ադմին, որտեղ գները փոխում եք ինքներդ։ Գինը՝ 280 000 ֏-ից։ Ցույց տա՞մ, թե ինչպես կլինի ձեզ մոտ։","Здравствуйте! Меня зовут Азат, я делаю сайты для бизнесов в Армении (EVNWEB). Заметил, что сайт Jazzve (jazzve.am) сейчас не открывается. Могу прислать короткое видео, как работает сайт ресторана: меню на 3 языках, бронь столов и админка, где цены меняете сами. Цена от 280 000 ֏. Показать, как это будет выглядеть у вас?",,,,
3,1,ANI'S,салон красоты,Ереван,+37410622680,"Բարև Ձեզ։ Ես Ազատն եմ, կայքեր եմ պատրաստում Հայաստանի բիզնեսների համար (EVNWEB)։ Նկատեցի, որ ANI'S-ի կայքը (anis.am) այժմ չի բացվում։ Կարող եմ ուղարկել կարճ տեսանյութ, թե ինչպես է աշխատում սրահի կայքը՝ առցանց գրանցում վարպետների մոտ և գրաֆիկ ադմինում։ Գինը՝ 150 000 ֏-ից։ Ցույց տա՞մ, թե ինչպես կլինի ձեզ մոտ։","Здравствуйте! Меня зовут Азат, я делаю сайты для бизнесов в Армении (EVNWEB). Заметил, что сайт ANI'S (anis.am) сейчас не открывается. Могу прислать короткое видео, как работает сайт салона: онлайн-запись к мастерам и расписание в админке. Цена от 150 000 ֏. Показать, как это будет выглядеть у вас?",ne_mobilny,,,
3,1,Individuum Dental Clinic,стоматология,Ереван,+37410448421,"Բարև Ձեզ։ Ես Ազատն եմ, կայքեր եմ պատրաստում Հայաստանի բիզնեսների համար (EVNWEB)։ Նկատեցի, որ Individuum Dental Clinic-ի կայքը (individuumdental.com) այժմ չի բացվում։ Կարող եմ ուղարկել կարճ տեսանյութ, թե ինչպես է աշխատում կլինիկայի կայքը՝ բժիշկների էջեր, գներ և առցանց գրանցում։ Գինը՝ 280 000 ֏-ից։ Ցույց տա՞մ, թե ինչպես կլինի ձեզ մոտ։","Здравствуйте! Меня зовут Азат, я делаю сайты для бизнесов в Армении (EVNWEB). Заметил, что сайт Individuum Dental Clinic (individuumdental.com) сейчас не открывается. Могу прислать короткое видео, как работает сайт клиники: страницы врачей, цены и онлайн-запись. Цена от 280 000 ֏. Показать, как это будет выглядеть у вас?",ne_mobilny,,,
3,1,ArtDent,стоматология,Ереван,+37443325522,"Բարև Ձեզ։ Ես Ազատն եմ, կայքեր եմ պատրաստում Հայաստանի բիզնեսների համար (EVNWEB)։ Նկատեցի, որ ArtDent-ի կայքը (artdent.am) այժմ չի բացվում։ Կարող եմ ուղարկել կարճ տեսանյութ, թե ինչպես է աշխատում կլինիկայի կայքը՝ բժիշկների էջեր, գներ և առցանց գրանցում։ Գինը՝ 280 000 ֏-ից։ Ցույց տա՞մ, թե ինչպես կլինի ձեզ մոտ։","Здравствуйте! Меня зовут Азат, я делаю сайты для бизнесов в Армении (EVNWEB). Заметил, что сайт ArtDent (artdent.am) сейчас не открывается. Могу прислать короткое видео, как работает сайт клиники: страницы врачей, цены и онлайн-запись. Цена от 280 000 ֏. Показать, как это будет выглядеть у вас?",,,,
3,1,Meladent,стоматология,Ереван,+37410229192,"Բարև Ձեզ։ Ես Ազատն եմ, կայքեր եմ պատրաստում Հայաստանի բիզնեսների համար (EVNWEB)։ Նկատեցի, որ Meladent-ի կայքը (meladent.am) այժմ չի բացվում։ Կարող եմ ուղարկել կարճ տեսանյութ, թե ինչպես է աշխատում կլինիկայի կայքը՝ բժիշկների էջեր, գներ և առցանց գրանցում։ Գինը՝ 280 000 ֏-ից։ Ցույց տա՞մ, թե ինչպես կլինի ձեզ մոտ։","Здравствуйте! Меня зовут Азат, я делаю сайты для бизнесов в Армении (EVNWEB). Заметил, что сайт Meladent (meladent.am) сейчас не открывается. Могу прислать короткое видео, как работает сайт клиники: страницы врачей, цены и онлайн-запись. Цена от 280 000 ֏. Показать, как это будет выглядеть у вас?",ne_mobilny,,,
3,1,Carrefour,супермаркет,Ереван,+37441373373,"Բարև Ձեզ։ Ես Ազատն եմ, կայքեր եմ պատրաստում Հայաստանի բիզնեսների համար (EVNWEB)։ Նկատեցի, որ Carrefour-ի կայքը (www.fooddpot.am) այժմ չի բացվում։ Կարող եմ ուղարկել կարճ տեսանյութ, թե ինչպես է աշխատում խանութի կայքը՝ առցանց պատվերներ, մնացորդներ և պիտանելիության ժամկետներ։ Գինը՝ 400 000 ֏-ից։ Ցույց տա՞մ, թե ինչպես կլինի ձեզ մոտ։","Здравствуйте! Меня зовут Азат, я делаю сайты для бизнесов в Армении (EVNWEB). Заметил, что сайт Carrefour (www.fooddpot.am) сейчас не открывается. Могу прислать короткое видео, как работает сайт магазина: онлайн-заказы, остатки и сроки годности. Цена от 400 000 ֏. Показать, как это будет выглядеть у вас?",,,,
3,1,Zovq,супермаркет,Ереван,+37410543107,"Բարև Ձեզ։ Ես Ազատն եմ, կայքեր եմ պատրաստում Հայաստանի բիզնեսների համար (EVNWEB)։ Նկատեցի, որ Zovq-ի կայքը (norzovq.am) այժմ չի բացվում։ Կարող եմ ուղարկել կարճ տեսանյութ, թե ինչպես է աշխատում խանութի կայքը՝ առցանց պատվերներ, մնացորդներ և պիտանելիության ժամկետներ։ Գինը՝ 400 000 ֏-ից։ Ցույց տա՞մ, թե ինչպես կլինի ձեզ մոտ։","Здравствуйте! Меня зовут Азат, я делаю сайты для бизнесов в Армении (EVNWEB). Заметил, что сайт Zovq (norzovq.am) сейчас не открывается. Могу прислать короткое видео, как работает сайт магазина: онлайн-заказы, остатки и сроки годности. Цена от 400 000 ֏. Показать, как это будет выглядеть у вас?",ne_mobilny,,,
3,1,Zovq,супермаркет,Ереван,+37412244444,"Բարև Ձեզ։ Ես Ազատն եմ, կայքեր եմ պատրաստում Հայաստանի բիզնեսների համար (EVNWEB)։ Նկատեցի, որ Zovq-ի կայքը (norzovq.am) այժմ չի բացվում։ Կարող եմ ուղարկել կարճ տեսանյութ, թե ինչպես է աշխատում խանութի կայքը՝ առցանց պատվերներ, մնացորդներ և պիտանելիության ժամկետներ։ Գինը՝ 400 000 ֏-ից։ Ցույց տա՞մ, թե ինչպես կլինի ձեզ մոտ։","Здравствуйте! Меня зовут Азат, я делаю сайты для бизнесов в Армении (EVNWEB). Заметил, что сайт Zovq (norzovq.am) сейчас не открывается. Могу прислать короткое видео, как работает сайт магазина: онлайн-заказы, остатки и сроки годности. Цена от 400 000 ֏. Показать, как это будет выглядеть у вас?",ne_mobilny,,,
3,1,Zovq,супермаркет,Ереван,+37410229201,"Բարև Ձեզ։ Ես Ազատն եմ, կայքեր եմ պատրաստում Հայաստանի բիզնեսների համար (EVNWEB)։ Նկատեցի, որ Zovq-ի կայքը (norzovq.am) այժմ չի բացվում։ Կարող եմ ուղարկել կարճ տեսանյութ, թե ինչպես է աշխատում խանութի կայքը՝ առցանց պատվերներ, մնացորդներ և պիտանելիության ժամկետներ։ Գինը՝ 400 000 ֏-ից։ Ցույց տա՞մ, թե ինչպես կլինի ձեզ մոտ։","Здравствуйте! Меня зовут Азат, я делаю сайты для бизнесов в Армении (EVNWEB). Заметил, что сайт Zovq (norzovq.am) сейчас не открывается. Могу прислать короткое видео, как работает сайт магазина: онлайн-заказы, остатки и сроки годности. Цена от 400 000 ֏. Показать, как это будет выглядеть у вас?",ne_mobilny,,,
3,1,Zovq,супермаркет,Ереван,+37410439901,"Բարև Ձեզ։ Ես Ազատն եմ, կայքեր եմ պատրաստում Հայաստանի բիզնեսների համար (EVNWEB)։ Նկատեցի, որ Zovq-ի կայքը (norzovq.am) այժմ չի բացվում։ Կարող եմ ուղարկել կարճ տեսանյութ, թե ինչպես է աշխատում խանութի կայքը՝ առցանց պատվերներ, մնացորդներ և պիտանելիության ժամկետներ։ Գինը՝ 400 000 ֏-ից։ Ցույց տա՞մ, թե ինչպես կլինի ձեզ մոտ։","Здравствуйте! Меня зовут Азат, я делаю сайты для бизнесов в Армении (EVNWEB). Заметил, что сайт Zovq (norzovq.am) сейчас не открывается. Могу прислать короткое видео, как работает сайт магазина: онлайн-заказы, остатки и сроки годности. Цена от 400 000 ֏. Показать, как это будет выглядеть у вас?",ne_mobilny,,,
3,1,Zovq,супермаркет,Ереван,+37412244444,"Բարև Ձեզ։ Ես Ազատն եմ, կայքեր եմ պատրաստում Հայաստանի բիզնեսների համար (EVNWEB)։ Նկատեցի, որ Zovq-ի կայքը (norzovq.am) այժմ չի բացվում։ Կարող եմ ուղարկել կարճ տեսանյութ, թե ինչպես է աշխատում խանութի կայքը՝ առցանց պատվերներ, մնացորդներ և պիտանելիության ժամկետներ։ Գինը՝ 400 000 ֏-ից։ Ցույց տա՞մ, թե ինչպես կլինի ձեզ մոտ։","Здравствуйте! Меня зовут Азат, я делаю сайты для бизнесов в Армении (EVNWEB). Заметил, что сайт Zovq (norzovq.am) сейчас не открывается. Могу прислать короткое видео, как работает сайт магазина: онлайн-заказы, остатки и сроки годности. Цена от 400 000 ֏. Показать, как это будет выглядеть у вас?",ne_mobilny,,,
3,1,Zovq,супермаркет,Ереван,+37412244444,"Բարև Ձեզ։ Ես Ազատն եմ, կայքեր եմ պատրաստում Հայաստանի բիզնեսների համար (EVNWEB)։ Նկատեցի, որ Zovq-ի կայքը (norzovq.am) այժմ չի բացվում։ Կարող եմ ուղարկել կարճ տեսանյութ, թե ինչպես է աշխատում խանութի կայքը՝ առցանց պատվերներ, մնացորդներ և պիտանելիության ժամկետներ։ Գինը՝ 400 000 ֏-ից։ Ցույց տա՞մ, թե ինչպես կլինի ձեզ մոտ։","Здравствуйте! Меня зовут Азат, я делаю сайты для бизнесов в Армении (EVNWEB). Заметил, что сайт Zovq (norzovq.am) сейчас не открывается. Могу прислать короткое видео, как работает сайт магазина: онлайн-заказы, остатки и сроки годности. Цена от 400 000 ֏. Показать, как это будет выглядеть у вас?",ne_mobilny,,,
3,1,Zovq,супермаркет,Ереван,+37444303338,"Բարև Ձեզ։ Ես Ազատն եմ, կայքեր եմ պատրաստում Հայաստանի բիզնեսների համար (EVNWEB)։ Նկատեցի, որ Zovq-ի կայքը (norzovq.am) այժմ չի բացվում։ Կարող եմ ուղարկել կարճ տեսանյութ, թե ինչպես է աշխատում խանութի կայքը՝ առցանց պատվերներ, մնացորդներ և պիտանելիության ժամկետներ։ Գինը՝ 400 000 ֏-ից։ Ցույց տա՞մ, թե ինչպես կլինի ձեզ մոտ։","Здравствуйте! Меня зовут Азат, я делаю сайты для бизнесов в Армении (EVNWEB). Заметил, что сайт Zovq (norzovq.am) сейчас не открывается. Могу прислать короткое видео, как работает сайт магазина: онлайн-заказы, остатки и сроки годности. Цена от 400 000 ֏. Показать, как это будет выглядеть у вас?",,,,
4,1,Zovq,супермаркет,Ереван,+37410706370,"Բարև Ձեզ։ Ես Ազատն եմ, կայքեր եմ պատրաստում Հայաստանի բիզնեսների համար (EVNWEB)։ Նկատեցի, որ Zovq-ի կայքը (norzovq.am) այժմ չի բացվում։ Կարող եմ ուղարկել կարճ տեսանյութ, թե ինչպես է աշխատում խանութի կայքը՝ առցանց պատվերներ, մնացորդներ և պիտանելիության ժամկետներ։ Գինը՝ 400 000 ֏-ից։ Ցույց տա՞մ, թե ինչպես կլինի ձեզ մոտ։","Здравствуйте! Меня зовут Азат, я делаю сайты для бизнесов в Армении (EVNWEB). Заметил, что сайт Zovq (norzovq.am) сейчас не открывается. Могу прислать короткое видео, как работает сайт магазина: онлайн-заказы, остатки и сроки годности. Цена от 400 000 ֏. Показать, как это будет выглядеть у вас?",ne_mobilny,,,
4,1,Zovq,супермаркет,Ереван,+37410675726,"Բարև Ձեզ։ Ես Ազատն եմ, կայքեր եմ պատրաստում Հայաստանի բիզնեսների համար (EVNWEB)։ Նկատեցի, որ Zovq-ի կայքը (norzovq.am) այժմ չի բացվում։ Կարող եմ ուղարկել կարճ տեսանյութ, թե ինչպես է աշխատում խանութի կայքը՝ առցանց պատվերներ, մնացորդներ և պիտանելիության ժամկետներ։ Գինը՝ 400 000 ֏-ից։ Ցույց տա՞մ, թե ինչպես կլինի ձեզ մոտ։","Здравствуйте! Меня зовут Азат, я делаю сайты для бизнесов в Армении (EVNWEB). Заметил, что сайт Zovq (norzovq.am) сейчас не открывается. Могу прислать короткое видео, как работает сайт магазина: онлайн-заказы, остатки и сроки годности. Цена от 400 000 ֏. Показать, как это будет выглядеть у вас?",ne_mobilny,,,
4,1,Slav Travel,турагентство,Ереван,+37410562211,"Բարև Ձեզ։ Ես Ազատն եմ, կայքեր եմ պատրաստում Հայաստանի բիզնեսների համար (EVNWEB)։ Նկատեցի, որ Slav Travel-ի կայքը (slavtravel.am) այժմ չի բացվում։ Կարող եմ ուղարկել կարճ տեսանյութ, թե ինչպես է աշխատում տուրիստական ընկերության կայքը՝ տուրերի կատալոգ 3 լեզվով և առցանց հայտեր։ Գինը՝ 150 000 ֏-ից։ Ցույց տա՞մ, թե ինչպես կլինի ձեզ մոտ։","Здравствуйте! Меня зовут Азат, я делаю сайты для бизнесов в Армении (EVNWEB). Заметил, что сайт Slav Travel (slavtravel.am) сейчас не открывается. Могу прислать короткое видео, как работает сайт турагентства: каталог туров на 3 языках и заявки онлайн. Цена от 150 000 ֏. Показать, как это будет выглядеть у вас?",ne_mobilny,,,
4,1,Ecotour Travel Agency,турагентство,Ереван,+37410556946,"Բարև Ձեզ։ Ես Ազատն եմ, կայքեր եմ պատրաստում Հայաստանի բիզնեսների համար (EVNWEB)։ Նկատեցի, որ Ecotour Travel Agency-ի կայքը (ecotour.am) այժմ չի բացվում։ Կարող եմ ուղարկել կարճ տեսանյութ, թե ինչպես է աշխատում տուրիստական ընկերության կայքը՝ տուրերի կատալոգ 3 լեզվով և առցանց հայտեր։ Գինը՝ 150 000 ֏-ից։ Ցույց տա՞մ, թե ինչպես կլինի ձեզ մոտ։","Здравствуйте! Меня зовут Азат, я делаю сайты для бизнесов в Армении (EVNWEB). Заметил, что сайт Ecotour Travel Agency (ecotour.am) сейчас не открывается. Могу прислать короткое видео, как работает сайт турагентства: каталог туров на 3 языках и заявки онлайн. Цена от 150 000 ֏. Показать, как это будет выглядеть у вас?",ne_mobilny,,,
4,1,Green Tours,турагентство,Ереван,+37411551040,"Բարև Ձեզ։ Ես Ազատն եմ, կայքեր եմ պատրաստում Հայաստանի բիզնեսների համար (EVNWEB)։ Նկատեցի, որ Green Tours-ի կայքը (goldenhouse.am) այժմ չի բացվում։ Կարող եմ ուղարկել կարճ տեսանյութ, թե ինչպես է աշխատում տուրիստական ընկերության կայքը՝ տուրերի կատալոգ 3 լեզվով և առցանց հայտեր։ Գինը՝ 150 000 ֏-ից։ Ցույց տա՞մ, թե ինչպես կլինի ձեզ մոտ։","Здравствуйте! Меня зовут Азат, я делаю сайты для бизнесов в Армении (EVNWEB). Заметил, что сайт Green Tours (goldenhouse.am) сейчас не открывается. Могу прислать короткое видео, как работает сайт турагентства: каталог туров на 3 языках и заявки онлайн. Цена от 150 000 ֏. Показать, как это будет выглядеть у вас?",ne_mobilny,,,
4,1,Lili Travel,турагентство,Ереван,+37477338028,"Բարև Ձեզ։ Ես Ազատն եմ, կայքեր եմ պատրաստում Հայաստանի բիզնեսների համար (EVNWEB)։ Նկատեցի, որ Lili Travel-ի կայքը (lili-travel.com) այժմ չի բացվում։ Կարող եմ ուղարկել կարճ տեսանյութ, թե ինչպես է աշխատում տուրիստական ընկերության կայքը՝ տուրերի կատալոգ 3 լեզվով և առցանց հայտեր։ Գինը՝ 150 000 ֏-ից։ Ցույց տա՞մ, թե ինչպես կլինի ձեզ մոտ։","Здравствуйте! Меня зовут Азат, я делаю сайты для бизнесов в Армении (EVNWEB). Заметил, что сайт Lili Travel (lili-travel.com) сейчас не открывается. Могу прислать короткое видео, как работает сайт турагентства: каталог туров на 3 языках и заявки онлайн. Цена от 150 000 ֏. Показать, как это будет выглядеть у вас?",,,,
4,1,Smile Travel,турагентство,Ереван,+37499234507,"Բարև Ձեզ։ Ես Ազատն եմ, կայքեր եմ պատրաստում Հայաստանի բիզնեսների համար (EVNWEB)։ Նկատեցի, որ Smile Travel-ի կայքը (smiletravel.am) այժմ չի բացվում։ Կարող եմ ուղարկել կարճ տեսանյութ, թե ինչպես է աշխատում տուրիստական ընկերության կայքը՝ տուրերի կատալոգ 3 լեզվով և առցանց հայտեր։ Գինը՝ 150 000 ֏-ից։ Ցույց տա՞մ, թե ինչպես կլինի ձեզ մոտ։","Здравствуйте! Меня зовут Азат, я делаю сайты для бизнесов в Армении (EVNWEB). Заметил, что сайт Smile Travel (smiletravel.am) сейчас не открывается. Могу прислать короткое видео, как работает сайт турагентства: каталог туров на 3 языках и заявки онлайн. Цена от 150 000 ֏. Показать, как это будет выглядеть у вас?",,,,
4,1,Win Travel,турагентство,Ереван,+37410535756,"Բարև Ձեզ։ Ես Ազատն եմ, կայքեր եմ պատրաստում Հայաստանի բիզնեսների համար (EVNWEB)։ Նկատեցի, որ Win Travel-ի կայքը (wintravel.am) այժմ չի բացվում։ Կարող եմ ուղարկել կարճ տեսանյութ, թե ինչպես է աշխատում տուրիստական ընկերության կայքը՝ տուրերի կատալոգ 3 լեզվով և առցանց հայտեր։ Գինը՝ 150 000 ֏-ից։ Ցույց տա՞մ, թե ինչպես կլինի ձեզ մոտ։","Здравствуйте! Меня зовут Азат, я делаю сайты для бизнесов в Армении (EVNWEB). Заметил, что сайт Win Travel (wintravel.am) сейчас не открывается. Могу прислать короткое видео, как работает сайт турагентства: каталог туров на 3 языках и заявки онлайн. Цена от 150 000 ֏. Показать, как это будет выглядеть у вас?",ne_mobilny,,,
4,1,Skyline Tour Service,турагентство,Ереван,+37493349530,"Բարև Ձեզ։ Ես Ազատն եմ, կայքեր եմ պատրաստում Հայաստանի բիզնեսների համար (EVNWEB)։ Նկատեցի, որ Skyline Tour Service-ի կայքը (skylinetourservice.com) այժմ չի բացվում։ Կարող եմ ուղարկել կարճ տեսանյութ, թե ինչպես է աշխատում տուրիստական ընկերության կայքը՝ տուրերի կատալոգ 3 լեզվով և առցանց հայտեր։ Գինը՝ 150 000 ֏-ից։ Ցույց տա՞մ, թե ինչպես կլինի ձեզ մոտ։","Здравствуйте! Меня зовут Азат, я делаю сайты для бизнесов в Армении (EVNWEB). Заметил, что сайт Skyline Tour Service (skylinetourservice.com) сейчас не открывается. Могу прислать короткое видео, как работает сайт турагентства: каталог туров на 3 языках и заявки онлайн. Цена от 150 000 ֏. Показать, как это будет выглядеть у вас?",,,,
4,1,Futuretour,турагентство,Ереван,+37410210110,"Բարև Ձեզ։ Ես Ազատն եմ, կայքեր եմ պատրաստում Հայաստանի բիզնեսների համար (EVNWEB)։ Նկատեցի, որ Futuretour-ի կայքը (futuretour.am) այժմ չի բացվում։ Կարող եմ ուղարկել կարճ տեսանյութ, թե ինչպես է աշխատում տուրիստական ընկերության կայքը՝ տուրերի կատալոգ 3 լեզվով և առցանց հայտեր։ Գինը՝ 150 000 ֏-ից։ Ցույց տա՞մ, թե ինչպես կլինի ձեզ մոտ։","Здравствуйте! Меня зовут Азат, я делаю сайты для бизнесов в Армении (EVNWEB). Заметил, что сайт Futuretour (futuretour.am) сейчас не открывается. Могу прислать короткое видео, как работает сайт турагентства: каталог туров на 3 языках и заявки онлайн. Цена от 150 000 ֏. Показать, как это будет выглядеть у вас?",ne_mobilny,,,
4,1,La Poutinerie,фастфуд,Ереван,+37491199896,"Բարև Ձեզ։ Ես Ազատն եմ, կայքեր եմ պատրաստում Հայաստանի բիզնեսների համար (EVNWEB)։ Նկատեցի, որ La Poutinerie-ի կայքը (poutine.am) այժմ չի բացվում։ Կարող եմ ուղարկել կարճ տեսանյութ, թե ինչպես է աշխատում ռեստորանի կայքը՝ մենյու 3 լեզվով, սեղանի ամրագրում և ադմին, որտեղ գները փոխում եք ինքներդ։ Գինը՝ 280 000 ֏-ից։ Ցույց տա՞մ, թե ինչպես կլինի ձեզ մոտ։","Здравствуйте! Меня зовут Азат, я делаю сайты для бизнесов в Армении (EVNWEB). Заметил, что сайт La Poutinerie (poutine.am) сейчас не открывается. Могу прислать короткое видео, как работает сайт ресторана: меню на 3 языках, бронь столов и админка, где цены меняете сами. Цена от 280 000 ֏. Показать, как это будет выглядеть у вас?",,,,
4,1,Lebanon Shawarma,фастфуд,Ереван,+37410525525,"Բարև Ձեզ։ Ես Ազատն եմ, կայքեր եմ պատրաստում Հայաստանի բիզնեսների համար (EVNWEB)։ Նկատեցի, որ Lebanon Shawarma-ի կայքը (lebanonshawarma.am) այժմ չի բացվում։ Կարող եմ ուղարկել կարճ տեսանյութ, թե ինչպես է աշխատում ռեստորանի կայքը՝ մենյու 3 լեզվով, սեղանի ամրագրում և ադմին, որտեղ գները փոխում եք ինքներդ։ Գինը՝ 280 000 ֏-ից։ Ցույց տա՞մ, թե ինչպես կլինի ձեզ մոտ։","Здравствуйте! Меня зовут Азат, я делаю сайты для бизнесов в Армении (EVNWEB). Заметил, что сайт Lebanon Shawarma (lebanonshawarma.am) сейчас не открывается. Могу прислать короткое видео, как работает сайт ресторана: меню на 3 языках, бронь столов и админка, где цены меняете сами. Цена от 280 000 ֏. Показать, как это будет выглядеть у вас?",ne_mobilny,,,
4,1,Lebanon Shawarma,фастфуд,Ереван,+37410525525,"Բարև Ձեզ։ Ես Ազատն եմ, կայքեր եմ պատրաստում Հայաստանի բիզնեսների համար (EVNWEB)։ Նկատեցի, որ Lebanon Shawarma-ի կայքը (lebanonshawarma.am) այժմ չի բացվում։ Կարող եմ ուղարկել կարճ տեսանյութ, թե ինչպես է աշխատում ռեստորանի կայքը՝ մենյու 3 լեզվով, սեղանի ամրագրում և ադմին, որտեղ գները փոխում եք ինքներդ։ Գինը՝ 280 000 ֏-ից։ Ցույց տա՞մ, թե ինչպես կլինի ձեզ մոտ։","Здравствуйте! Меня зовут Азат, я делаю сайты для бизнесов в Армении (EVNWEB). Заметил, что сайт Lebanon Shawarma (lebanonshawarma.am) сейчас не открывается. Могу прислать короткое видео, как работает сайт ресторана: меню на 3 языках, бронь столов и админка, где цены меняете сами. Цена от 280 000 ֏. Показать, как это будет выглядеть у вас?",ne_mobilny,,,
4,1,Nero Bean,фастфуд,Ереван,+37443024024,"Բարև Ձեզ։ Ես Ազատն եմ, կայքեր եմ պատրաստում Հայաստանի բիզնեսների համար (EVNWEB)։ Նկատեցի, որ Nero Bean-ի կայքը (nerobean.coffee) այժմ չի բացվում։ Կարող եմ ուղարկել կարճ տեսանյութ, թե ինչպես է աշխատում ռեստորանի կայքը՝ մենյու 3 լեզվով, սեղանի ամրագրում և ադմին, որտեղ գները փոխում եք ինքներդ։ Գինը՝ 280 000 ֏-ից։ Ցույց տա՞մ, թե ինչպես կլինի ձեզ մոտ։","Здравствуйте! Меня зовут Азат, я делаю сайты для бизнесов в Армении (EVNWEB). Заметил, что сайт Nero Bean (nerobean.coffee) сейчас не открывается. Могу прислать короткое видео, как работает сайт ресторана: меню на 3 языках, бронь столов и админка, где цены меняете сами. Цена от 280 000 ֏. Показать, как это будет выглядеть у вас?",,,,
4,1,Artashi Mot,фастфуд,Ереван,+37410553222,"Բարև Ձեզ։ Ես Ազատն եմ, կայքեր եմ պատրաստում Հայաստանի բիզնեսների համար (EVNWEB)։ Նկատեցի, որ Artashi Mot-ի կայքը (artashimot.info.am) այժմ չի բացվում։ Կարող եմ ուղարկել կարճ տեսանյութ, թե ինչպես է աշխատում ռեստորանի կայքը՝ մենյու 3 լեզվով, սեղանի ամրագրում և ադմին, որտեղ գները փոխում եք ինքներդ։ Գինը՝ 280 000 ֏-ից։ Ցույց տա՞մ, թե ինչպես կլինի ձեզ մոտ։","Здравствуйте! Меня зовут Азат, я делаю сайты для бизнесов в Армении (EVNWEB). Заметил, что сайт Artashi Mot (artashimot.info.am) сейчас не открывается. Могу прислать короткое видео, как работает сайт ресторана: меню на 3 языках, бронь столов и админка, где цены меняете сами. Цена от 280 000 ֏. Показать, как это будет выглядеть у вас?",ne_mobilny,,,
4,1,Youth Hostel,хостел,Ереван,+37444811811,"Բարև Ձեզ։ Ես Ազատն եմ, կայքեր եմ պատրաստում Հայաստանի բիզնեսների համար (EVNWEB)։ Նկատեցի, որ Youth Hostel-ի կայքը (youthhostel.am) այժմ չի բացվում։ Կարող եմ ուղարկել կարճ տեսանյութ, թե ինչպես է աշխատում հյուրանոցի կայքը՝ ուղիղ ամրագրում առանց Booking-ի միջնորդավճարի, զբաղվածության օրացույց և ադմին։ Գինը՝ 450 000 ֏-ից։ Ցույց տա՞մ, թե ինչպես կլինի ձեզ մոտ։","Здравствуйте! Меня зовут Азат, я делаю сайты для бизнесов в Армении (EVNWEB). Заметил, что сайт Youth Hostel (youthhostel.am) сейчас не открывается. Могу прислать короткое видео, как работает сайт отеля: прямая бронь без комиссии Booking, календарь занятости и админка. Цена от 450 000 ֏. Показать, как это будет выглядеть у вас?",,,,
4,1,Avenue Hostel,хостел,Ереван,+37477448080,"Բարև Ձեզ։ Ես Ազատն եմ, կայքեր եմ պատրաստում Հայաստանի բիզնեսների համար (EVNWEB)։ Նկատեցի, որ Avenue Hostel-ի կայքը (avenuehostel.am) այժմ չի բացվում։ Կարող եմ ուղարկել կարճ տեսանյութ, թե ինչպես է աշխատում հյուրանոցի կայքը՝ ուղիղ ամրագրում առանց Booking-ի միջնորդավճարի, զբաղվածության օրացույց և ադմին։ Գինը՝ 450 000 ֏-ից։ Ցույց տա՞մ, թե ինչպես կլինի ձեզ մոտ։","Здравствуйте! Меня зовут Азат, я делаю сайты для бизнесов в Армении (EVNWEB). Заметил, что сайт Avenue Hostel (avenuehostel.am) сейчас не открывается. Могу прислать короткое видео, как работает сайт отеля: прямая бронь без комиссии Booking, календарь занятости и админка. Цена от 450 000 ֏. Показать, как это будет выглядеть у вас?",,,,
4,1,Cube-ik Hostel,хостел,Ереван,+37412405050,"Բարև Ձեզ։ Ես Ազատն եմ, կայքեր եմ պատրաստում Հայաստանի բիզնեսների համար (EVNWEB)։ Նկատեցի, որ Cube-ik Hostel-ի կայքը (besthotel.am) այժմ չի բացվում։ Կարող եմ ուղարկել կարճ տեսանյութ, թե ինչպես է աշխատում հյուրանոցի կայքը՝ ուղիղ ամրագրում առանց Booking-ի միջնորդավճարի, զբաղվածության օրացույց և ադմին։ Գինը՝ 450 000 ֏-ից։ Ցույց տա՞մ, թե ինչպես կլինի ձեզ մոտ։","Здравствуйте! Меня зовут Азат, я делаю сайты для бизнесов в Армении (EVNWEB). Заметил, что сайт Cube-ik Hostel (besthotel.am) сейчас не открывается. Могу прислать короткое видео, как работает сайт отеля: прямая бронь без комиссии Booking, календарь занятости и админка. Цена от 450 000 ֏. Показать, как это будет выглядеть у вас?",ne_mobilny,,,
4,1,One Way,хостел,Ереван,+37455010051,"Բարև Ձեզ։ Ես Ազատն եմ, կայքեր եմ պատրաստում Հայաստանի բիզնեսների համար (EVNWEB)։ Նկատեցի, որ One Way-ի կայքը (www.onewayhostel.am) այժմ չի բացվում։ Կարող եմ ուղարկել կարճ տեսանյութ, թե ինչպես է աշխատում հյուրանոցի կայքը՝ ուղիղ ամրագրում առանց Booking-ի միջնորդավճարի, զբաղվածության օրացույց և ադմին։ Գինը՝ 450 000 ֏-ից։ Ցույց տա՞մ, թե ինչպես կլինի ձեզ մոտ։","Здравствуйте! Меня зовут Азат, я делаю сайты для бизнесов в Армении (EVNWEB). Заметил, что сайт One Way (www.onewayhostel.am) сейчас не открывается. Могу прислать короткое видео, как работает сайт отеля: прямая бронь без комиссии Booking, календарь занятости и админка. Цена от 450 000 ֏. Показать, как это будет выглядеть у вас?",,,,
4,1,Rasputin,бар,Гюмри,+37477616619,"Բարև Ձեզ։ Ես Ազատն եմ, կայքեր եմ պատրաստում Հայաստանի բիզնեսների համար (EVNWEB)։ Նկատեցի, որ Rasputin-ի կայքը (gyumri.bar) այժմ չի բացվում։ Կարող եմ ուղարկել կարճ տեսանյութ, թե ինչպես է աշխատում ռեստորանի կայքը՝ մենյու 3 լեզվով, սեղանի ամրագրում և ադմին, որտեղ գները փոխում եք ինքներդ։ Գինը՝ 280 000 ֏-ից։ Ցույց տա՞մ, թե ինչպես կլինի ձեզ մոտ։","Здравствуйте! Меня зовут Азат, я делаю сайты для бизнесов в Армении (EVNWEB). Заметил, что сайт Rasputin (gyumri.bar) сейчас не открывается. Могу прислать короткое видео, как работает сайт ресторана: меню на 3 языках, бронь столов и админка, где цены меняете сами. Цена от 280 000 ֏. Показать, как это будет выглядеть у вас?",,,,
4,1,Avagyan's hotel restaurant,отель,Горис,+37498952892,"Բարև Ձեզ։ Ես Ազատն եմ, կայքեր եմ պատրաստում Հայաստանի բիզնեսների համար (EVNWEB)։ Նկատեցի, որ Avagyan's hotel restaurant-ի կայքը (hotelzoracaghbyur.voodoo.pro) այժմ չի բացվում։ Կարող եմ ուղարկել կարճ տեսանյութ, թե ինչպես է աշխատում հյուրանոցի կայքը՝ ուղիղ ամրագրում առանց Booking-ի միջնորդավճարի, զբաղվածության օրացույց և ադմին։ Գինը՝ 450 000 ֏-ից։ Ցույց տա՞մ, թե ինչպես կլինի ձեզ մոտ։","Здравствуйте! Меня зовут Азат, я делаю сайты для бизнесов в Армении (EVNWEB). Заметил, что сайт Avagyan's hotel restaurant (hotelzoracaghbyur.voodoo.pro) сейчас не открывается. Могу прислать короткое видео, как работает сайт отеля: прямая бронь без комиссии Booking, календарь занятости и админка. Цена от 450 000 ֏. Показать, как это будет выглядеть у вас?",,,,
4,1,Best Western Alva Hotel & SPA,отель,Цахкадзор,+37493415102,"Բարև Ձեզ։ Ես Ազատն եմ, կայքեր եմ պատրաստում Հայաստանի բիզնեսների համար (EVNWEB)։ Նկատեցի, որ Best Western Alva Hotel & SPA-ի կայքը (hotelalva.am) այժմ չի բացվում։ Կարող եմ ուղարկել կարճ տեսանյութ, թե ինչպես է աշխատում հյուրանոցի կայքը՝ ուղիղ ամրագրում առանց Booking-ի միջնորդավճարի, զբաղվածության օրացույց և ադմին։ Գինը՝ 450 000 ֏-ից։ Ցույց տա՞մ, թե ինչպես կլինի ձեզ մոտ։","Здравствуйте! Меня зовут Азат, я делаю сайты для бизнесов в Армении (EVNWEB). Заметил, что сайт Best Western Alva Hotel & SPA (hotelalva.am) сейчас не открывается. Могу прислать короткое видео, как работает сайт отеля: прямая бронь без комиссии Booking, календарь занятости и админка. Цена от 450 000 ֏. Показать, как это будет выглядеть у вас?",,,,
4,1,Vivas,отель,Горис,+37428424812,"Բարև Ձեզ։ Ես Ազատն եմ, կայքեր եմ պատրաստում Հայաստանի բիզնեսների համար (EVNWEB)։ Նկատեցի, որ Vivas-ի կայքը (vivas.am) այժմ չի բացվում։ Կարող եմ ուղարկել կարճ տեսանյութ, թե ինչպես է աշխատում հյուրանոցի կայքը՝ ուղիղ ամրագրում առանց Booking-ի միջնորդավճարի, զբաղվածության օրացույց և ադմին։ Գինը՝ 450 000 ֏-ից։ Ցույց տա՞մ, թե ինչպես կլինի ձեզ մոտ։","Здравствуйте! Меня зовут Азат, я делаю сайты для бизнесов в Армении (EVNWEB). Заметил, что сайт Vivas (vivas.am) сейчас не открывается. Могу прислать короткое видео, как работает сайт отеля: прямая бронь без комиссии Booking, календарь занятости и админка. Цена от 450 000 ֏. Показать, как это будет выглядеть у вас?",ne_mobilny,,,
4,1,Zanger,отель,Горис,+37498778977,"Բարև Ձեզ։ Ես Ազատն եմ, կայքեր եմ պատրաստում Հայաստանի բիզնեսների համար (EVNWEB)։ Նկատեցի, որ Zanger-ի կայքը (www.zanger.am) այժմ չի բացվում։ Կարող եմ ուղարկել կարճ տեսանյութ, թե ինչպես է աշխատում հյուրանոցի կայքը՝ ուղիղ ամրագրում առանց Booking-ի միջնորդավճարի, զբաղվածության օրացույց և ադմին։ Գինը՝ 450 000 ֏-ից։ Ցույց տա՞մ, թե ինչպես կլինի ձեզ մոտ։","Здравствуйте! Меня зовут Азат, я делаю сайты для бизнесов в Армении (EVNWEB). Заметил, что сайт Zanger (www.zanger.am) сейчас не открывается. Могу прислать короткое видео, как работает сайт отеля: прямая бронь без комиссии Booking, календарь занятости и админка. Цена от 450 000 ֏. Показать, как это будет выглядеть у вас?",,,,
4,1,Kechi,отель,Цахкадзор,+37455110999,"Բարև Ձեզ։ Ես Ազատն եմ, կայքեր եմ պատրաստում Հայաստանի բիզնեսների համար (EVNWEB)։ Նկատեցի, որ Kechi-ի կայքը (kechi.am) այժմ չի բացվում։ Կարող եմ ուղարկել կարճ տեսանյութ, թե ինչպես է աշխատում հյուրանոցի կայքը՝ ուղիղ ամրագրում առանց Booking-ի միջնորդավճարի, զբաղվածության օրացույց և ադմին։ Գինը՝ 450 000 ֏-ից։ Ցույց տա՞մ, թե ինչպես կլինի ձեզ մոտ։","Здравствуйте! Меня зовут Азат, я делаю сайты для бизнесов в Армении (EVNWEB). Заметил, что сайт Kechi (kechi.am) сейчас не открывается. Могу прислать короткое видео, как работает сайт отеля: прямая бронь без комиссии Booking, календарь занятости и админка. Цена от 450 000 ֏. Показать, как это будет выглядеть у вас?",,,,
5,1,Cherkezi Dzor,ресторан,Гюмри,+37431265559,"Բարև Ձեզ։ Ես Ազատն եմ, կայքեր եմ պատրաստում Հայաստանի բիզնեսների համար (EVNWEB)։ Նկատեցի, որ Cherkezi Dzor-ի կայքը (gyumrifish.am) այժմ չի բացվում։ Կարող եմ ուղարկել կարճ տեսանյութ, թե ինչպես է աշխատում ռեստորանի կայքը՝ մենյու 3 լեզվով, սեղանի ամրագրում և ադմին, որտեղ գները փոխում եք ինքներդ։ Գինը՝ 280 000 ֏-ից։ Ցույց տա՞մ, թե ինչպես կլինի ձեզ մոտ։","Здравствуйте! Меня зовут Азат, я делаю сайты для бизнесов в Армении (EVNWEB). Заметил, что сайт Cherkezi Dzor (gyumrifish.am) сейчас не открывается. Могу прислать короткое видео, как работает сайт ресторана: меню на 3 языках, бронь столов и админка, где цены меняете сами. Цена от 280 000 ֏. Показать, как это будет выглядеть у вас?",ne_mobilny,,,
5,1,Kadr,турагентство,Гюмри,+37493191961,"Բարև Ձեզ։ Ես Ազատն եմ, կայքեր եմ պատրաստում Հայաստանի բիզնեսների համար (EVNWEB)։ Նկատեցի, որ Kadr-ի կայքը (kadr-llc.com) այժմ չի բացվում։ Կարող եմ ուղարկել կարճ տեսանյութ, թե ինչպես է աշխատում տուրիստական ընկերության կայքը՝ տուրերի կատալոգ 3 լեզվով և առցանց հայտեր։ Գինը՝ 150 000 ֏-ից։ Ցույց տա՞մ, թե ինչպես կլինի ձեզ մոտ։","Здравствуйте! Меня зовут Азат, я делаю сайты для бизнесов в Армении (EVNWEB). Заметил, что сайт Kadr (kadr-llc.com) сейчас не открывается. Могу прислать короткое видео, как работает сайт турагентства: каталог туров на 3 языках и заявки онлайн. Цена от 150 000 ֏. Показать, как это будет выглядеть у вас?",,,,
5,2,AV Aniv,автосервис,Ереван,+37493763621,"Բարև Ձեզ։ Ես Ազատն եմ, կայքեր եմ պատրաստում Հայաստանի բիզնեսների համար (EVNWEB)։ Նկատեցի, որ AV Aniv-ը կայքի փոխարեն ունի հղում սոցցանցի կամ Booking/Airbnb-ի։ Կարող եմ ուղարկել կարճ տեսանյութ, թե ինչպես է աշխատում ավտոսերվիսի կայքը՝ առցանց գրանցում վերանորոգման և բոքսերի զբաղվածություն ադմինում։ Գինը՝ 150 000 ֏-ից։ Ցույց տա՞մ, թե ինչպես կլինի ձեզ մոտ։","Здравствуйте! Меня зовут Азат, я делаю сайты для бизнесов в Армении (EVNWEB). Заметил, что у AV Aniv вместо сайта ссылка на соцсеть или Booking/Airbnb. Могу прислать короткое видео, как работает сайт автосервиса: онлайн-запись на ремонт и загрузка боксов в админке. Цена от 150 000 ֏. Показать, как это будет выглядеть у вас?",,,,
5,2,KarcomAuto,автосервис,Ереван,+37410231341,"Բարև Ձեզ։ Ես Ազատն եմ, կայքեր եմ պատրաստում Հայաստանի բիզնեսների համար (EVNWEB)։ Նկատեցի, որ KarcomAuto-ի կայքը հնացել է։ Կարող եմ ուղարկել կարճ տեսանյութ, թե ինչպես է աշխատում ավտոսերվիսի կայքը՝ առցանց գրանցում վերանորոգման և բոքսերի զբաղվածություն ադմինում։ Գինը՝ 150 000 ֏-ից։ Ցույց տա՞մ, թե ինչպես կլինի ձեզ մոտ։","Здравствуйте! Меня зовут Азат, я делаю сайты для бизнесов в Армении (EVNWEB). Заметил, что сайт KarcomAuto устарел: сертификат HTTPS сломан (браузер пугает посетителей). Могу прислать короткое видео, как работает сайт автосервиса: онлайн-запись на ремонт и загрузка боксов в админке. Цена от 150 000 ֏. Показать, как это будет выглядеть у вас?",ne_mobilny,,,
5,2,Apartments Luxe,апартаменты,Ереван,+37498815154,"Բարև Ձեզ։ Ես Ազատն եմ, կայքեր եմ պատրաստում Հայաստանի բիզնեսների համար (EVNWEB)։ Նկատեցի, որ Apartments Luxe-ը կայքի փոխարեն ունի հղում սոցցանցի կամ Booking/Airbnb-ի։ Կարող եմ ուղարկել կարճ տեսանյութ, թե ինչպես է աշխատում հյուրանոցի կայքը՝ ուղիղ ամրագրում առանց Booking-ի միջնորդավճարի, զբաղվածության օրացույց և ադմին։ Գինը՝ 450 000 ֏-ից։ Ցույց տա՞մ, թե ինչպես կլինի ձեզ մոտ։","Здравствуйте! Меня зовут Азат, я делаю сайты для бизнесов в Армении (EVNWEB). Заметил, что у Apartments Luxe вместо сайта ссылка на соцсеть или Booking/Airbnb. Могу прислать короткое видео, как работает сайт отеля: прямая бронь без комиссии Booking, календарь занятости и админка. Цена от 450 000 ֏. Показать, как это будет выглядеть у вас?",,,,
5,2,Apartments by NOVVOC,апартаменты,Ереван,+37477517777,"Բարև Ձեզ։ Ես Ազատն եմ, կայքեր եմ պատրաստում Հայաստանի բիզնեսների համար (EVNWEB)։ Նկատեցի, որ Apartments by NOVVOC-ը կայքի փոխարեն ունի հղում սոցցանցի կամ Booking/Airbnb-ի։ Կարող եմ ուղարկել կարճ տեսանյութ, թե ինչպես է աշխատում հյուրանոցի կայքը՝ ուղիղ ամրագրում առանց Booking-ի միջնորդավճարի, զբաղվածության օրացույց և ադմին։ Գինը՝ 450 000 ֏-ից։ Ցույց տա՞մ, թե ինչպես կլինի ձեզ մոտ։","Здравствуйте! Меня зовут Азат, я делаю сайты для бизнесов в Армении (EVNWEB). Заметил, что у Apartments by NOVVOC вместо сайта ссылка на соцсеть или Booking/Airbnb. Могу прислать короткое видео, как работает сайт отеля: прямая бронь без комиссии Booking, календарь занятости и админка. Цена от 450 000 ֏. Показать, как это будет выглядеть у вас?",,,,
5,2,La Casa de Armenie,апартаменты,Ереван,+37494493835,"Բարև Ձեզ։ Ես Ազատն եմ, կայքեր եմ պատրաստում Հայաստանի բիզնեսների համար (EVNWEB)։ Նկատեցի, որ La Casa de Armenie-ը կայքի փոխարեն ունի հղում սոցցանցի կամ Booking/Airbnb-ի։ Կարող եմ ուղարկել կարճ տեսանյութ, թե ինչպես է աշխատում հյուրանոցի կայքը՝ ուղիղ ամրագրում առանց Booking-ի միջնորդավճարի, զբաղվածության օրացույց և ադմին։ Գինը՝ 450 000 ֏-ից։ Ցույց տա՞մ, թե ինչպես կլինի ձեզ մոտ։","Здравствуйте! Меня зовут Азат, я делаю сайты для бизнесов в Армении (EVNWEB). Заметил, что у La Casa de Armenie вместо сайта ссылка на соцсеть или Booking/Airbnb. Могу прислать короткое видео, как работает сайт отеля: прямая бронь без комиссии Booking, календарь занятости и админка. Цена от 450 000 ֏. Показать, как это будет выглядеть у вас?",,,,
5,2,SHAM Nargila,бар,Ереван,+37455459553,"Բարև Ձեզ։ Ես Ազատն եմ, կայքեր եմ պատրաստում Հայաստանի բիզնեսների համար (EVNWEB)։ Նկատեցի, որ SHAM Nargila-ը կայքի փոխարեն ունի հղում սոցցանցի կամ Booking/Airbnb-ի։ Կարող եմ ուղարկել կարճ տեսանյութ, թե ինչպես է աշխատում ռեստորանի կայքը՝ մենյու 3 լեզվով, սեղանի ամրագրում և ադմին, որտեղ գները փոխում եք ինքներդ։ Գինը՝ 280 000 ֏-ից։ Ցույց տա՞մ, թե ինչպես կլինի ձեզ մոտ։","Здравствуйте! Меня зовут Азат, я делаю сайты для бизнесов в Армении (EVNWEB). Заметил, что у SHAM Nargila вместо сайта ссылка на соцсеть или Booking/Airbnb. Могу прислать короткое видео, как работает сайт ресторана: меню на 3 языках, бронь столов и админка, где цены меняете сами. Цена от 280 000 ֏. Показать, как это будет выглядеть у вас?",,,,
5,2,Red Castle,гостевой дом,Ереван,+37494945545,"Բարև Ձեզ։ Ես Ազատն եմ, կայքեր եմ պատրաստում Հայաստանի բիզնեսների համար (EVNWEB)։ Նկատեցի, որ Red Castle-ը կայքի փոխարեն ունի հղում սոցցանցի կամ Booking/Airbnb-ի։ Կարող եմ ուղարկել կարճ տեսանյութ, թե ինչպես է աշխատում հյուրանոցի կայքը՝ ուղիղ ամրագրում առանց Booking-ի միջնորդավճարի, զբաղվածության օրացույց և ադմին։ Գինը՝ 450 000 ֏-ից։ Ցույց տա՞մ, թե ինչպես կլինի ձեզ մոտ։","Здравствуйте! Меня зовут Азат, я делаю сайты для бизнесов в Армении (EVNWEB). Заметил, что у Red Castle вместо сайта ссылка на соцсеть или Booking/Airbnb. Могу прислать короткое видео, как работает сайт отеля: прямая бронь без комиссии Booking, календарь занятости и админка. Цена от 450 000 ֏. Показать, как это будет выглядеть у вас?",,,,
5,2,202°F,кафе,Ереван,+37495102202,"Բարև Ձեզ։ Ես Ազատն եմ, կայքեր եմ պատրաստում Հայաստանի բիզնեսների համար (EVNWEB)։ Նկատեցի, որ 202°F-ը կայքի փոխարեն ունի հղում սոցցանցի կամ Booking/Airbnb-ի։ Կարող եմ ուղարկել կարճ տեսանյութ, թե ինչպես է աշխատում ռեստորանի կայքը՝ մենյու 3 լեզվով, սեղանի ամրագրում և ադմին, որտեղ գները փոխում եք ինքներդ։ Գինը՝ 280 000 ֏-ից։ Ցույց տա՞մ, թե ինչպես կլինի ձեզ մոտ։","Здравствуйте! Меня зовут Азат, я делаю сайты для бизнесов в Армении (EVNWEB). Заметил, что у 202°F вместо сайта ссылка на соцсеть или Booking/Airbnb. Могу прислать короткое видео, как работает сайт ресторана: меню на 3 языках, бронь столов и админка, где цены меняете сами. Цена от 280 000 ֏. Показать, как это будет выглядеть у вас?",,,,
5,2,IT Bak,кафе,Ереван,+37493529552,"Բարև Ձեզ։ Ես Ազատն եմ, կայքեր եմ պատրաստում Հայաստանի բիզնեսների համար (EVNWEB)։ Նկատեցի, որ IT Bak-ը կայքի փոխարեն ունի հղում սոցցանցի կամ Booking/Airbnb-ի։ Կարող եմ ուղարկել կարճ տեսանյութ, թե ինչպես է աշխատում ռեստորանի կայքը՝ մենյու 3 լեզվով, սեղանի ամրագրում և ադմին, որտեղ գները փոխում եք ինքներդ։ Գինը՝ 280 000 ֏-ից։ Ցույց տա՞մ, թե ինչպես կլինի ձեզ մոտ։","Здравствуйте! Меня зовут Азат, я делаю сайты для бизнесов в Армении (EVNWEB). Заметил, что у IT Bak вместо сайта ссылка на соцсеть или Booking/Airbnb. Могу прислать короткое видео, как работает сайт ресторана: меню на 3 языках, бронь столов и админка, где цены меняете сами. Цена от 280 000 ֏. Показать, как это будет выглядеть у вас?",,,,
5,2,MangoCafe,кафе,Ереван,+37441520959,"Բարև Ձեզ։ Ես Ազատն եմ, կայքեր եմ պատրաստում Հայաստանի բիզնեսների համար (EVNWEB)։ Նկատեցի, որ MangoCafe-ը կայքի փոխարեն ունի հղում սոցցանցի կամ Booking/Airbnb-ի։ Կարող եմ ուղարկել կարճ տեսանյութ, թե ինչպես է աշխատում ռեստորանի կայքը՝ մենյու 3 լեզվով, սեղանի ամրագրում և ադմին, որտեղ գները փոխում եք ինքներդ։ Գինը՝ 280 000 ֏-ից։ Ցույց տա՞մ, թե ինչպես կլինի ձեզ մոտ։","Здравствуйте! Меня зовут Азат, я делаю сайты для бизнесов в Армении (EVNWEB). Заметил, что у MangoCafe вместо сайта ссылка на соцсеть или Booking/Airbnb. Могу прислать короткое видео, как работает сайт ресторана: меню на 3 языках, бронь столов и админка, где цены меняете сами. Цена от 280 000 ֏. Показать, как это будет выглядеть у вас?",,,,
5,2,Karap,кафе,Ереван,+37410559959,"Բարև Ձեզ։ Ես Ազատն եմ, կայքեր եմ պատրաստում Հայաստանի բիզնեսների համար (EVNWEB)։ Նկատեցի, որ Karap-ը կայքի փոխարեն ունի հղում սոցցանցի կամ Booking/Airbnb-ի։ Կարող եմ ուղարկել կարճ տեսանյութ, թե ինչպես է աշխատում ռեստորանի կայքը՝ մենյու 3 լեզվով, սեղանի ամրագրում և ադմին, որտեղ գները փոխում եք ինքներդ։ Գինը՝ 280 000 ֏-ից։ Ցույց տա՞մ, թե ինչպես կլինի ձեզ մոտ։","Здравствуйте! Меня зовут Азат, я делаю сайты для бизнесов в Армении (EVNWEB). Заметил, что у Karap вместо сайта ссылка на соцсеть или Booking/Airbnb. Могу прислать короткое видео, как работает сайт ресторана: меню на 3 языках, бронь столов и админка, где цены меняете сами. Цена от 280 000 ֏. Показать, как это будет выглядеть у вас?",ne_mobilny,,,
5,2,De Italian,кафе,Ереван,+37412255555,"Բարև Ձեզ։ Ես Ազատն եմ, կայքեր եմ պատրաստում Հայաստանի բիզնեսների համար (EVNWEB)։ Նկատեցի, որ De Italian-ի կայքը հնացել է։ Կարող եմ ուղարկել կարճ տեսանյութ, թե ինչպես է աշխատում ռեստորանի կայքը՝ մենյու 3 լեզվով, սեղանի ամրագրում և ադմին, որտեղ գները փոխում եք ինքներդ։ Գինը՝ 280 000 ֏-ից։ Ցույց տա՞մ, թե ինչպես կլինի ձեզ մոտ։","Здравствуйте! Меня зовут Азат, я делаю сайты для бизнесов в Армении (EVNWEB). Заметил, что сайт De Italian устарел: не адаптирован под телефон (нет viewport). Могу прислать короткое видео, как работает сайт ресторана: меню на 3 языках, бронь столов и админка, где цены меняете сами. Цена от 280 000 ֏. Показать, как это будет выглядеть у вас?",ne_mobilny,,,
5,2,Vardanants Medical Center ''Kochar'' Branch,клиника,Ереван,+37411592100,"Բարև Ձեզ։ Ես Ազատն եմ, կայքեր եմ պատրաստում Հայաստանի բիզնեսների համար (EVNWEB)։ Նկատեցի, որ Vardanants Medical Center ''Kochar'' Branch-ի կայքը հնացել է։ Կարող եմ ուղարկել կարճ տեսանյութ, թե ինչպես է աշխատում կլինիկայի կայքը՝ բժիշկների էջեր, գներ և առցանց գրանցում։ Գինը՝ 280 000 ֏-ից։ Ցույց տա՞մ, թե ինչպես կլինի ձեզ մոտ։","Здравствуйте! Меня зовут Азат, я делаю сайты для бизнесов в Армении (EVNWEB). Заметил, что сайт Vardanants Medical Center ''Kochar'' Branch устарел: нет HTTPS (Chrome пишет «Не защищено»). Могу прислать короткое видео, как работает сайт клиники: страницы врачей, цены и онлайн-запись. Цена от 280 000 ֏. Показать, как это будет выглядеть у вас?",ne_mobilny,,,
5,2,Mandarin,отель,Ереван,+37455801515,"Բարև Ձեզ։ Ես Ազատն եմ, կայքեր եմ պատրաստում Հայաստանի բիզնեսների համար (EVNWEB)։ Նկատեցի, որ Mandarin-ը կայքի փոխարեն ունի հղում սոցցանցի կամ Booking/Airbnb-ի։ Կարող եմ ուղարկել կարճ տեսանյութ, թե ինչպես է աշխատում հյուրանոցի կայքը՝ ուղիղ ամրագրում առանց Booking-ի միջնորդավճարի, զբաղվածության օրացույց և ադմին։ Գինը՝ 450 000 ֏-ից։ Ցույց տա՞մ, թե ինչպես կլինի ձեզ մոտ։","Здравствуйте! Меня зовут Азат, я делаю сайты для бизнесов в Армении (EVNWEB). Заметил, что у Mandarin вместо сайта ссылка на соцсеть или Booking/Airbnb. Могу прислать короткое видео, как работает сайт отеля: прямая бронь без комиссии Booking, календарь занятости и админка. Цена от 450 000 ֏. Показать, как это будет выглядеть у вас?",,,,
5,2,Avant-Garde Hotel,отель,Ереван,+37410628080,"Բարև Ձեզ։ Ես Ազատն եմ, կայքեր եմ պատրաստում Հայաստանի բիզնեսների համար (EVNWEB)։ Նկատեցի, որ Avant-Garde Hotel-ի կայքը հնացել է։ Կարող եմ ուղարկել կարճ տեսանյութ, թե ինչպես է աշխատում հյուրանոցի կայքը՝ ուղիղ ամրագրում առանց Booking-ի միջնորդավճարի, զբաղվածության օրացույց և ադմին։ Գինը՝ 450 000 ֏-ից։ Ցույց տա՞մ, թե ինչպես կլինի ձեզ մոտ։","Здравствуйте! Меня зовут Азат, я делаю сайты для бизнесов в Армении (EVNWEB). Заметил, что сайт Avant-Garde Hotel устарел: нет HTTPS (Chrome пишет «Не защищено»). Могу прислать короткое видео, как работает сайт отеля: прямая бронь без комиссии Booking, календарь занятости и админка. Цена от 450 000 ֏. Показать, как это будет выглядеть у вас?",ne_mobilny,,,
5,2,City Centre Hotel,отель,Ереван,+37411716717,"Բարև Ձեզ։ Ես Ազատն եմ, կայքեր եմ պատրաստում Հայաստանի բիզնեսների համար (EVNWEB)։ Նկատեցի, որ City Centre Hotel-ի կայքը հնացել է։ Կարող եմ ուղարկել կարճ տեսանյութ, թե ինչպես է աշխատում հյուրանոցի կայքը՝ ուղիղ ամրագրում առանց Booking-ի միջնորդավճարի, զբաղվածության օրացույց և ադմին։ Գինը՝ 450 000 ֏-ից։ Ցույց տա՞մ, թե ինչպես կլինի ձեզ մոտ։","Здравствуйте! Меня зовут Азат, я делаю сайты для бизнесов в Армении (EVNWEB). Заметил, что сайт City Centre Hotel устарел: нет HTTPS (Chrome пишет «Не защищено»). Могу прислать короткое видео, как работает сайт отеля: прямая бронь без комиссии Booking, календарь занятости и админка. Цена от 450 000 ֏. Показать, как это будет выглядеть у вас?",ne_mobilny,,,
5,2,[Á] Hotel Yerevan,отель,Ереван,+37493400436,"Բարև Ձեզ։ Ես Ազատն եմ, կայքեր եմ պատրաստում Հայաստանի բիզնեսների համար (EVNWEB)։ Նկատեցի, որ [Á] Hotel Yerevan-ի կայքը հնացել է։ Կարող եմ ուղարկել կարճ տեսանյութ, թե ինչպես է աշխատում հյուրանոցի կայքը՝ ուղիղ ամրագրում առանց Booking-ի միջնորդավճարի, զբաղվածության օրացույց և ադմին։ Գինը՝ 450 000 ֏-ից։ Ցույց տա՞մ, թե ինչպես կլինի ձեզ մոտ։","Здравствуйте! Меня зовут Азат, я делаю сайты для бизнесов в Армении (EVNWEB). Заметил, что сайт [Á] Hotel Yerevan устарел: нет HTTPS (Chrome пишет «Не защищено»). Могу прислать короткое видео, как работает сайт отеля: прямая бронь без комиссии Booking, календарь занятости и админка. Цена от 450 000 ֏. Показать, как это будет выглядеть у вас?",,,,
5,2,Pharaon Complex,отель,Ереван,+37410201581,"Բարև Ձեզ։ Ես Ազատն եմ, կայքեր եմ պատրաստում Հայաստանի բիզնեսների համար (EVNWEB)։ Նկատեցի, որ Pharaon Complex-ի կայքը հնացել է։ Կարող եմ ուղարկել կարճ տեսանյութ, թե ինչպես է աշխատում հյուրանոցի կայքը՝ ուղիղ ամրագրում առանց Booking-ի միջնորդավճարի, զբաղվածության օրացույց և ադմին։ Գինը՝ 450 000 ֏-ից։ Ցույց տա՞մ, թե ինչպես կլինի ձեզ մոտ։","Здравствуйте! Меня зовут Азат, я делаю сайты для бизнесов в Армении (EVNWEB). Заметил, что сайт Pharaon Complex устарел: не адаптирован под телефон (нет viewport). Могу прислать короткое видео, как работает сайт отеля: прямая бронь без комиссии Booking, календарь занятости и админка. Цена от 450 000 ֏. Показать, как это будет выглядеть у вас?",ne_mobilny,,,
5,2,Multi Grand Hotel,отель,Ереван,+37410610055,"Բարև Ձեզ։ Ես Ազատն եմ, կայքեր եմ պատրաստում Հայաստանի բիզնեսների համար (EVNWEB)։ Նկատեցի, որ Multi Grand Hotel-ի կայքը հնացել է։ Կարող եմ ուղարկել կարճ տեսանյութ, թե ինչպես է աշխատում հյուրանոցի կայքը՝ ուղիղ ամրագրում առանց Booking-ի միջնորդավճարի, զբաղվածության օրացույց և ադմին։ Գինը՝ 450 000 ֏-ից։ Ցույց տա՞մ, թե ինչպես կլինի ձեզ մոտ։","Здравствуйте! Меня зовут Азат, я делаю сайты для бизнесов в Армении (EVNWEB). Заметил, что сайт Multi Grand Hotel устарел: не адаптирован под телефон (нет viewport). Могу прислать короткое видео, как работает сайт отеля: прямая бронь без комиссии Booking, календарь занятости и админка. Цена от 450 000 ֏. Показать, как это будет выглядеть у вас?",ne_mobilny,,,
5,2,Nairi Hotel,отель,Ереван,+37410652121,"Բարև Ձեզ։ Ես Ազատն եմ, կայքեր եմ պատրաստում Հայաստանի բիզնեսների համար (EVNWEB)։ Նկատեցի, որ Nairi Hotel-ի կայքը հնացել է։ Կարող եմ ուղարկել կարճ տեսանյութ, թե ինչպես է աշխատում հյուրանոցի կայքը՝ ուղիղ ամրագրում առանց Booking-ի միջնորդավճարի, զբաղվածության օրացույց և ադմին։ Գինը՝ 450 000 ֏-ից։ Ցույց տա՞մ, թե ինչպես կլինի ձեզ մոտ։","Здравствуйте! Меня зовут Азат, я делаю сайты для бизнесов в Армении (EVNWEB). Заметил, что сайт Nairi Hotel устарел: не адаптирован под телефон (нет viewport). Могу прислать короткое видео, как работает сайт отеля: прямая бронь без комиссии Booking, календарь занятости и админка. Цена от 450 000 ֏. Показать, как это будет выглядеть у вас?",ne_mobilny,,,
5,2,Messier 53 Yerevan Hotel,отель,Ереван,+37411530053,"Բարև Ձեզ։ Ես Ազատն եմ, կայքեր եմ պատրաստում Հայաստանի բիզնեսների համար (EVNWEB)։ Նկատեցի, որ Messier 53 Yerevan Hotel-ի կայքը հնացել է։ Կարող եմ ուղարկել կարճ տեսանյութ, թե ինչպես է աշխատում հյուրանոցի կայքը՝ ուղիղ ամրագրում առանց Booking-ի միջնորդավճարի, զբաղվածության օրացույց և ադմին։ Գինը՝ 450 000 ֏-ից։ Ցույց տա՞մ, թե ինչպես կլինի ձեզ մոտ։","Здравствуйте! Меня зовут Азат, я делаю сайты для бизнесов в Армении (EVNWEB). Заметил, что сайт Messier 53 Yerevan Hotel устарел: нет HTTPS (Chrome пишет «Не защищено»). Могу прислать короткое видео, как работает сайт отеля: прямая бронь без комиссии Booking, календарь занятости и админка. Цена от 450 000 ֏. Показать, как это будет выглядеть у вас?",ne_mobilny,,,
5,2,GOLDEN SECONDS,отель,Ереван,+37498382222,"Բարև Ձեզ։ Ես Ազատն եմ, կայքեր եմ պատրաստում Հայաստանի բիզնեսների համար (EVNWEB)։ Նկատեցի, որ GOLDEN SECONDS-ի կայքը հնացել է։ Կարող եմ ուղարկել կարճ տեսանյութ, թե ինչպես է աշխատում հյուրանոցի կայքը՝ ուղիղ ամրագրում առանց Booking-ի միջնորդավճարի, զբաղվածության օրացույց և ադմին։ Գինը՝ 450 000 ֏-ից։ Ցույց տա՞մ, թե ինչպես կլինի ձեզ մոտ։","Здравствуйте! Меня зовут Азат, я делаю сайты для бизнесов в Армении (EVNWEB). Заметил, что сайт GOLDEN SECONDS устарел: нет HTTPS (Chrome пишет «Не защищено»). Могу прислать короткое видео, как работает сайт отеля: прямая бронь без комиссии Booking, календарь занятости и админка. Цена от 450 000 ֏. Показать, как это будет выглядеть у вас?",,,,
5,2,Shirak,отель,Ереван,+37410529915,"Բարև Ձեզ։ Ես Ազատն եմ, կայքեր եմ պատրաստում Հայաստանի բիզնեսների համար (EVNWEB)։ Նկատեցի, որ Shirak-ի կայքը հնացել է։ Կարող եմ ուղարկել կարճ տեսանյութ, թե ինչպես է աշխատում հյուրանոցի կայքը՝ ուղիղ ամրագրում առանց Booking-ի միջնորդավճարի, զբաղվածության օրացույց և ադմին։ Գինը՝ 450 000 ֏-ից։ Ցույց տա՞մ, թե ինչպես կլինի ձեզ մոտ։","Здравствуйте! Меня зовут Азат, я делаю сайты для бизнесов в Армении (EVNWEB). Заметил, что сайт Shirak устарел: нет HTTPS (Chrome пишет «Не защищено»). Могу прислать короткое видео, как работает сайт отеля: прямая бронь без комиссии Booking, календарь занятости и админка. Цена от 450 000 ֏. Показать, как это будет выглядеть у вас?",ne_mobilny,,,
6,2,Tom Collins,паб,Ереван,+37455743252,"Բարև Ձեզ։ Ես Ազատն եմ, կայքեր եմ պատրաստում Հայաստանի բիզնեսների համար (EVNWEB)։ Նկատեցի, որ Tom Collins-ը կայքի փոխարեն ունի հղում սոցցանցի կամ Booking/Airbnb-ի։ Կարող եմ ուղարկել կարճ տեսանյութ, թե ինչպես է աշխատում ռեստորանի կայքը՝ մենյու 3 լեզվով, սեղանի ամրագրում և ադմին, որտեղ գները փոխում եք ինքներդ։ Գինը՝ 280 000 ֏-ից։ Ցույց տա՞մ, թե ինչպես կլինի ձեզ մոտ։","Здравствуйте! Меня зовут Азат, я делаю сайты для бизнесов в Армении (EVNWEB). Заметил, что у Tom Collins вместо сайта ссылка на соцсеть или Booking/Airbnb. Могу прислать короткое видео, как работает сайт ресторана: меню на 3 языках, бронь столов и админка, где цены меняете сами. Цена от 280 000 ֏. Показать, как это будет выглядеть у вас?",,,,
6,2,Manana Beauty Salon,парикмахерская,Ереван,+37410231580,"Բարև Ձեզ։ Ես Ազատն եմ, կայքեր եմ պատրաստում Հայաստանի բիզնեսների համար (EVNWEB)։ Նկատեցի, որ Manana Beauty Salon-ը կայքի փոխարեն ունի հղում սոցցանցի կամ Booking/Airbnb-ի։ Կարող եմ ուղարկել կարճ տեսանյութ, թե ինչպես է աշխատում սրահի կայքը՝ առցանց գրանցում վարպետների մոտ և գրաֆիկ ադմինում։ Գինը՝ 150 000 ֏-ից։ Ցույց տա՞մ, թե ինչպես կլինի ձեզ մոտ։","Здравствуйте! Меня зовут Азат, я делаю сайты для бизнесов в Армении (EVNWEB). Заметил, что у Manana Beauty Salon вместо сайта ссылка на соцсеть или Booking/Airbnb. Могу прислать короткое видео, как работает сайт салона: онлайн-запись к мастерам и расписание в админке. Цена от 150 000 ֏. Показать, как это будет выглядеть у вас?",ne_mobilny,,,
6,2,Tolma,ресторан,Ереван,+37491024020,"Բարև Ձեզ։ Ես Ազատն եմ, կայքեր եմ պատրաստում Հայաստանի բիզնեսների համար (EVNWEB)։ Նկատեցի, որ Tolma-ը կայքի փոխարեն ունի հղում սոցցանցի կամ Booking/Airbnb-ի։ Կարող եմ ուղարկել կարճ տեսանյութ, թե ինչպես է աշխատում ռեստորանի կայքը՝ մենյու 3 լեզվով, սեղանի ամրագրում և ադմին, որտեղ գները փոխում եք ինքներդ։ Գինը՝ 280 000 ֏-ից։ Ցույց տա՞մ, թե ինչպես կլինի ձեզ մոտ։","Здравствуйте! Меня зовут Азат, я делаю сайты для бизнесов в Армении (EVNWEB). Заметил, что у Tolma вместо сайта ссылка на соцсеть или Booking/Airbnb. Могу прислать короткое видео, как работает сайт ресторана: меню на 3 языках, бронь столов и админка, где цены меняете сами. Цена от 280 000 ֏. Показать, как это будет выглядеть у вас?",,,,
6,2,Česko,ресторан,Ереван,+37444772172,"Բարև Ձեզ։ Ես Ազատն եմ, կայքեր եմ պատրաստում Հայաստանի բիզնեսների համար (EVNWEB)։ Նկատեցի, որ Česko-ը կայքի փոխարեն ունի հղում սոցցանցի կամ Booking/Airbnb-ի։ Կարող եմ ուղարկել կարճ տեսանյութ, թե ինչպես է աշխատում ռեստորանի կայքը՝ մենյու 3 լեզվով, սեղանի ամրագրում և ադմին, որտեղ գները փոխում եք ինքներդ։ Գինը՝ 280 000 ֏-ից։ Ցույց տա՞մ, թե ինչպես կլինի ձեզ մոտ։","Здравствуйте! Меня зовут Азат, я делаю сайты для бизнесов в Армении (EVNWEB). Заметил, что у Česko вместо сайта ссылка на соцсеть или Booking/Airbnb. Могу прислать короткое видео, как работает сайт ресторана: меню на 3 языках, бронь столов и админка, где цены меняете сами. Цена от 280 000 ֏. Показать, как это будет выглядеть у вас?",,,,
6,2,Arevik,ресторан,Ереван,+37477273845,"Բարև Ձեզ։ Ես Ազատն եմ, կայքեր եմ պատրաստում Հայաստանի բիզնեսների համար (EVNWEB)։ Նկատեցի, որ Arevik-ը կայքի փոխարեն ունի հղում սոցցանցի կամ Booking/Airbnb-ի։ Կարող եմ ուղարկել կարճ տեսանյութ, թե ինչպես է աշխատում ռեստորանի կայքը՝ մենյու 3 լեզվով, սեղանի ամրագրում և ադմին, որտեղ գները փոխում եք ինքներդ։ Գինը՝ 280 000 ֏-ից։ Ցույց տա՞մ, թե ինչպես կլինի ձեզ մոտ։","Здравствуйте! Меня зовут Азат, я делаю сайты для бизнесов в Армении (EVNWEB). Заметил, что у Arevik вместо сайта ссылка на соцсеть или Booking/Airbnb. Могу прислать короткое видео, как работает сайт ресторана: меню на 3 языках, бронь столов и админка, где цены меняете сами. Цена от 280 000 ֏. Показать, как это будет выглядеть у вас?",,,,
6,2,Buffet Lunch House,ресторан,Ереван,+37460702222,"Բարև Ձեզ։ Ես Ազատն եմ, կայքեր եմ պատրաստում Հայաստանի բիզնեսների համար (EVNWEB)։ Նկատեցի, որ Buffet Lunch House-ը կայքի փոխարեն ունի հղում սոցցանցի կամ Booking/Airbnb-ի։ Կարող եմ ուղարկել կարճ տեսանյութ, թե ինչպես է աշխատում ռեստորանի կայքը՝ մենյու 3 լեզվով, սեղանի ամրագրում և ադմին, որտեղ գները փոխում եք ինքներդ։ Գինը՝ 280 000 ֏-ից։ Ցույց տա՞մ, թե ինչպես կլինի ձեզ մոտ։","Здравствуйте! Меня зовут Азат, я делаю сайты для бизнесов в Армении (EVNWEB). Заметил, что у Buffet Lunch House вместо сайта ссылка на соцсеть или Booking/Airbnb. Могу прислать короткое видео, как работает сайт ресторана: меню на 3 языках, бронь столов и админка, где цены меняете сами. Цена от 280 000 ֏. Показать, как это будет выглядеть у вас?",ne_mobilny,,,
6,2,The Park,ресторан,Ереван,+37498171717,"Բարև Ձեզ։ Ես Ազատն եմ, կայքեր եմ պատրաստում Հայաստանի բիզնեսների համար (EVNWEB)։ Նկատեցի, որ The Park-ը կայքի փոխարեն ունի հղում սոցցանցի կամ Booking/Airbnb-ի։ Կարող եմ ուղարկել կարճ տեսանյութ, թե ինչպես է աշխատում ռեստորանի կայքը՝ մենյու 3 լեզվով, սեղանի ամրագրում և ադմին, որտեղ գները փոխում եք ինքներդ։ Գինը՝ 280 000 ֏-ից։ Ցույց տա՞մ, թե ինչպես կլինի ձեզ մոտ։","Здравствуйте! Меня зовут Азат, я делаю сайты для бизнесов в Армении (EVNWEB). Заметил, что у The Park вместо сайта ссылка на соцсеть или Booking/Airbnb. Могу прислать короткое видео, как работает сайт ресторана: меню на 3 языках, бронь столов и админка, где цены меняете сами. Цена от 280 000 ֏. Показать, как это будет выглядеть у вас?",,,,
6,2,Lanj,ресторан,Ереван,+37433038038,"Բարև Ձեզ։ Ես Ազատն եմ, կայքեր եմ պատրաստում Հայաստանի բիզնեսների համար (EVNWEB)։ Նկատեցի, որ Lanj-ը կայքի փոխարեն ունի հղում սոցցանցի կամ Booking/Airbnb-ի։ Կարող եմ ուղարկել կարճ տեսանյութ, թե ինչպես է աշխատում ռեստորանի կայքը՝ մենյու 3 լեզվով, սեղանի ամրագրում և ադմին, որտեղ գները փոխում եք ինքներդ։ Գինը՝ 280 000 ֏-ից։ Ցույց տա՞մ, թե ինչպես կլինի ձեզ մոտ։","Здравствуйте! Меня зовут Азат, я делаю сайты для бизнесов в Армении (EVNWEB). Заметил, что у Lanj вместо сайта ссылка на соцсеть или Booking/Airbnb. Могу прислать короткое видео, как работает сайт ресторана: меню на 3 языках, бронь столов и админка, где цены меняете сами. Цена от 280 000 ֏. Показать, как это будет выглядеть у вас?",,,,
6,2,Cascad Royal,ресторан,Ереван,+37411440144,"Բարև Ձեզ։ Ես Ազատն եմ, կայքեր եմ պատրաստում Հայաստանի բիզնեսների համար (EVNWEB)։ Նկատեցի, որ Cascad Royal-ը կայքի փոխարեն ունի հղում սոցցանցի կամ Booking/Airbnb-ի։ Կարող եմ ուղարկել կարճ տեսանյութ, թե ինչպես է աշխատում ռեստորանի կայքը՝ մենյու 3 լեզվով, սեղանի ամրագրում և ադմին, որտեղ գները փոխում եք ինքներդ։ Գինը՝ 280 000 ֏-ից։ Ցույց տա՞մ, թե ինչպես կլինի ձեզ մոտ։","Здравствуйте! Меня зовут Азат, я делаю сайты для бизнесов в Армении (EVNWEB). Заметил, что у Cascad Royal вместо сайта ссылка на соцсеть или Booking/Airbnb. Могу прислать короткое видео, как работает сайт ресторана: меню на 3 языках, бронь столов и админка, где цены меняете сами. Цена от 280 000 ֏. Показать, как это будет выглядеть у вас?",ne_mobilny,,,
6,2,CEO3,ресторан,Ереван,+37499110330,"Բարև Ձեզ։ Ես Ազատն եմ, կայքեր եմ պատրաստում Հայաստանի բիզնեսների համար (EVNWEB)։ Նկատեցի, որ CEO3-ը կայքի փոխարեն ունի հղում սոցցանցի կամ Booking/Airbnb-ի։ Կարող եմ ուղարկել կարճ տեսանյութ, թե ինչպես է աշխատում ռեստորանի կայքը՝ մենյու 3 լեզվով, սեղանի ամրագրում և ադմին, որտեղ գները փոխում եք ինքներդ։ Գինը՝ 280 000 ֏-ից։ Ցույց տա՞մ, թե ինչպես կլինի ձեզ մոտ։","Здравствуйте! Меня зовут Азат, я делаю сайты для бизнесов в Армении (EVNWEB). Заметил, что у CEO3 вместо сайта ссылка на соцсеть или Booking/Airbnb. Могу прислать короткое видео, как работает сайт ресторана: меню на 3 языках, бронь столов и админка, где цены меняете сами. Цена от 280 000 ֏. Показать, как это будет выглядеть у вас?",,,,
6,2,Qaghaqits Durs,ресторан,Ереван,+37410530061,"Բարև Ձեզ։ Ես Ազատն եմ, կայքեր եմ պատրաստում Հայաստանի բիզնեսների համար (EVNWEB)։ Նկատեցի, որ Qaghaqits Durs-ը կայքի փոխարեն ունի հղում սոցցանցի կամ Booking/Airbnb-ի։ Կարող եմ ուղարկել կարճ տեսանյութ, թե ինչպես է աշխատում ռեստորանի կայքը՝ մենյու 3 լեզվով, սեղանի ամրագրում և ադմին, որտեղ գները փոխում եք ինքներդ։ Գինը՝ 280 000 ֏-ից։ Ցույց տա՞մ, թե ինչպես կլինի ձեզ մոտ։","Здравствуйте! Меня зовут Азат, я делаю сайты для бизнесов в Армении (EVNWEB). Заметил, что у Qaghaqits Durs вместо сайта ссылка на соцсеть или Booking/Airbnb. Могу прислать короткое видео, как работает сайт ресторана: меню на 3 языках, бронь столов и админка, где цены меняете сами. Цена от 280 000 ֏. Показать, как это будет выглядеть у вас?",ne_mobilny,,,
6,2,Old Marani,ресторан,Ереван,+37410573344,"Բարև Ձեզ։ Ես Ազատն եմ, կայքեր եմ պատրաստում Հայաստանի բիզնեսների համար (EVNWEB)։ Նկատեցի, որ Old Marani-ի կայքը հնացել է։ Կարող եմ ուղարկել կարճ տեսանյութ, թե ինչպես է աշխատում ռեստորանի կայքը՝ մենյու 3 լեզվով, սեղանի ամրագրում և ադմին, որտեղ գները փոխում եք ինքներդ։ Գինը՝ 280 000 ֏-ից։ Ցույց տա՞մ, թե ինչպես կլինի ձեզ մոտ։","Здравствуйте! Меня зовут Азат, я делаю сайты для бизнесов в Армении (EVNWEB). Заметил, что сайт Old Marani устарел: сертификат HTTPS сломан (браузер пугает посетителей). Могу прислать короткое видео, как работает сайт ресторана: меню на 3 языках, бронь столов и админка, где цены меняете сами. Цена от 280 000 ֏. Показать, как это будет выглядеть у вас?",ne_mobilny,,,
6,2,Doka Pizza,ресторан,Ереван,+37410555555,"Բարև Ձեզ։ Ես Ազատն եմ, կայքեր եմ պատրաստում Հայաստանի բիզնեսների համար (EVNWEB)։ Նկատեցի, որ Doka Pizza-ի կայքը հնացել է։ Կարող եմ ուղարկել կարճ տեսանյութ, թե ինչպես է աշխատում ռեստորանի կայքը՝ մենյու 3 լեզվով, սեղանի ամրագրում և ադմին, որտեղ գները փոխում եք ինքներդ։ Գինը՝ 280 000 ֏-ից։ Ցույց տա՞մ, թե ինչպես կլինի ձեզ մոտ։","Здравствуйте! Меня зовут Азат, я делаю сайты для бизнесов в Армении (EVNWEB). Заметил, что сайт Doka Pizza устарел: нет HTTPS (Chrome пишет «Не защищено»). Могу прислать короткое видео, как работает сайт ресторана: меню на 3 языках, бронь столов и админка, где цены меняете сами. Цена от 280 000 ֏. Показать, как это будет выглядеть у вас?",ne_mobilny,,,
6,2,Charles,ресторан,Ереван,+37410542621,"Բարև Ձեզ։ Ես Ազատն եմ, կայքեր եմ պատրաստում Հայաստանի բիզնեսների համար (EVNWEB)։ Նկատեցի, որ Charles-ի կայքը հնացել է։ Կարող եմ ուղարկել կարճ տեսանյութ, թե ինչպես է աշխատում ռեստորանի կայքը՝ մենյու 3 լեզվով, սեղանի ամրագրում և ադմին, որտեղ գները փոխում եք ինքներդ։ Գինը՝ 280 000 ֏-ից։ Ցույց տա՞մ, թե ինչպես կլինի ձեզ մոտ։","Здравствуйте! Меня зовут Азат, я делаю сайты для бизнесов в Армении (EVNWEB). Заметил, что сайт Charles устарел: нет HTTPS (Chrome пишет «Не защищено»). Могу прислать короткое видео, как работает сайт ресторана: меню на 3 языках, бронь столов и админка, где цены меняете сами. Цена от 280 000 ֏. Показать, как это будет выглядеть у вас?",ne_mobilny,,,
6,2,MOV Restaurant,ресторан,Ереван,+37433652652,"Բարև Ձեզ։ Ես Ազատն եմ, կայքեր եմ պատրաստում Հայաստանի բիզնեսների համար (EVNWEB)։ Նկատեցի, որ MOV Restaurant-ի կայքը հնացել է։ Կարող եմ ուղարկել կարճ տեսանյութ, թե ինչպես է աշխատում ռեստորանի կայքը՝ մենյու 3 լեզվով, սեղանի ամրագրում և ադմին, որտեղ գները փոխում եք ինքներդ։ Գինը՝ 280 000 ֏-ից։ Ցույց տա՞մ, թե ինչպես կլինի ձեզ մոտ։","Здравствуйте! Меня зовут Азат, я делаю сайты для бизнесов в Армении (EVNWEB). Заметил, что сайт MOV Restaurant устарел: не адаптирован под телефон (нет viewport). Могу прислать короткое видео, как работает сайт ресторана: меню на 3 языках, бронь столов и админка, где цены меняете сами. Цена от 280 000 ֏. Показать, как это будет выглядеть у вас?",,,,
6,2,Pahest33,ресторан,Ереван,+37444999959,"Բարև Ձեզ։ Ես Ազատն եմ, կայքեր եմ պատրաստում Հայաստանի բիզնեսների համար (EVNWEB)։ Նկատեցի, որ Pahest33-ի կայքը հնացել է։ Կարող եմ ուղարկել կարճ տեսանյութ, թե ինչպես է աշխատում ռեստորանի կայքը՝ մենյու 3 լեզվով, սեղանի ամրագրում և ադմին, որտեղ գները փոխում եք ինքներդ։ Գինը՝ 280 000 ֏-ից։ Ցույց տա՞մ, թե ինչպես կլինի ձեզ մոտ։","Здравствуйте! Меня зовут Азат, я делаю сайты для бизнесов в Армении (EVNWEB). Заметил, что сайт Pahest33 устарел: нет HTTPS (Chrome пишет «Не защищено»). Могу прислать короткое видео, как работает сайт ресторана: меню на 3 языках, бронь столов и админка, где цены меняете сами. Цена от 280 000 ֏. Показать, как это будет выглядеть у вас?",,,,
6,2,Charentsi 28 Restaurant,ресторан,Ереван,+37410572945,"Բարև Ձեզ։ Ես Ազատն եմ, կայքեր եմ պատրաստում Հայաստանի բիզնեսների համար (EVNWEB)։ Նկատեցի, որ Charentsi 28 Restaurant-ի կայքը հնացել է։ Կարող եմ ուղարկել կարճ տեսանյութ, թե ինչպես է աշխատում ռեստորանի կայքը՝ մենյու 3 լեզվով, սեղանի ամրագրում և ադմին, որտեղ գները փոխում եք ինքներդ։ Գինը՝ 280 000 ֏-ից։ Ցույց տա՞մ, թե ինչպես կլինի ձեզ մոտ։","Здравствуйте! Меня зовут Азат, я делаю сайты для бизнесов в Армении (EVNWEB). Заметил, что сайт Charentsi 28 Restaurant устарел: не адаптирован под телефон (нет viewport). Могу прислать короткое видео, как работает сайт ресторана: меню на 3 языках, бронь столов и админка, где цены меняете сами. Цена от 280 000 ֏. Показать, как это будет выглядеть у вас?",ne_mobilny,,,
6,2,Vahakni,ресторан,Ереван,+37494582222,"Բարև Ձեզ։ Ես Ազատն եմ, կայքեր եմ պատրաստում Հայաստանի բիզնեսների համար (EVNWEB)։ Նկատեցի, որ Vahakni-ի կայքը հնացել է։ Կարող եմ ուղարկել կարճ տեսանյութ, թե ինչպես է աշխատում ռեստորանի կայքը՝ մենյու 3 լեզվով, սեղանի ամրագրում և ադմին, որտեղ գները փոխում եք ինքներդ։ Գինը՝ 280 000 ֏-ից։ Ցույց տա՞մ, թե ինչպես կլինի ձեզ մոտ։","Здравствуйте! Меня зовут Азат, я делаю сайты для бизнесов в Армении (EVNWEB). Заметил, что сайт Vahakni устарел: нет HTTPS (Chrome пишет «Не защищено»). Могу прислать короткое видео, как работает сайт ресторана: меню на 3 языках, бронь столов и админка, где цены меняете сами. Цена от 280 000 ֏. Показать, как это будет выглядеть у вас?",,,,
6,2,Aragast,ресторан,Ереван,+37410542254,"Բարև Ձեզ։ Ես Ազատն եմ, կայքեր եմ պատրաստում Հայաստանի բիզնեսների համար (EVNWEB)։ Նկատեցի, որ Aragast-ի կայքը հնացել է։ Կարող եմ ուղարկել կարճ տեսանյութ, թե ինչպես է աշխատում ռեստորանի կայքը՝ մենյու 3 լեզվով, սեղանի ամրագրում և ադմին, որտեղ գները փոխում եք ինքներդ։ Գինը՝ 280 000 ֏-ից։ Ցույց տա՞մ, թե ինչպես կլինի ձեզ մոտ։","Здравствуйте! Меня зовут Азат, я делаю сайты для бизнесов в Армении (EVNWEB). Заметил, что сайт Aragast устарел: нет HTTPS (Chrome пишет «Не защищено»). Могу прислать короткое видео, как работает сайт ресторана: меню на 3 языках, бронь столов и админка, где цены меняете сами. Цена от 280 000 ֏. Показать, как это будет выглядеть у вас?",ne_mobilny,,,
6,2,Ararat,ресторан,Ереван,+37410527933,"Բարև Ձեզ։ Ես Ազատն եմ, կայքեր եմ պատրաստում Հայաստանի բիզնեսների համար (EVNWEB)։ Նկատեցի, որ Ararat-ի կայքը հնացել է։ Կարող եմ ուղարկել կարճ տեսանյութ, թե ինչպես է աշխատում ռեստորանի կայքը՝ մենյու 3 լեզվով, սեղանի ամրագրում և ադմին, որտեղ գները փոխում եք ինքներդ։ Գինը՝ 280 000 ֏-ից։ Ցույց տա՞մ, թե ինչպես կլինի ձեզ մոտ։","Здравствуйте! Меня зовут Азат, я делаю сайты для бизнесов в Армении (EVNWEB). Заметил, что сайт Ararat устарел: нет HTTPS (Chrome пишет «Не защищено»). Могу прислать короткое видео, как работает сайт ресторана: меню на 3 языках, бронь столов и админка, где цены меняете сами. Цена от 280 000 ֏. Показать, как это будет выглядеть у вас?",ne_mobilny,,,
6,2,Old Erivan,ресторан,Ереван,+37410588855,"Բարև Ձեզ։ Ես Ազատն եմ, կայքեր եմ պատրաստում Հայաստանի բիզնեսների համար (EVNWEB)։ Նկատեցի, որ Old Erivan-ի կայքը հնացել է։ Կարող եմ ուղարկել կարճ տեսանյութ, թե ինչպես է աշխատում ռեստորանի կայքը՝ մենյու 3 լեզվով, սեղանի ամրագրում և ադմին, որտեղ գները փոխում եք ինքներդ։ Գինը՝ 280 000 ֏-ից։ Ցույց տա՞մ, թե ինչպես կլինի ձեզ մոտ։","Здравствуйте! Меня зовут Азат, я делаю сайты для бизнесов в Армении (EVNWEB). Заметил, что сайт Old Erivan устарел: нет HTTPS (Chrome пишет «Не защищено»). Могу прислать короткое видео, как работает сайт ресторана: меню на 3 языках, бронь столов и админка, где цены меняете сами. Цена от 280 000 ֏. Показать, как это будет выглядеть у вас?",ne_mobilny,,,
6,2,ANDO ᴛʜᴇ ᴘʀᴏғᴇssɪᴏɴᴀʟs SALON,салон красоты,Ереван,+37433007535,"Բարև Ձեզ։ Ես Ազատն եմ, կայքեր եմ պատրաստում Հայաստանի բիզնեսների համար (EVNWEB)։ Նկատեցի, որ ANDO ᴛʜᴇ ᴘʀᴏғᴇssɪᴏɴᴀʟs SALON-ը կայքի փոխարեն ունի հղում սոցցանցի կամ Booking/Airbnb-ի։ Կարող եմ ուղարկել կարճ տեսանյութ, թե ինչպես է աշխատում սրահի կայքը՝ առցանց գրանցում վարպետների մոտ և գրաֆիկ ադմինում։ Գինը՝ 150 000 ֏-ից։ Ցույց տա՞մ, թե ինչպես կլինի ձեզ մոտ։","Здравствуйте! Меня зовут Азат, я делаю сайты для бизнесов в Армении (EVNWEB). Заметил, что у ANDO ᴛʜᴇ ᴘʀᴏғᴇssɪᴏɴᴀʟs SALON вместо сайта ссылка на соцсеть или Booking/Airbnb. Могу прислать короткое видео, как работает сайт салона: онлайн-запись к мастерам и расписание в админке. Цена от 150 000 ֏. Показать, как это будет выглядеть у вас?",,,,
6,2,Beauty Salon LK,салон красоты,Ереван,+37493500122,"Բարև Ձեզ։ Ես Ազատն եմ, կայքեր եմ պատրաստում Հայաստանի բիզնեսների համար (EVNWEB)։ Նկատեցի, որ Beauty Salon LK-ը կայքի փոխարեն ունի հղում սոցցանցի կամ Booking/Airbnb-ի։ Կարող եմ ուղարկել կարճ տեսանյութ, թե ինչպես է աշխատում սրահի կայքը՝ առցանց գրանցում վարպետների մոտ և գրաֆիկ ադմինում։ Գինը՝ 150 000 ֏-ից։ Ցույց տա՞մ, թե ինչպես կլինի ձեզ մոտ։","Здравствуйте! Меня зовут Азат, я делаю сайты для бизнесов в Армении (EVNWEB). Заметил, что у Beauty Salon LK вместо сайта ссылка на соцсеть или Booking/Airbnb. Могу прислать короткое видео, как работает сайт салона: онлайн-запись к мастерам и расписание в админке. Цена от 150 000 ֏. Показать, как это будет выглядеть у вас?",,,,
6,2,Wax-mazaheracum,салон красоты,Ереван,+37455100057,"Բարև Ձեզ։ Ես Ազատն եմ, կայքեր եմ պատրաստում Հայաստանի բիզնեսների համար (EVNWEB)։ Նկատեցի, որ Wax-mazaheracum-ը կայքի փոխարեն ունի հղում սոցցանցի կամ Booking/Airbnb-ի։ Կարող եմ ուղարկել կարճ տեսանյութ, թե ինչպես է աշխատում սրահի կայքը՝ առցանց գրանցում վարպետների մոտ և գրաֆիկ ադմինում։ Գինը՝ 150 000 ֏-ից։ Ցույց տա՞մ, թե ինչպես կլինի ձեզ մոտ։","Здравствуйте! Меня зовут Азат, я делаю сайты для бизнесов в Армении (EVNWEB). Заметил, что у Wax-mazaheracum вместо сайта ссылка на соцсеть или Booking/Airbnb. Могу прислать короткое видео, как работает сайт салона: онлайн-запись к мастерам и расписание в админке. Цена от 150 000 ֏. Показать, как это будет выглядеть у вас?",dubl,,,
6,2,Bellissimo,салон красоты,Ереван,+37410229827,"Բարև Ձեզ։ Ես Ազատն եմ, կայքեր եմ պատրաստում Հայաստանի բիզնեսների համար (EVNWEB)։ Նկատեցի, որ Bellissimo-ի կայքը հնացել է։ Կարող եմ ուղարկել կարճ տեսանյութ, թե ինչպես է աշխատում սրահի կայքը՝ առցանց գրանցում վարպետների մոտ և գրաֆիկ ադմինում։ Գինը՝ 150 000 ֏-ից։ Ցույց տա՞մ, թե ինչպես կլինի ձեզ մոտ։","Здравствуйте! Меня зовут Азат, я делаю сайты для бизнесов в Армении (EVNWEB). Заметил, что сайт Bellissimo устарел: нет HTTPS (Chrome пишет «Не защищено»). Могу прислать короткое видео, как работает сайт салона: онлайн-запись к мастерам и расписание в админке. Цена от 150 000 ֏. Показать, как это будет выглядеть у вас?",ne_mobilny,,,
7,2,Teliastom - Pediatric dentist Gayane Hovhannisyan,стоматология,Ереван,+37496170681,"Բարև Ձեզ։ Ես Ազատն եմ, կայքեր եմ պատրաստում Հայաստանի բիզնեսների համար (EVNWEB)։ Նկատեցի, որ Teliastom - Pediatric dentist Gayane Hovhannisyan-ը կայքի փոխարեն ունի հղում սոցցանցի կամ Booking/Airbnb-ի։ Կարող եմ ուղարկել կարճ տեսանյութ, թե ինչպես է աշխատում կլինիկայի կայքը՝ բժիշկների էջեր, գներ և առցանց գրանցում։ Գինը՝ 280 000 ֏-ից։ Ցույց տա՞մ, թե ինչպես կլինի ձեզ մոտ։","Здравствуйте! Меня зовут Азат, я делаю сайты для бизнесов в Армении (EVNWEB). Заметил, что у Teliastom - Pediatric dentist Gayane Hovhannisyan вместо сайта ссылка на соцсеть или Booking/Airbnb. Могу прислать короткое видео, как работает сайт клиники: страницы врачей, цены и онлайн-запись. Цена от 280 000 ֏. Показать, как это будет выглядеть у вас?",,,,
7,2,SHAMS Dental Clinic,стоматология,Ереван,+37455166394,"Բարև Ձեզ։ Ես Ազատն եմ, կայքեր եմ պատրաստում Հայաստանի բիզնեսների համար (EVNWEB)։ Նկատեցի, որ SHAMS Dental Clinic-ը կայքի փոխարեն ունի հղում սոցցանցի կամ Booking/Airbnb-ի։ Կարող եմ ուղարկել կարճ տեսանյութ, թե ինչպես է աշխատում կլինիկայի կայքը՝ բժիշկների էջեր, գներ և առցանց գրանցում։ Գինը՝ 280 000 ֏-ից։ Ցույց տա՞մ, թե ինչպես կլինի ձեզ մոտ։","Здравствуйте! Меня зовут Азат, я делаю сайты для бизнесов в Армении (EVNWEB). Заметил, что у SHAMS Dental Clinic вместо сайта ссылка на соцсеть или Booking/Airbnb. Могу прислать короткое видео, как работает сайт клиники: страницы врачей, цены и онлайн-запись. Цена от 280 000 ֏. Показать, как это будет выглядеть у вас?",,,,
7,2,Titan,супермаркет,Ереван,+37410640014,"Բարև Ձեզ։ Ես Ազատն եմ, կայքեր եմ պատրաստում Հայաստանի բիզնեսների համար (EVNWEB)։ Նկատեցի, որ Titan-ը կայքի փոխարեն ունի հղում սոցցանցի կամ Booking/Airbnb-ի։ Կարող եմ ուղարկել կարճ տեսանյութ, թե ինչպես է աշխատում խանութի կայքը՝ առցանց պատվերներ, մնացորդներ և պիտանելիության ժամկետներ։ Գինը՝ 400 000 ֏-ից։ Ցույց տա՞մ, թե ինչպես կլինի ձեզ մոտ։","Здравствуйте! Меня зовут Азат, я делаю сайты для бизнесов в Армении (EVNWEB). Заметил, что у Titan вместо сайта ссылка на соцсеть или Booking/Airbnb. Могу прислать короткое видео, как работает сайт магазина: онлайн-заказы, остатки и сроки годности. Цена от 400 000 ֏. Показать, как это будет выглядеть у вас?",ne_mobilny,,,
7,2,Dobrotsen,супермаркет,Ереван,+73433020525,"Բարև Ձեզ։ Ես Ազատն եմ, կայքեր եմ պատրաստում Հայաստանի բիզնեսների համար (EVNWEB)։ Նկատեցի, որ Dobrotsen-ի կայքը հնացել է։ Կարող եմ ուղարկել կարճ տեսանյութ, թե ինչպես է աշխատում խանութի կայքը՝ առցանց պատվերներ, մնացորդներ և պիտանելիության ժամկետներ։ Գինը՝ 400 000 ֏-ից։ Ցույց տա՞մ, թե ինչպես կլինի ձեզ մոտ։","Здравствуйте! Меня зовут Азат, я делаю сайты для бизнесов в Армении (EVNWEB). Заметил, что сайт Dobrotsen устарел: не адаптирован под телефон (нет viewport). Могу прислать короткое видео, как работает сайт магазина: онлайн-заказы, остатки и сроки годности. Цена от 400 000 ֏. Показать, как это будет выглядеть у вас?",ne_mobilny,,,
7,2,AR-BE Armenian-Belarus Trading House,супермаркет,Ереван,+37410463564,"Բարև Ձեզ։ Ես Ազատն եմ, կայքեր եմ պատրաստում Հայաստանի բիզնեսների համար (EVNWEB)։ Նկատեցի, որ AR-BE Armenian-Belarus Trading House-ի կայքը հնացել է։ Կարող եմ ուղարկել կարճ տեսանյութ, թե ինչպես է աշխատում խանութի կայքը՝ առցանց պատվերներ, մնացորդներ և պիտանելիության ժամկետներ։ Գինը՝ 400 000 ֏-ից։ Ցույց տա՞մ, թե ինչպես կլինի ձեզ մոտ։","Здравствуйте! Меня зовут Азат, я делаю сайты для бизнесов в Армении (EVNWEB). Заметил, что сайт AR-BE Armenian-Belarus Trading House устарел: нет HTTPS (Chrome пишет «Не защищено»). Могу прислать короткое видео, как работает сайт магазина: онлайн-заказы, остатки и сроки годности. Цена от 400 000 ֏. Показать, как это будет выглядеть у вас?",ne_mobilny,,,
7,2,Team Travel,турагентство,Ереван,+37494401516,"Բարև Ձեզ։ Ես Ազատն եմ, կայքեր եմ պատրաստում Հայաստանի բիզնեսների համար (EVNWEB)։ Նկատեցի, որ Team Travel-ը կայքի փոխարեն ունի հղում սոցցանցի կամ Booking/Airbnb-ի։ Կարող եմ ուղարկել կարճ տեսանյութ, թե ինչպես է աշխատում տուրիստական ընկերության կայքը՝ տուրերի կատալոգ 3 լեզվով և առցանց հայտեր։ Գինը՝ 150 000 ֏-ից։ Ցույց տա՞մ, թե ինչպես կլինի ձեզ մոտ։","Здравствуйте! Меня зовут Азат, я делаю сайты для бизнесов в Армении (EVNWEB). Заметил, что у Team Travel вместо сайта ссылка на соцсеть или Booking/Airbnb. Могу прислать короткое видео, как работает сайт турагентства: каталог туров на 3 языках и заявки онлайн. Цена от 150 000 ֏. Показать, как это будет выглядеть у вас?",,,,
7,2,Express Tour,турагентство,Ереван,+37499564008,"Բարև Ձեզ։ Ես Ազատն եմ, կայքեր եմ պատրաստում Հայաստանի բիզնեսների համար (EVNWEB)։ Նկատեցի, որ Express Tour-ը կայքի փոխարեն ունի հղում սոցցանցի կամ Booking/Airbnb-ի։ Կարող եմ ուղարկել կարճ տեսանյութ, թե ինչպես է աշխատում տուրիստական ընկերության կայքը՝ տուրերի կատալոգ 3 լեզվով և առցանց հայտեր։ Գինը՝ 150 000 ֏-ից։ Ցույց տա՞մ, թե ինչպես կլինի ձեզ մոտ։","Здравствуйте! Меня зовут Азат, я делаю сайты для бизнесов в Армении (EVNWEB). Заметил, что у Express Tour вместо сайта ссылка на соцсеть или Booking/Airbnb. Могу прислать короткое видео, как работает сайт турагентства: каталог туров на 3 языках и заявки онлайн. Цена от 150 000 ֏. Показать, как это будет выглядеть у вас?",,,,
7,2,Yama Tour,турагентство,Ереван,+37444669956,"Բարև Ձեզ։ Ես Ազատն եմ, կայքեր եմ պատրաստում Հայաստանի բիզնեսների համար (EVNWEB)։ Նկատեցի, որ Yama Tour-ը կայքի փոխարեն ունի հղում սոցցանցի կամ Booking/Airbnb-ի։ Կարող եմ ուղարկել կարճ տեսանյութ, թե ինչպես է աշխատում տուրիստական ընկերության կայքը՝ տուրերի կատալոգ 3 լեզվով և առցանց հայտեր։ Գինը՝ 150 000 ֏-ից։ Ցույց տա՞մ, թե ինչպես կլինի ձեզ մոտ։","Здравствуйте! Меня зовут Азат, я делаю сайты для бизнесов в Армении (EVNWEB). Заметил, что у Yama Tour вместо сайта ссылка на соцсеть или Booking/Airbnb. Могу прислать короткое видео, как работает сайт турагентства: каталог туров на 3 языках и заявки онлайн. Цена от 150 000 ֏. Показать, как это будет выглядеть у вас?",,,,
7,2,Ani Tour,турагентство,Ереван,+37460270370,"Բարև Ձեզ։ Ես Ազատն եմ, կայքեր եմ պատրաստում Հայաստանի բիզնեսների համար (EVNWEB)։ Նկատեցի, որ Ani Tour-ի կայքը հնացել է։ Կարող եմ ուղարկել կարճ տեսանյութ, թե ինչպես է աշխատում տուրիստական ընկերության կայքը՝ տուրերի կատալոգ 3 լեզվով և առցանց հայտեր։ Գինը՝ 150 000 ֏-ից։ Ցույց տա՞մ, թե ինչպես կլինի ձեզ մոտ։","Здравствуйте! Меня зовут Азат, я делаю сайты для бизнесов в Армении (EVNWEB). Заметил, что сайт Ani Tour устарел: нет HTTPS (Chrome пишет «Не защищено»). Могу прислать короткое видео, как работает сайт турагентства: каталог туров на 3 языках и заявки онлайн. Цена от 150 000 ֏. Показать, как это будет выглядеть у вас?",ne_mobilny,,,
7,2,Diamond Travel,турагентство,Ереван,+37411331332,"Բարև Ձեզ։ Ես Ազատն եմ, կայքեր եմ պատրաստում Հայաստանի բիզնեսների համար (EVNWEB)։ Նկատեցի, որ Diamond Travel-ի կայքը հնացել է։ Կարող եմ ուղարկել կարճ տեսանյութ, թե ինչպես է աշխատում տուրիստական ընկերության կայքը՝ տուրերի կատալոգ 3 լեզվով և առցանց հայտեր։ Գինը՝ 150 000 ֏-ից։ Ցույց տա՞մ, թե ինչպես կլինի ձեզ մոտ։","Здравствуйте! Меня зовут Азат, я делаю сайты для бизнесов в Армении (EVNWEB). Заметил, что сайт Diamond Travel устарел: нет HTTPS (Chrome пишет «Не защищено»). Могу прислать короткое видео, как работает сайт турагентства: каталог туров на 3 языках и заявки онлайн. Цена от 150 000 ֏. Показать, как это будет выглядеть у вас?",ne_mobilny,,,
7,2,Tatev travel agency,турагентство,Ереван,+37410524401,"Բարև Ձեզ։ Ես Ազատն եմ, կայքեր եմ պատրաստում Հայաստանի բիզնեսների համար (EVNWEB)։ Նկատեցի, որ Tatev travel agency-ի կայքը հնացել է։ Կարող եմ ուղարկել կարճ տեսանյութ, թե ինչպես է աշխատում տուրիստական ընկերության կայքը՝ տուրերի կատալոգ 3 լեզվով և առցանց հայտեր։ Գինը՝ 150 000 ֏-ից։ Ցույց տա՞մ, թե ինչպես կլինի ձեզ մոտ։","Здравствуйте! Меня зовут Азат, я делаю сайты для бизнесов в Армении (EVNWEB). Заметил, что сайт Tatev travel agency устарел: не адаптирован под телефон (нет viewport). Могу прислать короткое видео, как работает сайт турагентства: каталог туров на 3 языках и заявки онлайн. Цена от 150 000 ֏. Показать, как это будет выглядеть у вас?",ne_mobilny,,,
7,2,Urmia,турагентство,Ереван,+37460377700,"Բարև Ձեզ։ Ես Ազատն եմ, կայքեր եմ պատրաստում Հայաստանի բիզնեսների համար (EVNWEB)։ Նկատեցի, որ Urmia-ի կայքը հնացել է։ Կարող եմ ուղարկել կարճ տեսանյութ, թե ինչպես է աշխատում տուրիստական ընկերության կայքը՝ տուրերի կատալոգ 3 լեզվով և առցանց հայտեր։ Գինը՝ 150 000 ֏-ից։ Ցույց տա՞մ, թե ինչպես կլինի ձեզ մոտ։","Здравствуйте! Меня зовут Азат, я делаю сайты для бизнесов в Армении (EVNWEB). Заметил, что сайт Urmia устарел: нет HTTPS (Chrome пишет «Не защищено»). Могу прислать короткое видео, как работает сайт турагентства: каталог туров на 3 языках и заявки онлайн. Цена от 150 000 ֏. Показать, как это будет выглядеть у вас?",ne_mobilny,,,
7,2,Atlantis Tour,турагентство,Ереван,+3745554754737455555007,"Բարև Ձեզ։ Ես Ազատն եմ, կայքեր եմ պատրաստում Հայաստանի բիզնեսների համար (EVNWEB)։ Նկատեցի, որ Atlantis Tour-ի կայքը հնացել է։ Կարող եմ ուղարկել կարճ տեսանյութ, թե ինչպես է աշխատում տուրիստական ընկերության կայքը՝ տուրերի կատալոգ 3 լեզվով և առցանց հայտեր։ Գինը՝ 150 000 ֏-ից։ Ցույց տա՞մ, թե ինչպես կլինի ձեզ մոտ։","Здравствуйте! Меня зовут Азат, я делаю сайты для бизнесов в Армении (EVNWEB). Заметил, что сайт Atlantis Tour устарел: не адаптирован под телефон (нет viewport). Могу прислать короткое видео, как работает сайт турагентства: каталог туров на 3 языках и заявки онлайн. Цена от 150 000 ֏. Показать, как это будет выглядеть у вас?",ne_mobilny,,,
7,2,Gardman Tour,турагентство,Ереван,+37410545353,"Բարև Ձեզ։ Ես Ազատն եմ, կայքեր եմ պատրաստում Հայաստանի բիզնեսների համար (EVNWEB)։ Նկատեցի, որ Gardman Tour-ի կայքը հնացել է։ Կարող եմ ուղարկել կարճ տեսանյութ, թե ինչպես է աշխատում տուրիստական ընկերության կայքը՝ տուրերի կատալոգ 3 լեզվով և առցանց հայտեր։ Գինը՝ 150 000 ֏-ից։ Ցույց տա՞մ, թե ինչպես կլինի ձեզ մոտ։","Здравствуйте! Меня зовут Азат, я делаю сайты для бизнесов в Армении (EVNWEB). Заметил, что сайт Gardman Tour устарел: нет HTTPS (Chrome пишет «Не защищено»). Могу прислать короткое видео, как работает сайт турагентства: каталог туров на 3 языках и заявки онлайн. Цена от 150 000 ֏. Показать, как это будет выглядеть у вас?",ne_mobilny,,,
7,2,Fairy Tours,турагентство,Ереван,+37441090760,"Բարև Ձեզ։ Ես Ազատն եմ, կայքեր եմ պատրաստում Հայաստանի բիզնեսների համար (EVNWEB)։ Նկատեցի, որ Fairy Tours-ի կայքը հնացել է։ Կարող եմ ուղարկել կարճ տեսանյութ, թե ինչպես է աշխատում տուրիստական ընկերության կայքը՝ տուրերի կատալոգ 3 լեզվով և առցանց հայտեր։ Գինը՝ 150 000 ֏-ից։ Ցույց տա՞մ, թե ինչպես կլինի ձեզ մոտ։","Здравствуйте! Меня зовут Азат, я делаю сайты для бизнесов в Армении (EVNWEB). Заметил, что сайт Fairy Tours устарел: не адаптирован под телефон (нет viewport). Могу прислать короткое видео, как работает сайт турагентства: каталог туров на 3 языках и заявки онлайн. Цена от 150 000 ֏. Показать, как это будет выглядеть у вас?",,,,
7,2,KFC,фастфуд,Ереван,+37410322122,"Բարև Ձեզ։ Ես Ազատն եմ, կայքեր եմ պատրաստում Հայաստանի բիզնեսների համար (EVNWEB)։ Նկատեցի, որ KFC-ը կայքի փոխարեն ունի հղում սոցցանցի կամ Booking/Airbnb-ի։ Կարող եմ ուղարկել կարճ տեսանյութ, թե ինչպես է աշխատում ռեստորանի կայքը՝ մենյու 3 լեզվով, սեղանի ամրագրում և ադմին, որտեղ գները փոխում եք ինքներդ։ Գինը՝ 280 000 ֏-ից։ Ցույց տա՞մ, թե ինչպես կլինի ձեզ մոտ։","Здравствуйте! Меня зовут Азат, я делаю сайты для бизнесов в Армении (EVNWEB). Заметил, что у KFC вместо сайта ссылка на соцсеть или Booking/Airbnb. Могу прислать короткое видео, как работает сайт ресторана: меню на 3 языках, бронь столов и админка, где цены меняете сами. Цена от 280 000 ֏. Показать, как это будет выглядеть у вас?",ne_mobilny,,,
7,2,KFC,фастфуд,Ереван,+37410501507,"Բարև Ձեզ։ Ես Ազատն եմ, կայքեր եմ պատրաստում Հայաստանի բիզնեսների համար (EVNWEB)։ Նկատեցի, որ KFC-ը կայքի փոխարեն ունի հղում սոցցանցի կամ Booking/Airbnb-ի։ Կարող եմ ուղարկել կարճ տեսանյութ, թե ինչպես է աշխատում ռեստորանի կայքը՝ մենյու 3 լեզվով, սեղանի ամրագրում և ադմին, որտեղ գները փոխում եք ինքներդ։ Գինը՝ 280 000 ֏-ից։ Ցույց տա՞մ, թե ինչպես կլինի ձեզ մոտ։","Здравствуйте! Меня зовут Азат, я делаю сайты для бизнесов в Армении (EVNWEB). Заметил, что у KFC вместо сайта ссылка на соцсеть или Booking/Airbnb. Могу прислать короткое видео, как работает сайт ресторана: меню на 3 языках, бронь столов и админка, где цены меняете сами. Цена от 280 000 ֏. Показать, как это будет выглядеть у вас?",ne_mobilny,,,
7,2,Muchacho,фастфуд,Ереван,+37411808880,"Բարև Ձեզ։ Ես Ազատն եմ, կայքեր եմ պատրաստում Հայաստանի բիզնեսների համար (EVNWEB)։ Նկատեցի, որ Muchacho-ը կայքի փոխարեն ունի հղում սոցցանցի կամ Booking/Airbnb-ի։ Կարող եմ ուղարկել կարճ տեսանյութ, թե ինչպես է աշխատում ռեստորանի կայքը՝ մենյու 3 լեզվով, սեղանի ամրագրում և ադմին, որտեղ գները փոխում եք ինքներդ։ Գինը՝ 280 000 ֏-ից։ Ցույց տա՞մ, թե ինչպես կլինի ձեզ մոտ։","Здравствуйте! Меня зовут Азат, я делаю сайты для бизнесов в Армении (EVNWEB). Заметил, что у Muchacho вместо сайта ссылка на соцсеть или Booking/Airbnb. Могу прислать короткое видео, как работает сайт ресторана: меню на 3 языках, бронь столов и админка, где цены меняете сами. Цена от 280 000 ֏. Показать, как это будет выглядеть у вас?",ne_mobilny,,,
7,2,Fourchette Buffet,фастфуд,Ереван,+37493013366,"Բարև Ձեզ։ Ես Ազատն եմ, կայքեր եմ պատրաստում Հայաստանի բիզնեսների համար (EVNWEB)։ Նկատեցի, որ Fourchette Buffet-ը կայքի փոխարեն ունի հղում սոցցանցի կամ Booking/Airbnb-ի։ Կարող եմ ուղարկել կարճ տեսանյութ, թե ինչպես է աշխատում ռեստորանի կայքը՝ մենյու 3 լեզվով, սեղանի ամրագրում և ադմին, որտեղ գները փոխում եք ինքներդ։ Գինը՝ 280 000 ֏-ից։ Ցույց տա՞մ, թե ինչպես կլինի ձեզ մոտ։","Здравствуйте! Меня зовут Азат, я делаю сайты для бизнесов в Армении (EVNWEB). Заметил, что у Fourchette Buffet вместо сайта ссылка на соцсеть или Booking/Airbnb. Могу прислать короткое видео, как работает сайт ресторана: меню на 3 языках, бронь столов и админка, где цены меняете сами. Цена от 280 000 ֏. Показать, как это будет выглядеть у вас?",,,,
7,2,Kentron Hostel and Tours,хостел,Ереван,+37455235552,"Բարև Ձեզ։ Ես Ազատն եմ, կայքեր եմ պատրաստում Հայաստանի բիզնեսների համար (EVNWEB)։ Նկատեցի, որ Kentron Hostel and Tours-ը կայքի փոխարեն ունի հղում սոցցանցի կամ Booking/Airbnb-ի։ Կարող եմ ուղարկել կարճ տեսանյութ, թե ինչպես է աշխատում հյուրանոցի կայքը՝ ուղիղ ամրագրում առանց Booking-ի միջնորդավճարի, զբաղվածության օրացույց և ադմին։ Գինը՝ 450 000 ֏-ից։ Ցույց տա՞մ, թե ինչպես կլինի ձեզ մոտ։","Здравствуйте! Меня зовут Азат, я делаю сайты для бизнесов в Армении (EVNWEB). Заметил, что у Kentron Hostel and Tours вместо сайта ссылка на соцсеть или Booking/Airbnb. Могу прислать короткое видео, как работает сайт отеля: прямая бронь без комиссии Booking, календарь занятости и админка. Цена от 450 000 ֏. Показать, как это будет выглядеть у вас?",,,,
7,2,Kentron Hostel and Tours,хостел,Ереван,+37455235552,"Բարև Ձեզ։ Ես Ազատն եմ, կայքեր եմ պատրաստում Հայաստանի բիզնեսների համար (EVNWEB)։ Նկատեցի, որ Kentron Hostel and Tours-ը կայքի փոխարեն ունի հղում սոցցանցի կամ Booking/Airbnb-ի։ Կարող եմ ուղարկել կարճ տեսանյութ, թե ինչպես է աշխատում հյուրանոցի կայքը՝ ուղիղ ամրագրում առանց Booking-ի միջնորդավճարի, զբաղվածության օրացույց և ադմին։ Գինը՝ 450 000 ֏-ից։ Ցույց տա՞մ, թե ինչպես կլինի ձեզ մոտ։","Здравствуйте! Меня зовут Азат, я делаю сайты для бизнесов в Армении (EVNWEB). Заметил, что у Kentron Hostel and Tours вместо сайта ссылка на соцсеть или Booking/Airbnb. Могу прислать короткое видео, как работает сайт отеля: прямая бронь без комиссии Booking, календарь занятости и админка. Цена от 450 000 ֏. Показать, как это будет выглядеть у вас?",dubl,,,
7,2,Sugo Hostel,хостел,Ереван,+37444545498,"Բարև Ձեզ։ Ես Ազատն եմ, կայքեր եմ պատրաստում Հայաստանի բիզնեսների համար (EVNWEB)։ Նկատեցի, որ Sugo Hostel-ը կայքի փոխարեն ունի հղում սոցցանցի կամ Booking/Airbnb-ի։ Կարող եմ ուղարկել կարճ տեսանյութ, թե ինչպես է աշխատում հյուրանոցի կայքը՝ ուղիղ ամրագրում առանց Booking-ի միջնորդավճարի, զբաղվածության օրացույց և ադմին։ Գինը՝ 450 000 ֏-ից։ Ցույց տա՞մ, թե ինչպես կլինի ձեզ մոտ։","Здравствуйте! Меня зовут Азат, я делаю сайты для бизнесов в Армении (EVNWEB). Заметил, что у Sugo Hostel вместо сайта ссылка на соцсеть или Booking/Airbnb. Могу прислать короткое видео, как работает сайт отеля: прямая бронь без комиссии Booking, календарь занятости и админка. Цена от 450 000 ֏. Показать, как это будет выглядеть у вас?",,,,
7,2,Vaam Hostel,хостел,Ереван,+37443193001,"Բարև Ձեզ։ Ես Ազատն եմ, կայքեր եմ պատրաստում Հայաստանի բիզնեսների համար (EVNWEB)։ Նկատեցի, որ Vaam Hostel-ը կայքի փոխարեն ունի հղում սոցցանցի կամ Booking/Airbnb-ի։ Կարող եմ ուղարկել կարճ տեսանյութ, թե ինչպես է աշխատում հյուրանոցի կայքը՝ ուղիղ ամրագրում առանց Booking-ի միջնորդավճարի, զբաղվածության օրացույց և ադմին։ Գինը՝ 450 000 ֏-ից։ Ցույց տա՞մ, թե ինչպես կլինի ձեզ մոտ։","Здравствуйте! Меня зовут Азат, я делаю сайты для бизнесов в Армении (EVNWEB). Заметил, что у Vaam Hostel вместо сайта ссылка на соцсеть или Booking/Airbnb. Могу прислать короткое видео, как работает сайт отеля: прямая бронь без комиссии Booking, календарь занятости и админка. Цена от 450 000 ֏. Показать, как это будет выглядеть у вас?",,,,
7,2,Yerevan Gold,хостел,Ереван,+37411557880,"Բարև Ձեզ։ Ես Ազատն եմ, կայքեր եմ պատրաստում Հայաստանի բիզնեսների համար (EVNWEB)։ Նկատեցի, որ Yerevan Gold-ը կայքի փոխարեն ունի հղում սոցցանցի կամ Booking/Airbnb-ի։ Կարող եմ ուղարկել կարճ տեսանյութ, թե ինչպես է աշխատում հյուրանոցի կայքը՝ ուղիղ ամրագրում առանց Booking-ի միջնորդավճարի, զբաղվածության օրացույց և ադմին։ Գինը՝ 450 000 ֏-ից։ Ցույց տա՞մ, թե ինչպես կլինի ձեզ մոտ։","Здравствуйте! Меня зовут Азат, я делаю сайты для бизнесов в Армении (EVNWEB). Заметил, что у Yerevan Gold вместо сайта ссылка на соцсеть или Booking/Airbnb. Могу прислать короткое видео, как работает сайт отеля: прямая бронь без комиссии Booking, календарь занятости и админка. Цена от 450 000 ֏. Показать, как это будет выглядеть у вас?",ne_mobilny,,,
7,2,Yerevan Gold Hostel & Tours 2,хостел,Ереван,+37493575716,"Բարև Ձեզ։ Ես Ազատն եմ, կայքեր եմ պատրաստում Հայաստանի բիզնեսների համար (EVNWEB)։ Նկատեցի, որ Yerevan Gold Hostel & Tours 2-ը կայքի փոխարեն ունի հղում սոցցանցի կամ Booking/Airbnb-ի։ Կարող եմ ուղարկել կարճ տեսանյութ, թե ինչպես է աշխատում հյուրանոցի կայքը՝ ուղիղ ամրագրում առանց Booking-ի միջնորդավճարի, զբաղվածության օրացույց և ադմին։ Գինը՝ 450 000 ֏-ից։ Ցույց տա՞մ, թե ինչպես կլինի ձեզ մոտ։","Здравствуйте! Меня зовут Азат, я делаю сайты для бизнесов в Армении (EVNWEB). Заметил, что у Yerevan Gold Hostel & Tours 2 вместо сайта ссылка на соцсеть или Booking/Airbnb. Могу прислать короткое видео, как работает сайт отеля: прямая бронь без комиссии Booking, календарь занятости и админка. Цена от 450 000 ֏. Показать, как это будет выглядеть у вас?",,,,
8,2,Shekinah Hostel and Tours,хостел,Ереван,+37495624109,"Բարև Ձեզ։ Ես Ազատն եմ, կայքեր եմ պատրաստում Հայաստանի բիզնեսների համար (EVNWEB)։ Նկատեցի, որ Shekinah Hostel and Tours-ը կայքի փոխարեն ունի հղում սոցցանցի կամ Booking/Airbnb-ի։ Կարող եմ ուղարկել կարճ տեսանյութ, թե ինչպես է աշխատում հյուրանոցի կայքը՝ ուղիղ ամրագրում առանց Booking-ի միջնորդավճարի, զբաղվածության օրացույց և ադմին։ Գինը՝ 450 000 ֏-ից։ Ցույց տա՞մ, թե ինչպես կլինի ձեզ մոտ։","Здравствуйте! Меня зовут Азат, я делаю сайты для бизнесов в Армении (EVNWEB). Заметил, что у Shekinah Hostel and Tours вместо сайта ссылка на соцсеть или Booking/Airbnb. Могу прислать короткое видео, как работает сайт отеля: прямая бронь без комиссии Booking, календарь занятости и админка. Цена от 450 000 ֏. Показать, как это будет выглядеть у вас?",,,,
8,2,New Yerevan Hostel,хостел,Ереван,+37455977267,"Բարև Ձեզ։ Ես Ազատն եմ, կայքեր եմ պատրաստում Հայաստանի բիզնեսների համար (EVNWEB)։ Նկատեցի, որ New Yerevan Hostel-ը կայքի փոխարեն ունի հղում սոցցանցի կամ Booking/Airbnb-ի։ Կարող եմ ուղարկել կարճ տեսանյութ, թե ինչպես է աշխատում հյուրանոցի կայքը՝ ուղիղ ամրագրում առանց Booking-ի միջնորդավճարի, զբաղվածության օրացույց և ադմին։ Գինը՝ 450 000 ֏-ից։ Ցույց տա՞մ, թե ինչպես կլինի ձեզ մոտ։","Здравствуйте! Меня зовут Азат, я делаю сайты для бизнесов в Армении (EVNWEB). Заметил, что у New Yerevan Hostel вместо сайта ссылка на соцсеть или Booking/Airbnb. Могу прислать короткое видео, как работает сайт отеля: прямая бронь без комиссии Booking, календарь занятости и админка. Цена от 450 000 ֏. Показать, как это будет выглядеть у вас?",,,,
8,2,Radiance2 Hostel,хостел,Ереван,+37499951135,"Բարև Ձեզ։ Ես Ազատն եմ, կայքեր եմ պատրաստում Հայաստանի բիզնեսների համար (EVNWEB)։ Նկատեցի, որ Radiance2 Hostel-ը կայքի փոխարեն ունի հղում սոցցանցի կամ Booking/Airbnb-ի։ Կարող եմ ուղարկել կարճ տեսանյութ, թե ինչպես է աշխատում հյուրանոցի կայքը՝ ուղիղ ամրագրում առանց Booking-ի միջնորդավճարի, զբաղվածության օրացույց և ադմին։ Գինը՝ 450 000 ֏-ից։ Ցույց տա՞մ, թե ինչպես կլինի ձեզ մոտ։","Здравствуйте! Меня зовут Азат, я делаю сайты для бизнесов в Армении (EVNWEB). Заметил, что у Radiance2 Hostel вместо сайта ссылка на соцсеть или Booking/Airbnb. Могу прислать короткое видео, как работает сайт отеля: прямая бронь без комиссии Booking, календарь занятости и админка. Цена от 450 000 ֏. Показать, как это будет выглядеть у вас?",,,,
8,2,JR's House Hostel,хостел,Ереван,+37410229857,"Բարև Ձեզ։ Ես Ազատն եմ, կայքեր եմ պատրաստում Հայաստանի բիզնեսների համար (EVNWEB)։ Նկատեցի, որ JR's House Hostel-ի կայքը հնացել է։ Կարող եմ ուղարկել կարճ տեսանյութ, թե ինչպես է աշխատում հյուրանոցի կայքը՝ ուղիղ ամրագրում առանց Booking-ի միջնորդավճարի, զբաղվածության օրացույց և ադմին։ Գինը՝ 450 000 ֏-ից։ Ցույց տա՞մ, թե ինչպես կլինի ձեզ մոտ։","Здравствуйте! Меня зовут Азат, я делаю сайты для бизнесов в Армении (EVNWEB). Заметил, что сайт JR's House Hostel устарел: сертификат HTTPS сломан (браузер пугает посетителей). Могу прислать короткое видео, как работает сайт отеля: прямая бронь без комиссии Booking, календарь занятости и админка. Цена от 450 000 ֏. Показать, как это будет выглядеть у вас?",ne_mobilny,,,
8,2,FindArmenia,хостел,Ереван,+37477110115,"Բարև Ձեզ։ Ես Ազատն եմ, կայքեր եմ պատրաստում Հայաստանի բիզնեսների համար (EVNWEB)։ Նկատեցի, որ FindArmenia-ի կայքը հնացել է։ Կարող եմ ուղարկել կարճ տեսանյութ, թե ինչպես է աշխատում հյուրանոցի կայքը՝ ուղիղ ամրագրում առանց Booking-ի միջնորդավճարի, զբաղվածության օրացույց և ադմին։ Գինը՝ 450 000 ֏-ից։ Ցույց տա՞մ, թե ինչպես կլինի ձեզ մոտ։","Здравствуйте! Меня зовут Азат, я делаю сайты для бизнесов в Армении (EVNWEB). Заметил, что сайт FindArmenia устарел: не адаптирован под телефон (нет viewport). Могу прислать короткое видео, как работает сайт отеля: прямая бронь без комиссии Booking, календарь занятости и админка. Цена от 450 000 ֏. Показать, как это будет выглядеть у вас?",,,,
8,2,Envoy,хостел,Ереван,+37410530369,"Բարև Ձեզ։ Ես Ազատն եմ, կայքեր եմ պատրաստում Հայաստանի բիզնեսների համար (EVNWEB)։ Նկատեցի, որ Envoy-ի կայքը հնացել է։ Կարող եմ ուղարկել կարճ տեսանյութ, թե ինչպես է աշխատում հյուրանոցի կայքը՝ ուղիղ ամրագրում առանց Booking-ի միջնորդավճարի, զբաղվածության օրացույց և ադմին։ Գինը՝ 450 000 ֏-ից։ Ցույց տա՞մ, թե ինչպես կլինի ձեզ մոտ։","Здравствуйте! Меня зовут Азат, я делаю сайты для бизнесов в Армении (EVNWEB). Заметил, что сайт Envoy устарел: не адаптирован под телефон (нет viewport). Могу прислать короткое видео, как работает сайт отеля: прямая бронь без комиссии Booking, календарь занятости и админка. Цена от 450 000 ֏. Показать, как это будет выглядеть у вас?",ne_mobilny,,,
8,2,Rafael Hostel,хостел,Ереван,+37498291229,"Բարև Ձեզ։ Ես Ազատն եմ, կայքեր եմ պատրաստում Հայաստանի բիզնեսների համար (EVNWEB)։ Նկատեցի, որ Rafael Hostel-ի կայքը հնացել է։ Կարող եմ ուղարկել կարճ տեսանյութ, թե ինչպես է աշխատում հյուրանոցի կայքը՝ ուղիղ ամրագրում առանց Booking-ի միջնորդավճարի, զբաղվածության օրացույց և ադմին։ Գինը՝ 450 000 ֏-ից։ Ցույց տա՞մ, թե ինչպես կլինի ձեզ մոտ։","Здравствуйте! Меня зовут Азат, я делаю сайты для бизнесов в Армении (EVNWEB). Заметил, что сайт Rafael Hostel устарел: нет HTTPS (Chrome пишет «Не защищено»). Могу прислать короткое видео, как работает сайт отеля: прямая бронь без комиссии Booking, календарь занятости и админка. Цена от 450 000 ֏. Показать, как это будет выглядеть у вас?",,,,
8,2,Автоэлектрик Гюмри,автосервис,Гюмри,+37493583380,"Բարև Ձեզ։ Ես Ազատն եմ, կայքեր եմ պատրաստում Հայաստանի բիզնեսների համար (EVNWEB)։ Նկատեցի, որ Автоэлектрик Гюмри-ը կայքի փոխարեն ունի հղում սոցցանցի կամ Booking/Airbnb-ի։ Կարող եմ ուղարկել կարճ տեսանյութ, թե ինչպես է աշխատում ավտոսերվիսի կայքը՝ առցանց գրանցում վերանորոգման և բոքսերի զբաղվածություն ադմինում։ Գինը՝ 150 000 ֏-ից։ Ցույց տա՞մ, թե ինչպես կլինի ձեզ մոտ։","Здравствуйте! Меня зовут Азат, я делаю сайты для бизнесов в Армении (EVNWEB). Заметил, что у Автоэлектрик Гюмри вместо сайта ссылка на соцсеть или Booking/Airbnb. Могу прислать короткое видео, как работает сайт автосервиса: онлайн-запись на ремонт и загрузка боксов в админке. Цена от 150 000 ֏. Показать, как это будет выглядеть у вас?",,,,
8,2,Hillside Apartment Tsaghkadzor,апартаменты,Цахкадзор,+37477127715,"Բարև Ձեզ։ Ես Ազատն եմ, կայքեր եմ պատրաստում Հայաստանի բիզնեսների համար (EVNWEB)։ Նկատեցի, որ Hillside Apartment Tsaghkadzor-ը կայքի փոխարեն ունի հղում սոցցանցի կամ Booking/Airbnb-ի։ Կարող եմ ուղարկել կարճ տեսանյութ, թե ինչպես է աշխատում հյուրանոցի կայքը՝ ուղիղ ամրագրում առանց Booking-ի միջնորդավճարի, զբաղվածության օրացույց և ադմին։ Գինը՝ 450 000 ֏-ից։ Ցույց տա՞մ, թե ինչպես կլինի ձեզ մոտ։","Здравствуйте! Меня зовут Азат, я делаю сайты для бизнесов в Армении (EVNWEB). Заметил, что у Hillside Apartment Tsaghkadzor вместо сайта ссылка на соцсеть или Booking/Airbnb. Могу прислать короткое видео, как работает сайт отеля: прямая бронь без комиссии Booking, календарь занятости и админка. Цена от 450 000 ֏. Показать, как это будет выглядеть у вас?",,,,
8,2,Apartment Mountain View,апартаменты,Цахкадзор,+37455323456,"Բարև Ձեզ։ Ես Ազատն եմ, կայքեր եմ պատրաստում Հայաստանի բիզնեսների համար (EVNWEB)։ Նկատեցի, որ Apartment Mountain View-ը կայքի փոխարեն ունի հղում սոցցանցի կամ Booking/Airbnb-ի։ Կարող եմ ուղարկել կարճ տեսանյութ, թե ինչպես է աշխատում հյուրանոցի կայքը՝ ուղիղ ամրագրում առանց Booking-ի միջնորդավճարի, զբաղվածության օրացույց և ադմին։ Գինը՝ 450 000 ֏-ից։ Ցույց տա՞մ, թե ինչպես կլինի ձեզ մոտ։","Здравствуйте! Меня зовут Азат, я делаю сайты для бизнесов в Армении (EVNWEB). Заметил, что у Apartment Mountain View вместо сайта ссылка на соцсеть или Booking/Airbnb. Могу прислать короткое видео, как работает сайт отеля: прямая бронь без комиссии Booking, календарь занятости и админка. Цена от 450 000 ֏. Показать, как это будет выглядеть у вас?",,,,
8,2,MONTECRISTO,бар,Гюмри,+37477231319,"Բարև Ձեզ։ Ես Ազատն եմ, կայքեր եմ պատրաստում Հայաստանի բիզնեսների համար (EVNWEB)։ Նկատեցի, որ MONTECRISTO-ը կայքի փոխարեն ունի հղում սոցցանցի կամ Booking/Airbnb-ի։ Կարող եմ ուղարկել կարճ տեսանյութ, թե ինչպես է աշխատում ռեստորանի կայքը՝ մենյու 3 լեզվով, սեղանի ամրագրում և ադմին, որտեղ գները փոխում եք ինքներդ։ Գինը՝ 280 000 ֏-ից։ Ցույց տա՞մ, թե ինչպես կլինի ձեզ մոտ։","Здравствуйте! Меня зовут Азат, я делаю сайты для бизнесов в Армении (EVNWEB). Заметил, что у MONTECRISTO вместо сайта ссылка на соцсеть или Booking/Airbnb. Могу прислать короткое видео, как работает сайт ресторана: меню на 3 языках, бронь столов и админка, где цены меняете сами. Цена от 280 000 ֏. Показать, как это будет выглядеть у вас?",,,,
8,2,ART-ashes,гостевой дом,Дилижан,+37499296060,"Բարև Ձեզ։ Ես Ազատն եմ, կայքեր եմ պատրաստում Հայաստանի բիզնեսների համար (EVNWEB)։ Նկատեցի, որ ART-ashes-ը կայքի փոխարեն ունի հղում սոցցանցի կամ Booking/Airbnb-ի։ Կարող եմ ուղարկել կարճ տեսանյութ, թե ինչպես է աշխատում հյուրանոցի կայքը՝ ուղիղ ամրագրում առանց Booking-ի միջնորդավճարի, զբաղվածության օրացույց և ադմին։ Գինը՝ 450 000 ֏-ից։ Ցույց տա՞մ, թե ինչպես կլինի ձեզ մոտ։","Здравствуйте! Меня зовут Азат, я делаю сайты для бизнесов в Армении (EVNWEB). Заметил, что у ART-ashes вместо сайта ссылка на соцсеть или Booking/Airbnb. Могу прислать короткое видео, как работает сайт отеля: прямая бронь без комиссии Booking, календарь занятости и админка. Цена от 450 000 ֏. Показать, как это будет выглядеть у вас?",,,,
8,2,Pussy willow,гостевой дом,Дилижан,+37443112035,"Բարև Ձեզ։ Ես Ազատն եմ, կայքեր եմ պատրաստում Հայաստանի բիզնեսների համար (EVNWEB)։ Նկատեցի, որ Pussy willow-ը կայքի փոխարեն ունի հղում սոցցանցի կամ Booking/Airbnb-ի։ Կարող եմ ուղարկել կարճ տեսանյութ, թե ինչպես է աշխատում հյուրանոցի կայքը՝ ուղիղ ամրագրում առանց Booking-ի միջնորդավճարի, զբաղվածության օրացույց և ադմին։ Գինը՝ 450 000 ֏-ից։ Ցույց տա՞մ, թե ինչպես կլինի ձեզ մոտ։","Здравствуйте! Меня зовут Азат, я делаю сайты для бизнесов в Армении (EVNWEB). Заметил, что у Pussy willow вместо сайта ссылка на соцсеть или Booking/Airbnb. Могу прислать короткое видео, как работает сайт отеля: прямая бронь без комиссии Booking, календарь занятости и админка. Цена от 450 000 ֏. Показать, как это будет выглядеть у вас?",,,,
8,2,Cozy Villa in The Hearth of Tsakghkadzor,гостевой дом,Цахкадзор,+0037493150992,"Բարև Ձեզ։ Ես Ազատն եմ, կայքեր եմ պատրաստում Հայաստանի բիզնեսների համար (EVNWEB)։ Նկատեցի, որ Cozy Villa in The Hearth of Tsakghkadzor-ը կայքի փոխարեն ունի հղում սոցցանցի կամ Booking/Airbnb-ի։ Կարող եմ ուղարկել կարճ տեսանյութ, թե ինչպես է աշխատում հյուրանոցի կայքը՝ ուղիղ ամրագրում առանց Booking-ի միջնորդավճարի, զբաղվածության օրացույց և ադմին։ Գինը՝ 450 000 ֏-ից։ Ցույց տա՞մ, թե ինչպես կլինի ձեզ մոտ։","Здравствуйте! Меня зовут Азат, я делаю сайты для бизнесов в Армении (EVNWEB). Заметил, что у Cozy Villa in The Hearth of Tsakghkadzor вместо сайта ссылка на соцсеть или Booking/Airbnb. Могу прислать короткое видео, как работает сайт отеля: прямая бронь без комиссии Booking, календарь занятости и админка. Цена от 450 000 ֏. Показать, как это будет выглядеть у вас?",ne_mobilny,,,
8,2,Sochi / Pine,гостевой дом,Дилижан,+37493697858,"Բարև Ձեզ։ Ես Ազատն եմ, կայքեր եմ պատրաստում Հայաստանի բիզնեսների համար (EVNWEB)։ Նկատեցի, որ Sochi / Pine-ի կայքը հնացել է։ Կարող եմ ուղարկել կարճ տեսանյութ, թե ինչպես է աշխատում հյուրանոցի կայքը՝ ուղիղ ամրագրում առանց Booking-ի միջնորդավճարի, զբաղվածության օրացույց և ադմին։ Գինը՝ 450 000 ֏-ից։ Ցույց տա՞մ, թե ինչպես կլինի ձեզ մոտ։","Здравствуйте! Меня зовут Азат, я делаю сайты для бизнесов в Армении (EVNWEB). Заметил, что сайт Sochi / Pine устарел: не адаптирован под телефон (нет viewport). Могу прислать короткое видео, как работает сайт отеля: прямая бронь без комиссии Booking, календарь занятости и админка. Цена от 450 000 ֏. Показать, как это будет выглядеть у вас?",,,,
8,2,The Spot & Dili Deli BBQ,кафе,Дилижан,+37493623275,"Բարև Ձեզ։ Ես Ազատն եմ, կայքեր եմ պատրաստում Հայաստանի բիզնեսների համար (EVNWEB)։ Նկատեցի, որ The Spot & Dili Deli BBQ-ը կայքի փոխարեն ունի հղում սոցցանցի կամ Booking/Airbnb-ի։ Կարող եմ ուղարկել կարճ տեսանյութ, թե ինչպես է աշխատում ռեստորանի կայքը՝ մենյու 3 լեզվով, սեղանի ամրագրում և ադմին, որտեղ գները փոխում եք ինքներդ։ Գինը՝ 280 000 ֏-ից։ Ցույց տա՞մ, թե ինչպես կլինի ձեզ մոտ։","Здравствуйте! Меня зовут Азат, я делаю сайты для бизнесов в Армении (EVNWEB). Заметил, что у The Spot & Dili Deli BBQ вместо сайта ссылка на соцсеть или Booking/Airbnb. Могу прислать короткое видео, как работает сайт ресторана: меню на 3 языках, бронь столов и админка, где цены меняете сами. Цена от 280 000 ֏. Показать, как это будет выглядеть у вас?",,,,
8,2,White Hotel,отель,Гюмри,+37477161591,"Բարև Ձեզ։ Ես Ազատն եմ, կայքեր եմ պատրաստում Հայաստանի բիզնեսների համար (EVNWEB)։ Նկատեցի, որ White Hotel-ը կայքի փոխարեն ունի հղում սոցցանցի կամ Booking/Airbnb-ի։ Կարող եմ ուղարկել կարճ տեսանյութ, թե ինչպես է աշխատում հյուրանոցի կայքը՝ ուղիղ ամրագրում առանց Booking-ի միջնորդավճարի, զբաղվածության օրացույց և ադմին։ Գինը՝ 450 000 ֏-ից։ Ցույց տա՞մ, թե ինչպես կլինի ձեզ մոտ։","Здравствуйте! Меня зовут Азат, я делаю сайты для бизнесов в Армении (EVNWEB). Заметил, что у White Hotel вместо сайта ссылка на соцсеть или Booking/Airbnb. Могу прислать короткое видео, как работает сайт отеля: прямая бронь без комиссии Booking, календарь занятости и админка. Цена от 450 000 ֏. Показать, как это будет выглядеть у вас?",,,,
8,2,Гостиница LOUVRE hotel,отель,Севан,+37491980222,"Բարև Ձեզ։ Ես Ազատն եմ, կայքեր եմ պատրաստում Հայաստանի բիզնեսների համար (EVNWEB)։ Նկատեցի, որ Гостиница LOUVRE hotel-ը կայքի փոխարեն ունի հղում սոցցանցի կամ Booking/Airbnb-ի։ Կարող եմ ուղարկել կարճ տեսանյութ, թե ինչպես է աշխատում հյուրանոցի կայքը՝ ուղիղ ամրագրում առանց Booking-ի միջնորդավճարի, զբաղվածության օրացույց և ադմին։ Գինը՝ 450 000 ֏-ից։ Ցույց տա՞մ, թե ինչպես կլինի ձեզ մոտ։","Здравствуйте! Меня зовут Азат, я делаю сайты для бизнесов в Армении (EVNWEB). Заметил, что у Гостиница LOUVRE hotel вместо сайта ссылка на соцсеть или Booking/Airbnb. Могу прислать короткое видео, как работает сайт отеля: прямая бронь без комиссии Booking, календарь занятости и админка. Цена от 450 000 ֏. Показать, как это будет выглядеть у вас?",,,,
8,2,Life,отель,Джермук,+37428721256,"Բարև Ձեզ։ Ես Ազատն եմ, կայքեր եմ պատրաստում Հայաստանի բիզնեսների համար (EVNWEB)։ Նկատեցի, որ Life-ը կայքի փոխարեն ունի հղում սոցցանցի կամ Booking/Airbnb-ի։ Կարող եմ ուղարկել կարճ տեսանյութ, թե ինչպես է աշխատում հյուրանոցի կայքը՝ ուղիղ ամրագրում առանց Booking-ի միջնորդավճարի, զբաղվածության օրացույց և ադմին։ Գինը՝ 450 000 ֏-ից։ Ցույց տա՞մ, թե ինչպես կլինի ձեզ մոտ։","Здравствуйте! Меня зовут Азат, я делаю сайты для бизнесов в Армении (EVNWEB). Заметил, что у Life вместо сайта ссылка на соцсеть или Booking/Airbnb. Могу прислать короткое видео, как работает сайт отеля: прямая бронь без комиссии Booking, календарь занятости и админка. Цена от 450 000 ֏. Показать, как это будет выглядеть у вас?",ne_mobilny,,,
8,2,Nur,отель,Цахкадзор,+37494687094,"Բարև Ձեզ։ Ես Ազատն եմ, կայքեր եմ պատրաստում Հայաստանի բիզնեսների համար (EVNWEB)։ Նկատեցի, որ Nur-ի կայքը հնացել է։ Կարող եմ ուղարկել կարճ տեսանյութ, թե ինչպես է աշխատում հյուրանոցի կայքը՝ ուղիղ ամրագրում առանց Booking-ի միջնորդավճարի, զբաղվածության օրացույց և ադմին։ Գինը՝ 450 000 ֏-ից։ Ցույց տա՞մ, թե ինչպես կլինի ձեզ մոտ։","Здравствуйте! Меня зовут Азат, я делаю сайты для бизнесов в Армении (EVNWEB). Заметил, что сайт Nur устарел: сертификат HTTPS сломан (браузер пугает посетителей). Могу прислать короткое видео, как работает сайт отеля: прямая бронь без комиссии Booking, календарь занятости и админка. Цена от 450 000 ֏. Показать, как это будет выглядеть у вас?",,,,
8,2,Hotel X,отель,Дилижан,+37499248080,"Բարև Ձեզ։ Ես Ազատն եմ, կայքեր եմ պատրաստում Հայաստանի բիզնեսների համար (EVNWEB)։ Նկատեցի, որ Hotel X-ի կայքը հնացել է։ Կարող եմ ուղարկել կարճ տեսանյութ, թե ինչպես է աշխատում հյուրանոցի կայքը՝ ուղիղ ամրագրում առանց Booking-ի միջնորդավճարի, զբաղվածության օրացույց և ադմին։ Գինը՝ 450 000 ֏-ից։ Ցույց տա՞մ, թե ինչպես կլինի ձեզ մոտ։","Здравствуйте! Меня зовут Азат, я делаю сайты для бизнесов в Армении (EVNWEB). Заметил, что сайт Hotel X устарел: сертификат HTTPS сломан (браузер пугает посетителей). Могу прислать короткое видео, как работает сайт отеля: прямая бронь без комиссии Booking, календарь занятости и админка. Цена от 450 000 ֏. Показать, как это будет выглядеть у вас?",,,,
8,2,Kanach Terev,ресторан,Дилижан,+37498798939,"Բարև Ձեզ։ Ես Ազատն եմ, կայքեր եմ պատրաստում Հայաստանի բիզնեսների համար (EVNWEB)։ Նկատեցի, որ Kanach Terev-ը կայքի փոխարեն ունի հղում սոցցանցի կամ Booking/Airbnb-ի։ Կարող եմ ուղարկել կարճ տեսանյութ, թե ինչպես է աշխատում ռեստորանի կայքը՝ մենյու 3 լեզվով, սեղանի ամրագրում և ադմին, որտեղ գները փոխում եք ինքներդ։ Գինը՝ 280 000 ֏-ից։ Ցույց տա՞մ, թե ինչպես կլինի ձեզ մոտ։","Здравствуйте! Меня зовут Азат, я делаю сайты для бизнесов в Армении (EVNWEB). Заметил, что у Kanach Terev вместо сайта ссылка на соцсеть или Booking/Airbnb. Могу прислать короткое видео, как работает сайт ресторана: меню на 3 языках, бронь столов и админка, где цены меняете сами. Цена от 280 000 ֏. Показать, как это будет выглядеть у вас?",,,,
8,2,Ktor M tavern,ресторан,Гюмри,+37477895008,"Բարև Ձեզ։ Ես Ազատն եմ, կայքեր եմ պատրաստում Հայաստանի բիզնեսների համար (EVNWEB)։ Նկատեցի, որ Ktor M tavern-ը կայքի փոխարեն ունի հղում սոցցանցի կամ Booking/Airbnb-ի։ Կարող եմ ուղարկել կարճ տեսանյութ, թե ինչպես է աշխատում ռեստորանի կայքը՝ մենյու 3 լեզվով, սեղանի ամրագրում և ադմին, որտեղ գները փոխում եք ինքներդ։ Գինը՝ 280 000 ֏-ից։ Ցույց տա՞մ, թե ինչպես կլինի ձեզ մոտ։","Здравствуйте! Меня зовут Азат, я делаю сайты для бизнесов в Армении (EVNWEB). Заметил, что у Ktor M tavern вместо сайта ссылка на соцсеть или Booking/Airbnb. Могу прислать короткое видео, как работает сайт ресторана: меню на 3 языках, бронь столов и админка, где цены меняете сами. Цена от 280 000 ֏. Показать, как это будет выглядеть у вас?",,,,
8,2,Baghaberd Restaurant,ресторан,Джермук,+37498101636,"Բարև Ձեզ։ Ես Ազատն եմ, կայքեր եմ պատրաստում Հայաստանի բիզնեսների համար (EVNWEB)։ Նկատեցի, որ Baghaberd Restaurant-ը կայքի փոխարեն ունի հղում սոցցանցի կամ Booking/Airbnb-ի։ Կարող եմ ուղարկել կարճ տեսանյութ, թե ինչպես է աշխատում ռեստորանի կայքը՝ մենյու 3 լեզվով, սեղանի ամրագրում և ադմին, որտեղ գները փոխում եք ինքներդ։ Գինը՝ 280 000 ֏-ից։ Ցույց տա՞մ, թե ինչպես կլինի ձեզ մոտ։","Здравствуйте! Меня зовут Азат, я делаю сайты для бизнесов в Армении (EVNWEB). Заметил, что у Baghaberd Restaurant вместо сайта ссылка на соцсеть или Booking/Airbnb. Могу прислать короткое видео, как работает сайт ресторана: меню на 3 языках, бронь столов и админка, где цены меняете сами. Цена от 280 000 ֏. Показать, как это будет выглядеть у вас?",,,,
8,2,Papanino House,ресторан,Дилижан,+37441204500,"Բարև Ձեզ։ Ես Ազատն եմ, կայքեր եմ պատրաստում Հայաստանի բիզնեսների համար (EVNWEB)։ Նկատեցի, որ Papanino House-ի կայքը հնացել է։ Կարող եմ ուղարկել կարճ տեսանյութ, թե ինչպես է աշխատում ռեստորանի կայքը՝ մենյու 3 լեզվով, սեղանի ամրագրում և ադմին, որտեղ գները փոխում եք ինքներդ։ Գինը՝ 280 000 ֏-ից։ Ցույց տա՞մ, թե ինչպես կլինի ձեզ մոտ։","Здравствуйте! Меня зовут Азат, я делаю сайты для бизнесов в Армении (EVNWEB). Заметил, что сайт Papanino House устарел: сертификат HTTPS сломан (браузер пугает посетителей). Могу прислать короткое видео, как работает сайт ресторана: меню на 3 языках, бронь столов и админка, где цены меняете сами. Цена от 280 000 ֏. Показать, как это будет выглядеть у вас?",,,,
9,2,Dobrotsen,супермаркет,Гюмри,+73433020525,"Բարև Ձեզ։ Ես Ազատն եմ, կայքեր եմ պատրաստում Հայաստանի բիզնեսների համար (EVNWEB)։ Նկատեցի, որ Dobrotsen-ի կայքը հնացել է։ Կարող եմ ուղարկել կարճ տեսանյութ, թե ինչպես է աշխատում խանութի կայքը՝ առցանց պատվերներ, մնացորդներ և պիտանելիության ժամկետներ։ Գինը՝ 400 000 ֏-ից։ Ցույց տա՞մ, թե ինչպես կլինի ձեզ մոտ։","Здравствуйте! Меня зовут Азат, я делаю сайты для бизнесов в Армении (EVNWEB). Заметил, что сайт Dobrotsen устарел: не адаптирован под телефон (нет viewport). Могу прислать короткое видео, как работает сайт магазина: онлайн-заказы, остатки и сроки годности. Цена от 400 000 ֏. Показать, как это будет выглядеть у вас?",ne_mobilny,,,
9,2,Dobrotsen,супермаркет,Ванадзор,+73433020525,"Բարև Ձեզ։ Ես Ազատն եմ, կայքեր եմ պատրաստում Հայաստանի բիզնեսների համար (EVNWEB)։ Նկատեցի, որ Dobrotsen-ի կայքը հնացել է։ Կարող եմ ուղարկել կարճ տեսանյութ, թե ինչպես է աշխատում խանութի կայքը՝ առցանց պատվերներ, մնացորդներ և պիտանելիության ժամկետներ։ Գինը՝ 400 000 ֏-ից։ Ցույց տա՞մ, թե ինչպես կլինի ձեզ մոտ։","Здравствуйте! Меня зовут Азат, я делаю сайты для бизнесов в Армении (EVNWEB). Заметил, что сайт Dobrotsen устарел: не адаптирован под телефон (нет viewport). Могу прислать короткое видео, как работает сайт магазина: онлайн-заказы, остатки и сроки годности. Цена от 400 000 ֏. Показать, как это будет выглядеть у вас?",ne_mobilny,,,
9,3,Autoafo,автосервис,Ереван,+37443138451,"Բարև Ձեզ։ Ես Ազատն եմ, կայքեր եմ պատրաստում Հայաստանի բիզնեսների համար (EVNWEB)։ Նկատեցի, որ Autoafo-ը չունի սեփական կայք։ Կարող եմ ուղարկել կարճ տեսանյութ, թե ինչպես է աշխատում ավտոսերվիսի կայքը՝ առցանց գրանցում վերանորոգման և բոքսերի զբաղվածություն ադմինում։ Գինը՝ 150 000 ֏-ից։ Ցույց տա՞մ, թե ինչպես կլինի ձեզ մոտ։","Здравствуйте! Меня зовут Азат, я делаю сайты для бизнесов в Армении (EVNWEB). Заметил, что у Autoafo нет своего сайта. Могу прислать короткое видео, как работает сайт автосервиса: онлайн-запись на ремонт и загрузка боксов в админке. Цена от 150 000 ֏. Показать, как это будет выглядеть у вас?",,,,
9,3,Autohouse007,автосервис,Ереван,+37410397707,"Բարև Ձեզ։ Ես Ազատն եմ, կայքեր եմ պատրաստում Հայաստանի բիզնեսների համար (EVNWEB)։ Նկատեցի, որ Autohouse007-ը չունի սեփական կայք։ Կարող եմ ուղարկել կարճ տեսանյութ, թե ինչպես է աշխատում ավտոսերվիսի կայքը՝ առցանց գրանցում վերանորոգման և բոքսերի զբաղվածություն ադմինում։ Գինը՝ 150 000 ֏-ից։ Ցույց տա՞մ, թե ինչպես կլինի ձեզ մոտ։","Здравствуйте! Меня зовут Азат, я делаю сайты для бизнесов в Армении (EVNWEB). Заметил, что у Autohouse007 нет своего сайта. Могу прислать короткое видео, как работает сайт автосервиса: онлайн-запись на ремонт и загрузка боксов в админке. Цена от 150 000 ֏. Показать, как это будет выглядеть у вас?",ne_mobilny,,,
9,3,Avto Elektrik Avet,автосервис,Ереван,+37493700060,"Բարև Ձեզ։ Ես Ազատն եմ, կայքեր եմ պատրաստում Հայաստանի բիզնեսների համար (EVNWEB)։ Նկատեցի, որ Avto Elektrik Avet-ը չունի սեփական կայք։ Կարող եմ ուղարկել կարճ տեսանյութ, թե ինչպես է աշխատում ավտոսերվիսի կայքը՝ առցանց գրանցում վերանորոգման և բոքսերի զբաղվածություն ադմինում։ Գինը՝ 150 000 ֏-ից։ Ցույց տա՞մ, թե ինչպես կլինի ձեզ մոտ։","Здравствуйте! Меня зовут Азат, я делаю сайты для бизнесов в Армении (EVNWEB). Заметил, что у Avto Elektrik Avet нет своего сайта. Могу прислать короткое видео, как работает сайт автосервиса: онлайн-запись на ремонт и загрузка боксов в админке. Цена от 150 000 ֏. Показать, как это будет выглядеть у вас?",,,,
9,3,Кристал Гласс Автостекла,автосервис,Ереван,+397496733080,"Բարև Ձեզ։ Ես Ազատն եմ, կայքեր եմ պատրաստում Հայաստանի բիզնեսների համար (EVNWEB)։ Նկատեցի, որ Кристал Гласс Автостекла-ը չունի սեփական կայք։ Կարող եմ ուղարկել կարճ տեսանյութ, թե ինչպես է աշխատում ավտոսերվիսի կայքը՝ առցանց գրանցում վերանորոգման և բոքսերի զբաղվածություն ադմինում։ Գինը՝ 150 000 ֏-ից։ Ցույց տա՞մ, թե ինչպես կլինի ձեզ մոտ։","Здравствуйте! Меня зовут Азат, я делаю сайты для бизнесов в Армении (EVNWEB). Заметил, что у Кристал Гласс Автостекла нет своего сайта. Могу прислать короткое видео, как работает сайт автосервиса: онлайн-запись на ремонт и загрузка боксов в админке. Цена от 150 000 ֏. Показать, как это будет выглядеть у вас?",ne_mobilny,,,
9,3,Firmatech,автосервис,Ереван,+37499277222,"Բարև Ձեզ։ Ես Ազատն եմ, կայքեր եմ պատրաստում Հայաստանի բիզնեսների համար (EVNWEB)։ Նկատեցի, որ Firmatech-ը չունի սեփական կայք։ Կարող եմ ուղարկել կարճ տեսանյութ, թե ինչպես է աշխատում ավտոսերվիսի կայքը՝ առցանց գրանցում վերանորոգման և բոքսերի զբաղվածություն ադմինում։ Գինը՝ 150 000 ֏-ից։ Ցույց տա՞մ, թե ինչպես կլինի ձեզ մոտ։","Здравствуйте! Меня зовут Азат, я делаю сайты для бизнесов в Армении (EVNWEB). Заметил, что у Firmatech нет своего сайта. Могу прислать короткое видео, как работает сайт автосервиса: онлайн-запись на ремонт и загрузка боксов в админке. Цена от 150 000 ֏. Показать, как это будет выглядеть у вас?",,,,
9,3,GS Service,автосервис,Ереван,+37493669919,"Բարև Ձեզ։ Ես Ազատն եմ, կայքեր եմ պատրաստում Հայաստանի բիզնեսների համար (EVNWEB)։ Նկատեցի, որ GS Service-ը չունի սեփական կայք։ Կարող եմ ուղարկել կարճ տեսանյութ, թե ինչպես է աշխատում ավտոսերվիսի կայքը՝ առցանց գրանցում վերանորոգման և բոքսերի զբաղվածություն ադմինում։ Գինը՝ 150 000 ֏-ից։ Ցույց տա՞մ, թե ինչպես կլինի ձեզ մոտ։","Здравствуйте! Меня зовут Азат, я делаю сайты для бизнесов в Армении (EVNWEB). Заметил, что у GS Service нет своего сайта. Могу прислать короткое видео, как работает сайт автосервиса: онлайн-запись на ремонт и загрузка боксов в админке. Цена от 150 000 ֏. Показать, как это будет выглядеть у вас?",,,,
9,3,H&S,автосервис,Ереван,+37477415355,"Բարև Ձեզ։ Ես Ազատն եմ, կայքեր եմ պատրաստում Հայաստանի բիզնեսների համար (EVNWEB)։ Նկատեցի, որ H&S-ը չունի սեփական կայք։ Կարող եմ ուղարկել կարճ տեսանյութ, թե ինչպես է աշխատում ավտոսերվիսի կայքը՝ առցանց գրանցում վերանորոգման և բոքսերի զբաղվածություն ադմինում։ Գինը՝ 150 000 ֏-ից։ Ցույց տա՞մ, թե ինչպես կլինի ձեզ մոտ։","Здравствуйте! Меня зовут Азат, я делаю сайты для бизнесов в Армении (EVNWEB). Заметил, что у H&S нет своего сайта. Могу прислать короткое видео, как работает сайт автосервиса: онлайн-запись на ремонт и загрузка боксов в админке. Цена от 150 000 ֏. Показать, как это будет выглядеть у вас?",,,,
9,3,MMM Monch,автосервис,Ереван,+37493288889,"Բարև Ձեզ։ Ես Ազատն եմ, կայքեր եմ պատրաստում Հայաստանի բիզնեսների համար (EVNWEB)։ Նկատեցի, որ MMM Monch-ը չունի սեփական կայք։ Կարող եմ ուղարկել կարճ տեսանյութ, թե ինչպես է աշխատում ավտոսերվիսի կայքը՝ առցանց գրանցում վերանորոգման և բոքսերի զբաղվածություն ադմինում։ Գինը՝ 150 000 ֏-ից։ Ցույց տա՞մ, թե ինչպես կլինի ձեզ մոտ։","Здравствуйте! Меня зовут Азат, я делаю сайты для бизнесов в Армении (EVNWEB). Заметил, что у MMM Monch нет своего сайта. Могу прислать короткое видео, как работает сайт автосервиса: онлайн-запись на ремонт и загрузка боксов в админке. Цена от 150 000 ֏. Показать, как это будет выглядеть у вас?",,,,
9,3,Май-БМВ сервис,автосервис,Ереван,+37491699992,"Բարև Ձեզ։ Ես Ազատն եմ, կայքեր եմ պատրաստում Հայաստանի բիզնեսների համար (EVNWEB)։ Նկատեցի, որ Май-БМВ сервис-ը չունի սեփական կայք։ Կարող եմ ուղարկել կարճ տեսանյութ, թե ինչպես է աշխատում ավտոսերվիսի կայքը՝ առցանց գրանցում վերանորոգման և բոքսերի զբաղվածություն ադմինում։ Գինը՝ 150 000 ֏-ից։ Ցույց տա՞մ, թե ինչպես կլինի ձեզ մոտ։","Здравствуйте! Меня зовут Азат, я делаю сайты для бизнесов в Армении (EVNWEB). Заметил, что у Май-БМВ сервис нет своего сайта. Могу прислать короткое видео, как работает сайт автосервиса: онлайн-запись на ремонт и загрузка боксов в админке. Цена от 150 000 ֏. Показать, как это будет выглядеть у вас?",,,,
9,3,S-Oil,автосервис,Ереван,+37494672005,"Բարև Ձեզ։ Ես Ազատն եմ, կայքեր եմ պատրաստում Հայաստանի բիզնեսների համար (EVNWEB)։ Նկատեցի, որ S-Oil-ը չունի սեփական կայք։ Կարող եմ ուղարկել կարճ տեսանյութ, թե ինչպես է աշխատում ավտոսերվիսի կայքը՝ առցանց գրանցում վերանորոգման և բոքսերի զբաղվածություն ադմինում։ Գինը՝ 150 000 ֏-ից։ Ցույց տա՞մ, թե ինչպես կլինի ձեզ մոտ։","Здравствуйте! Меня зовут Азат, я делаю сайты для бизнесов в Армении (EVNWEB). Заметил, что у S-Oil нет своего сайта. Могу прислать короткое видео, как работает сайт автосервиса: онлайн-запись на ремонт и загрузка боксов в админке. Цена от 150 000 ֏. Показать, как это будет выглядеть у вас?",,,,
9,3,"Scorpio Car Workshop, Arthur's Car Workshop",автосервис,Ереван,+0037496808611,"Բարև Ձեզ։ Ես Ազատն եմ, կայքեր եմ պատրաստում Հայաստանի բիզնեսների համար (EVNWEB)։ Նկատեցի, որ Scorpio Car Workshop, Arthur's Car Workshop-ը չունի սեփական կայք։ Կարող եմ ուղարկել կարճ տեսանյութ, թե ինչպես է աշխատում ավտոսերվիսի կայքը՝ առցանց գրանցում վերանորոգման և բոքսերի զբաղվածություն ադմինում։ Գինը՝ 150 000 ֏-ից։ Ցույց տա՞մ, թե ինչպես կլինի ձեզ մոտ։","Здравствуйте! Меня зовут Азат, я делаю сайты для бизнесов в Армении (EVNWEB). Заметил, что у Scorpio Car Workshop, Arthur's Car Workshop нет своего сайта. Могу прислать короткое видео, как работает сайт автосервиса: онлайн-запись на ремонт и загрузка боксов в админке. Цена от 150 000 ֏. Показать, как это будет выглядеть у вас?",ne_mobilny,,,
9,3,VH Group,автосервис,Ереван,+37493417805,"Բարև Ձեզ։ Ես Ազատն եմ, կայքեր եմ պատրաստում Հայաստանի բիզնեսների համար (EVNWEB)։ Նկատեցի, որ VH Group-ը չունի սեփական կայք։ Կարող եմ ուղարկել կարճ տեսանյութ, թե ինչպես է աշխատում ավտոսերվիսի կայքը՝ առցանց գրանցում վերանորոգման և բոքսերի զբաղվածություն ադմինում։ Գինը՝ 150 000 ֏-ից։ Ցույց տա՞մ, թե ինչպես կլինի ձեզ մոտ։","Здравствуйте! Меня зовут Азат, я делаю сайты для бизнесов в Армении (EVNWEB). Заметил, что у VH Group нет своего сайта. Могу прислать короткое видео, как работает сайт автосервиса: онлайн-запись на ремонт и загрузка боксов в админке. Цена от 150 000 ֏. Показать, как это будет выглядеть у вас?",,,,
9,3,VY Autoservice Ավտոտեխսպասարկում Автослесарь Валерий,автосервис,Ереван,+37493605752,"Բարև Ձեզ։ Ես Ազատն եմ, կայքեր եմ պատրաստում Հայաստանի բիզնեսների համար (EVNWEB)։ Նկատեցի, որ VY Autoservice Ավտոտեխսպասարկում Автослесарь Валерий-ը չունի սեփական կայք։ Կարող եմ ուղարկել կարճ տեսանյութ, թե ինչպես է աշխատում ավտոսերվիսի կայքը՝ առցանց գրանցում վերանորոգման և բոքսերի զբաղվածություն ադմինում։ Գինը՝ 150 000 ֏-ից։ Ցույց տա՞մ, թե ինչպես կլինի ձեզ մոտ։","Здравствуйте! Меня зовут Азат, я делаю сайты для бизнесов в Армении (EVNWEB). Заметил, что у VY Autoservice Ավտոտեխսպասարկում Автослесарь Валерий нет своего сайта. Могу прислать короткое видео, как работает сайт автосервиса: онлайн-запись на ремонт и загрузка боксов в админке. Цена от 150 000 ֏. Показать, как это будет выглядеть у вас?",,,,
9,3,VY Autoservice Ավտոտեխսպասարկում Автослесарь Валерий Car repair and maintenance service,автосервис,Ереван,+37493605752,"Բարև Ձեզ։ Ես Ազատն եմ, կայքեր եմ պատրաստում Հայաստանի բիզնեսների համար (EVNWEB)։ Նկատեցի, որ VY Autoservice Ավտոտեխսպասարկում Автослесарь Валерий Car repair and maintenance service-ը չունի սեփական կայք։ Կարող եմ ուղարկել կարճ տեսանյութ, թե ինչպես է աշխատում ավտոսերվիսի կայքը՝ առցանց գրանցում վերանորոգման և բոքսերի զբաղվածություն ադմինում։ Գինը՝ 150 000 ֏-ից։ Ցույց տա՞մ, թե ինչպես կլինի ձեզ մոտ։","Здравствуйте! Меня зовут Азат, я делаю сайты для бизнесов в Армении (EVNWEB). Заметил, что у VY Autoservice Ավտոտեխսպասարկում Автослесарь Валерий Car repair and maintenance service нет своего сайта. Могу прислать короткое видео, как работает сайт автосервиса: онлайн-запись на ремонт и загрузка боксов в админке. Цена от 150 000 ֏. Показать, как это будет выглядеть у вас?",dubl,,,
9,3,Hrach Gaz,автосервис,Ереван,+37410483343,"Բարև Ձեզ։ Ես Ազատն եմ, կայքեր եմ պատրաստում Հայաստանի բիզնեսների համար (EVNWEB)։ Նկատեցի, որ Hrach Gaz-ը չունի սեփական կայք։ Կարող եմ ուղարկել կարճ տեսանյութ, թե ինչպես է աշխատում ավտոսերվիսի կայքը՝ առցանց գրանցում վերանորոգման և բոքսերի զբաղվածություն ադմինում։ Գինը՝ 150 000 ֏-ից։ Ցույց տա՞մ, թե ինչպես կլինի ձեզ մոտ։","Здравствуйте! Меня зовут Азат, я делаю сайты для бизнесов в Армении (EVNWEB). Заметил, что у Hrach Gaz нет своего сайта. Могу прислать короткое видео, как работает сайт автосервиса: онлайн-запись на ремонт и загрузка боксов в админке. Цена от 150 000 ֏. Показать, как это будет выглядеть у вас?",ne_mobilny,,,
9,3,CrystalGlass Armenia (Malatia),автосервис,Ереван,+37496733080,"Բարև Ձեզ։ Ես Ազատն եմ, կայքեր եմ պատրաստում Հայաստանի բիզնեսների համար (EVNWEB)։ Նկատեցի, որ CrystalGlass Armenia (Malatia)-ը չունի սեփական կայք։ Կարող եմ ուղարկել կարճ տեսանյութ, թե ինչպես է աշխատում ավտոսերվիսի կայքը՝ առցանց գրանցում վերանորոգման և բոքսերի զբաղվածություն ադմինում։ Գինը՝ 150 000 ֏-ից։ Ցույց տա՞մ, թե ինչպես կլինի ձեզ մոտ։","Здравствуйте! Меня зовут Азат, я делаю сайты для бизнесов в Армении (EVNWEB). Заметил, что у CrystalGlass Armenia (Malatia) нет своего сайта. Могу прислать короткое видео, как работает сайт автосервиса: онлайн-запись на ремонт и загрузка боксов в админке. Цена от 150 000 ֏. Показать, как это будет выглядеть у вас?",,,,
9,3,КристалГласс Армения (Малатия),автосервис,Ереван,+37496733080,"Բարև Ձեզ։ Ես Ազատն եմ, կայքեր եմ պատրաստում Հայաստանի բիզնեսների համար (EVNWEB)։ Նկատեցի, որ КристалГласс Армения (Малатия)-ը չունի սեփական կայք։ Կարող եմ ուղարկել կարճ տեսանյութ, թե ինչպես է աշխատում ավտոսերվիսի կայքը՝ առցանց գրանցում վերանորոգման և բոքսերի զբաղվածություն ադմինում։ Գինը՝ 150 000 ֏-ից։ Ցույց տա՞մ, թե ինչպես կլինի ձեզ մոտ։","Здравствуйте! Меня зовут Азат, я делаю сайты для бизнесов в Армении (EVNWEB). Заметил, что у КристалГласс Армения (Малатия) нет своего сайта. Могу прислать короткое видео, как работает сайт автосервиса: онлайн-запись на ремонт и загрузка боксов в админке. Цена от 150 000 ֏. Показать, как это будет выглядеть у вас?",dubl,,,
9,3,Azati mot,автосервис,Ереван,+37499844447,"Բարև Ձեզ։ Ես Ազատն եմ, կայքեր եմ պատրաստում Հայաստանի բիզնեսների համար (EVNWEB)։ Նկատեցի, որ Azati mot-ը չունի սեփական կայք։ Կարող եմ ուղարկել կարճ տեսանյութ, թե ինչպես է աշխատում ավտոսերվիսի կայքը՝ առցանց գրանցում վերանորոգման և բոքսերի զբաղվածություն ադմինում։ Գինը՝ 150 000 ֏-ից։ Ցույց տա՞մ, թե ինչպես կլինի ձեզ մոտ։","Здравствуйте! Меня зовут Азат, я делаю сайты для бизнесов в Армении (EVNWEB). Заметил, что у Azati mot нет своего сайта. Могу прислать короткое видео, как работает сайт автосервиса: онлайн-запись на ремонт и загрузка боксов в админке. Цена от 150 000 ֏. Показать, как это будет выглядеть у вас?",,,,
9,3,Ավտոէլեկտրիկ,автосервис,Ереван,+37477266446,"Բարև Ձեզ։ Ես Ազատն եմ, կայքեր եմ պատրաստում Հայաստանի բիզնեսների համար (EVNWEB)։ Նկատեցի, որ Ավտոէլեկտրիկ-ը չունի սեփական կայք։ Կարող եմ ուղարկել կարճ տեսանյութ, թե ինչպես է աշխատում ավտոսերվիսի կայքը՝ առցանց գրանցում վերանորոգման և բոքսերի զբաղվածություն ադմինում։ Գինը՝ 150 000 ֏-ից։ Ցույց տա՞մ, թե ինչպես կլինի ձեզ մոտ։","Здравствуйте! Меня зовут Азат, я делаю сайты для бизнесов в Армении (EVNWEB). Заметил, что у Ավտոէլեկտրիկ нет своего сайта. Могу прислать короткое видео, как работает сайт автосервиса: онлайн-запись на ремонт и загрузка боксов в админке. Цена от 150 000 ֏. Показать, как это будет выглядеть у вас?",,,,
9,3,Electronics,автосервис,Ереван,+37491500494,"Բարև Ձեզ։ Ես Ազատն եմ, կայքեր եմ պատրաստում Հայաստանի բիզնեսների համար (EVNWEB)։ Նկատեցի, որ Electronics-ը չունի սեփական կայք։ Կարող եմ ուղարկել կարճ տեսանյութ, թե ինչպես է աշխատում ավտոսերվիսի կայքը՝ առցանց գրանցում վերանորոգման և բոքսերի զբաղվածություն ադմինում։ Գինը՝ 150 000 ֏-ից։ Ցույց տա՞մ, թե ինչպես կլինի ձեզ մոտ։","Здравствуйте! Меня зовут Азат, я делаю сайты для бизнесов в Армении (EVNWEB). Заметил, что у Electronics нет своего сайта. Могу прислать короткое видео, как работает сайт автосервиса: онлайн-запись на ремонт и загрузка боксов в админке. Цена от 150 000 ֏. Показать, как это будет выглядеть у вас?",,,,
9,3,Machining Shop,автосервис,Ереван,+37491315759,"Բարև Ձեզ։ Ես Ազատն եմ, կայքեր եմ պատրաստում Հայաստանի բիզնեսների համար (EVNWEB)։ Նկատեցի, որ Machining Shop-ը չունի սեփական կայք։ Կարող եմ ուղարկել կարճ տեսանյութ, թե ինչպես է աշխատում ավտոսերվիսի կայքը՝ առցանց գրանցում վերանորոգման և բոքսերի զբաղվածություն ադմինում։ Գինը՝ 150 000 ֏-ից։ Ցույց տա՞մ, թե ինչպես կլինի ձեզ մոտ։","Здравствуйте! Меня зовут Азат, я делаю сайты для бизнесов в Армении (EVNWEB). Заметил, что у Machining Shop нет своего сайта. Могу прислать короткое видео, как работает сайт автосервиса: онлайн-запись на ремонт и загрузка боксов в админке. Цена от 150 000 ֏. Показать, как это будет выглядеть у вас?",,,,
9,3,"Lovato Armenia, Elitegas",автосервис,Ереван,+37410208454,"Բարև Ձեզ։ Ես Ազատն եմ, կայքեր եմ պատրաստում Հայաստանի բիզնեսների համար (EVNWEB)։ Նկատեցի, որ Lovato Armenia, Elitegas-ը չունի սեփական կայք։ Կարող եմ ուղարկել կարճ տեսանյութ, թե ինչպես է աշխատում ավտոսերվիսի կայքը՝ առցանց գրանցում վերանորոգման և բոքսերի զբաղվածություն ադմինում։ Գինը՝ 150 000 ֏-ից։ Ցույց տա՞մ, թե ինչպես կլինի ձեզ մոտ։","Здравствуйте! Меня зовут Азат, я делаю сайты для бизнесов в Армении (EVNWEB). Заметил, что у Lovato Armenia, Elitegas нет своего сайта. Могу прислать короткое видео, как работает сайт автосервиса: онлайн-запись на ремонт и загрузка боксов в админке. Цена от 150 000 ֏. Показать, как это будет выглядеть у вас?",ne_mobilny,,,
9,3,Usta Karoyi mot,автосервис,Ереван,+37477220524,"Բարև Ձեզ։ Ես Ազատն եմ, կայքեր եմ պատրաստում Հայաստանի բիզնեսների համար (EVNWEB)։ Նկատեցի, որ Usta Karoyi mot-ը չունի սեփական կայք։ Կարող եմ ուղարկել կարճ տեսանյութ, թե ինչպես է աշխատում ավտոսերվիսի կայքը՝ առցանց գրանցում վերանորոգման և բոքսերի զբաղվածություն ադմինում։ Գինը՝ 150 000 ֏-ից։ Ցույց տա՞մ, թե ինչպես կլինի ձեզ մոտ։","Здравствуйте! Меня зовут Азат, я делаю сайты для бизнесов в Армении (EVNWEB). Заметил, что у Usta Karoyi mot нет своего сайта. Могу прислать короткое видео, как работает сайт автосервиса: онлайн-запись на ремонт и загрузка боксов в админке. Цена от 150 000 ֏. Показать, как это будет выглядеть у вас?",,,,
10,3,SVA COMPLEX,автосервис,Ереван,+37443393939,"Բարև Ձեզ։ Ես Ազատն եմ, կայքեր եմ պատրաստում Հայաստանի բիզնեսների համար (EVNWEB)։ Նկատեցի, որ SVA COMPLEX-ը չունի սեփական կայք։ Կարող եմ ուղարկել կարճ տեսանյութ, թե ինչպես է աշխատում ավտոսերվիսի կայքը՝ առցանց գրանցում վերանորոգման և բոքսերի զբաղվածություն ադմինում։ Գինը՝ 150 000 ֏-ից։ Ցույց տա՞մ, թե ինչպես կլինի ձեզ մոտ։","Здравствуйте! Меня зовут Азат, я делаю сайты для бизнесов в Армении (EVNWEB). Заметил, что у SVA COMPLEX нет своего сайта. Могу прислать короткое видео, как работает сайт автосервиса: онлайн-запись на ремонт и загрузка боксов в админке. Цена от 150 000 ֏. Показать, как это будет выглядеть у вас?",,,,
10,3,Vulcanization,автосервис,Ереван,+37494950701,"Բարև Ձեզ։ Ես Ազատն եմ, կայքեր եմ պատրաստում Հայաստանի բիզնեսների համար (EVNWEB)։ Նկատեցի, որ Vulcanization-ը չունի սեփական կայք։ Կարող եմ ուղարկել կարճ տեսանյութ, թե ինչպես է աշխատում ավտոսերվիսի կայքը՝ առցանց գրանցում վերանորոգման և բոքսերի զբաղվածություն ադմինում։ Գինը՝ 150 000 ֏-ից։ Ցույց տա՞մ, թե ինչպես կլինի ձեզ մոտ։","Здравствуйте! Меня зовут Азат, я делаю сайты для бизнесов в Армении (EVNWEB). Заметил, что у Vulcanization нет своего сайта. Могу прислать короткое видео, как работает сайт автосервиса: онлайн-запись на ремонт и загрузка боксов в админке. Цена от 150 000 ֏. Показать, как это будет выглядеть у вас?",,,,
10,3,Jeep Service,автосервис,Ереван,+37499666911,"Բարև Ձեզ։ Ես Ազատն եմ, կայքեր եմ պատրաստում Հայաստանի բիզնեսների համար (EVNWEB)։ Նկատեցի, որ Jeep Service-ը չունի սեփական կայք։ Կարող եմ ուղարկել կարճ տեսանյութ, թե ինչպես է աշխատում ավտոսերվիսի կայքը՝ առցանց գրանցում վերանորոգման և բոքսերի զբաղվածություն ադմինում։ Գինը՝ 150 000 ֏-ից։ Ցույց տա՞մ, թե ինչպես կլինի ձեզ մոտ։","Здравствуйте! Меня зовут Азат, я делаю сайты для бизнесов в Армении (EVNWEB). Заметил, что у Jeep Service нет своего сайта. Могу прислать короткое видео, как работает сайт автосервиса: онлайн-запись на ремонт и загрузка боксов в админке. Цена от 150 000 ֏. Показать, как это будет выглядеть у вас?",,,,
10,3,Aghayan Apart,апартаменты,Ереван,+37491434378,"Բարև Ձեզ։ Ես Ազատն եմ, կայքեր եմ պատրաստում Հայաստանի բիզնեսների համար (EVNWEB)։ Նկատեցի, որ Aghayan Apart-ը չունի սեփական կայք։ Կարող եմ ուղարկել կարճ տեսանյութ, թե ինչպես է աշխատում հյուրանոցի կայքը՝ ուղիղ ամրագրում առանց Booking-ի միջնորդավճարի, զբաղվածության օրացույց և ադմին։ Գինը՝ 450 000 ֏-ից։ Ցույց տա՞մ, թե ինչպես կլինի ձեզ մոտ։","Здравствуйте! Меня зовут Азат, я делаю сайты для бизнесов в Армении (EVNWEB). Заметил, что у Aghayan Apart нет своего сайта. Могу прислать короткое видео, как работает сайт отеля: прямая бронь без комиссии Booking, календарь занятости и админка. Цена от 450 000 ֏. Показать, как это будет выглядеть у вас?",,,,
10,3,Apartment in Yerevan,апартаменты,Ереван,+37495488277,"Բարև Ձեզ։ Ես Ազատն եմ, կայքեր եմ պատրաստում Հայաստանի բիզնեսների համար (EVNWEB)։ Նկատեցի, որ Apartment in Yerevan-ը չունի սեփական կայք։ Կարող եմ ուղարկել կարճ տեսանյութ, թե ինչպես է աշխատում հյուրանոցի կայքը՝ ուղիղ ամրագրում առանց Booking-ի միջնորդավճարի, զբաղվածության օրացույց և ադմին։ Գինը՝ 450 000 ֏-ից։ Ցույց տա՞մ, թե ինչպես կլինի ձեզ մոտ։","Здравствуйте! Меня зовут Азат, я делаю сайты для бизнесов в Армении (EVNWEB). Заметил, что у Apartment in Yerevan нет своего сайта. Могу прислать короткое видео, как работает сайт отеля: прямая бронь без комиссии Booking, календарь занятости и админка. Цена от 450 000 ֏. Показать, как это будет выглядеть у вас?",,,,
10,3,GH Family Hotel,апартаменты,Ереван,+37494351160,"Բարև Ձեզ։ Ես Ազատն եմ, կայքեր եմ պատրաստում Հայաստանի բիզնեսների համար (EVNWEB)։ Նկատեցի, որ GH Family Hotel-ը չունի սեփական կայք։ Կարող եմ ուղարկել կարճ տեսանյութ, թե ինչպես է աշխատում հյուրանոցի կայքը՝ ուղիղ ամրագրում առանց Booking-ի միջնորդավճարի, զբաղվածության օրացույց և ադմին։ Գինը՝ 450 000 ֏-ից։ Ցույց տա՞մ, թե ինչպես կլինի ձեզ մոտ։","Здравствуйте! Меня зовут Азат, я делаю сайты для бизнесов в Армении (EVNWEB). Заметил, что у GH Family Hotel нет своего сайта. Могу прислать короткое видео, как работает сайт отеля: прямая бронь без комиссии Booking, календарь занятости и админка. Цена от 450 000 ֏. Показать, как это будет выглядеть у вас?",,,,
10,3,Mia Casa Apartment Yerevan,апартаменты,Ереван,+37455050501,"Բարև Ձեզ։ Ես Ազատն եմ, կայքեր եմ պատրաստում Հայաստանի բիզնեսների համար (EVNWEB)։ Նկատեցի, որ Mia Casa Apartment Yerevan-ը չունի սեփական կայք։ Կարող եմ ուղարկել կարճ տեսանյութ, թե ինչպես է աշխատում հյուրանոցի կայքը՝ ուղիղ ամրագրում առանց Booking-ի միջնորդավճարի, զբաղվածության օրացույց և ադմին։ Գինը՝ 450 000 ֏-ից։ Ցույց տա՞մ, թե ինչպես կլինի ձեզ մոտ։","Здравствуйте! Меня зовут Азат, я делаю сайты для бизнесов в Армении (EVNWEB). Заметил, что у Mia Casa Apartment Yerevan нет своего сайта. Могу прислать короткое видео, как работает сайт отеля: прямая бронь без комиссии Booking, календарь занятости и админка. Цена от 450 000 ֏. Показать, как это будет выглядеть у вас?",,,,
10,3,Opera View Apartment,апартаменты,Ереван,+37491423503,"Բարև Ձեզ։ Ես Ազատն եմ, կայքեր եմ պատրաստում Հայաստանի բիզնեսների համար (EVNWEB)։ Նկատեցի, որ Opera View Apartment-ը չունի սեփական կայք։ Կարող եմ ուղարկել կարճ տեսանյութ, թե ինչպես է աշխատում հյուրանոցի կայքը՝ ուղիղ ամրագրում առանց Booking-ի միջնորդավճարի, զբաղվածության օրացույց և ադմին։ Գինը՝ 450 000 ֏-ից։ Ցույց տա՞մ, թե ինչպես կլինի ձեզ մոտ։","Здравствуйте! Меня зовут Азат, я делаю сайты для бизнесов в Армении (EVNWEB). Заметил, что у Opera View Apartment нет своего сайта. Могу прислать короткое видео, как работает сайт отеля: прямая бронь без комиссии Booking, календарь занятости и админка. Цена от 450 000 ֏. Показать, как это будет выглядеть у вас?",,,,
10,3,Руссо,апартаменты,Ереван,+37411626262,"Բարև Ձեզ։ Ես Ազատն եմ, կայքեր եմ պատրաստում Հայաստանի բիզնեսների համար (EVNWEB)։ Նկատեցի, որ Руссо-ը չունի սեփական կայք։ Կարող եմ ուղարկել կարճ տեսանյութ, թե ինչպես է աշխատում հյուրանոցի կայքը՝ ուղիղ ամրագրում առանց Booking-ի միջնորդավճարի, զբաղվածության օրացույց և ադմին։ Գինը՝ 450 000 ֏-ից։ Ցույց տա՞մ, թե ինչպես կլինի ձեզ մոտ։","Здравствуйте! Меня зовут Азат, я делаю сайты для бизнесов в Армении (EVNWEB). Заметил, что у Руссо нет своего сайта. Могу прислать короткое видео, как работает сайт отеля: прямая бронь без комиссии Booking, календарь занятости и админка. Цена от 450 000 ֏. Показать, как это будет выглядеть у вас?",ne_mobilny,,,
10,3,Kiss Bar,бар,Ереван,+37410563094,"Բարև Ձեզ։ Ես Ազատն եմ, կայքեր եմ պատրաստում Հայաստանի բիզնեսների համար (EVNWEB)։ Նկատեցի, որ Kiss Bar-ը չունի սեփական կայք։ Կարող եմ ուղարկել կարճ տեսանյութ, թե ինչպես է աշխատում ռեստորանի կայքը՝ մենյու 3 լեզվով, սեղանի ամրագրում և ադմին, որտեղ գները փոխում եք ինքներդ։ Գինը՝ 280 000 ֏-ից։ Ցույց տա՞մ, թե ինչպես կլինի ձեզ մոտ։","Здравствуйте! Меня зовут Азат, я делаю сайты для бизнесов в Армении (EVNWEB). Заметил, что у Kiss Bar нет своего сайта. Могу прислать короткое видео, как работает сайт ресторана: меню на 3 языках, бронь столов и админка, где цены меняете сами. Цена от 280 000 ֏. Показать, как это будет выглядеть у вас?",ne_mobilny,,,
10,3,13:20,бар,Ереван,+37498780607,"Բարև Ձեզ։ Ես Ազատն եմ, կայքեր եմ պատրաստում Հայաստանի բիզնեսների համար (EVNWEB)։ Նկատեցի, որ 13:20-ը չունի սեփական կայք։ Կարող եմ ուղարկել կարճ տեսանյութ, թե ինչպես է աշխատում ռեստորանի կայքը՝ մենյու 3 լեզվով, սեղանի ամրագրում և ադմին, որտեղ գները փոխում եք ինքներդ։ Գինը՝ 280 000 ֏-ից։ Ցույց տա՞մ, թե ինչպես կլինի ձեզ մոտ։","Здравствуйте! Меня зовут Азат, я делаю сайты для бизнесов в Армении (EVNWEB). Заметил, что у 13:20 нет своего сайта. Могу прислать короткое видео, как работает сайт ресторана: меню на 3 языках, бронь столов и админка, где цены меняете сами. Цена от 280 000 ֏. Показать, как это будет выглядеть у вас?",,,,
10,3,26 Irish Pub,бар,Ереван,+37477822023,"Բարև Ձեզ։ Ես Ազատն եմ, կայքեր եմ պատրաստում Հայաստանի բիզնեսների համար (EVNWEB)։ Նկատեցի, որ 26 Irish Pub-ը չունի սեփական կայք։ Կարող եմ ուղարկել կարճ տեսանյութ, թե ինչպես է աշխատում ռեստորանի կայքը՝ մենյու 3 լեզվով, սեղանի ամրագրում և ադմին, որտեղ գները փոխում եք ինքներդ։ Գինը՝ 280 000 ֏-ից։ Ցույց տա՞մ, թե ինչպես կլինի ձեզ մոտ։","Здравствуйте! Меня зовут Азат, я делаю сайты для бизнесов в Армении (EVNWEB). Заметил, что у 26 Irish Pub нет своего сайта. Могу прислать короткое видео, как работает сайт ресторана: меню на 3 языках, бронь столов и админка, где цены меняете сами. Цена от 280 000 ֏. Показать, как это будет выглядеть у вас?",,,,
10,3,Common Ground Books & Spirits,бар,Ереван,+37498855990,"Բարև Ձեզ։ Ես Ազատն եմ, կայքեր եմ պատրաստում Հայաստանի բիզնեսների համար (EVNWEB)։ Նկատեցի, որ Common Ground Books & Spirits-ը չունի սեփական կայք։ Կարող եմ ուղարկել կարճ տեսանյութ, թե ինչպես է աշխատում ռեստորանի կայքը՝ մենյու 3 լեզվով, սեղանի ամրագրում և ադմին, որտեղ գները փոխում եք ինքներդ։ Գինը՝ 280 000 ֏-ից։ Ցույց տա՞մ, թե ինչպես կլինի ձեզ մոտ։","Здравствуйте! Меня зовут Азат, я делаю сайты для бизнесов в Армении (EVNWEB). Заметил, что у Common Ground Books & Spirits нет своего сайта. Могу прислать короткое видео, как работает сайт ресторана: меню на 3 языках, бронь столов и админка, где цены меняете сами. Цена от 280 000 ֏. Показать, как это будет выглядеть у вас?",,,,
10,3,Daboo Cocktail Bar,бар,Ереван,+37499511521,"Բարև Ձեզ։ Ես Ազատն եմ, կայքեր եմ պատրաստում Հայաստանի բիզնեսների համար (EVNWEB)։ Նկատեցի, որ Daboo Cocktail Bar-ը չունի սեփական կայք։ Կարող եմ ուղարկել կարճ տեսանյութ, թե ինչպես է աշխատում ռեստորանի կայքը՝ մենյու 3 լեզվով, սեղանի ամրագրում և ադմին, որտեղ գները փոխում եք ինքներդ։ Գինը՝ 280 000 ֏-ից։ Ցույց տա՞մ, թե ինչպես կլինի ձեզ մոտ։","Здравствуйте! Меня зовут Азат, я делаю сайты для бизнесов в Армении (EVNWEB). Заметил, что у Daboo Cocktail Bar нет своего сайта. Могу прислать короткое видео, как работает сайт ресторана: меню на 3 языках, бронь столов и админка, где цены меняете сами. Цена от 280 000 ֏. Показать, как это будет выглядеть у вас?",,,,
10,3,Fotry44,бар,Ереван,+37444394044,"Բարև Ձեզ։ Ես Ազատն եմ, կայքեր եմ պատրաստում Հայաստանի բիզնեսների համար (EVNWEB)։ Նկատեցի, որ Fotry44-ը չունի սեփական կայք։ Կարող եմ ուղարկել կարճ տեսանյութ, թե ինչպես է աշխատում ռեստորանի կայքը՝ մենյու 3 լեզվով, սեղանի ամրագրում և ադմին, որտեղ գները փոխում եք ինքներդ։ Գինը՝ 280 000 ֏-ից։ Ցույց տա՞մ, թե ինչպես կլինի ձեզ մոտ։","Здравствуйте! Меня зовут Азат, я делаю сайты для бизнесов в Армении (EVNWEB). Заметил, что у Fotry44 нет своего сайта. Могу прислать короткое видео, как работает сайт ресторана: меню на 3 языках, бронь столов и админка, где цены меняете сами. Цена от 280 000 ֏. Показать, как это будет выглядеть у вас?",,,,
10,3,Hemingway's,бар,Ереван,+37498349882,"Բարև Ձեզ։ Ես Ազատն եմ, կայքեր եմ պատրաստում Հայաստանի բիզնեսների համար (EVNWEB)։ Նկատեցի, որ Hemingway's-ը չունի սեփական կայք։ Կարող եմ ուղարկել կարճ տեսանյութ, թե ինչպես է աշխատում ռեստորանի կայքը՝ մենյու 3 լեզվով, սեղանի ամրագրում և ադմին, որտեղ գները փոխում եք ինքներդ։ Գինը՝ 280 000 ֏-ից։ Ցույց տա՞մ, թե ինչպես կլինի ձեզ մոտ։","Здравствуйте! Меня зовут Азат, я делаю сайты для бизнесов в Армении (EVNWEB). Заметил, что у Hemingway's нет своего сайта. Могу прислать короткое видео, как работает сайт ресторана: меню на 3 языках, бронь столов и админка, где цены меняете сами. Цена от 280 000 ֏. Показать, как это будет выглядеть у вас?",,,,
10,3,Keg,бар,Ереван,+37493925529,"Բարև Ձեզ։ Ես Ազատն եմ, կայքեր եմ պատրաստում Հայաստանի բիզնեսների համար (EVNWEB)։ Նկատեցի, որ Keg-ը չունի սեփական կայք։ Կարող եմ ուղարկել կարճ տեսանյութ, թե ինչպես է աշխատում ռեստորանի կայքը՝ մենյու 3 լեզվով, սեղանի ամրագրում և ադմին, որտեղ գները փոխում եք ինքներդ։ Գինը՝ 280 000 ֏-ից։ Ցույց տա՞մ, թե ինչպես կլինի ձեզ մոտ։","Здравствуйте! Меня зовут Азат, я делаю сайты для бизнесов в Армении (EVNWEB). Заметил, что у Keg нет своего сайта. Могу прислать короткое видео, как работает сайт ресторана: меню на 3 языках, бронь столов и админка, где цены меняете сами. Цена от 280 000 ֏. Показать, как это будет выглядеть у вас?",,,,
10,3,Mama Jan,бар,Ереван,+37493330968,"Բարև Ձեզ։ Ես Ազատն եմ, կայքեր եմ պատրաստում Հայաստանի բիզնեսների համար (EVNWEB)։ Նկատեցի, որ Mama Jan-ը չունի սեփական կայք։ Կարող եմ ուղարկել կարճ տեսանյութ, թե ինչպես է աշխատում ռեստորանի կայքը՝ մենյու 3 լեզվով, սեղանի ամրագրում և ադմին, որտեղ գները փոխում եք ինքներդ։ Գինը՝ 280 000 ֏-ից։ Ցույց տա՞մ, թե ինչպես կլինի ձեզ մոտ։","Здравствуйте! Меня зовут Азат, я делаю сайты для бизнесов в Армении (EVNWEB). Заметил, что у Mama Jan нет своего сайта. Могу прислать короткое видео, как работает сайт ресторана: меню на 3 языках, бронь столов и админка, где цены меняете сами. Цена от 280 000 ֏. Показать, как это будет выглядеть у вас?",,,,
10,3,Pulpulak,бар,Ереван,+37455308998,"Բարև Ձեզ։ Ես Ազատն եմ, կայքեր եմ պատրաստում Հայաստանի բիզնեսների համար (EVNWEB)։ Նկատեցի, որ Pulpulak-ը չունի սեփական կայք։ Կարող եմ ուղարկել կարճ տեսանյութ, թե ինչպես է աշխատում ռեստորանի կայքը՝ մենյու 3 լեզվով, սեղանի ամրագրում և ադմին, որտեղ գները փոխում եք ինքներդ։ Գինը՝ 280 000 ֏-ից։ Ցույց տա՞մ, թե ինչպես կլինի ձեզ մոտ։","Здравствуйте! Меня зовут Азат, я делаю сайты для бизнесов в Армении (EVNWEB). Заметил, что у Pulpulak нет своего сайта. Могу прислать короткое видео, как работает сайт ресторана: меню на 3 языках, бронь столов и админка, где цены меняете сами. Цена от 280 000 ֏. Показать, как это будет выглядеть у вас?",,,,
10,3,Roza,бар,Ереван,+37441060460,"Բարև Ձեզ։ Ես Ազատն եմ, կայքեր եմ պատրաստում Հայաստանի բիզնեսների համար (EVNWEB)։ Նկատեցի, որ Roza-ը չունի սեփական կայք։ Կարող եմ ուղարկել կարճ տեսանյութ, թե ինչպես է աշխատում ռեստորանի կայքը՝ մենյու 3 լեզվով, սեղանի ամրագրում և ադմին, որտեղ գները փոխում եք ինքներդ։ Գինը՝ 280 000 ֏-ից։ Ցույց տա՞մ, թե ինչպես կլինի ձեզ մոտ։","Здравствуйте! Меня зовут Азат, я делаю сайты для бизнесов в Армении (EVNWEB). Заметил, что у Roza нет своего сайта. Могу прислать короткое видео, как работает сайт ресторана: меню на 3 языках, бронь столов и админка, где цены меняете сами. Цена от 280 000 ֏. Показать, как это будет выглядеть у вас?",,,,
10,3,Shame,бар,Ереван,+37455308998,"Բարև Ձեզ։ Ես Ազատն եմ, կայքեր եմ պատրաստում Հայաստանի բիզնեսների համար (EVNWEB)։ Նկատեցի, որ Shame-ը չունի սեփական կայք։ Կարող եմ ուղարկել կարճ տեսանյութ, թե ինչպես է աշխատում ռեստորանի կայքը՝ մենյու 3 լեզվով, սեղանի ամրագրում և ադմին, որտեղ գները փոխում եք ինքներդ։ Գինը՝ 280 000 ֏-ից։ Ցույց տա՞մ, թե ինչպես կլինի ձեզ մոտ։","Здравствуйте! Меня зовут Азат, я делаю сайты для бизнесов в Армении (EVNWEB). Заметил, что у Shame нет своего сайта. Могу прислать короткое видео, как работает сайт ресторана: меню на 3 языках, бронь столов и админка, где цены меняете сами. Цена от 280 000 ֏. Показать, как это будет выглядеть у вас?",dubl,,,
10,3,The Kond House,бар,Ереван,+37491013801,"Բարև Ձեզ։ Ես Ազատն եմ, կայքեր եմ պատրաստում Հայաստանի բիզնեսների համար (EVNWEB)։ Նկատեցի, որ The Kond House-ը չունի սեփական կայք։ Կարող եմ ուղարկել կարճ տեսանյութ, թե ինչպես է աշխատում ռեստորանի կայքը՝ մենյու 3 լեզվով, սեղանի ամրագրում և ադմին, որտեղ գները փոխում եք ինքներդ։ Գինը՝ 280 000 ֏-ից։ Ցույց տա՞մ, թե ինչպես կլինի ձեզ մոտ։","Здравствуйте! Меня зовут Азат, я делаю сайты для бизнесов в Армении (EVNWEB). Заметил, что у The Kond House нет своего сайта. Могу прислать короткое видео, как работает сайт ресторана: меню на 3 языках, бронь столов и админка, где цены меняете сами. Цена от 280 000 ֏. Показать, как это будет выглядеть у вас?",,,,
10,3,Time Out,бар,Ереван,+37455570008,"Բարև Ձեզ։ Ես Ազատն եմ, կայքեր եմ պատրաստում Հայաստանի բիզնեսների համար (EVNWEB)։ Նկատեցի, որ Time Out-ը չունի սեփական կայք։ Կարող եմ ուղարկել կարճ տեսանյութ, թե ինչպես է աշխատում ռեստորանի կայքը՝ մենյու 3 լեզվով, սեղանի ամրագրում և ադմին, որտեղ գները փոխում եք ինքներդ։ Գինը՝ 280 000 ֏-ից։ Ցույց տա՞մ, թե ինչպես կլինի ձեզ մոտ։","Здравствуйте! Меня зовут Азат, я делаю сайты для бизнесов в Армении (EVNWEB). Заметил, что у Time Out нет своего сайта. Могу прислать короткое видео, как работает сайт ресторана: меню на 3 языках, бронь столов и админка, где цены меняете сами. Цена от 280 000 ֏. Показать, как это будет выглядеть у вас?",,,,
10,3,Varpet,бар,Ереван,+37433222510,"Բարև Ձեզ։ Ես Ազատն եմ, կայքեր եմ պատրաստում Հայաստանի բիզնեսների համար (EVNWEB)։ Նկատեցի, որ Varpet-ը չունի սեփական կայք։ Կարող եմ ուղարկել կարճ տեսանյութ, թե ինչպես է աշխատում ռեստորանի կայքը՝ մենյու 3 լեզվով, սեղանի ամրագրում և ադմին, որտեղ գները փոխում եք ինքներդ։ Գինը՝ 280 000 ֏-ից։ Ցույց տա՞մ, թե ինչպես կլինի ձեզ մոտ։","Здравствуйте! Меня зовут Азат, я делаю сайты для бизнесов в Армении (EVNWEB). Заметил, что у Varpet нет своего сайта. Могу прислать короткое видео, как работает сайт ресторана: меню на 3 языках, бронь столов и админка, где цены меняете сами. Цена от 280 000 ֏. Показать, как это будет выглядеть у вас?",,,,
10,3,Voodoo Hookah Lounge,бар,Ереван,+37498804343,"Բարև Ձեզ։ Ես Ազատն եմ, կայքեր եմ պատրաստում Հայաստանի բիզնեսների համար (EVNWEB)։ Նկատեցի, որ Voodoo Hookah Lounge-ը չունի սեփական կայք։ Կարող եմ ուղարկել կարճ տեսանյութ, թե ինչպես է աշխատում ռեստորանի կայքը՝ մենյու 3 լեզվով, սեղանի ամրագրում և ադմին, որտեղ գները փոխում եք ինքներդ։ Գինը՝ 280 000 ֏-ից։ Ցույց տա՞մ, թե ինչպես կլինի ձեզ մոտ։","Здравствуйте! Меня зовут Азат, я делаю сайты для бизнесов в Армении (EVNWEB). Заметил, что у Voodoo Hookah Lounge нет своего сайта. Могу прислать короткое видео, как работает сайт ресторана: меню на 3 языках, бронь столов и админка, где цены меняете сами. Цена от 280 000 ֏. Показать, как это будет выглядеть у вас?",,,,
11,3,Gargoyle,бар,Ереван,+37410539080,"Բարև Ձեզ։ Ես Ազատն եմ, կայքեր եմ պատրաստում Հայաստանի բիզնեսների համար (EVNWEB)։ Նկատեցի, որ Gargoyle-ը չունի սեփական կայք։ Կարող եմ ուղարկել կարճ տեսանյութ, թե ինչպես է աշխատում ռեստորանի կայքը՝ մենյու 3 լեզվով, սեղանի ամրագրում և ադմին, որտեղ գները փոխում եք ինքներդ։ Գինը՝ 280 000 ֏-ից։ Ցույց տա՞մ, թե ինչպես կլինի ձեզ մոտ։","Здравствуйте! Меня зовут Азат, я делаю сайты для бизнесов в Армении (EVNWEB). Заметил, что у Gargoyle нет своего сайта. Могу прислать короткое видео, как работает сайт ресторана: меню на 3 языках, бронь столов и админка, где цены меняете сами. Цена от 280 000 ֏. Показать, как это будет выглядеть у вас?",ne_mobilny,,,
11,3,EVN,бар,Ереван,+37455918181,"Բարև Ձեզ։ Ես Ազատն եմ, կայքեր եմ պատրաստում Հայաստանի բիզնեսների համար (EVNWEB)։ Նկատեցի, որ EVN-ը չունի սեփական կայք։ Կարող եմ ուղարկել կարճ տեսանյութ, թե ինչպես է աշխատում ռեստորանի կայքը՝ մենյու 3 լեզվով, սեղանի ամրագրում և ադմին, որտեղ գները փոխում եք ինքներդ։ Գինը՝ 280 000 ֏-ից։ Ցույց տա՞մ, թե ինչպես կլինի ձեզ մոտ։","Здравствуйте! Меня зовут Азат, я делаю сайты для бизнесов в Армении (EVNWEB). Заметил, что у EVN нет своего сайта. Могу прислать короткое видео, как работает сайт ресторана: меню на 3 языках, бронь столов и админка, где цены меняете сами. Цена от 280 000 ֏. Показать, как это будет выглядеть у вас?",,,,
11,3,New York,бар,Ереван,+37410527813,"Բարև Ձեզ։ Ես Ազատն եմ, կայքեր եմ պատրաստում Հայաստանի բիզնեսների համար (EVNWEB)։ Նկատեցի, որ New York-ը չունի սեփական կայք։ Կարող եմ ուղարկել կարճ տեսանյութ, թե ինչպես է աշխատում ռեստորանի կայքը՝ մենյու 3 լեզվով, սեղանի ամրագրում և ադմին, որտեղ գները փոխում եք ինքներդ։ Գինը՝ 280 000 ֏-ից։ Ցույց տա՞մ, թե ինչպես կլինի ձեզ մոտ։","Здравствуйте! Меня зовут Азат, я делаю сайты для бизнесов в Армении (EVNWEB). Заметил, что у New York нет своего сайта. Могу прислать короткое видео, как работает сайт ресторана: меню на 3 языках, бронь столов и админка, где цены меняете сами. Цена от 280 000 ֏. Показать, как это будет выглядеть у вас?",ne_mobilny,,,
11,3,Pivnica,бар,Ереван,+37498939127,"Բարև Ձեզ։ Ես Ազատն եմ, կայքեր եմ պատրաստում Հայաստանի բիզնեսների համար (EVNWEB)։ Նկատեցի, որ Pivnica-ը չունի սեփական կայք։ Կարող եմ ուղարկել կարճ տեսանյութ, թե ինչպես է աշխատում ռեստորանի կայքը՝ մենյու 3 լեզվով, սեղանի ամրագրում և ադմին, որտեղ գները փոխում եք ինքներդ։ Գինը՝ 280 000 ֏-ից։ Ցույց տա՞մ, թե ինչպես կլինի ձեզ մոտ։","Здравствуйте! Меня зовут Азат, я делаю сайты для бизнесов в Армении (EVNWEB). Заметил, что у Pivnica нет своего сайта. Могу прислать короткое видео, как работает сайт ресторана: меню на 3 языках, бронь столов и админка, где цены меняете сами. Цена от 280 000 ֏. Показать, как это будет выглядеть у вас?",,,,
11,3,Nors Guest House,гостевой дом,Ереван,+37494242580,"Բարև Ձեզ։ Ես Ազատն եմ, կայքեր եմ պատրաստում Հայաստանի բիզնեսների համար (EVNWEB)։ Նկատեցի, որ Nors Guest House-ը չունի սեփական կայք։ Կարող եմ ուղարկել կարճ տեսանյութ, թե ինչպես է աշխատում հյուրանոցի կայքը՝ ուղիղ ամրագրում առանց Booking-ի միջնորդավճարի, զբաղվածության օրացույց և ադմին։ Գինը՝ 450 000 ֏-ից։ Ցույց տա՞մ, թե ինչպես կլինի ձեզ մոտ։","Здравствуйте! Меня зовут Азат, я делаю сайты для бизнесов в Армении (EVNWEB). Заметил, что у Nors Guest House нет своего сайта. Могу прислать короткое видео, как работает сайт отеля: прямая бронь без комиссии Booking, календарь занятости и админка. Цена от 450 000 ֏. Показать, как это будет выглядеть у вас?",,,,
11,3,ЕКО Guest House,гостевой дом,Ереван,+37491477922,"Բարև Ձեզ։ Ես Ազատն եմ, կայքեր եմ պատրաստում Հայաստանի բիզնեսների համար (EVNWEB)։ Նկատեցի, որ ЕКО Guest House-ը չունի սեփական կայք։ Կարող եմ ուղարկել կարճ տեսանյութ, թե ինչպես է աշխատում հյուրանոցի կայքը՝ ուղիղ ամրագրում առանց Booking-ի միջնորդավճարի, զբաղվածության օրացույց և ադմին։ Գինը՝ 450 000 ֏-ից։ Ցույց տա՞մ, թե ինչպես կլինի ձեզ մոտ։","Здравствуйте! Меня зовут Азат, я делаю сайты для бизнесов в Армении (EVNWEB). Заметил, что у ЕКО Guest House нет своего сайта. Могу прислать короткое видео, как работает сайт отеля: прямая бронь без комиссии Booking, календарь занятости и админка. Цена от 450 000 ֏. Показать, как это будет выглядеть у вас?",,,,
11,3,Ara&Gaya,гостевой дом,Ереван,+37455999670,"Բարև Ձեզ։ Ես Ազատն եմ, կայքեր եմ պատրաստում Հայաստանի բիզնեսների համար (EVNWEB)։ Նկատեցի, որ Ara&Gaya-ը չունի սեփական կայք։ Կարող եմ ուղարկել կարճ տեսանյութ, թե ինչպես է աշխատում հյուրանոցի կայքը՝ ուղիղ ամրագրում առանց Booking-ի միջնորդավճարի, զբաղվածության օրացույց և ադմին։ Գինը՝ 450 000 ֏-ից։ Ցույց տա՞մ, թե ինչպես կլինի ձեզ մոտ։","Здравствуйте! Меня зовут Азат, я делаю сайты для бизнесов в Армении (EVNWEB). Заметил, что у Ara&Gaya нет своего сайта. Могу прислать короткое видео, как работает сайт отеля: прямая бронь без комиссии Booking, календарь занятости и админка. Цена от 450 000 ֏. Показать, как это будет выглядеть у вас?",,,,
11,3,Art Guest House,гостевой дом,Ереван,+37491567466,"Բարև Ձեզ։ Ես Ազատն եմ, կայքեր եմ պատրաստում Հայաստանի բիզնեսների համար (EVNWEB)։ Նկատեցի, որ Art Guest House-ը չունի սեփական կայք։ Կարող եմ ուղարկել կարճ տեսանյութ, թե ինչպես է աշխատում հյուրանոցի կայքը՝ ուղիղ ամրագրում առանց Booking-ի միջնորդավճարի, զբաղվածության օրացույց և ադմին։ Գինը՝ 450 000 ֏-ից։ Ցույց տա՞մ, թե ինչպես կլինի ձեզ մոտ։","Здравствуйте! Меня зовут Азат, я делаю сайты для бизнесов в Армении (EVNWEB). Заметил, что у Art Guest House нет своего сайта. Могу прислать короткое видео, как работает сайт отеля: прямая бронь без комиссии Booking, календарь занятости и админка. Цена от 450 000 ֏. Показать, как это будет выглядеть у вас?",,,,
11,3,Blanco Guest House,гостевой дом,Ереван,+37495622709,"Բարև Ձեզ։ Ես Ազատն եմ, կայքեր եմ պատրաստում Հայաստանի բիզնեսների համար (EVNWEB)։ Նկատեցի, որ Blanco Guest House-ը չունի սեփական կայք։ Կարող եմ ուղարկել կարճ տեսանյութ, թե ինչպես է աշխատում հյուրանոցի կայքը՝ ուղիղ ամրագրում առանց Booking-ի միջնորդավճարի, զբաղվածության օրացույց և ադմին։ Գինը՝ 450 000 ֏-ից։ Ցույց տա՞մ, թե ինչպես կլինի ձեզ մոտ։","Здравствуйте! Меня зовут Азат, я делаю сайты для бизнесов в Армении (EVNWEB). Заметил, что у Blanco Guest House нет своего сайта. Могу прислать короткое видео, как работает сайт отеля: прямая бронь без комиссии Booking, календарь занятости и админка. Цена от 450 000 ֏. Показать, как это будет выглядеть у вас?",,,,
11,3,Kond Apart House,гостевой дом,Ереван,+37496992599,"Բարև Ձեզ։ Ես Ազատն եմ, կայքեր եմ պատրաստում Հայաստանի բիզնեսների համար (EVNWEB)։ Նկատեցի, որ Kond Apart House-ը չունի սեփական կայք։ Կարող եմ ուղարկել կարճ տեսանյութ, թե ինչպես է աշխատում հյուրանոցի կայքը՝ ուղիղ ամրագրում առանց Booking-ի միջնորդավճարի, զբաղվածության օրացույց և ադմին։ Գինը՝ 450 000 ֏-ից։ Ցույց տա՞մ, թե ինչպես կլինի ձեզ մոտ։","Здравствуйте! Меня зовут Азат, я делаю сайты для бизнесов в Армении (EVNWEB). Заметил, что у Kond Apart House нет своего сайта. Могу прислать короткое видео, как работает сайт отеля: прямая бронь без комиссии Booking, календарь занятости и админка. Цена от 450 000 ֏. Показать, как это будет выглядеть у вас?",,,,
11,3,Margaryan,гостевой дом,Ереван,+37491535144,"Բարև Ձեզ։ Ես Ազատն եմ, կայքեր եմ պատրաստում Հայաստանի բիզնեսների համար (EVNWEB)։ Նկատեցի, որ Margaryan-ը չունի սեփական կայք։ Կարող եմ ուղարկել կարճ տեսանյութ, թե ինչպես է աշխատում հյուրանոցի կայքը՝ ուղիղ ամրագրում առանց Booking-ի միջնորդավճարի, զբաղվածության օրացույց և ադմին։ Գինը՝ 450 000 ֏-ից։ Ցույց տա՞մ, թե ինչպես կլինի ձեզ մոտ։","Здравствуйте! Меня зовут Азат, я делаю сайты для бизнесов в Армении (EVNWEB). Заметил, что у Margaryan нет своего сайта. Могу прислать короткое видео, как работает сайт отеля: прямая бронь без комиссии Booking, календарь занятости и админка. Цена от 450 000 ֏. Показать, как это будет выглядеть у вас?",,,,
11,3,Otyak,гостевой дом,Ереван,+37441550607,"Բարև Ձեզ։ Ես Ազատն եմ, կայքեր եմ պատրաստում Հայաստանի բիզնեսների համար (EVNWEB)։ Նկատեցի, որ Otyak-ը չունի սեփական կայք։ Կարող եմ ուղարկել կարճ տեսանյութ, թե ինչպես է աշխատում հյուրանոցի կայքը՝ ուղիղ ամրագրում առանց Booking-ի միջնորդավճարի, զբաղվածության օրացույց և ադմին։ Գինը՝ 450 000 ֏-ից։ Ցույց տա՞մ, թե ինչպես կլինի ձեզ մոտ։","Здравствуйте! Меня зовут Азат, я делаю сайты для бизнесов в Армении (EVNWEB). Заметил, что у Otyak нет своего сайта. Могу прислать короткое видео, как работает сайт отеля: прямая бронь без комиссии Booking, календарь занятости и админка. Цена от 450 000 ֏. Показать, как это будет выглядеть у вас?",,,,
11,3,Villa Ayghedzor,гостевой дом,Ереван,+37410561156,"Բարև Ձեզ։ Ես Ազատն եմ, կայքեր եմ պատրաստում Հայաստանի բիզնեսների համար (EVNWEB)։ Նկատեցի, որ Villa Ayghedzor-ը չունի սեփական կայք։ Կարող եմ ուղարկել կարճ տեսանյութ, թե ինչպես է աշխատում հյուրանոցի կայքը՝ ուղիղ ամրագրում առանց Booking-ի միջնորդավճարի, զբաղվածության օրացույց և ադմին։ Գինը՝ 450 000 ֏-ից։ Ցույց տա՞մ, թե ինչպես կլինի ձեզ մոտ։","Здравствуйте! Меня зовут Азат, я делаю сайты для бизнесов в Армении (EVNWEB). Заметил, что у Villa Ayghedzor нет своего сайта. Могу прислать короткое видео, как работает сайт отеля: прямая бронь без комиссии Booking, календарь занятости и админка. Цена от 450 000 ֏. Показать, как это будет выглядеть у вас?",ne_mobilny,,,
11,3,Zovy Guest House,гостевой дом,Ереван,+37493131122,"Բարև Ձեզ։ Ես Ազատն եմ, կայքեր եմ պատրաստում Հայաստանի բիզնեսների համար (EVNWEB)։ Նկատեցի, որ Zovy Guest House-ը չունի սեփական կայք։ Կարող եմ ուղարկել կարճ տեսանյութ, թե ինչպես է աշխատում հյուրանոցի կայքը՝ ուղիղ ամրագրում առանց Booking-ի միջնորդավճարի, զբաղվածության օրացույց և ադմին։ Գինը՝ 450 000 ֏-ից։ Ցույց տա՞մ, թե ինչպես կլինի ձեզ մոտ։","Здравствуйте! Меня зовут Азат, я делаю сайты для бизнесов в Армении (EVNWEB). Заметил, что у Zovy Guest House нет своего сайта. Могу прислать короткое видео, как работает сайт отеля: прямая бронь без комиссии Booking, календарь занятости и админка. Цена от 450 000 ֏. Показать, как это будет выглядеть у вас?",,,,
11,3,ARVAN1,гостевой дом,Ереван,+37494069990,"Բարև Ձեզ։ Ես Ազատն եմ, կայքեր եմ պատրաստում Հայաստանի բիզնեսների համար (EVNWEB)։ Նկատեցի, որ ARVAN1-ը չունի սեփական կայք։ Կարող եմ ուղարկել կարճ տեսանյութ, թե ինչպես է աշխատում հյուրանոցի կայքը՝ ուղիղ ամրագրում առանց Booking-ի միջնորդավճարի, զբաղվածության օրացույց և ադմին։ Գինը՝ 450 000 ֏-ից։ Ցույց տա՞մ, թե ինչպես կլինի ձեզ մոտ։","Здравствуйте! Меня зовут Азат, я делаю сайты для бизнесов в Армении (EVNWEB). Заметил, что у ARVAN1 нет своего сайта. Могу прислать короткое видео, как работает сайт отеля: прямая бронь без комиссии Booking, календарь занятости и админка. Цена от 450 000 ֏. Показать, как это будет выглядеть у вас?",,,,
11,3,ARVAN3,гостевой дом,Ереван,+37494069990,"Բարև Ձեզ։ Ես Ազատն եմ, կայքեր եմ պատրաստում Հայաստանի բիզնեսների համար (EVNWEB)։ Նկատեցի, որ ARVAN3-ը չունի սեփական կայք։ Կարող եմ ուղարկել կարճ տեսանյութ, թե ինչպես է աշխատում հյուրանոցի կայքը՝ ուղիղ ամրագրում առանց Booking-ի միջնորդավճարի, զբաղվածության օրացույց և ադմին։ Գինը՝ 450 000 ֏-ից։ Ցույց տա՞մ, թե ինչպես կլինի ձեզ մոտ։","Здравствуйте! Меня зовут Азат, я делаю сайты для бизнесов в Армении (EVNWEB). Заметил, что у ARVAN3 нет своего сайта. Могу прислать короткое видео, как работает сайт отеля: прямая бронь без комиссии Booking, календарь занятости и админка. Цена от 450 000 ֏. Показать, как это будет выглядеть у вас?",dubl,,,
11,3,Villa Delenda,гостевой дом,Ереван,+37410561156,"Բարև Ձեզ։ Ես Ազատն եմ, կայքեր եմ պատրաստում Հայաստանի բիզնեսների համար (EVNWEB)։ Նկատեցի, որ Villa Delenda-ը չունի սեփական կայք։ Կարող եմ ուղարկել կարճ տեսանյութ, թե ինչպես է աշխատում հյուրանոցի կայքը՝ ուղիղ ամրագրում առանց Booking-ի միջնորդավճարի, զբաղվածության օրացույց և ադմին։ Գինը՝ 450 000 ֏-ից։ Ցույց տա՞մ, թե ինչպես կլինի ձեզ մոտ։","Здравствуйте! Меня зовут Азат, я делаю сайты для бизнесов в Армении (EVNWEB). Заметил, что у Villa Delenda нет своего сайта. Могу прислать короткое видео, как работает сайт отеля: прямая бронь без комиссии Booking, календарь занятости и админка. Цена от 450 000 ֏. Показать, как это будет выглядеть у вас?",ne_mobilny,,,
11,3,Зонтик,кафе,Ереван,+37477750888,"Բարև Ձեզ։ Ես Ազատն եմ, կայքեր եմ պատրաստում Հայաստանի բիզնեսների համար (EVNWEB)։ Նկատեցի, որ Зонтик-ը չունի սեփական կայք։ Կարող եմ ուղարկել կարճ տեսանյութ, թե ինչպես է աշխատում ռեստորանի կայքը՝ մենյու 3 լեզվով, սեղանի ամրագրում և ադմին, որտեղ գները փոխում եք ինքներդ։ Գինը՝ 280 000 ֏-ից։ Ցույց տա՞մ, թե ինչպես կլինի ձեզ մոտ։","Здравствуйте! Меня зовут Азат, я делаю сайты для бизнесов в Армении (EVNWEB). Заметил, что у Зонтик нет своего сайта. Могу прислать короткое видео, как работает сайт ресторана: меню на 3 языках, бронь столов и админка, где цены меняете сами. Цена от 280 000 ֏. Показать, как это будет выглядеть у вас?",,,,
11,3,202°F,кафе,Ереван,+37495488466,"Բարև Ձեզ։ Ես Ազատն եմ, կայքեր եմ պատրաստում Հայաստանի բիզնեսների համար (EVNWEB)։ Նկատեցի, որ 202°F-ը չունի սեփական կայք։ Կարող եմ ուղարկել կարճ տեսանյութ, թե ինչպես է աշխատում ռեստորանի կայքը՝ մենյու 3 լեզվով, սեղանի ամրագրում և ադմին, որտեղ գները փոխում եք ինքներդ։ Գինը՝ 280 000 ֏-ից։ Ցույց տա՞մ, թե ինչպես կլինի ձեզ մոտ։","Здравствуйте! Меня зовут Азат, я делаю сайты для бизнесов в Армении (EVNWEB). Заметил, что у 202°F нет своего сайта. Могу прислать короткое видео, как работает сайт ресторана: меню на 3 языках, бронь столов и админка, где цены меняете сами. Цена от 280 000 ֏. Показать, как это будет выглядеть у вас?",,,,
11,3,33 Pizzas,кафе,Ереван,+37411333030,"Բարև Ձեզ։ Ես Ազատն եմ, կայքեր եմ պատրաստում Հայաստանի բիզնեսների համար (EVNWEB)։ Նկատեցի, որ 33 Pizzas-ը չունի սեփական կայք։ Կարող եմ ուղարկել կարճ տեսանյութ, թե ինչպես է աշխատում ռեստորանի կայքը՝ մենյու 3 լեզվով, սեղանի ամրագրում և ադմին, որտեղ գները փոխում եք ինքներդ։ Գինը՝ 280 000 ֏-ից։ Ցույց տա՞մ, թե ինչպես կլինի ձեզ մոտ։","Здравствуйте! Меня зовут Азат, я делаю сайты для бизнесов в Армении (EVNWEB). Заметил, что у 33 Pizzas нет своего сайта. Могу прислать короткое видео, как работает сайт ресторана: меню на 3 языках, бронь столов и админка, где цены меняете сами. Цена от 280 000 ֏. Показать, как это будет выглядеть у вас?",ne_mobilny,,,
11,3,Atrium,кафе,Ереван,+37441545545,"Բարև Ձեզ։ Ես Ազատն եմ, կայքեր եմ պատրաստում Հայաստանի բիզնեսների համար (EVNWEB)։ Նկատեցի, որ Atrium-ը չունի սեփական կայք։ Կարող եմ ուղարկել կարճ տեսանյութ, թե ինչպես է աշխատում ռեստորանի կայքը՝ մենյու 3 լեզվով, սեղանի ամրագրում և ադմին, որտեղ գները փոխում եք ինքներդ։ Գինը՝ 280 000 ֏-ից։ Ցույց տա՞մ, թե ինչպես կլինի ձեզ մոտ։","Здравствуйте! Меня зовут Азат, я делаю сайты для бизнесов в Армении (EVNWEB). Заметил, что у Atrium нет своего сайта. Могу прислать короткое видео, как работает сайт ресторана: меню на 3 языках, бронь столов и админка, где цены меняете сами. Цена от 280 000 ֏. Показать, как это будет выглядеть у вас?",,,,
11,3,Bourbon,кафе,Ереван,+37499491111,"Բարև Ձեզ։ Ես Ազատն եմ, կայքեր եմ պատրաստում Հայաստանի բիզնեսների համար (EVNWEB)։ Նկատեցի, որ Bourbon-ը չունի սեփական կայք։ Կարող եմ ուղարկել կարճ տեսանյութ, թե ինչպես է աշխատում ռեստորանի կայքը՝ մենյու 3 լեզվով, սեղանի ամրագրում և ադմին, որտեղ գները փոխում եք ինքներդ։ Գինը՝ 280 000 ֏-ից։ Ցույց տա՞մ, թե ինչպես կլինի ձեզ մոտ։","Здравствуйте! Меня зовут Азат, я делаю сайты для бизнесов в Армении (EVNWEB). Заметил, что у Bourbon нет своего сайта. Могу прислать короткое видео, как работает сайт ресторана: меню на 3 языках, бронь столов и админка, где цены меняете сами. Цена от 280 000 ֏. Показать, как это будет выглядеть у вас?",,,,
11,3,Chalet,кафе,Ереван,+37410580243,"Բարև Ձեզ։ Ես Ազատն եմ, կայքեր եմ պատրաստում Հայաստանի բիզնեսների համար (EVNWEB)։ Նկատեցի, որ Chalet-ը չունի սեփական կայք։ Կարող եմ ուղարկել կարճ տեսանյութ, թե ինչպես է աշխատում ռեստորանի կայքը՝ մենյու 3 լեզվով, սեղանի ամրագրում և ադմին, որտեղ գները փոխում եք ինքներդ։ Գինը՝ 280 000 ֏-ից։ Ցույց տա՞մ, թե ինչպես կլինի ձեզ մոտ։","Здравствуйте! Меня зовут Азат, я делаю сайты для бизнесов в Армении (EVNWEB). Заметил, что у Chalet нет своего сайта. Могу прислать короткое видео, как работает сайт ресторана: меню на 3 языках, бронь столов и админка, где цены меняете сами. Цена от 280 000 ֏. Показать, как это будет выглядеть у вас?",ne_mobilny,,,
11,3,Chaman,кафе,Ереван,+37441222111,"Բարև Ձեզ։ Ես Ազատն եմ, կայքեր եմ պատրաստում Հայաստանի բիզնեսների համար (EVNWEB)։ Նկատեցի, որ Chaman-ը չունի սեփական կայք։ Կարող եմ ուղարկել կարճ տեսանյութ, թե ինչպես է աշխատում ռեստորանի կայքը՝ մենյու 3 լեզվով, սեղանի ամրագրում և ադմին, որտեղ գները փոխում եք ինքներդ։ Գինը՝ 280 000 ֏-ից։ Ցույց տա՞մ, թե ինչպես կլինի ձեզ մոտ։","Здравствуйте! Меня зовут Азат, я делаю сайты для бизнесов в Армении (EVNWEB). Заметил, что у Chaman нет своего сайта. Могу прислать короткое видео, как работает сайт ресторана: меню на 3 языках, бронь столов и админка, где цены меняете сами. Цена от 280 000 ֏. Показать, как это будет выглядеть у вас?",,,,
11,3,Coffee Centre,кафе,Ереван,+37433454445,"Բարև Ձեզ։ Ես Ազատն եմ, կայքեր եմ պատրաստում Հայաստանի բիզնեսների համար (EVNWEB)։ Նկատեցի, որ Coffee Centre-ը չունի սեփական կայք։ Կարող եմ ուղարկել կարճ տեսանյութ, թե ինչպես է աշխատում ռեստորանի կայքը՝ մենյու 3 լեզվով, սեղանի ամրագրում և ադմին, որտեղ գները փոխում եք ինքներդ։ Գինը՝ 280 000 ֏-ից։ Ցույց տա՞մ, թե ինչպես կլինի ձեզ մոտ։","Здравствуйте! Меня зовут Азат, я делаю сайты для бизнесов в Армении (EVNWEB). Заметил, что у Coffee Centre нет своего сайта. Могу прислать короткое видео, как работает сайт ресторана: меню на 3 языках, бронь столов и админка, где цены меняете сами. Цена от 280 000 ֏. Показать, как это будет выглядеть у вас?",,,,
12,3,Coffeesta,кафе,Ереван,+37433822228,"Բարև Ձեզ։ Ես Ազատն եմ, կայքեր եմ պատրաստում Հայաստանի բիզնեսների համար (EVNWEB)։ Նկատեցի, որ Coffeesta-ը չունի սեփական կայք։ Կարող եմ ուղարկել կարճ տեսանյութ, թե ինչպես է աշխատում ռեստորանի կայքը՝ մենյու 3 լեզվով, սեղանի ամրագրում և ադմին, որտեղ գները փոխում եք ինքներդ։ Գինը՝ 280 000 ֏-ից։ Ցույց տա՞մ, թե ինչպես կլինի ձեզ մոտ։","Здравствуйте! Меня зовут Азат, я делаю сайты для бизнесов в Армении (EVNWEB). Заметил, что у Coffeesta нет своего сайта. Могу прислать короткое видео, как работает сайт ресторана: меню на 3 языках, бронь столов и админка, где цены меняете сами. Цена от 280 000 ֏. Показать, как это будет выглядеть у вас?",,,,
12,3,Cultura Coffee,кафе,Ереван,+37499234923,"Բարև Ձեզ։ Ես Ազատն եմ, կայքեր եմ պատրաստում Հայաստանի բիզնեսների համար (EVNWEB)։ Նկատեցի, որ Cultura Coffee-ը չունի սեփական կայք։ Կարող եմ ուղարկել կարճ տեսանյութ, թե ինչպես է աշխատում ռեստորանի կայքը՝ մենյու 3 լեզվով, սեղանի ամրագրում և ադմին, որտեղ գները փոխում եք ինքներդ։ Գինը՝ 280 000 ֏-ից։ Ցույց տա՞մ, թե ինչպես կլինի ձեզ մոտ։","Здравствуйте! Меня зовут Азат, я делаю сайты для бизнесов в Армении (EVNWEB). Заметил, что у Cultura Coffee нет своего сайта. Могу прислать короткое видео, как работает сайт ресторана: меню на 3 языках, бронь столов и админка, где цены меняете сами. Цена от 280 000 ֏. Показать, как это будет выглядеть у вас?",,,,
12,3,Danielyan Sweets,кафе,Ереван,+37494642645,"Բարև Ձեզ։ Ես Ազատն եմ, կայքեր եմ պատրաստում Հայաստանի բիզնեսների համար (EVNWEB)։ Նկատեցի, որ Danielyan Sweets-ը չունի սեփական կայք։ Կարող եմ ուղարկել կարճ տեսանյութ, թե ինչպես է աշխատում ռեստորանի կայքը՝ մենյու 3 լեզվով, սեղանի ամրագրում և ադմին, որտեղ գները փոխում եք ինքներդ։ Գինը՝ 280 000 ֏-ից։ Ցույց տա՞մ, թե ինչպես կլինի ձեզ մոտ։","Здравствуйте! Меня зовут Азат, я делаю сайты для бизнесов в Армении (EVNWEB). Заметил, что у Danielyan Sweets нет своего сайта. Могу прислать короткое видео, как работает сайт ресторана: меню на 3 языках, бронь столов и админка, где цены меняете сами. Цена от 280 000 ֏. Показать, как это будет выглядеть у вас?",,,,
12,3,Dip'n'dip,кафе,Ереван,+37477117118,"Բարև Ձեզ։ Ես Ազատն եմ, կայքեր եմ պատրաստում Հայաստանի բիզնեսների համար (EVNWEB)։ Նկատեցի, որ Dip'n'dip-ը չունի սեփական կայք։ Կարող եմ ուղարկել կարճ տեսանյութ, թե ինչպես է աշխատում ռեստորանի կայքը՝ մենյու 3 լեզվով, սեղանի ամրագրում և ադմին, որտեղ գները փոխում եք ինքներդ։ Գինը՝ 280 000 ֏-ից։ Ցույց տա՞մ, թե ինչպես կլինի ձեզ մոտ։","Здравствуйте! Меня зовут Азат, я делаю сайты для бизнесов в Армении (EVNWEB). Заметил, что у Dip'n'dip нет своего сайта. Могу прислать короткое видео, как работает сайт ресторана: меню на 3 языках, бронь столов и админка, где цены меняете сами. Цена от 280 000 ֏. Показать, как это будет выглядеть у вас?",,,,
12,3,DOC Therapy,кафе,Ереван,+37455440333,"Բարև Ձեզ։ Ես Ազատն եմ, կայքեր եմ պատրաստում Հայաստանի բիզնեսների համար (EVNWEB)։ Նկատեցի, որ DOC Therapy-ը չունի սեփական կայք։ Կարող եմ ուղարկել կարճ տեսանյութ, թե ինչպես է աշխատում ռեստորանի կայքը՝ մենյու 3 լեզվով, սեղանի ամրագրում և ադմին, որտեղ գները փոխում եք ինքներդ։ Գինը՝ 280 000 ֏-ից։ Ցույց տա՞մ, թե ինչպես կլինի ձեզ մոտ։","Здравствуйте! Меня зовут Азат, я делаю сайты для бизнесов в Армении (EVNWEB). Заметил, что у DOC Therapy нет своего сайта. Могу прислать короткое видео, как работает сайт ресторана: меню на 3 языках, бронь столов и админка, где цены меняете сами. Цена от 280 000 ֏. Показать, как это будет выглядеть у вас?",,,,
12,3,Dzen of food,кафе,Ереван,+37499904304,"Բարև Ձեզ։ Ես Ազատն եմ, կայքեր եմ պատրաստում Հայաստանի բիզնեսների համար (EVNWEB)։ Նկատեցի, որ Dzen of food-ը չունի սեփական կայք։ Կարող եմ ուղարկել կարճ տեսանյութ, թե ինչպես է աշխատում ռեստորանի կայքը՝ մենյու 3 լեզվով, սեղանի ամրագրում և ադմին, որտեղ գները փոխում եք ինքներդ։ Գինը՝ 280 000 ֏-ից։ Ցույց տա՞մ, թե ինչպես կլինի ձեզ մոտ։","Здравствуйте! Меня зовут Азат, я делаю сайты для бизнесов в Армении (EVNWEB). Заметил, что у Dzen of food нет своего сайта. Могу прислать короткое видео, как работает сайт ресторана: меню на 3 языках, бронь столов и админка, где цены меняете сами. Цена от 280 000 ֏. Показать, как это будет выглядеть у вас?",,,,
12,3,EG Smoke,кафе,Ереван,+37491812626,"Բարև Ձեզ։ Ես Ազատն եմ, կայքեր եմ պատրաստում Հայաստանի բիզնեսների համար (EVNWEB)։ Նկատեցի, որ EG Smoke-ը չունի սեփական կայք։ Կարող եմ ուղարկել կարճ տեսանյութ, թե ինչպես է աշխատում ռեստորանի կայքը՝ մենյու 3 լեզվով, սեղանի ամրագրում և ադմին, որտեղ գները փոխում եք ինքներդ։ Գինը՝ 280 000 ֏-ից։ Ցույց տա՞մ, թե ինչպես կլինի ձեզ մոտ։","Здравствуйте! Меня зовут Азат, я делаю сайты для бизнесов в Армении (EVNWEB). Заметил, что у EG Smoke нет своего сайта. Могу прислать короткое видео, как работает сайт ресторана: меню на 3 языках, бронь столов и админка, где цены меняете сами. Цена от 280 000 ֏. Показать, как это будет выглядеть у вас?",,,,
12,3,Eat&Fit,кафе,Ереван,+37411588080,"Բարև Ձեզ։ Ես Ազատն եմ, կայքեր եմ պատրաստում Հայաստանի բիզնեսների համար (EVNWEB)։ Նկատեցի, որ Eat&Fit-ը չունի սեփական կայք։ Կարող եմ ուղարկել կարճ տեսանյութ, թե ինչպես է աշխատում ռեստորանի կայքը՝ մենյու 3 լեզվով, սեղանի ամրագրում և ադմին, որտեղ գները փոխում եք ինքներդ։ Գինը՝ 280 000 ֏-ից։ Ցույց տա՞մ, թե ինչպես կլինի ձեզ մոտ։","Здравствуйте! Меня зовут Азат, я делаю сайты для бизнесов в Армении (EVNWEB). Заметил, что у Eat&Fit нет своего сайта. Могу прислать короткое видео, как работает сайт ресторана: меню на 3 языках, бронь столов и админка, где цены меняете сами. Цена от 280 000 ֏. Показать, как это будет выглядеть у вас?",ne_mobilny,,,
12,3,Eurocafe,кафе,Ереван,+37491420221,"Բարև Ձեզ։ Ես Ազատն եմ, կայքեր եմ պատրաստում Հայաստանի բիզնեսների համար (EVNWEB)։ Նկատեցի, որ Eurocafe-ը չունի սեփական կայք։ Կարող եմ ուղարկել կարճ տեսանյութ, թե ինչպես է աշխատում ռեստորանի կայքը՝ մենյու 3 լեզվով, սեղանի ամրագրում և ադմին, որտեղ գները փոխում եք ինքներդ։ Գինը՝ 280 000 ֏-ից։ Ցույց տա՞մ, թե ինչպես կլինի ձեզ մոտ։","Здравствуйте! Меня зовут Азат, я делаю сайты для бизнесов в Армении (EVNWEB). Заметил, что у Eurocafe нет своего сайта. Могу прислать короткое видео, как работает сайт ресторана: меню на 3 языках, бронь столов и админка, где цены меняете сами. Цена от 280 000 ֏. Показать, как это будет выглядеть у вас?",,,,
12,3,Garden Park,кафе,Ереван,+37410219966,"Բարև Ձեզ։ Ես Ազատն եմ, կայքեր եմ պատրաստում Հայաստանի բիզնեսների համար (EVNWEB)։ Նկատեցի, որ Garden Park-ը չունի սեփական կայք։ Կարող եմ ուղարկել կարճ տեսանյութ, թե ինչպես է աշխատում ռեստորանի կայքը՝ մենյու 3 լեզվով, սեղանի ամրագրում և ադմին, որտեղ գները փոխում եք ինքներդ։ Գինը՝ 280 000 ֏-ից։ Ցույց տա՞մ, թե ինչպես կլինի ձեզ մոտ։","Здравствуйте! Меня зовут Азат, я делаю сайты для бизнесов в Армении (EVNWEB). Заметил, что у Garden Park нет своего сайта. Могу прислать короткое видео, как работает сайт ресторана: меню на 3 языках, бронь столов и админка, где цены меняете сами. Цена от 280 000 ֏. Показать, как это будет выглядеть у вас?",ne_mobilny,,,
12,3,Hatsarat Fresca,кафе,Ереван,+37410532411,"Բարև Ձեզ։ Ես Ազատն եմ, կայքեր եմ պատրաստում Հայաստանի բիզնեսների համար (EVNWEB)։ Նկատեցի, որ Hatsarat Fresca-ը չունի սեփական կայք։ Կարող եմ ուղարկել կարճ տեսանյութ, թե ինչպես է աշխատում ռեստորանի կայքը՝ մենյու 3 լեզվով, սեղանի ամրագրում և ադմին, որտեղ գները փոխում եք ինքներդ։ Գինը՝ 280 000 ֏-ից։ Ցույց տա՞մ, թե ինչպես կլինի ձեզ մոտ։","Здравствуйте! Меня зовут Азат, я делаю сайты для бизнесов в Армении (EVNWEB). Заметил, что у Hatsarat Fresca нет своего сайта. Могу прислать короткое видео, как работает сайт ресторана: меню на 3 языках, бронь столов и админка, где цены меняете сами. Цена от 280 000 ֏. Показать, как это будет выглядеть у вас?",ne_mobilny,,,
12,3,Imperia sushi,кафе,Ереван,+37494831828,"Բարև Ձեզ։ Ես Ազատն եմ, կայքեր եմ պատրաստում Հայաստանի բիզնեսների համար (EVNWEB)։ Նկատեցի, որ Imperia sushi-ը չունի սեփական կայք։ Կարող եմ ուղարկել կարճ տեսանյութ, թե ինչպես է աշխատում ռեստորանի կայքը՝ մենյու 3 լեզվով, սեղանի ամրագրում և ադմին, որտեղ գները փոխում եք ինքներդ։ Գինը՝ 280 000 ֏-ից։ Ցույց տա՞մ, թե ինչպես կլինի ձեզ մոտ։","Здравствуйте! Меня зовут Азат, я делаю сайты для бизнесов в Армении (EVNWEB). Заметил, что у Imperia sushi нет своего сайта. Могу прислать короткое видео, как работает сайт ресторана: меню на 3 языках, бронь столов и админка, где цены меняете сами. Цена от 280 000 ֏. Показать, как это будет выглядеть у вас?",,,,
12,3,Indian Food Corner,кафе,Ереван,+37477771119,"Բարև Ձեզ։ Ես Ազատն եմ, կայքեր եմ պատրաստում Հայաստանի բիզնեսների համար (EVNWEB)։ Նկատեցի, որ Indian Food Corner-ը չունի սեփական կայք։ Կարող եմ ուղարկել կարճ տեսանյութ, թե ինչպես է աշխատում ռեստորանի կայքը՝ մենյու 3 լեզվով, սեղանի ամրագրում և ադմին, որտեղ գները փոխում եք ինքներդ։ Գինը՝ 280 000 ֏-ից։ Ցույց տա՞մ, թե ինչպես կլինի ձեզ մոտ։","Здравствуйте! Меня зовут Азат, я делаю сайты для бизнесов в Армении (EVNWEB). Заметил, что у Indian Food Corner нет своего сайта. Могу прислать короткое видео, как работает сайт ресторана: меню на 3 языках, бронь столов и админка, где цены меняете сами. Цена от 280 000 ֏. Показать, как это будет выглядеть у вас?",,,,
12,3,Jay Kuber,кафе,Ереван,+37433453145,"Բարև Ձեզ։ Ես Ազատն եմ, կայքեր եմ պատրաստում Հայաստանի բիզնեսների համար (EVNWEB)։ Նկատեցի, որ Jay Kuber-ը չունի սեփական կայք։ Կարող եմ ուղարկել կարճ տեսանյութ, թե ինչպես է աշխատում ռեստորանի կայքը՝ մենյու 3 լեզվով, սեղանի ամրագրում և ադմին, որտեղ գները փոխում եք ինքներդ։ Գինը՝ 280 000 ֏-ից։ Ցույց տա՞մ, թե ինչպես կլինի ձեզ մոտ։","Здравствуйте! Меня зовут Азат, я делаю сайты для бизнесов в Армении (EVNWEB). Заметил, что у Jay Kuber нет своего сайта. Могу прислать короткое видео, как работает сайт ресторана: меню на 3 языках, бронь столов и админка, где цены меняете сами. Цена от 280 000 ֏. Показать, как это будет выглядеть у вас?",,,,
12,3,Kaffe Spot,кафе,Ереван,+37477069699,"Բարև Ձեզ։ Ես Ազատն եմ, կայքեր եմ պատրաստում Հայաստանի բիզնեսների համար (EVNWEB)։ Նկատեցի, որ Kaffe Spot-ը չունի սեփական կայք։ Կարող եմ ուղարկել կարճ տեսանյութ, թե ինչպես է աշխատում ռեստորանի կայքը՝ մենյու 3 լեզվով, սեղանի ամրագրում և ադմին, որտեղ գները փոխում եք ինքներդ։ Գինը՝ 280 000 ֏-ից։ Ցույց տա՞մ, թե ինչպես կլինի ձեզ մոտ։","Здравствуйте! Меня зовут Азат, я делаю сайты для бизнесов в Армении (EVNWEB). Заметил, что у Kaffe Spot нет своего сайта. Могу прислать короткое видео, как работает сайт ресторана: меню на 3 языках, бронь столов и админка, где цены меняете сами. Цена от 280 000 ֏. Показать, как это будет выглядеть у вас?",,,,
12,3,King Garden,кафе,Ереван,+37460500909,"Բարև Ձեզ։ Ես Ազատն եմ, կայքեր եմ պատրաստում Հայաստանի բիզնեսների համար (EVNWEB)։ Նկատեցի, որ King Garden-ը չունի սեփական կայք։ Կարող եմ ուղարկել կարճ տեսանյութ, թե ինչպես է աշխատում ռեստորանի կայքը՝ մենյու 3 լեզվով, սեղանի ամրագրում և ադմին, որտեղ գները փոխում եք ինքներդ։ Գինը՝ 280 000 ֏-ից։ Ցույց տա՞մ, թե ինչպես կլինի ձեզ մոտ։","Здравствуйте! Меня зовут Азат, я делаю сайты для бизнесов в Армении (EVNWEB). Заметил, что у King Garden нет своего сайта. Могу прислать короткое видео, как работает сайт ресторана: меню на 3 языках, бронь столов и админка, где цены меняете сами. Цена от 280 000 ֏. Показать, как это будет выглядеть у вас?",ne_mobilny,,,
12,3,La vita,кафе,Ереван,+37443316016,"Բարև Ձեզ։ Ես Ազատն եմ, կայքեր եմ պատրաստում Հայաստանի բիզնեսների համար (EVNWEB)։ Նկատեցի, որ La vita-ը չունի սեփական կայք։ Կարող եմ ուղարկել կարճ տեսանյութ, թե ինչպես է աշխատում ռեստորանի կայքը՝ մենյու 3 լեզվով, սեղանի ամրագրում և ադմին, որտեղ գները փոխում եք ինքներդ։ Գինը՝ 280 000 ֏-ից։ Ցույց տա՞մ, թե ինչպես կլինի ձեզ մոտ։","Здравствуйте! Меня зовут Азат, я делаю сайты для бизнесов в Армении (EVNWEB). Заметил, что у La vita нет своего сайта. Могу прислать короткое видео, как работает сайт ресторана: меню на 3 языках, бронь столов и админка, где цены меняете сами. Цена от 280 000 ֏. Показать, как это будет выглядеть у вас?",,,,
12,3,Library,кафе,Ереван,+37460446044,"Բարև Ձեզ։ Ես Ազատն եմ, կայքեր եմ պատրաստում Հայաստանի բիզնեսների համար (EVNWEB)։ Նկատեցի, որ Library-ը չունի սեփական կայք։ Կարող եմ ուղարկել կարճ տեսանյութ, թե ինչպես է աշխատում ռեստորանի կայքը՝ մենյու 3 լեզվով, սեղանի ամրագրում և ադմին, որտեղ գները փոխում եք ինքներդ։ Գինը՝ 280 000 ֏-ից։ Ցույց տա՞մ, թե ինչպես կլինի ձեզ մոտ։","Здравствуйте! Меня зовут Азат, я делаю сайты для бизнесов в Армении (EVNWEB). Заметил, что у Library нет своего сайта. Могу прислать короткое видео, как работает сайт ресторана: меню на 3 языках, бронь столов и админка, где цены меняете сами. Цена от 280 000 ֏. Показать, как это будет выглядеть у вас?",ne_mobilny,,,
12,3,Lumen Coffee,кафе,Ереван,+37433001936,"Բարև Ձեզ։ Ես Ազատն եմ, կայքեր եմ պատրաստում Հայաստանի բիզնեսների համար (EVNWEB)։ Նկատեցի, որ Lumen Coffee-ը չունի սեփական կայք։ Կարող եմ ուղարկել կարճ տեսանյութ, թե ինչպես է աշխատում ռեստորանի կայքը՝ մենյու 3 լեզվով, սեղանի ամրագրում և ադմին, որտեղ գները փոխում եք ինքներդ։ Գինը՝ 280 000 ֏-ից։ Ցույց տա՞մ, թե ինչպես կլինի ձեզ մոտ։","Здравствуйте! Меня зовут Азат, я делаю сайты для бизнесов в Армении (EVNWEB). Заметил, что у Lumen Coffee нет своего сайта. Могу прислать короткое видео, как работает сайт ресторана: меню на 3 языках, бронь столов и админка, где цены меняете сами. Цена от 280 000 ֏. Показать, как это будет выглядеть у вас?",,,,
12,3,Made in China,кафе,Ереван,+37411606066,"Բարև Ձեզ։ Ես Ազատն եմ, կայքեր եմ պատրաստում Հայաստանի բիզնեսների համար (EVNWEB)։ Նկատեցի, որ Made in China-ը չունի սեփական կայք։ Կարող եմ ուղարկել կարճ տեսանյութ, թե ինչպես է աշխատում ռեստորանի կայքը՝ մենյու 3 լեզվով, սեղանի ամրագրում և ադմին, որտեղ գները փոխում եք ինքներդ։ Գինը՝ 280 000 ֏-ից։ Ցույց տա՞մ, թե ինչպես կլինի ձեզ մոտ։","Здравствуйте! Меня зовут Азат, я делаю сайты для бизнесов в Армении (EVNWEB). Заметил, что у Made in China нет своего сайта. Могу прислать короткое видео, как работает сайт ресторана: меню на 3 языках, бронь столов и админка, где цены меняете сами. Цена от 280 000 ֏. Показать, как это будет выглядеть у вас?",ne_mobilny,,,
12,3,Martini Royal,кафе,Ереван,+37460540101,"Բարև Ձեզ։ Ես Ազատն եմ, կայքեր եմ պատրաստում Հայաստանի բիզնեսների համար (EVNWEB)։ Նկատեցի, որ Martini Royal-ը չունի սեփական կայք։ Կարող եմ ուղարկել կարճ տեսանյութ, թե ինչպես է աշխատում ռեստորանի կայքը՝ մենյու 3 լեզվով, սեղանի ամրագրում և ադմին, որտեղ գները փոխում եք ինքներդ։ Գինը՝ 280 000 ֏-ից։ Ցույց տա՞մ, թե ինչպես կլինի ձեզ մոտ։","Здравствуйте! Меня зовут Азат, я делаю сайты для бизнесов в Армении (EVNWEB). Заметил, что у Martini Royal нет своего сайта. Могу прислать короткое видео, как работает сайт ресторана: меню на 3 языках, бронь столов и админка, где цены меняете сами. Цена от 280 000 ֏. Показать, как это будет выглядеть у вас?",ne_mobilny,,,
12,3,Masis Cafe,кафе,Ереван,+37455599969,"Բարև Ձեզ։ Ես Ազատն եմ, կայքեր եմ պատրաստում Հայաստանի բիզնեսների համար (EVNWEB)։ Նկատեցի, որ Masis Cafe-ը չունի սեփական կայք։ Կարող եմ ուղարկել կարճ տեսանյութ, թե ինչպես է աշխատում ռեստորանի կայքը՝ մենյու 3 լեզվով, սեղանի ամրագրում և ադմին, որտեղ գները փոխում եք ինքներդ։ Գինը՝ 280 000 ֏-ից։ Ցույց տա՞մ, թե ինչպես կլինի ձեզ մոտ։","Здравствуйте! Меня зовут Азат, я делаю сайты для бизнесов в Армении (EVNWEB). Заметил, что у Masis Cafe нет своего сайта. Могу прислать короткое видео, как работает сайт ресторана: меню на 3 языках, бронь столов и админка, где цены меняете сами. Цена от 280 000 ֏. Показать, как это будет выглядеть у вас?",,,,
12,3,Nönö,кафе,Ереван,+37455669696,"Բարև Ձեզ։ Ես Ազատն եմ, կայքեր եմ պատրաստում Հայաստանի բիզնեսների համար (EVNWEB)։ Նկատեցի, որ Nönö-ը չունի սեփական կայք։ Կարող եմ ուղարկել կարճ տեսանյութ, թե ինչպես է աշխատում ռեստորանի կայքը՝ մենյու 3 լեզվով, սեղանի ամրագրում և ադմին, որտեղ գները փոխում եք ինքներդ։ Գինը՝ 280 000 ֏-ից։ Ցույց տա՞մ, թե ինչպես կլինի ձեզ մոտ։","Здравствуйте! Меня зовут Азат, я делаю сайты для бизнесов в Армении (EVNWEB). Заметил, что у Nönö нет своего сайта. Могу прислать короткое видео, как работает сайт ресторана: меню на 3 языках, бронь столов и админка, где цены меняете сами. Цена от 280 000 ֏. Показать, как это будет выглядеть у вас?",,,,
12,3,Patar Shawarma,кафе,Ереван,+37493622002,"Բարև Ձեզ։ Ես Ազատն եմ, կայքեր եմ պատրաստում Հայաստանի բիզնեսների համար (EVNWEB)։ Նկատեցի, որ Patar Shawarma-ը չունի սեփական կայք։ Կարող եմ ուղարկել կարճ տեսանյութ, թե ինչպես է աշխատում ռեստորանի կայքը՝ մենյու 3 լեզվով, սեղանի ամրագրում և ադմին, որտեղ գները փոխում եք ինքներդ։ Գինը՝ 280 000 ֏-ից։ Ցույց տա՞մ, թե ինչպես կլինի ձեզ մոտ։","Здравствуйте! Меня зовут Азат, я делаю сайты для бизнесов в Армении (EVNWEB). Заметил, что у Patar Shawarma нет своего сайта. Могу прислать короткое видео, как работает сайт ресторана: меню на 3 языках, бронь столов и админка, где цены меняете сами. Цена от 280 000 ֏. Показать, как это будет выглядеть у вас?",,,,
12,3,Pizzanini,кафе,Ереван,+37412200602,"Բարև Ձեզ։ Ես Ազատն եմ, կայքեր եմ պատրաստում Հայաստանի բիզնեսների համար (EVNWEB)։ Նկատեցի, որ Pizzanini-ը չունի սեփական կայք։ Կարող եմ ուղարկել կարճ տեսանյութ, թե ինչպես է աշխատում ռեստորանի կայքը՝ մենյու 3 լեզվով, սեղանի ամրագրում և ադմին, որտեղ գները փոխում եք ինքներդ։ Գինը՝ 280 000 ֏-ից։ Ցույց տա՞մ, թե ինչպես կլինի ձեզ մոտ։","Здравствуйте! Меня зовут Азат, я делаю сайты для бизнесов в Армении (EVNWEB). Заметил, что у Pizzanini нет своего сайта. Могу прислать короткое видео, как работает сайт ресторана: меню на 3 языках, бронь столов и админка, где цены меняете сами. Цена от 280 000 ֏. Показать, как это будет выглядеть у вас?",ne_mobilny,,,
13,3,Selfie,кафе,Ереван,+37495404090,"Բարև Ձեզ։ Ես Ազատն եմ, կայքեր եմ պատրաստում Հայաստանի բիզնեսների համար (EVNWEB)։ Նկատեցի, որ Selfie-ը չունի սեփական կայք։ Կարող եմ ուղարկել կարճ տեսանյութ, թե ինչպես է աշխատում ռեստորանի կայքը՝ մենյու 3 լեզվով, սեղանի ամրագրում և ադմին, որտեղ գները փոխում եք ինքներդ։ Գինը՝ 280 000 ֏-ից։ Ցույց տա՞մ, թե ինչպես կլինի ձեզ մոտ։","Здравствуйте! Меня зовут Азат, я делаю сайты для бизнесов в Армении (EVNWEB). Заметил, что у Selfie нет своего сайта. Могу прислать короткое видео, как работает сайт ресторана: меню на 3 языках, бронь столов и админка, где цены меняете сами. Цена от 280 000 ֏. Показать, как это будет выглядеть у вас?",,,,
13,3,Set,кафе,Ереван,+37444204245,"Բարև Ձեզ։ Ես Ազատն եմ, կայքեր եմ պատրաստում Հայաստանի բիզնեսների համար (EVNWEB)։ Նկատեցի, որ Set-ը չունի սեփական կայք։ Կարող եմ ուղարկել կարճ տեսանյութ, թե ինչպես է աշխատում ռեստորանի կայքը՝ մենյու 3 լեզվով, սեղանի ամրագրում և ադմին, որտեղ գները փոխում եք ինքներդ։ Գինը՝ 280 000 ֏-ից։ Ցույց տա՞մ, թե ինչպես կլինի ձեզ մոտ։","Здравствуйте! Меня зовут Азат, я делаю сайты для бизнесов в Армении (EVNWEB). Заметил, что у Set нет своего сайта. Могу прислать короткое видео, как работает сайт ресторана: меню на 3 языках, бронь столов и админка, где цены меняете сами. Цена от 280 000 ֏. Показать, как это будет выглядеть у вас?",,,,
13,3,Set,кафе,Ереван,+37444204244,"Բարև Ձեզ։ Ես Ազատն եմ, կայքեր եմ պատրաստում Հայաստանի բիզնեսների համար (EVNWEB)։ Նկատեցի, որ Set-ը չունի սեփական կայք։ Կարող եմ ուղարկել կարճ տեսանյութ, թե ինչպես է աշխատում ռեստորանի կայքը՝ մենյու 3 լեզվով, սեղանի ամրագրում և ադմին, որտեղ գները փոխում եք ինքներդ։ Գինը՝ 280 000 ֏-ից։ Ցույց տա՞մ, թե ինչպես կլինի ձեզ մոտ։","Здравствуйте! Меня зовут Азат, я делаю сайты для бизнесов в Армении (EVNWEB). Заметил, что у Set нет своего сайта. Могу прислать короткое видео, как работает сайт ресторана: меню на 3 языках, бронь столов и админка, где цены меняете сами. Цена от 280 000 ֏. Показать, как это будет выглядеть у вас?",,,,
13,3,Sun Smile,кафе,Ереван,+37499796794,"Բարև Ձեզ։ Ես Ազատն եմ, կայքեր եմ պատրաստում Հայաստանի բիզնեսների համար (EVNWEB)։ Նկատեցի, որ Sun Smile-ը չունի սեփական կայք։ Կարող եմ ուղարկել կարճ տեսանյութ, թե ինչպես է աշխատում ռեստորանի կայքը՝ մենյու 3 լեզվով, սեղանի ամրագրում և ադմին, որտեղ գները փոխում եք ինքներդ։ Գինը՝ 280 000 ֏-ից։ Ցույց տա՞մ, թե ինչպես կլինի ձեզ մոտ։","Здравствуйте! Меня зовут Азат, я делаю сайты для бизнесов в Армении (EVNWEB). Заметил, что у Sun Smile нет своего сайта. Могу прислать короткое видео, как работает сайт ресторана: меню на 3 языках, бронь столов и админка, где цены меняете сами. Цена от 280 000 ֏. Показать, как это будет выглядеть у вас?",,,,
13,3,Sweet Coast,кафе,Ереван,+37495301003,"Բարև Ձեզ։ Ես Ազատն եմ, կայքեր եմ պատրաստում Հայաստանի բիզնեսների համար (EVNWEB)։ Նկատեցի, որ Sweet Coast-ը չունի սեփական կայք։ Կարող եմ ուղարկել կարճ տեսանյութ, թե ինչպես է աշխատում ռեստորանի կայքը՝ մենյու 3 լեզվով, սեղանի ամրագրում և ադմին, որտեղ գները փոխում եք ինքներդ։ Գինը՝ 280 000 ֏-ից։ Ցույց տա՞մ, թե ինչպես կլինի ձեզ մոտ։","Здравствуйте! Меня зовут Азат, я делаю сайты для бизнесов в Армении (EVNWEB). Заметил, что у Sweet Coast нет своего сайта. Могу прислать короткое видео, как работает сайт ресторана: меню на 3 языках, бронь столов и админка, где цены меняете сами. Цена от 280 000 ֏. Показать, как это будет выглядеть у вас?",,,,
13,3,Sweet Stella Kid's Cafe,кафе,Ереван,+37499430094,"Բարև Ձեզ։ Ես Ազատն եմ, կայքեր եմ պատրաստում Հայաստանի բիզնեսների համար (EVNWEB)։ Նկատեցի, որ Sweet Stella Kid's Cafe-ը չունի սեփական կայք։ Կարող եմ ուղարկել կարճ տեսանյութ, թե ինչպես է աշխատում ռեստորանի կայքը՝ մենյու 3 լեզվով, սեղանի ամրագրում և ադմին, որտեղ գները փոխում եք ինքներդ։ Գինը՝ 280 000 ֏-ից։ Ցույց տա՞մ, թե ինչպես կլինի ձեզ մոտ։","Здравствуйте! Меня зовут Азат, я делаю сайты для бизнесов в Армении (EVNWEB). Заметил, что у Sweet Stella Kid's Cafe нет своего сайта. Могу прислать короткое видео, как работает сайт ресторана: меню на 3 языках, бронь столов и админка, где цены меняете сами. Цена от 280 000 ֏. Показать, как это будет выглядеть у вас?",,,,
13,3,The Brunch,кафе,Ереван,+37444012125,"Բարև Ձեզ։ Ես Ազատն եմ, կայքեր եմ պատրաստում Հայաստանի բիզնեսների համար (EVNWEB)։ Նկատեցի, որ The Brunch-ը չունի սեփական կայք։ Կարող եմ ուղարկել կարճ տեսանյութ, թե ինչպես է աշխատում ռեստորանի կայքը՝ մենյու 3 լեզվով, սեղանի ամրագրում և ադմին, որտեղ գները փոխում եք ինքներդ։ Գինը՝ 280 000 ֏-ից։ Ցույց տա՞մ, թե ինչպես կլինի ձեզ մոտ։","Здравствуйте! Меня зовут Азат, я делаю сайты для бизнесов в Армении (EVNWEB). Заметил, что у The Brunch нет своего сайта. Могу прислать короткое видео, как работает сайт ресторана: меню на 3 языках, бронь столов и админка, где цены меняете сами. Цена от 280 000 ֏. Показать, как это будет выглядеть у вас?",,,,
13,3,The Hive,кафе,Ереван,+37455561562,"Բարև Ձեզ։ Ես Ազատն եմ, կայքեր եմ պատրաստում Հայաստանի բիզնեսների համար (EVNWEB)։ Նկատեցի, որ The Hive-ը չունի սեփական կայք։ Կարող եմ ուղարկել կարճ տեսանյութ, թե ինչպես է աշխատում ռեստորանի կայքը՝ մենյու 3 լեզվով, սեղանի ամրագրում և ադմին, որտեղ գները փոխում եք ինքներդ։ Գինը՝ 280 000 ֏-ից։ Ցույց տա՞մ, թե ինչպես կլինի ձեզ մոտ։","Здравствуйте! Меня зовут Азат, я делаю сайты для бизнесов в Армении (EVNWEB). Заметил, что у The Hive нет своего сайта. Могу прислать короткое видео, как работает сайт ресторана: меню на 3 языках, бронь столов и админка, где цены меняете сами. Цена от 280 000 ֏. Показать, как это будет выглядеть у вас?",,,,
13,3,Via,кафе,Ереван,+37410533302,"Բարև Ձեզ։ Ես Ազատն եմ, կայքեր եմ պատրաստում Հայաստանի բիզնեսների համար (EVNWEB)։ Նկատեցի, որ Via-ը չունի սեփական կայք։ Կարող եմ ուղարկել կարճ տեսանյութ, թե ինչպես է աշխատում ռեստորանի կայքը՝ մենյու 3 լեզվով, սեղանի ամրագրում և ադմին, որտեղ գները փոխում եք ինքներդ։ Գինը՝ 280 000 ֏-ից։ Ցույց տա՞մ, թե ինչպես կլինի ձեզ մոտ։","Здравствуйте! Меня зовут Азат, я делаю сайты для бизнесов в Армении (EVNWEB). Заметил, что у Via нет своего сайта. Могу прислать короткое видео, как работает сайт ресторана: меню на 3 языках, бронь столов и админка, где цены меняете сами. Цена от 280 000 ֏. Показать, как это будет выглядеть у вас?",ne_mobilny,,,
13,3,Vienna,кафе,Ереван,+37412355555,"Բարև Ձեզ։ Ես Ազատն եմ, կայքեր եմ պատրաստում Հայաստանի բիզնեսների համար (EVNWEB)։ Նկատեցի, որ Vienna-ը չունի սեփական կայք։ Կարող եմ ուղարկել կարճ տեսանյութ, թե ինչպես է աշխատում ռեստորանի կայքը՝ մենյու 3 լեզվով, սեղանի ամրագրում և ադմին, որտեղ գները փոխում եք ինքներդ։ Գինը՝ 280 000 ֏-ից։ Ցույց տա՞մ, թե ինչպես կլինի ձեզ մոտ։","Здравствуйте! Меня зовут Азат, я делаю сайты для бизнесов в Армении (EVNWEB). Заметил, что у Vienna нет своего сайта. Могу прислать короткое видео, как работает сайт ресторана: меню на 3 языках, бронь столов и админка, где цены меняете сами. Цена от 280 000 ֏. Показать, как это будет выглядеть у вас?",ne_mobilny,,,
13,3,Work Space,кафе,Ереван,+37441222777,"Բարև Ձեզ։ Ես Ազատն եմ, կայքեր եմ պատրաստում Հայաստանի բիզնեսների համար (EVNWEB)։ Նկատեցի, որ Work Space-ը չունի սեփական կայք։ Կարող եմ ուղարկել կարճ տեսանյութ, թե ինչպես է աշխատում ռեստորանի կայքը՝ մենյու 3 լեզվով, սեղանի ամրագրում և ադմին, որտեղ գները փոխում եք ինքներդ։ Գինը՝ 280 000 ֏-ից։ Ցույց տա՞մ, թե ինչպես կլինի ձեզ մոտ։","Здравствуйте! Меня зовут Азат, я делаю сайты для бизнесов в Армении (EVNWEB). Заметил, что у Work Space нет своего сайта. Могу прислать короткое видео, как работает сайт ресторана: меню на 3 языках, бронь столов и админка, где цены меняете сами. Цена от 280 000 ֏. Показать, как это будет выглядеть у вас?",,,,
13,3,The Castle,кафе,Ереван,+37410648414,"Բարև Ձեզ։ Ես Ազատն եմ, կայքեր եմ պատրաստում Հայաստանի բիզնեսների համար (EVNWEB)։ Նկատեցի, որ The Castle-ը չունի սեփական կայք։ Կարող եմ ուղարկել կարճ տեսանյութ, թե ինչպես է աշխատում ռեստորանի կայքը՝ մենյու 3 լեզվով, սեղանի ամրագրում և ադմին, որտեղ գները փոխում եք ինքներդ։ Գինը՝ 280 000 ֏-ից։ Ցույց տա՞մ, թե ինչպես կլինի ձեզ մոտ։","Здравствуйте! Меня зовут Азат, я делаю сайты для бизнесов в Армении (EVNWEB). Заметил, что у The Castle нет своего сайта. Могу прислать короткое видео, как работает сайт ресторана: меню на 3 языках, бронь столов и админка, где цены меняете сами. Цена от 280 000 ֏. Показать, как это будет выглядеть у вас?",ne_mobilny,,,
13,3,Ainjar,кафе,Ереван,+37411667550,"Բարև Ձեզ։ Ես Ազատն եմ, կայքեր եմ պատրաստում Հայաստանի բիզնեսների համար (EVNWEB)։ Նկատեցի, որ Ainjar-ը չունի սեփական կայք։ Կարող եմ ուղարկել կարճ տեսանյութ, թե ինչպես է աշխատում ռեստորանի կայքը՝ մենյու 3 լեզվով, սեղանի ամրագրում և ադմին, որտեղ գները փոխում եք ինքներդ։ Գինը՝ 280 000 ֏-ից։ Ցույց տա՞մ, թե ինչպես կլինի ձեզ մոտ։","Здравствуйте! Меня зовут Азат, я делаю сайты для бизнесов в Армении (EVNWEB). Заметил, что у Ainjar нет своего сайта. Могу прислать короткое видео, как работает сайт ресторана: меню на 3 языках, бронь столов и админка, где цены меняете сами. Цена от 280 000 ֏. Показать, как это будет выглядеть у вас?",ne_mobilny,,,
13,3,Арт-ланч Технопарк,кафе,Ереван,+37410571139,"Բարև Ձեզ։ Ես Ազատն եմ, կայքեր եմ պատրաստում Հայաստանի բիզնեսների համար (EVNWEB)։ Նկատեցի, որ Арт-ланч Технопарк-ը չունի սեփական կայք։ Կարող եմ ուղարկել կարճ տեսանյութ, թե ինչպես է աշխատում ռեստորանի կայքը՝ մենյու 3 լեզվով, սեղանի ամրագրում և ադմին, որտեղ գները փոխում եք ինքներդ։ Գինը՝ 280 000 ֏-ից։ Ցույց տա՞մ, թե ինչպես կլինի ձեզ մոտ։","Здравствуйте! Меня зовут Азат, я делаю сайты для бизнесов в Армении (EVNWEB). Заметил, что у Арт-ланч Технопарк нет своего сайта. Могу прислать короткое видео, как работает сайт ресторана: меню на 3 языках, бронь столов и админка, где цены меняете сами. Цена от 280 000 ֏. Показать, как это будет выглядеть у вас?",ne_mobilny,,,
13,3,Affogato,кафе,Ереван,+37495201201,"Բարև Ձեզ։ Ես Ազատն եմ, կայքեր եմ պատրաստում Հայաստանի բիզնեսների համար (EVNWEB)։ Նկատեցի, որ Affogato-ը չունի սեփական կայք։ Կարող եմ ուղարկել կարճ տեսանյութ, թե ինչպես է աշխատում ռեստորանի կայքը՝ մենյու 3 լեզվով, սեղանի ամրագրում և ադմին, որտեղ գները փոխում եք ինքներդ։ Գինը՝ 280 000 ֏-ից։ Ցույց տա՞մ, թե ինչպես կլինի ձեզ մոտ։","Здравствуйте! Меня зовут Азат, я делаю сайты для бизнесов в Армении (EVNWEB). Заметил, что у Affogato нет своего сайта. Могу прислать короткое видео, как работает сайт ресторана: меню на 3 языках, бронь столов и админка, где цены меняете сами. Цена от 280 000 ֏. Показать, как это будет выглядеть у вас?",,,,
13,3,Bistro,кафе,Ереван,+37410538090,"Բարև Ձեզ։ Ես Ազատն եմ, կայքեր եմ պատրաստում Հայաստանի բիզնեսների համար (EVNWEB)։ Նկատեցի, որ Bistro-ը չունի սեփական կայք։ Կարող եմ ուղարկել կարճ տեսանյութ, թե ինչպես է աշխատում ռեստորանի կայքը՝ մենյու 3 լեզվով, սեղանի ամրագրում և ադմին, որտեղ գները փոխում եք ինքներդ։ Գինը՝ 280 000 ֏-ից։ Ցույց տա՞մ, թե ինչպես կլինի ձեզ մոտ։","Здравствуйте! Меня зовут Азат, я делаю сайты для бизнесов в Армении (EVNWEB). Заметил, что у Bistro нет своего сайта. Могу прислать короткое видео, как работает сайт ресторана: меню на 3 языках, бронь столов и админка, где цены меняете сами. Цена от 280 000 ֏. Показать, как это будет выглядеть у вас?",ne_mobilny,,,
13,3,Garun,кафе,Ереван,+37411601010,"Բարև Ձեզ։ Ես Ազատն եմ, կայքեր եմ պատրաստում Հայաստանի բիզնեսների համար (EVNWEB)։ Նկատեցի, որ Garun-ը չունի սեփական կայք։ Կարող եմ ուղարկել կարճ տեսանյութ, թե ինչպես է աշխատում ռեստորանի կայքը՝ մենյու 3 լեզվով, սեղանի ամրագրում և ադմին, որտեղ գները փոխում եք ինքներդ։ Գինը՝ 280 000 ֏-ից։ Ցույց տա՞մ, թե ինչպես կլինի ձեզ մոտ։","Здравствуйте! Меня зовут Азат, я делаю сайты для бизнесов в Армении (EVNWEB). Заметил, что у Garun нет своего сайта. Могу прислать короткое видео, как работает сайт ресторана: меню на 3 языках, бронь столов и админка, где цены меняете сами. Цена от 280 000 ֏. Показать, как это будет выглядеть у вас?",ne_mobilny,,,
13,3,Ilik,кафе,Ереван,+37441103888,"Բարև Ձեզ։ Ես Ազատն եմ, կայքեր եմ պատրաստում Հայաստանի բիզնեսների համար (EVNWEB)։ Նկատեցի, որ Ilik-ը չունի սեփական կայք։ Կարող եմ ուղարկել կարճ տեսանյութ, թե ինչպես է աշխատում ռեստորանի կայքը՝ մենյու 3 լեզվով, սեղանի ամրագրում և ադմին, որտեղ գները փոխում եք ինքներդ։ Գինը՝ 280 000 ֏-ից։ Ցույց տա՞մ, թե ինչպես կլինի ձեզ մոտ։","Здравствуйте! Меня зовут Азат, я делаю сайты для бизнесов в Армении (EVNWEB). Заметил, что у Ilik нет своего сайта. Могу прислать короткое видео, как работает сайт ресторана: меню на 3 языках, бронь столов и админка, где цены меняете сами. Цена от 280 000 ֏. Показать, как это будет выглядеть у вас?",,,,
13,3,Impresso Coffee Shop,кафе,Ереван,+37460750750,"Բարև Ձեզ։ Ես Ազատն եմ, կայքեր եմ պատրաստում Հայաստանի բիզնեսների համար (EVNWEB)։ Նկատեցի, որ Impresso Coffee Shop-ը չունի սեփական կայք։ Կարող եմ ուղարկել կարճ տեսանյութ, թե ինչպես է աշխատում ռեստորանի կայքը՝ մենյու 3 լեզվով, սեղանի ամրագրում և ադմին, որտեղ գները փոխում եք ինքներդ։ Գինը՝ 280 000 ֏-ից։ Ցույց տա՞մ, թե ինչպես կլինի ձեզ մոտ։","Здравствуйте! Меня зовут Азат, я делаю сайты для бизнесов в Армении (EVNWEB). Заметил, что у Impresso Coffee Shop нет своего сайта. Могу прислать короткое видео, как работает сайт ресторана: меню на 3 языках, бронь столов и админка, где цены меняете сами. Цена от 280 000 ֏. Показать, как это будет выглядеть у вас?",ne_mobilny,,,
13,3,Haldi.co,кафе,Ереван,+37498565589,"Բարև Ձեզ։ Ես Ազատն եմ, կայքեր եմ պատրաստում Հայաստանի բիզնեսների համար (EVNWEB)։ Նկատեցի, որ Haldi.co-ը չունի սեփական կայք։ Կարող եմ ուղարկել կարճ տեսանյութ, թե ինչպես է աշխատում ռեստորանի կայքը՝ մենյու 3 լեզվով, սեղանի ամրագրում և ադմին, որտեղ գները փոխում եք ինքներդ։ Գինը՝ 280 000 ֏-ից։ Ցույց տա՞մ, թե ինչպես կլինի ձեզ մոտ։","Здравствуйте! Меня зовут Азат, я делаю сайты для бизнесов в Армении (EVNWEB). Заметил, что у Haldi.co нет своего сайта. Могу прислать короткое видео, как работает сайт ресторана: меню на 3 языках, бронь столов и админка, где цены меняете сами. Цена от 280 000 ֏. Показать, как это будет выглядеть у вас?",,,,
13,3,Karot,кафе,Ереван,+37493958091,"Բարև Ձեզ։ Ես Ազատն եմ, կայքեր եմ պատրաստում Հայաստանի բիզնեսների համար (EVNWEB)։ Նկատեցի, որ Karot-ը չունի սեփական կայք։ Կարող եմ ուղարկել կարճ տեսանյութ, թե ինչպես է աշխատում ռեստորանի կայքը՝ մենյու 3 լեզվով, սեղանի ամրագրում և ադմին, որտեղ գները փոխում եք ինքներդ։ Գինը՝ 280 000 ֏-ից։ Ցույց տա՞մ, թե ինչպես կլինի ձեզ մոտ։","Здравствуйте! Меня зовут Азат, я делаю сайты для бизнесов в Армении (EVNWEB). Заметил, что у Karot нет своего сайта. Могу прислать короткое видео, как работает сайт ресторана: меню на 3 языках, бронь столов и админка, где цены меняете сами. Цена от 280 000 ֏. Показать, как это будет выглядеть у вас?",,,,
13,3,Komitas,кафе,Ереван,+37410234106,"Բարև Ձեզ։ Ես Ազատն եմ, կայքեր եմ պատրաստում Հայաստանի բիզնեսների համար (EVNWEB)։ Նկատեցի, որ Komitas-ը չունի սեփական կայք։ Կարող եմ ուղարկել կարճ տեսանյութ, թե ինչպես է աշխատում ռեստորանի կայքը՝ մենյու 3 լեզվով, սեղանի ամրագրում և ադմին, որտեղ գները փոխում եք ինքներդ։ Գինը՝ 280 000 ֏-ից։ Ցույց տա՞մ, թե ինչպես կլինի ձեզ մոտ։","Здравствуйте! Меня зовут Азат, я делаю сайты для бизнесов в Армении (EVNWEB). Заметил, что у Komitas нет своего сайта. Могу прислать короткое видео, как работает сайт ресторана: меню на 3 языках, бронь столов и админка, где цены меняете сами. Цена от 280 000 ֏. Показать, как это будет выглядеть у вас?",ne_mobilny,,,
13,3,HAM,кафе,Ереван,+37441434314,"Բարև Ձեզ։ Ես Ազատն եմ, կայքեր եմ պատրաստում Հայաստանի բիզնեսների համար (EVNWEB)։ Նկատեցի, որ HAM-ը չունի սեփական կայք։ Կարող եմ ուղարկել կարճ տեսանյութ, թե ինչպես է աշխատում ռեստորանի կայքը՝ մենյու 3 լեզվով, սեղանի ամրագրում և ադմին, որտեղ գները փոխում եք ինքներդ։ Գինը՝ 280 000 ֏-ից։ Ցույց տա՞մ, թե ինչպես կլինի ձեզ մոտ։","Здравствуйте! Меня зовут Азат, я делаю сайты для бизнесов в Армении (EVNWEB). Заметил, что у HAM нет своего сайта. Могу прислать короткое видео, как работает сайт ресторана: меню на 3 языках, бронь столов и админка, где цены меняете сами. Цена от 280 000 ֏. Показать, как это будет выглядеть у вас?",,,,
13,3,Marilda,кафе,Ереван,+37495803903,"Բարև Ձեզ։ Ես Ազատն եմ, կայքեր եմ պատրաստում Հայաստանի բիզնեսների համար (EVNWEB)։ Նկատեցի, որ Marilda-ը չունի սեփական կայք։ Կարող եմ ուղարկել կարճ տեսանյութ, թե ինչպես է աշխատում ռեստորանի կայքը՝ մենյու 3 լեզվով, սեղանի ամրագրում և ադմին, որտեղ գները փոխում եք ինքներդ։ Գինը՝ 280 000 ֏-ից։ Ցույց տա՞մ, թե ինչպես կլինի ձեզ մոտ։","Здравствуйте! Меня зовут Азат, я делаю сайты для бизнесов в Армении (EVNWEB). Заметил, что у Marilda нет своего сайта. Могу прислать короткое видео, как работает сайт ресторана: меню на 3 языках, бронь столов и админка, где цены меняете сами. Цена от 280 000 ֏. Показать, как это будет выглядеть у вас?",,,,
13,3,Narek Tonratun,кафе,Ереван,+37410648380,"Բարև Ձեզ։ Ես Ազատն եմ, կայքեր եմ պատրաստում Հայաստանի բիզնեսների համար (EVNWEB)։ Նկատեցի, որ Narek Tonratun-ը չունի սեփական կայք։ Կարող եմ ուղարկել կարճ տեսանյութ, թե ինչպես է աշխատում ռեստորանի կայքը՝ մենյու 3 լեզվով, սեղանի ամրագրում և ադմին, որտեղ գները փոխում եք ինքներդ։ Գինը՝ 280 000 ֏-ից։ Ցույց տա՞մ, թե ինչպես կլինի ձեզ մոտ։","Здравствуйте! Меня зовут Азат, я делаю сайты для бизнесов в Армении (EVNWEB). Заметил, что у Narek Tonratun нет своего сайта. Могу прислать короткое видео, как работает сайт ресторана: меню на 3 языках, бронь столов и админка, где цены меняете сами. Цена от 280 000 ֏. Показать, как это будет выглядеть у вас?",ne_mobilny,,,
14,3,Jazzve,кафе,Ереван,+37410560540,"Բարև Ձեզ։ Ես Ազատն եմ, կայքեր եմ պատրաստում Հայաստանի բիզնեսների համար (EVNWEB)։ Նկատեցի, որ Jazzve-ը չունի սեփական կայք։ Կարող եմ ուղարկել կարճ տեսանյութ, թե ինչպես է աշխատում ռեստորանի կայքը՝ մենյու 3 լեզվով, սեղանի ամրագրում և ադմին, որտեղ գները փոխում եք ինքներդ։ Գինը՝ 280 000 ֏-ից։ Ցույց տա՞մ, թե ինչպես կլինի ձեզ մոտ։","Здравствуйте! Меня зовут Азат, я делаю сайты для бизнесов в Армении (EVNWEB). Заметил, что у Jazzve нет своего сайта. Могу прислать короткое видео, как работает сайт ресторана: меню на 3 языках, бронь столов и админка, где цены меняете сами. Цена от 280 000 ֏. Показать, как это будет выглядеть у вас?",ne_mobilny,,,
14,3,Jermots,кафе,Ереван,+37433990332,"Բարև Ձեզ։ Ես Ազատն եմ, կայքեր եմ պատրաստում Հայաստանի բիզնեսների համար (EVNWEB)։ Նկատեցի, որ Jermots-ը չունի սեփական կայք։ Կարող եմ ուղարկել կարճ տեսանյութ, թե ինչպես է աշխատում ռեստորանի կայքը՝ մենյու 3 լեզվով, սեղանի ամրագրում և ադմին, որտեղ գները փոխում եք ինքներդ։ Գինը՝ 280 000 ֏-ից։ Ցույց տա՞մ, թե ինչպես կլինի ձեզ մոտ։","Здравствуйте! Меня зовут Азат, я делаю сайты для бизнесов в Армении (EVNWEB). Заметил, что у Jermots нет своего сайта. Могу прислать короткое видео, как работает сайт ресторана: меню на 3 языках, бронь столов и админка, где цены меняете сами. Цена от 280 000 ֏. Показать, как это будет выглядеть у вас?",,,,
14,3,Saathi,кафе,Ереван,+37496252542,"Բարև Ձեզ։ Ես Ազատն եմ, կայքեր եմ պատրաստում Հայաստանի բիզնեսների համար (EVNWEB)։ Նկատեցի, որ Saathi-ը չունի սեփական կայք։ Կարող եմ ուղարկել կարճ տեսանյութ, թե ինչպես է աշխատում ռեստորանի կայքը՝ մենյու 3 լեզվով, սեղանի ամրագրում և ադմին, որտեղ գները փոխում եք ինքներդ։ Գինը՝ 280 000 ֏-ից։ Ցույց տա՞մ, թե ինչպես կլինի ձեզ մոտ։","Здравствуйте! Меня зовут Азат, я делаю сайты для бизнесов в Армении (EVNWEB). Заметил, что у Saathi нет своего сайта. Могу прислать короткое видео, как работает сайт ресторана: меню на 3 языках, бронь столов и админка, где цены меняете сами. Цена от 280 000 ֏. Показать, как это будет выглядеть у вас?",,,,
14,3,Սիրիուս,кафе,Ереван,+37477255255,"Բարև Ձեզ։ Ես Ազատն եմ, կայքեր եմ պատրաստում Հայաստանի բիզնեսների համար (EVNWEB)։ Նկատեցի, որ Սիրիուս-ը չունի սեփական կայք։ Կարող եմ ուղարկել կարճ տեսանյութ, թե ինչպես է աշխատում ռեստորանի կայքը՝ մենյու 3 լեզվով, սեղանի ամրագրում և ադմին, որտեղ գները փոխում եք ինքներդ։ Գինը՝ 280 000 ֏-ից։ Ցույց տա՞մ, թե ինչպես կլինի ձեզ մոտ։","Здравствуйте! Меня зовут Азат, я делаю сайты для бизнесов в Армении (EVNWEB). Заметил, что у Սիրիուս нет своего сайта. Могу прислать короткое видео, как работает сайт ресторана: меню на 3 языках, бронь столов и админка, где цены меняете сами. Цена от 280 000 ֏. Показать, как это будет выглядеть у вас?",,,,
14,3,Smak Salad,кафе,Ереван,+37410521095,"Բարև Ձեզ։ Ես Ազատն եմ, կայքեր եմ պատրաստում Հայաստանի բիզնեսների համար (EVNWEB)։ Նկատեցի, որ Smak Salad-ը չունի սեփական կայք։ Կարող եմ ուղարկել կարճ տեսանյութ, թե ինչպես է աշխատում ռեստորանի կայքը՝ մենյու 3 լեզվով, սեղանի ամրագրում և ադմին, որտեղ գները փոխում եք ինքներդ։ Գինը՝ 280 000 ֏-ից։ Ցույց տա՞մ, թե ինչպես կլինի ձեզ մոտ։","Здравствуйте! Меня зовут Азат, я делаю сайты для бизнесов в Армении (EVNWEB). Заметил, что у Smak Salad нет своего сайта. Могу прислать короткое видео, как работает сайт ресторана: меню на 3 языках, бронь столов и админка, где цены меняете сами. Цена от 280 000 ֏. Показать, как это будет выглядеть у вас?",ne_mobilny,,,
14,3,Sweet Coast,кафе,Ереван,+37495301002,"Բարև Ձեզ։ Ես Ազատն եմ, կայքեր եմ պատրաստում Հայաստանի բիզնեսների համար (EVNWEB)։ Նկատեցի, որ Sweet Coast-ը չունի սեփական կայք։ Կարող եմ ուղարկել կարճ տեսանյութ, թե ինչպես է աշխատում ռեստորանի կայքը՝ մենյու 3 լեզվով, սեղանի ամրագրում և ադմին, որտեղ գները փոխում եք ինքներդ։ Գինը՝ 280 000 ֏-ից։ Ցույց տա՞մ, թե ինչպես կլինի ձեզ մոտ։","Здравствуйте! Меня зовут Азат, я делаю сайты для бизнесов в Армении (EVNWEB). Заметил, что у Sweet Coast нет своего сайта. Могу прислать короткое видео, как работает сайт ресторана: меню на 3 языках, бронь столов и админка, где цены меняете сами. Цена от 280 000 ֏. Показать, как это будет выглядеть у вас?",,,,
14,3,August,кафе,Ереван,+37410588505,"Բարև Ձեզ։ Ես Ազատն եմ, կայքեր եմ պատրաստում Հայաստանի բիզնեսների համար (EVNWEB)։ Նկատեցի, որ August-ը չունի սեփական կայք։ Կարող եմ ուղարկել կարճ տեսանյութ, թե ինչպես է աշխատում ռեստորանի կայքը՝ մենյու 3 լեզվով, սեղանի ամրագրում և ադմին, որտեղ գները փոխում եք ինքներդ։ Գինը՝ 280 000 ֏-ից։ Ցույց տա՞մ, թե ինչպես կլինի ձեզ մոտ։","Здравствуйте! Меня зовут Азат, я делаю сайты для бизнесов в Армении (EVNWEB). Заметил, что у August нет своего сайта. Могу прислать короткое видео, как работает сайт ресторана: меню на 3 языках, бронь столов и админка, где цены меняете сами. Цена от 280 000 ֏. Показать, как это будет выглядеть у вас?",ne_mobilny,,,
14,3,Kinezis Medical center,клиника,Ереван,+37443523588,"Բարև Ձեզ։ Ես Ազատն եմ, կայքեր եմ պատրաստում Հայաստանի բիզնեսների համար (EVNWEB)։ Նկատեցի, որ Kinezis Medical center-ը չունի սեփական կայք։ Կարող եմ ուղարկել կարճ տեսանյութ, թե ինչպես է աշխատում կլինիկայի կայքը՝ բժիշկների էջեր, գներ և առցանց գրանցում։ Գինը՝ 280 000 ֏-ից։ Ցույց տա՞մ, թե ինչպես կլինի ձեզ մոտ։","Здравствуйте! Меня зовут Азат, я делаю сайты для бизнесов в Армении (EVNWEB). Заметил, что у Kinezis Medical center нет своего сайта. Могу прислать короткое видео, как работает сайт клиники: страницы врачей, цены и онлайн-запись. Цена от 280 000 ֏. Показать, как это будет выглядеть у вас?",,,,
14,3,Madatyan Psychological Center,клиника,Ереван,+37410264633,"Բարև Ձեզ։ Ես Ազատն եմ, կայքեր եմ պատրաստում Հայաստանի բիզնեսների համար (EVNWEB)։ Նկատեցի, որ Madatyan Psychological Center-ը չունի սեփական կայք։ Կարող եմ ուղարկել կարճ տեսանյութ, թե ինչպես է աշխատում կլինիկայի կայքը՝ բժիշկների էջեր, գներ և առցանց գրանցում։ Գինը՝ 280 000 ֏-ից։ Ցույց տա՞մ, թե ինչպես կլինի ձեզ մոտ։","Здравствуйте! Меня зовут Азат, я делаю сайты для бизнесов в Армении (EVNWEB). Заметил, что у Madatyan Psychological Center нет своего сайта. Могу прислать короткое видео, как работает сайт клиники: страницы врачей, цены и онлайн-запись. Цена от 280 000 ֏. Показать, как это будет выглядеть у вас?",ne_mobilny,,,
14,3,Argine Davtyan aesthetic medical and beauty center,клиника,Ереван,+37411588533,"Բարև Ձեզ։ Ես Ազատն եմ, կայքեր եմ պատրաստում Հայաստանի բիզնեսների համար (EVNWEB)։ Նկատեցի, որ Argine Davtyan aesthetic medical and beauty center-ը չունի սեփական կայք։ Կարող եմ ուղարկել կարճ տեսանյութ, թե ինչպես է աշխատում կլինիկայի կայքը՝ բժիշկների էջեր, գներ և առցանց գրանցում։ Գինը՝ 280 000 ֏-ից։ Ցույց տա՞մ, թե ինչպես կլինի ձեզ մոտ։","Здравствуйте! Меня зовут Азат, я делаю сайты для бизнесов в Армении (EVNWEB). Заметил, что у Argine Davtyan aesthetic medical and beauty center нет своего сайта. Могу прислать короткое видео, как работает сайт клиники: страницы врачей, цены и онлайн-запись. Цена от 280 000 ֏. Показать, как это будет выглядеть у вас?",ne_mobilny,,,
14,3,Doctor Danelyan,клиника,Ереван,+37410555066,"Բարև Ձեզ։ Ես Ազատն եմ, կայքեր եմ պատրաստում Հայաստանի բիզնեսների համար (EVNWEB)։ Նկատեցի, որ Doctor Danelyan-ը չունի սեփական կայք։ Կարող եմ ուղարկել կարճ տեսանյութ, թե ինչպես է աշխատում կլինիկայի կայքը՝ բժիշկների էջեր, գներ և առցանց գրանցում։ Գինը՝ 280 000 ֏-ից։ Ցույց տա՞մ, թե ինչպես կլինի ձեզ մոտ։","Здравствуйте! Меня зовут Азат, я делаю сайты для бизнесов в Армении (EVNWEB). Заметил, что у Doctor Danelyan нет своего сайта. Могу прислать короткое видео, как работает сайт клиники: страницы врачей, цены и онлайн-запись. Цена от 280 000 ֏. Показать, как это будет выглядеть у вас?",ne_mobilny,,,
14,3,Eva med,клиника,Ереван,+37410202100,"Բարև Ձեզ։ Ես Ազատն եմ, կայքեր եմ պատրաստում Հայաստանի բիզնեսների համար (EVNWEB)։ Նկատեցի, որ Eva med-ը չունի սեփական կայք։ Կարող եմ ուղարկել կարճ տեսանյութ, թե ինչպես է աշխատում կլինիկայի կայքը՝ բժիշկների էջեր, գներ և առցանց գրանցում։ Գինը՝ 280 000 ֏-ից։ Ցույց տա՞մ, թե ինչպես կլինի ձեզ մոտ։","Здравствуйте! Меня зовут Азат, я делаю сайты для бизнесов в Армении (EVNWEB). Заметил, что у Eva med нет своего сайта. Могу прислать короткое видео, как работает сайт клиники: страницы врачей, цены и онлайн-запись. Цена от 280 000 ֏. Показать, как это будет выглядеть у вас?",ne_mobilny,,,
14,3,Polyclinic No 15,клиника,Ереван,+37410744830,"Բարև Ձեզ։ Ես Ազատն եմ, կայքեր եմ պատրաստում Հայաստանի բիզնեսների համար (EVNWEB)։ Նկատեցի, որ Polyclinic No 15-ը չունի սեփական կայք։ Կարող եմ ուղարկել կարճ տեսանյութ, թե ինչպես է աշխատում կլինիկայի կայքը՝ բժիշկների էջեր, գներ և առցանց գրանցում։ Գինը՝ 280 000 ֏-ից։ Ցույց տա՞մ, թե ինչպես կլինի ձեզ մոտ։","Здравствуйте! Меня зовут Азат, я делаю сайты для бизнесов в Армении (EVNWEB). Заметил, что у Polyclinic No 15 нет своего сайта. Могу прислать короткое видео, как работает сайт клиники: страницы врачей, цены и онлайн-запись. Цена от 280 000 ֏. Показать, как это будет выглядеть у вас?",ne_mobilny,,,
14,3,VitaMed,клиника,Ереван,+37412300303,"Բարև Ձեզ։ Ես Ազատն եմ, կայքեր եմ պատրաստում Հայաստանի բիզնեսների համար (EVNWEB)։ Նկատեցի, որ VitaMed-ը չունի սեփական կայք։ Կարող եմ ուղարկել կարճ տեսանյութ, թե ինչպես է աշխատում կլինիկայի կայքը՝ բժիշկների էջեր, գներ և առցանց գրանցում։ Գինը՝ 280 000 ֏-ից։ Ցույց տա՞մ, թե ինչպես կլինի ձեզ մոտ։","Здравствуйте! Меня зовут Азат, я делаю сайты для бизнесов в Армении (EVNWEB). Заметил, что у VitaMed нет своего сайта. Могу прислать короткое видео, как работает сайт клиники: страницы врачей, цены и онлайн-запись. Цена от 280 000 ֏. Показать, как это будет выглядеть у вас?",ne_mobilny,,,
14,3,MAPLE LEAFS Armenian-Canadian Medical Clinic,клиника,Ереван,+37410650717,"Բարև Ձեզ։ Ես Ազատն եմ, կայքեր եմ պատրաստում Հայաստանի բիզնեսների համար (EVNWEB)։ Նկատեցի, որ MAPLE LEAFS Armenian-Canadian Medical Clinic-ը չունի սեփական կայք։ Կարող եմ ուղարկել կարճ տեսանյութ, թե ինչպես է աշխատում կլինիկայի կայքը՝ բժիշկների էջեր, գներ և առցանց գրանցում։ Գինը՝ 280 000 ֏-ից։ Ցույց տա՞մ, թե ինչպես կլինի ձեզ մոտ։","Здравствуйте! Меня зовут Азат, я делаю сайты для бизнесов в Армении (EVNWEB). Заметил, что у MAPLE LEAFS Armenian-Canadian Medical Clinic нет своего сайта. Могу прислать короткое видео, как работает сайт клиники: страницы врачей, цены и онлайн-запись. Цена от 280 000 ֏. Показать, как это будет выглядеть у вас?",ne_mobilny,,,
14,3,Policlinic of Grigor Lusavorich medical center,клиника,Ереван,+37410645920,"Բարև Ձեզ։ Ես Ազատն եմ, կայքեր եմ պատրաստում Հայաստանի բիզնեսների համար (EVNWEB)։ Նկատեցի, որ Policlinic of Grigor Lusavorich medical center-ը չունի սեփական կայք։ Կարող եմ ուղարկել կարճ տեսանյութ, թե ինչպես է աշխատում կլինիկայի կայքը՝ բժիշկների էջեր, գներ և առցանց գրանցում։ Գինը՝ 280 000 ֏-ից։ Ցույց տա՞մ, թե ինչպես կլինի ձեզ մոտ։","Здравствуйте! Меня зовут Азат, я делаю сайты для бизнесов в Армении (EVNWEB). Заметил, что у Policlinic of Grigor Lusavorich medical center нет своего сайта. Могу прислать короткое видео, как работает сайт клиники: страницы врачей, цены и онлайн-запись. Цена от 280 000 ֏. Показать, как это будет выглядеть у вас?",ne_mobilny,,,
14,3,Armedy Laser,клиника,Ереван,+37410522972,"Բարև Ձեզ։ Ես Ազատն եմ, կայքեր եմ պատրաստում Հայաստանի բիզնեսների համար (EVNWEB)։ Նկատեցի, որ Armedy Laser-ը չունի սեփական կայք։ Կարող եմ ուղարկել կարճ տեսանյութ, թե ինչպես է աշխատում կլինիկայի կայքը՝ բժիշկների էջեր, գներ և առցանց գրանցում։ Գինը՝ 280 000 ֏-ից։ Ցույց տա՞մ, թե ինչպես կլինի ձեզ մոտ։","Здравствуйте! Меня зовут Азат, я делаю сайты для бизнесов в Армении (EVNWEB). Заметил, что у Armedy Laser нет своего сайта. Могу прислать короткое видео, как работает сайт клиники: страницы врачей, цены и онлайн-запись. Цена от 280 000 ֏. Показать, как это будет выглядеть у вас?",ne_mobilny,,,
14,3,DPC Medical Center,клиника,Ереван,+37410229986,"Բարև Ձեզ։ Ես Ազատն եմ, կայքեր եմ պատրաստում Հայաստանի բիզնեսների համար (EVNWEB)։ Նկատեցի, որ DPC Medical Center-ը չունի սեփական կայք։ Կարող եմ ուղարկել կարճ տեսանյութ, թե ինչպես է աշխատում կլինիկայի կայքը՝ բժիշկների էջեր, գներ և առցանց գրանցում։ Գինը՝ 280 000 ֏-ից։ Ցույց տա՞մ, թե ինչպես կլինի ձեզ մոտ։","Здравствуйте! Меня зовут Азат, я делаю сайты для бизнесов в Армении (EVNWEB). Заметил, что у DPC Medical Center нет своего сайта. Могу прислать короткое видео, как работает сайт клиники: страницы врачей, цены и онлайн-запись. Цена от 280 000 ֏. Показать, как это будет выглядеть у вас?",ne_mobilny,,,
14,3,Diagen plus,клиника,Ереван,+37411240199,"Բարև Ձեզ։ Ես Ազատն եմ, կայքեր եմ պատրաստում Հայաստանի բիզնեսների համար (EVNWEB)։ Նկատեցի, որ Diagen plus-ը չունի սեփական կայք։ Կարող եմ ուղարկել կարճ տեսանյութ, թե ինչպես է աշխատում կլինիկայի կայքը՝ բժիշկների էջեր, գներ և առցանց գրանցում։ Գինը՝ 280 000 ֏-ից։ Ցույց տա՞մ, թե ինչպես կլինի ձեզ մոտ։","Здравствуйте! Меня зовут Азат, я делаю сайты для бизнесов в Армении (EVNWEB). Заметил, что у Diagen plus нет своего сайта. Могу прислать короткое видео, как работает сайт клиники: страницы врачей, цены и онлайн-запись. Цена от 280 000 ֏. Показать, как это будет выглядеть у вас?",ne_mobilny,,,
14,3,Medicus,клиника,Ереван,+37496364004,"Բարև Ձեզ։ Ես Ազատն եմ, կայքեր եմ պատրաստում Հայաստանի բիզնեսների համար (EVNWEB)։ Նկատեցի, որ Medicus-ը չունի սեփական կայք։ Կարող եմ ուղարկել կարճ տեսանյութ, թե ինչպես է աշխատում կլինիկայի կայքը՝ բժիշկների էջեր, գներ և առցանց գրանցում։ Գինը՝ 280 000 ֏-ից։ Ցույց տա՞մ, թե ինչպես կլինի ձեզ մոտ։","Здравствуйте! Меня зовут Азат, я делаю сайты для бизнесов в Армении (EVNWEB). Заметил, что у Medicus нет своего сайта. Могу прислать короткое видео, как работает сайт клиники: страницы врачей, цены и онлайн-запись. Цена от 280 000 ֏. Показать, как это будет выглядеть у вас?",,,,
14,3,Hrashq Motel,мотель,Ереван,+37410651737,"Բարև Ձեզ։ Ես Ազատն եմ, կայքեր եմ պատրաստում Հայաստանի բիզնեսների համար (EVNWEB)։ Նկատեցի, որ Hrashq Motel-ը չունի սեփական կայք։ Կարող եմ ուղարկել կարճ տեսանյութ, թե ինչպես է աշխատում հյուրանոցի կայքը՝ ուղիղ ամրագրում առանց Booking-ի միջնորդավճարի, զբաղվածության օրացույց և ադմին։ Գինը՝ 450 000 ֏-ից։ Ցույց տա՞մ, թե ինչպես կլինի ձեզ մոտ։","Здравствуйте! Меня зовут Азат, я делаю сайты для бизнесов в Армении (EVNWEB). Заметил, что у Hrashq Motel нет своего сайта. Могу прислать короткое видео, как работает сайт отеля: прямая бронь без комиссии Booking, календарь занятости и админка. Цена от 450 000 ֏. Показать, как это будет выглядеть у вас?",ne_mobilny,,,
14,3,Lux Plaza Hotel,мотель,Ереван,+37499203535,"Բարև Ձեզ։ Ես Ազատն եմ, կայքեր եմ պատրաստում Հայաստանի բիզնեսների համար (EVNWEB)։ Նկատեցի, որ Lux Plaza Hotel-ը չունի սեփական կայք։ Կարող եմ ուղարկել կարճ տեսանյութ, թե ինչպես է աշխատում հյուրանոցի կայքը՝ ուղիղ ամրագրում առանց Booking-ի միջնորդավճարի, զբաղվածության օրացույց և ադմին։ Գինը՝ 450 000 ֏-ից։ Ցույց տա՞մ, թե ինչպես կլինի ձեզ մոտ։","Здравствуйте! Меня зовут Азат, я делаю сайты для бизнесов в Армении (EVNWEB). Заметил, что у Lux Plaza Hotel нет своего сайта. Могу прислать короткое видео, как работает сайт отеля: прямая бронь без комиссии Booking, календарь занятости и админка. Цена от 450 000 ֏. Показать, как это будет выглядеть у вас?",,,,
14,3,Bolero,мотель,Ереван,+374104205503741042500537410460550374554205503747742055037499420550,"Բարև Ձեզ։ Ես Ազատն եմ, կայքեր եմ պատրաստում Հայաստանի բիզնեսների համար (EVNWEB)։ Նկատեցի, որ Bolero-ը չունի սեփական կայք։ Կարող եմ ուղարկել կարճ տեսանյութ, թե ինչպես է աշխատում հյուրանոցի կայքը՝ ուղիղ ամրագրում առանց Booking-ի միջնորդավճարի, զբաղվածության օրացույց և ադմին։ Գինը՝ 450 000 ֏-ից։ Ցույց տա՞մ, թե ինչպես կլինի ձեզ մոտ։","Здравствуйте! Меня зовут Азат, я делаю сайты для бизнесов в Армении (EVNWEB). Заметил, что у Bolero нет своего сайта. Могу прислать короткое видео, как работает сайт отеля: прямая бронь без комиссии Booking, календарь занятости и админка. Цена от 450 000 ֏. Показать, как это будет выглядеть у вас?",ne_mobilny,,,
14,3,Narek Hotel,мотель,Ереван,+37493241864,"Բարև Ձեզ։ Ես Ազատն եմ, կայքեր եմ պատրաստում Հայաստանի բիզնեսների համար (EVNWEB)։ Նկատեցի, որ Narek Hotel-ը չունի սեփական կայք։ Կարող եմ ուղարկել կարճ տեսանյութ, թե ինչպես է աշխատում հյուրանոցի կայքը՝ ուղիղ ամրագրում առանց Booking-ի միջնորդավճարի, զբաղվածության օրացույց և ադմին։ Գինը՝ 450 000 ֏-ից։ Ցույց տա՞մ, թե ինչպես կլինի ձեզ մոտ։","Здравствуйте! Меня зовут Азат, я делаю сайты для бизнесов в Армении (EVNWEB). Заметил, что у Narek Hotel нет своего сайта. Могу прислать короткое видео, как работает сайт отеля: прямая бронь без комиссии Booking, календарь занятости и админка. Цена от 450 000 ֏. Показать, как это будет выглядеть у вас?",,,,
14,3,Uyut,мотель,Ереван,+37477458888,"Բարև Ձեզ։ Ես Ազատն եմ, կայքեր եմ պատրաստում Հայաստանի բիզնեսների համար (EVNWEB)։ Նկատեցի, որ Uyut-ը չունի սեփական կայք։ Կարող եմ ուղարկել կարճ տեսանյութ, թե ինչպես է աշխատում հյուրանոցի կայքը՝ ուղիղ ամրագրում առանց Booking-ի միջնորդավճարի, զբաղվածության օրացույց և ադմին։ Գինը՝ 450 000 ֏-ից։ Ցույց տա՞մ, թե ինչպես կլինի ձեզ մոտ։","Здравствуйте! Меня зовут Азат, я делаю сайты для бизнесов в Армении (EVNWEB). Заметил, что у Uyut нет своего сайта. Могу прислать короткое видео, как работает сайт отеля: прямая бронь без комиссии Booking, календарь занятости и админка. Цена от 450 000 ֏. Показать, как это будет выглядеть у вас?",,,,
15,3,Voyage,мотель,Ереван,+37498228899,"Բարև Ձեզ։ Ես Ազատն եմ, կայքեր եմ պատրաստում Հայաստանի բիզնեսների համար (EVNWEB)։ Նկատեցի, որ Voyage-ը չունի սեփական կայք։ Կարող եմ ուղարկել կարճ տեսանյութ, թե ինչպես է աշխատում հյուրանոցի կայքը՝ ուղիղ ամրագրում առանց Booking-ի միջնորդավճարի, զբաղվածության օրացույց և ադմին։ Գինը՝ 450 000 ֏-ից։ Ցույց տա՞մ, թե ինչպես կլինի ձեզ մոտ։","Здравствуйте! Меня зовут Азат, я делаю сайты для бизнесов в Армении (EVNWEB). Заметил, что у Voyage нет своего сайта. Могу прислать короткое видео, как работает сайт отеля: прямая бронь без комиссии Booking, календарь занятости и админка. Цена от 450 000 ֏. Показать, как это будет выглядеть у вас?",,,,
15,3,333 Hotel,отель,Ереван,+37410470474,"Բարև Ձեզ։ Ես Ազատն եմ, կայքեր եմ պատրաստում Հայաստանի բիզնեսների համար (EVNWEB)։ Նկատեցի, որ 333 Hotel-ը չունի սեփական կայք։ Կարող եմ ուղարկել կարճ տեսանյութ, թե ինչպես է աշխատում հյուրանոցի կայքը՝ ուղիղ ամրագրում առանց Booking-ի միջնորդավճարի, զբաղվածության օրացույց և ադմին։ Գինը՝ 450 000 ֏-ից։ Ցույց տա՞մ, թե ինչպես կլինի ձեզ մոտ։","Здравствуйте! Меня зовут Азат, я делаю сайты для бизнесов в Армении (EVNWEB). Заметил, что у 333 Hotel нет своего сайта. Могу прислать короткое видео, как работает сайт отеля: прямая бронь без комиссии Booking, календарь занятости и админка. Цена от 450 000 ֏. Показать, как это будет выглядеть у вас?",ne_mobilny,,,
15,3,Comfort House Hotel,отель,Ереван,+37499969673,"Բարև Ձեզ։ Ես Ազատն եմ, կայքեր եմ պատրաստում Հայաստանի բիզնեսների համար (EVNWEB)։ Նկատեցի, որ Comfort House Hotel-ը չունի սեփական կայք։ Կարող եմ ուղարկել կարճ տեսանյութ, թե ինչպես է աշխատում հյուրանոցի կայքը՝ ուղիղ ամրագրում առանց Booking-ի միջնորդավճարի, զբաղվածության օրացույց և ադմին։ Գինը՝ 450 000 ֏-ից։ Ցույց տա՞մ, թե ինչպես կլինի ձեզ մոտ։","Здравствуйте! Меня зовут Азат, я делаю сайты для бизнесов в Армении (EVNWEB). Заметил, что у Comfort House Hotel нет своего сайта. Могу прислать короткое видео, как работает сайт отеля: прямая бронь без комиссии Booking, календарь занятости и админка. Цена от 450 000 ֏. Показать, как это будет выглядеть у вас?",,,,
15,3,Granada,отель,Ереван,+37493991911,"Բարև Ձեզ։ Ես Ազատն եմ, կայքեր եմ պատրաստում Հայաստանի բիզնեսների համար (EVNWEB)։ Նկատեցի, որ Granada-ը չունի սեփական կայք։ Կարող եմ ուղարկել կարճ տեսանյութ, թե ինչպես է աշխատում հյուրանոցի կայքը՝ ուղիղ ամրագրում առանց Booking-ի միջնորդավճարի, զբաղվածության օրացույց և ադմին։ Գինը՝ 450 000 ֏-ից։ Ցույց տա՞մ, թե ինչպես կլինի ձեզ մոտ։","Здравствуйте! Меня зовут Азат, я делаю сайты для бизнесов в Армении (EVNWEB). Заметил, что у Granada нет своего сайта. Могу прислать короткое видео, как работает сайт отеля: прямая бронь без комиссии Booking, календарь занятости и админка. Цена от 450 000 ֏. Показать, как это будет выглядеть у вас?",,,,
15,3,Luxury Hotel,отель,Ереван,+37455111131,"Բարև Ձեզ։ Ես Ազատն եմ, կայքեր եմ պատրաստում Հայաստանի բիզնեսների համար (EVNWEB)։ Նկատեցի, որ Luxury Hotel-ը չունի սեփական կայք։ Կարող եմ ուղարկել կարճ տեսանյութ, թե ինչպես է աշխատում հյուրանոցի կայքը՝ ուղիղ ամրագրում առանց Booking-ի միջնորդավճարի, զբաղվածության օրացույց և ադմին։ Գինը՝ 450 000 ֏-ից։ Ցույց տա՞մ, թե ինչպես կլինի ձեզ մոտ։","Здравствуйте! Меня зовут Азат, я делаю сайты для бизнесов в Армении (EVNWEB). Заметил, что у Luxury Hotel нет своего сайта. Могу прислать короткое видео, как работает сайт отеля: прямая бронь без комиссии Booking, календарь занятости и админка. Цена от 450 000 ֏. Показать, как это будет выглядеть у вас?",,,,
15,3,РОЯЛ КЛАССИК ХАУЗ,отель,Ереван,+37460533030,"Բարև Ձեզ։ Ես Ազատն եմ, կայքեր եմ պատրաստում Հայաստանի բիզնեսների համար (EVNWEB)։ Նկատեցի, որ РОЯЛ КЛАССИК ХАУЗ-ը չունի սեփական կայք։ Կարող եմ ուղարկել կարճ տեսանյութ, թե ինչպես է աշխատում հյուրանոցի կայքը՝ ուղիղ ամրագրում առանց Booking-ի միջնորդավճարի, զբաղվածության օրացույց և ադմին։ Գինը՝ 450 000 ֏-ից։ Ցույց տա՞մ, թե ինչպես կլինի ձեզ մոտ։","Здравствуйте! Меня зовут Азат, я делаю сайты для бизнесов в Армении (EVNWEB). Заметил, что у РОЯЛ КЛАССИК ХАУЗ нет своего сайта. Могу прислать короткое видео, как работает сайт отеля: прямая бронь без комиссии Booking, календарь занятости и админка. Цена от 450 000 ֏. Показать, как это будет выглядеть у вас?",ne_mobilny,,,
15,3,SEM Hotel,отель,Ереван,+37491529050,"Բարև Ձեզ։ Ես Ազատն եմ, կայքեր եմ պատրաստում Հայաստանի բիզնեսների համար (EVNWEB)։ Նկատեցի, որ SEM Hotel-ը չունի սեփական կայք։ Կարող եմ ուղարկել կարճ տեսանյութ, թե ինչպես է աշխատում հյուրանոցի կայքը՝ ուղիղ ամրագրում առանց Booking-ի միջնորդավճարի, զբաղվածության օրացույց և ադմին։ Գինը՝ 450 000 ֏-ից։ Ցույց տա՞մ, թե ինչպես կլինի ձեզ մոտ։","Здравствуйте! Меня зовут Азат, я делаю сайты для бизнесов в Армении (EVNWEB). Заметил, что у SEM Hotel нет своего сайта. Могу прислать короткое видео, как работает сайт отеля: прямая бронь без комиссии Booking, календарь занятости и админка. Цена от 450 000 ֏. Показать, как это будет выглядеть у вас?",,,,
15,3,Sil Plaza Hotel,отель,Ереван,+37410521352,"Բարև Ձեզ։ Ես Ազատն եմ, կայքեր եմ պատրաստում Հայաստանի բիզնեսների համար (EVNWEB)։ Նկատեցի, որ Sil Plaza Hotel-ը չունի սեփական կայք։ Կարող եմ ուղարկել կարճ տեսանյութ, թե ինչպես է աշխատում հյուրանոցի կայքը՝ ուղիղ ամրագրում առանց Booking-ի միջնորդավճարի, զբաղվածության օրացույց և ադմին։ Գինը՝ 450 000 ֏-ից։ Ցույց տա՞մ, թե ինչպես կլինի ձեզ մոտ։","Здравствуйте! Меня зовут Азат, я делаю сайты для бизнесов в Армении (EVNWEB). Заметил, что у Sil Plaza Hotel нет своего сайта. Могу прислать короткое видео, как работает сайт отеля: прямая бронь без комиссии Booking, календарь занятости и админка. Цена от 450 000 ֏. Показать, как это будет выглядеть у вас?",ne_mobilny,,,
15,3,Vaspurakan,отель,Ереван,+37493633663,"Բարև Ձեզ։ Ես Ազատն եմ, կայքեր եմ պատրաստում Հայաստանի բիզնեսների համար (EVNWEB)։ Նկատեցի, որ Vaspurakan-ը չունի սեփական կայք։ Կարող եմ ուղարկել կարճ տեսանյութ, թե ինչպես է աշխատում հյուրանոցի կայքը՝ ուղիղ ամրագրում առանց Booking-ի միջնորդավճարի, զբաղվածության օրացույց և ադմին։ Գինը՝ 450 000 ֏-ից։ Ցույց տա՞մ, թե ինչպես կլինի ձեզ մոտ։","Здравствуйте! Меня зовут Азат, я делаю сайты для бизнесов в Армении (EVNWEB). Заметил, что у Vaspurakan нет своего сайта. Могу прислать короткое видео, как работает сайт отеля: прямая бронь без комиссии Booking, календарь занятости и админка. Цена от 450 000 ֏. Показать, как это будет выглядеть у вас?",,,,
15,3,Mirage Hotel,отель,Ереван,+37410629000,"Բարև Ձեզ։ Ես Ազատն եմ, կայքեր եմ պատրաստում Հայաստանի բիզնեսների համար (EVNWEB)։ Նկատեցի, որ Mirage Hotel-ը չունի սեփական կայք։ Կարող եմ ուղարկել կարճ տեսանյութ, թե ինչպես է աշխատում հյուրանոցի կայքը՝ ուղիղ ամրագրում առանց Booking-ի միջնորդավճարի, զբաղվածության օրացույց և ադմին։ Գինը՝ 450 000 ֏-ից։ Ցույց տա՞մ, թե ինչպես կլինի ձեզ մոտ։","Здравствуйте! Меня зовут Азат, я делаю сайты для бизнесов в Армении (EVNWEB). Заметил, что у Mirage Hotel нет своего сайта. Могу прислать короткое видео, как работает сайт отеля: прямая бронь без комиссии Booking, календарь занятости и админка. Цена от 450 000 ֏. Показать, как это будет выглядеть у вас?",ne_mobilny,,,
15,3,Villa des Roses Hotel,отель,Ереван,+37410653138,"Բարև Ձեզ։ Ես Ազատն եմ, կայքեր եմ պատրաստում Հայաստանի բիզնեսների համար (EVNWEB)։ Նկատեցի, որ Villa des Roses Hotel-ը չունի սեփական կայք։ Կարող եմ ուղարկել կարճ տեսանյութ, թե ինչպես է աշխատում հյուրանոցի կայքը՝ ուղիղ ամրագրում առանց Booking-ի միջնորդավճարի, զբաղվածության օրացույց և ադմին։ Գինը՝ 450 000 ֏-ից։ Ցույց տա՞մ, թե ինչպես կլինի ձեզ մոտ։","Здравствуйте! Меня зовут Азат, я делаю сайты для бизнесов в Армении (EVNWEB). Заметил, что у Villa des Roses Hotel нет своего сайта. Могу прислать короткое видео, как работает сайт отеля: прямая бронь без комиссии Booking, календарь занятости и админка. Цена от 450 000 ֏. Показать, как это будет выглядеть у вас?",ne_mobilny,,,
15,3,Apart Hotel Alex,отель,Ереван,+37491205552,"Բարև Ձեզ։ Ես Ազատն եմ, կայքեր եմ պատրաստում Հայաստանի բիզնեսների համար (EVNWEB)։ Նկատեցի, որ Apart Hotel Alex-ը չունի սեփական կայք։ Կարող եմ ուղարկել կարճ տեսանյութ, թե ինչպես է աշխատում հյուրանոցի կայքը՝ ուղիղ ամրագրում առանց Booking-ի միջնորդավճարի, զբաղվածության օրացույց և ադմին։ Գինը՝ 450 000 ֏-ից։ Ցույց տա՞մ, թե ինչպես կլինի ձեզ մոտ։","Здравствуйте! Меня зовут Азат, я делаю сайты для бизнесов в Армении (EVNWEB). Заметил, что у Apart Hotel Alex нет своего сайта. Могу прислать короткое видео, как работает сайт отеля: прямая бронь без комиссии Booking, календарь занятости и админка. Цена от 450 000 ֏. Показать, как это будет выглядеть у вас?",,,,
15,3,Apricot Hotel Erevan,отель,Ереван,+37411330011,"Բարև Ձեզ։ Ես Ազատն եմ, կայքեր եմ պատրաստում Հայաստանի բիզնեսների համար (EVNWEB)։ Նկատեցի, որ Apricot Hotel Erevan-ը չունի սեփական կայք։ Կարող եմ ուղարկել կարճ տեսանյութ, թե ինչպես է աշխատում հյուրանոցի կայքը՝ ուղիղ ամրագրում առանց Booking-ի միջնորդավճարի, զբաղվածության օրացույց և ադմին։ Գինը՝ 450 000 ֏-ից։ Ցույց տա՞մ, թե ինչպես կլինի ձեզ մոտ։","Здравствуйте! Меня зовут Азат, я делаю сайты для бизнесов в Армении (EVNWEB). Заметил, что у Apricot Hotel Erevan нет своего сайта. Могу прислать короткое видео, как работает сайт отеля: прямая бронь без комиссии Booking, календарь занятости и админка. Цена от 450 000 ֏. Показать, как это будет выглядеть у вас?",ne_mobilny,,,
15,3,Ararat Gold,отель,Ереван,+37498888879,"Բարև Ձեզ։ Ես Ազատն եմ, կայքեր եմ պատրաստում Հայաստանի բիզնեսների համար (EVNWEB)։ Նկատեցի, որ Ararat Gold-ը չունի սեփական կայք։ Կարող եմ ուղարկել կարճ տեսանյութ, թե ինչպես է աշխատում հյուրանոցի կայքը՝ ուղիղ ամրագրում առանց Booking-ի միջնորդավճարի, զբաղվածության օրացույց և ադմին։ Գինը՝ 450 000 ֏-ից։ Ցույց տա՞մ, թե ինչպես կլինի ձեզ մոտ։","Здравствуйте! Меня зовут Азат, я делаю сайты для бизнесов в Армении (EVNWEB). Заметил, что у Ararat Gold нет своего сайта. Могу прислать короткое видео, как работает сайт отеля: прямая бронь без комиссии Booking, календарь занятости и админка. Цена от 450 000 ֏. Показать, как это будет выглядеть у вас?",,,,
15,3,Aresh,отель,Ереван,+37477924202,"Բարև Ձեզ։ Ես Ազատն եմ, կայքեր եմ պատրաստում Հայաստանի բիզնեսների համար (EVNWEB)։ Նկատեցի, որ Aresh-ը չունի սեփական կայք։ Կարող եմ ուղարկել կարճ տեսանյութ, թե ինչպես է աշխատում հյուրանոցի կայքը՝ ուղիղ ամրագրում առանց Booking-ի միջնորդավճարի, զբաղվածության օրացույց և ադմին։ Գինը՝ 450 000 ֏-ից։ Ցույց տա՞մ, թե ինչպես կլինի ձեզ մոտ։","Здравствуйте! Меня зовут Азат, я делаю сайты для бизнесов в Армении (EVNWEB). Заметил, что у Aresh нет своего сайта. Могу прислать короткое видео, как работает сайт отеля: прямая бронь без комиссии Booking, календарь занятости и админка. Цена от 450 000 ֏. Показать, как это будет выглядеть у вас?",,,,
15,3,Armenia De Luxe,отель,Ереван,+37410779900,"Բարև Ձեզ։ Ես Ազատն եմ, կայքեր եմ պատրաստում Հայաստանի բիզնեսների համար (EVNWEB)։ Նկատեցի, որ Armenia De Luxe-ը չունի սեփական կայք։ Կարող եմ ուղարկել կարճ տեսանյութ, թե ինչպես է աշխատում հյուրանոցի կայքը՝ ուղիղ ամրագրում առանց Booking-ի միջնորդավճարի, զբաղվածության օրացույց և ադմին։ Գինը՝ 450 000 ֏-ից։ Ցույց տա՞մ, թե ինչպես կլինի ձեզ մոտ։","Здравствуйте! Меня зовут Азат, я делаю сайты для бизнесов в Армении (EVNWEB). Заметил, что у Armenia De Luxe нет своего сайта. Могу прислать короткое видео, как работает сайт отеля: прямая бронь без комиссии Booking, календарь занятости и админка. Цена от 450 000 ֏. Показать, как это будет выглядеть у вас?",ne_mobilny,,,
15,3,Bella,отель,Ереван,+37410548883,"Բարև Ձեզ։ Ես Ազատն եմ, կայքեր եմ պատրաստում Հայաստանի բիզնեսների համար (EVNWEB)։ Նկատեցի, որ Bella-ը չունի սեփական կայք։ Կարող եմ ուղարկել կարճ տեսանյութ, թե ինչպես է աշխատում հյուրանոցի կայքը՝ ուղիղ ամրագրում առանց Booking-ի միջնորդավճարի, զբաղվածության օրացույց և ադմին։ Գինը՝ 450 000 ֏-ից։ Ցույց տա՞մ, թե ինչպես կլինի ձեզ մոտ։","Здравствуйте! Меня зовут Азат, я делаю сайты для бизнесов в Армении (EVNWEB). Заметил, что у Bella нет своего сайта. Могу прислать короткое видео, как работает сайт отеля: прямая бронь без комиссии Booking, календарь занятости и админка. Цена от 450 000 ֏. Показать, как это будет выглядеть у вас?",ne_mobilny,,,
15,3,Benefice Mini-Hotel,отель,Ереван,+37411770737,"Բարև Ձեզ։ Ես Ազատն եմ, կայքեր եմ պատրաստում Հայաստանի բիզնեսների համար (EVNWEB)։ Նկատեցի, որ Benefice Mini-Hotel-ը չունի սեփական կայք։ Կարող եմ ուղարկել կարճ տեսանյութ, թե ինչպես է աշխատում հյուրանոցի կայքը՝ ուղիղ ամրագրում առանց Booking-ի միջնորդավճարի, զբաղվածության օրացույց և ադմին։ Գինը՝ 450 000 ֏-ից։ Ցույց տա՞մ, թե ինչպես կլինի ձեզ մոտ։","Здравствуйте! Меня зовут Азат, я делаю сайты для бизнесов в Армении (EVNWEB). Заметил, что у Benefice Mini-Hotel нет своего сайта. Могу прислать короткое видео, как работает сайт отеля: прямая бронь без комиссии Booking, календарь занятости и админка. Цена от 450 000 ֏. Показать, как это будет выглядеть у вас?",ne_mobilny,,,
15,3,D&D,отель,Ереван,+37499422272,"Բարև Ձեզ։ Ես Ազատն եմ, կայքեր եմ պատրաստում Հայաստանի բիզնեսների համար (EVNWEB)։ Նկատեցի, որ D&D-ը չունի սեփական կայք։ Կարող եմ ուղարկել կարճ տեսանյութ, թե ինչպես է աշխատում հյուրանոցի կայքը՝ ուղիղ ամրագրում առանց Booking-ի միջնորդավճարի, զբաղվածության օրացույց և ադմին։ Գինը՝ 450 000 ֏-ից։ Ցույց տա՞մ, թե ինչպես կլինի ձեզ մոտ։","Здравствуйте! Меня зовут Азат, я делаю сайты для бизнесов в Армении (EVNWEB). Заметил, что у D&D нет своего сайта. Могу прислать короткое видео, как работает сайт отеля: прямая бронь без комиссии Booking, календарь занятости и админка. Цена от 450 000 ֏. Показать, как это будет выглядеть у вас?",,,,
15,3,Erebuni Plaza,отель,Ереван,+37441305204,"Բարև Ձեզ։ Ես Ազատն եմ, կայքեր եմ պատրաստում Հայաստանի բիզնեսների համար (EVNWEB)։ Նկատեցի, որ Erebuni Plaza-ը չունի սեփական կայք։ Կարող եմ ուղարկել կարճ տեսանյութ, թե ինչպես է աշխատում հյուրանոցի կայքը՝ ուղիղ ամրագրում առանց Booking-ի միջնորդավճարի, զբաղվածության օրացույց և ադմին։ Գինը՝ 450 000 ֏-ից։ Ցույց տա՞մ, թե ինչպես կլինի ձեզ մոտ։","Здравствуйте! Меня зовут Азат, я делаю сайты для бизнесов в Армении (EVNWEB). Заметил, что у Erebuni Plaza нет своего сайта. Могу прислать короткое видео, как работает сайт отеля: прямая бронь без комиссии Booking, календарь занятости и админка. Цена от 450 000 ֏. Показать, как это будет выглядеть у вас?",,,,
15,3,Imperia,отель,Ереван,+37410480088,"Բարև Ձեզ։ Ես Ազատն եմ, կայքեր եմ պատրաստում Հայաստանի բիզնեսների համար (EVNWEB)։ Նկատեցի, որ Imperia-ը չունի սեփական կայք։ Կարող եմ ուղարկել կարճ տեսանյութ, թե ինչպես է աշխատում հյուրանոցի կայքը՝ ուղիղ ամրագրում առանց Booking-ի միջնորդավճարի, զբաղվածության օրացույց և ադմին։ Գինը՝ 450 000 ֏-ից։ Ցույց տա՞մ, թե ինչպես կլինի ձեզ մոտ։","Здравствуйте! Меня зовут Азат, я делаю сайты для бизнесов в Армении (EVNWEB). Заметил, что у Imperia нет своего сайта. Могу прислать короткое видео, как работает сайт отеля: прямая бронь без комиссии Booking, календарь занятости и админка. Цена от 450 000 ֏. Показать, как это будет выглядеть у вас?",ne_mobilny,,,
15,3,MG Hotel,отель,Ереван,+37491330844,"Բարև Ձեզ։ Ես Ազատն եմ, կայքեր եմ պատրաստում Հայաստանի բիզնեսների համար (EVNWEB)։ Նկատեցի, որ MG Hotel-ը չունի սեփական կայք։ Կարող եմ ուղարկել կարճ տեսանյութ, թե ինչպես է աշխատում հյուրանոցի կայքը՝ ուղիղ ամրագրում առանց Booking-ի միջնորդավճարի, զբաղվածության օրացույց և ադմին։ Գինը՝ 450 000 ֏-ից։ Ցույց տա՞մ, թե ինչպես կլինի ձեզ մոտ։","Здравствуйте! Меня зовут Азат, я делаю сайты для бизнесов в Армении (EVNWEB). Заметил, что у MG Hotel нет своего сайта. Могу прислать короткое видео, как работает сайт отеля: прямая бронь без комиссии Booking, календарь занятости и админка. Цена от 450 000 ֏. Показать, как это будет выглядеть у вас?",,,,
15,3,Manand,отель,Ереван,+37493807616,"Բարև Ձեզ։ Ես Ազատն եմ, կայքեր եմ պատրաստում Հայաստանի բիզնեսների համար (EVNWEB)։ Նկատեցի, որ Manand-ը չունի սեփական կայք։ Կարող եմ ուղարկել կարճ տեսանյութ, թե ինչպես է աշխատում հյուրանոցի կայքը՝ ուղիղ ամրագրում առանց Booking-ի միջնորդավճարի, զբաղվածության օրացույց և ադմին։ Գինը՝ 450 000 ֏-ից։ Ցույց տա՞մ, թե ինչպես կլինի ձեզ մոտ։","Здравствуйте! Меня зовут Азат, я делаю сайты для бизнесов в Армении (EVNWEB). Заметил, что у Manand нет своего сайта. Могу прислать короткое видео, как работает сайт отеля: прямая бронь без комиссии Booking, календарь занятости и админка. Цена от 450 000 ֏. Показать, как это будет выглядеть у вас?",,,,
15,3,Mini Hotel Victoria,отель,Ереван,+37477409594,"Բարև Ձեզ։ Ես Ազատն եմ, կայքեր եմ պատրաստում Հայաստանի բիզնեսների համար (EVNWEB)։ Նկատեցի, որ Mini Hotel Victoria-ը չունի սեփական կայք։ Կարող եմ ուղարկել կարճ տեսանյութ, թե ինչպես է աշխատում հյուրանոցի կայքը՝ ուղիղ ամրագրում առանց Booking-ի միջնորդավճարի, զբաղվածության օրացույց և ադմին։ Գինը՝ 450 000 ֏-ից։ Ցույց տա՞մ, թե ինչպես կլինի ձեզ մոտ։","Здравствуйте! Меня зовут Азат, я делаю сайты для бизнесов в Армении (EVNWEB). Заметил, что у Mini Hotel Victoria нет своего сайта. Могу прислать короткое видео, как работает сайт отеля: прямая бронь без комиссии Booking, календарь занятости и админка. Цена от 450 000 ֏. Показать, как это будет выглядеть у вас?",,,,
15,3,My Hotel Yerevan,отель,Ереван,+37491600709,"Բարև Ձեզ։ Ես Ազատն եմ, կայքեր եմ պատրաստում Հայաստանի բիզնեսների համար (EVNWEB)։ Նկատեցի, որ My Hotel Yerevan-ը չունի սեփական կայք։ Կարող եմ ուղարկել կարճ տեսանյութ, թե ինչպես է աշխատում հյուրանոցի կայքը՝ ուղիղ ամրագրում առանց Booking-ի միջնորդավճարի, զբաղվածության օրացույց և ադմին։ Գինը՝ 450 000 ֏-ից։ Ցույց տա՞մ, թե ինչպես կլինի ձեզ մոտ։","Здравствуйте! Меня зовут Азат, я делаю сайты для бизнесов в Армении (EVNWEB). Заметил, что у My Hotel Yerevan нет своего сайта. Могу прислать короткое видео, как работает сайт отеля: прямая бронь без комиссии Booking, календарь занятости и админка. Цена от 450 000 ֏. Показать, как это будет выглядеть у вас?",,,,
16,3,Naberezhni,отель,Ереван,+37477580247,"Բարև Ձեզ։ Ես Ազատն եմ, կայքեր եմ պատրաստում Հայաստանի բիզնեսների համար (EVNWEB)։ Նկատեցի, որ Naberezhni-ը չունի սեփական կայք։ Կարող եմ ուղարկել կարճ տեսանյութ, թե ինչպես է աշխատում հյուրանոցի կայքը՝ ուղիղ ամրագրում առանց Booking-ի միջնորդավճարի, զբաղվածության օրացույց և ադմին։ Գինը՝ 450 000 ֏-ից։ Ցույց տա՞մ, թե ինչպես կլինի ձեզ մոտ։","Здравствуйте! Меня зовут Азат, я делаю сайты для бизнесов в Армении (EVNWEB). Заметил, что у Naberezhni нет своего сайта. Могу прислать короткое видео, как работает сайт отеля: прямая бронь без комиссии Booking, календарь занятости и админка. Цена от 450 000 ֏. Показать, как это будет выглядеть у вас?",,,,
16,3,New York Hotel,отель,Ереван,+37443621010,"Բարև Ձեզ։ Ես Ազատն եմ, կայքեր եմ պատրաստում Հայաստանի բիզնեսների համար (EVNWEB)։ Նկատեցի, որ New York Hotel-ը չունի սեփական կայք։ Կարող եմ ուղարկել կարճ տեսանյութ, թե ինչպես է աշխատում հյուրանոցի կայքը՝ ուղիղ ամրագրում առանց Booking-ի միջնորդավճարի, զբաղվածության օրացույց և ադմին։ Գինը՝ 450 000 ֏-ից։ Ցույց տա՞մ, թե ինչպես կլինի ձեզ մոտ։","Здравствуйте! Меня зовут Азат, я делаю сайты для бизнесов в Армении (EVNWEB). Заметил, что у New York Hotel нет своего сайта. Могу прислать короткое видео, как работает сайт отеля: прямая бронь без комиссии Booking, календарь занятости и админка. Цена от 450 000 ֏. Показать, как это будет выглядеть у вас?",,,,
16,3,Nork Residence,отель,Ереван,+37410670051,"Բարև Ձեզ։ Ես Ազատն եմ, կայքեր եմ պատրաստում Հայաստանի բիզնեսների համար (EVNWEB)։ Նկատեցի, որ Nork Residence-ը չունի սեփական կայք։ Կարող եմ ուղարկել կարճ տեսանյութ, թե ինչպես է աշխատում հյուրանոցի կայքը՝ ուղիղ ամրագրում առանց Booking-ի միջնորդավճարի, զբաղվածության օրացույց և ադմին։ Գինը՝ 450 000 ֏-ից։ Ցույց տա՞մ, թե ինչպես կլինի ձեզ մոտ։","Здравствуйте! Меня зовут Азат, я делаю сайты для бизнесов в Армении (EVNWEB). Заметил, что у Nork Residence нет своего сайта. Могу прислать короткое видео, как работает сайт отеля: прямая бронь без комиссии Booking, календарь занятости и админка. Цена от 450 000 ֏. Показать, как это будет выглядеть у вас?",ne_mobilny,,,
16,3,North Avenue,отель,Ереван,+37410505055,"Բարև Ձեզ։ Ես Ազատն եմ, կայքեր եմ պատրաստում Հայաստանի բիզնեսների համար (EVNWEB)։ Նկատեցի, որ North Avenue-ը չունի սեփական կայք։ Կարող եմ ուղարկել կարճ տեսանյութ, թե ինչպես է աշխատում հյուրանոցի կայքը՝ ուղիղ ամրագրում առանց Booking-ի միջնորդավճարի, զբաղվածության օրացույց և ադմին։ Գինը՝ 450 000 ֏-ից։ Ցույց տա՞մ, թե ինչպես կլինի ձեզ մոտ։","Здравствуйте! Меня зовут Азат, я делаю сайты для бизнесов в Армении (EVNWEB). Заметил, что у North Avenue нет своего сайта. Могу прислать короткое видео, как работает сайт отеля: прямая бронь без комиссии Booking, календарь занятости и админка. Цена от 450 000 ֏. Показать, как это будет выглядеть у вас?",ne_mobilny,,,
16,3,Orbeli hotel,отель,Ереван,+37493300664,"Բարև Ձեզ։ Ես Ազատն եմ, կայքեր եմ պատրաստում Հայաստանի բիզնեսների համար (EVNWEB)։ Նկատեցի, որ Orbeli hotel-ը չունի սեփական կայք։ Կարող եմ ուղարկել կարճ տեսանյութ, թե ինչպես է աշխատում հյուրանոցի կայքը՝ ուղիղ ամրագրում առանց Booking-ի միջնորդավճարի, զբաղվածության օրացույց և ադմին։ Գինը՝ 450 000 ֏-ից։ Ցույց տա՞մ, թե ինչպես կլինի ձեզ մոտ։","Здравствуйте! Меня зовут Азат, я делаю сайты для бизнесов в Армении (EVNWEB). Заметил, что у Orbeli hotel нет своего сайта. Могу прислать короткое видео, как работает сайт отеля: прямая бронь без комиссии Booking, календарь занятости и админка. Цена от 450 000 ֏. Показать, как это будет выглядеть у вас?",,,,
16,3,Palazzo,отель,Ереван,+37411280707,"Բարև Ձեզ։ Ես Ազատն եմ, կայքեր եմ պատրաստում Հայաստանի բիզնեսների համար (EVNWEB)։ Նկատեցի, որ Palazzo-ը չունի սեփական կայք։ Կարող եմ ուղարկել կարճ տեսանյութ, թե ինչպես է աշխատում հյուրանոցի կայքը՝ ուղիղ ամրագրում առանց Booking-ի միջնորդավճարի, զբաղվածության օրացույց և ադմին։ Գինը՝ 450 000 ֏-ից։ Ցույց տա՞մ, թե ինչպես կլինի ձեզ մոտ։","Здравствуйте! Меня зовут Азат, я делаю сайты для бизнесов в Армении (EVNWEB). Заметил, что у Palazzo нет своего сайта. Могу прислать короткое видео, как работает сайт отеля: прямая бронь без комиссии Booking, календарь занятости и админка. Цена от 450 000 ֏. Показать, как это будет выглядеть у вас?",ne_mobilny,,,
16,3,Paloma,отель,Ереван,+37410203000,"Բարև Ձեզ։ Ես Ազատն եմ, կայքեր եմ պատրաստում Հայաստանի բիզնեսների համար (EVNWEB)։ Նկատեցի, որ Paloma-ը չունի սեփական կայք։ Կարող եմ ուղարկել կարճ տեսանյութ, թե ինչպես է աշխատում հյուրանոցի կայքը՝ ուղիղ ամրագրում առանց Booking-ի միջնորդավճարի, զբաղվածության օրացույց և ադմին։ Գինը՝ 450 000 ֏-ից։ Ցույց տա՞մ, թե ինչպես կլինի ձեզ մոտ։","Здравствуйте! Меня зовут Азат, я делаю сайты для бизнесов в Армении (EVNWEB). Заметил, что у Paloma нет своего сайта. Могу прислать короткое видео, как работает сайт отеля: прямая бронь без комиссии Booking, календарь занятости и админка. Цена от 450 000 ֏. Показать, как это будет выглядеть у вас?",ne_mobilny,,,
16,3,Reset Lounge 84,отель,Ереван,+37441370032,"Բարև Ձեզ։ Ես Ազատն եմ, կայքեր եմ պատրաստում Հայաստանի բիզնեսների համար (EVNWEB)։ Նկատեցի, որ Reset Lounge 84-ը չունի սեփական կայք։ Կարող եմ ուղարկել կարճ տեսանյութ, թե ինչպես է աշխատում հյուրանոցի կայքը՝ ուղիղ ամրագրում առանց Booking-ի միջնորդավճարի, զբաղվածության օրացույց և ադմին։ Գինը՝ 450 000 ֏-ից։ Ցույց տա՞մ, թե ինչպես կլինի ձեզ մոտ։","Здравствуйте! Меня зовут Азат, я делаю сайты для бизнесов в Армении (EVNWEB). Заметил, что у Reset Lounge 84 нет своего сайта. Могу прислать короткое видео, как работает сайт отеля: прямая бронь без комиссии Booking, календарь занятости и админка. Цена от 450 000 ֏. Показать, как это будет выглядеть у вас?",,,,
16,3,Riverside Guest House,отель,Ереван,+37491300220,"Բարև Ձեզ։ Ես Ազատն եմ, կայքեր եմ պատրաստում Հայաստանի բիզնեսների համար (EVNWEB)։ Նկատեցի, որ Riverside Guest House-ը չունի սեփական կայք։ Կարող եմ ուղարկել կարճ տեսանյութ, թե ինչպես է աշխատում հյուրանոցի կայքը՝ ուղիղ ամրագրում առանց Booking-ի միջնորդավճարի, զբաղվածության օրացույց և ադմին։ Գինը՝ 450 000 ֏-ից։ Ցույց տա՞մ, թե ինչպես կլինի ձեզ մոտ։","Здравствуйте! Меня зовут Азат, я делаю сайты для бизнесов в Армении (EVNWEB). Заметил, что у Riverside Guest House нет своего сайта. Могу прислать короткое видео, как работает сайт отеля: прямая бронь без комиссии Booking, календарь занятости и админка. Цена от 450 000 ֏. Показать, как это будет выглядеть у вас?",,,,
16,3,SD Hotel,отель,Ереван,+37410557794,"Բարև Ձեզ։ Ես Ազատն եմ, կայքեր եմ պատրաստում Հայաստանի բիզնեսների համար (EVNWEB)։ Նկատեցի, որ SD Hotel-ը չունի սեփական կայք։ Կարող եմ ուղարկել կարճ տեսանյութ, թե ինչպես է աշխատում հյուրանոցի կայքը՝ ուղիղ ամրագրում առանց Booking-ի միջնորդավճարի, զբաղվածության օրացույց և ադմին։ Գինը՝ 450 000 ֏-ից։ Ցույց տա՞մ, թե ինչպես կլինի ձեզ մոտ։","Здравствуйте! Меня зовут Азат, я делаю сайты для бизнесов в Армении (EVNWEB). Заметил, что у SD Hotel нет своего сайта. Могу прислать короткое видео, как работает сайт отеля: прямая бронь без комиссии Booking, календарь занятости и админка. Цена от 450 000 ֏. Показать, как это будет выглядеть у вас?",ne_mobilny,,,
16,3,SV Hotel,отель,Ереван,+37491690590,"Բարև Ձեզ։ Ես Ազատն եմ, կայքեր եմ պատրաստում Հայաստանի բիզնեսների համար (EVNWEB)։ Նկատեցի, որ SV Hotel-ը չունի սեփական կայք։ Կարող եմ ուղարկել կարճ տեսանյութ, թե ինչպես է աշխատում հյուրանոցի կայքը՝ ուղիղ ամրագրում առանց Booking-ի միջնորդավճարի, զբաղվածության օրացույց և ադմին։ Գինը՝ 450 000 ֏-ից։ Ցույց տա՞մ, թե ինչպես կլինի ձեզ մոտ։","Здравствуйте! Меня зовут Азат, я делаю сайты для бизнесов в Армении (EVNWEB). Заметил, что у SV Hotel нет своего сайта. Могу прислать короткое видео, как работает сайт отеля: прямая бронь без комиссии Booking, календарь занятости и админка. Цена от 450 000 ֏. Показать, как это будет выглядеть у вас?",,,,
16,3,The Arte Hotel,отель,Ереван,+37460500077,"Բարև Ձեզ։ Ես Ազատն եմ, կայքեր եմ պատրաստում Հայաստանի բիզնեսների համար (EVNWEB)։ Նկատեցի, որ The Arte Hotel-ը չունի սեփական կայք։ Կարող եմ ուղարկել կարճ տեսանյութ, թե ինչպես է աշխատում հյուրանոցի կայքը՝ ուղիղ ամրագրում առանց Booking-ի միջնորդավճարի, զբաղվածության օրացույց և ադմին։ Գինը՝ 450 000 ֏-ից։ Ցույց տա՞մ, թե ինչպես կլինի ձեզ մոտ։","Здравствуйте! Меня зовут Азат, я делаю сайты для бизнесов в Армении (EVNWEB). Заметил, что у The Arte Hotel нет своего сайта. Могу прислать короткое видео, как работает сайт отеля: прямая бронь без комиссии Booking, календарь занятости и админка. Цена от 450 000 ֏. Показать, как это будет выглядеть у вас?",ne_mobilny,,,
16,3,Valem Plaza,отель,Ереван,+37410399507,"Բարև Ձեզ։ Ես Ազատն եմ, կայքեր եմ պատրաստում Հայաստանի բիզնեսների համար (EVNWEB)։ Նկատեցի, որ Valem Plaza-ը չունի սեփական կայք։ Կարող եմ ուղարկել կարճ տեսանյութ, թե ինչպես է աշխատում հյուրանոցի կայքը՝ ուղիղ ամրագրում առանց Booking-ի միջնորդավճարի, զբաղվածության օրացույց և ադմին։ Գինը՝ 450 000 ֏-ից։ Ցույց տա՞մ, թե ինչպես կլինի ձեզ մոտ։","Здравствуйте! Меня зовут Азат, я делаю сайты для бизнесов в Армении (EVNWEB). Заметил, что у Valem Plaza нет своего сайта. Могу прислать короткое видео, как работает сайт отеля: прямая бронь без комиссии Booking, календарь занятости и админка. Цена от 450 000 ֏. Показать, как это будет выглядеть у вас?",ne_mobilny,,,
16,3,Versal-Europe,отель,Ереван,+37491330150,"Բարև Ձեզ։ Ես Ազատն եմ, կայքեր եմ պատրաստում Հայաստանի բիզնեսների համար (EVNWEB)։ Նկատեցի, որ Versal-Europe-ը չունի սեփական կայք։ Կարող եմ ուղարկել կարճ տեսանյութ, թե ինչպես է աշխատում հյուրանոցի կայքը՝ ուղիղ ամրագրում առանց Booking-ի միջնորդավճարի, զբաղվածության օրացույց և ադմին։ Գինը՝ 450 000 ֏-ից։ Ցույց տա՞մ, թե ինչպես կլինի ձեզ մոտ։","Здравствуйте! Меня зовут Азат, я делаю сайты для бизнесов в Армении (EVNWEB). Заметил, что у Versal-Europe нет своего сайта. Могу прислать короткое видео, как работает сайт отеля: прямая бронь без комиссии Booking, календарь занятости и админка. Цена от 450 000 ֏. Показать, как это будет выглядеть у вас?",,,,
16,3,Vertoni,отель,Ереван,+37491040510,"Բարև Ձեզ։ Ես Ազատն եմ, կայքեր եմ պատրաստում Հայաստանի բիզնեսների համար (EVNWEB)։ Նկատեցի, որ Vertoni-ը չունի սեփական կայք։ Կարող եմ ուղարկել կարճ տեսանյութ, թե ինչպես է աշխատում հյուրանոցի կայքը՝ ուղիղ ամրագրում առանց Booking-ի միջնորդավճարի, զբաղվածության օրացույց և ադմին։ Գինը՝ 450 000 ֏-ից։ Ցույց տա՞մ, թե ինչպես կլինի ձեզ մոտ։","Здравствуйте! Меня зовут Азат, я делаю сайты для бизнесов в Армении (EVNWEB). Заметил, что у Vertoni нет своего сайта. Могу прислать короткое видео, как работает сайт отеля: прямая бронь без комиссии Booking, календарь занятости и админка. Цена от 450 000 ֏. Показать, как это будет выглядеть у вас?",,,,
16,3,Villa Rosa,отель,Ереван,+37410269160,"Բարև Ձեզ։ Ես Ազատն եմ, կայքեր եմ պատրաստում Հայաստանի բիզնեսների համար (EVNWEB)։ Նկատեցի, որ Villa Rosa-ը չունի սեփական կայք։ Կարող եմ ուղարկել կարճ տեսանյութ, թե ինչպես է աշխատում հյուրանոցի կայքը՝ ուղիղ ամրագրում առանց Booking-ի միջնորդավճարի, զբաղվածության օրացույց և ադմին։ Գինը՝ 450 000 ֏-ից։ Ցույց տա՞մ, թե ինչպես կլինի ձեզ մոտ։","Здравствуйте! Меня зовут Азат, я делаю сайты для бизнесов в Армении (EVNWEB). Заметил, что у Villa Rosa нет своего сайта. Могу прислать короткое видео, как работает сайт отеля: прямая бронь без комиссии Booking, календарь занятости и админка. Цена от 450 000 ֏. Показать, как это будет выглядеть у вас?",ne_mobilny,,,
16,3,Erzrum,отель,Ереван,+37410299002,"Բարև Ձեզ։ Ես Ազատն եմ, կայքեր եմ պատրաստում Հայաստանի բիզնեսների համար (EVNWEB)։ Նկատեցի, որ Erzrum-ը չունի սեփական կայք։ Կարող եմ ուղարկել կարճ տեսանյութ, թե ինչպես է աշխատում հյուրանոցի կայքը՝ ուղիղ ամրագրում առանց Booking-ի միջնորդավճարի, զբաղվածության օրացույց և ադմին։ Գինը՝ 450 000 ֏-ից։ Ցույց տա՞մ, թե ինչպես կլինի ձեզ մոտ։","Здравствуйте! Меня зовут Азат, я делаю сайты для бизнесов в Армении (EVNWEB). Заметил, что у Erzrum нет своего сайта. Могу прислать короткое видео, как работает сайт отеля: прямая бронь без комиссии Booking, календарь занятости и админка. Цена от 450 000 ֏. Показать, как это будет выглядеть у вас?",ne_mobilny,,,
16,3,Aleppo,отель,Ереван,+37498948914,"Բարև Ձեզ։ Ես Ազատն եմ, կայքեր եմ պատրաստում Հայաստանի բիզնեսների համար (EVNWEB)։ Նկատեցի, որ Aleppo-ը չունի սեփական կայք։ Կարող եմ ուղարկել կարճ տեսանյութ, թե ինչպես է աշխատում հյուրանոցի կայքը՝ ուղիղ ամրագրում առանց Booking-ի միջնորդավճարի, զբաղվածության օրացույց և ադմին։ Գինը՝ 450 000 ֏-ից։ Ցույց տա՞մ, թե ինչպես կլինի ձեզ մոտ։","Здравствуйте! Меня зовут Азат, я делаю сайты для бизнесов в Армении (EVNWEB). Заметил, что у Aleppo нет своего сайта. Могу прислать короткое видео, как работает сайт отеля: прямая бронь без комиссии Booking, календарь занятости и админка. Цена от 450 000 ֏. Показать, как это будет выглядеть у вас?",,,,
16,3,Afina,отель,Ереван,+37499070409,"Բարև Ձեզ։ Ես Ազատն եմ, կայքեր եմ պատրաստում Հայաստանի բիզնեսների համար (EVNWEB)։ Նկատեցի, որ Afina-ը չունի սեփական կայք։ Կարող եմ ուղարկել կարճ տեսանյութ, թե ինչպես է աշխատում հյուրանոցի կայքը՝ ուղիղ ամրագրում առանց Booking-ի միջնորդավճարի, զբաղվածության օրացույց և ադմին։ Գինը՝ 450 000 ֏-ից։ Ցույց տա՞մ, թե ինչպես կլինի ձեզ մոտ։","Здравствуйте! Меня зовут Азат, я делаю сайты для бизнесов в Армении (EVNWEB). Заметил, что у Afina нет своего сайта. Могу прислать короткое видео, как работает сайт отеля: прямая бронь без комиссии Booking, календарь занятости и админка. Цена от 450 000 ֏. Показать, как это будет выглядеть у вас?",,,,
16,3,Hotel Bali,отель,Ереван,+37491217711,"Բարև Ձեզ։ Ես Ազատն եմ, կայքեր եմ պատրաստում Հայաստանի բիզնեսների համար (EVNWEB)։ Նկատեցի, որ Hotel Bali-ը չունի սեփական կայք։ Կարող եմ ուղարկել կարճ տեսանյութ, թե ինչպես է աշխատում հյուրանոցի կայքը՝ ուղիղ ամրագրում առանց Booking-ի միջնորդավճարի, զբաղվածության օրացույց և ադմին։ Գինը՝ 450 000 ֏-ից։ Ցույց տա՞մ, թե ինչպես կլինի ձեզ մոտ։","Здравствуйте! Меня зовут Азат, я делаю сайты для бизнесов в Армении (EVNWEB). Заметил, что у Hotel Bali нет своего сайта. Могу прислать короткое видео, как работает сайт отеля: прямая бронь без комиссии Booking, календарь занятости и админка. Цена от 450 000 ֏. Показать, как это будет выглядеть у вас?",,,,
16,3,Bitlis Hotel,отель,Ереван,+37444888999,"Բարև Ձեզ։ Ես Ազատն եմ, կայքեր եմ պատրաստում Հայաստանի բիզնեսների համար (EVNWEB)։ Նկատեցի, որ Bitlis Hotel-ը չունի սեփական կայք։ Կարող եմ ուղարկել կարճ տեսանյութ, թե ինչպես է աշխատում հյուրանոցի կայքը՝ ուղիղ ամրագրում առանց Booking-ի միջնորդավճարի, զբաղվածության օրացույց և ադմին։ Գինը՝ 450 000 ֏-ից։ Ցույց տա՞մ, թե ինչպես կլինի ձեզ մոտ։","Здравствуйте! Меня зовут Азат, я делаю сайты для бизнесов в Армении (EVNWEB). Заметил, что у Bitlis Hotel нет своего сайта. Могу прислать короткое видео, как работает сайт отеля: прямая бронь без комиссии Booking, календарь занятости и админка. Цена от 450 000 ֏. Показать, как это будет выглядеть у вас?",,,,
16,3,Edem,отель,Ереван,+37477103130,"Բարև Ձեզ։ Ես Ազատն եմ, կայքեր եմ պատրաստում Հայաստանի բիզնեսների համար (EVNWEB)։ Նկատեցի, որ Edem-ը չունի սեփական կայք։ Կարող եմ ուղարկել կարճ տեսանյութ, թե ինչպես է աշխատում հյուրանոցի կայքը՝ ուղիղ ամրագրում առանց Booking-ի միջնորդավճարի, զբաղվածության օրացույց և ադմին։ Գինը՝ 450 000 ֏-ից։ Ցույց տա՞մ, թե ինչպես կլինի ձեզ մոտ։","Здравствуйте! Меня зовут Азат, я делаю сайты для бизнесов в Армении (EVNWEB). Заметил, что у Edem нет своего сайта. Могу прислать короткое видео, как работает сайт отеля: прямая бронь без комиссии Booking, календарь занятости и админка. Цена от 450 000 ֏. Показать, как это будет выглядеть у вас?",,,,
16,3,Luys Aghbyur,отель,Ереван,+37496284541,"Բարև Ձեզ։ Ես Ազատն եմ, կայքեր եմ պատրաստում Հայաստանի բիզնեսների համար (EVNWEB)։ Նկատեցի, որ Luys Aghbyur-ը չունի սեփական կայք։ Կարող եմ ուղարկել կարճ տեսանյութ, թե ինչպես է աշխատում հյուրանոցի կայքը՝ ուղիղ ամրագրում առանց Booking-ի միջնորդավճարի, զբաղվածության օրացույց և ադմին։ Գինը՝ 450 000 ֏-ից։ Ցույց տա՞մ, թե ինչպես կլինի ձեզ մոտ։","Здравствуйте! Меня зовут Азат, я делаю сайты для бизнесов в Армении (EVNWEB). Заметил, что у Luys Aghbyur нет своего сайта. Могу прислать короткое видео, как работает сайт отеля: прямая бронь без комиссии Booking, календарь занятости и админка. Цена от 450 000 ֏. Показать, как это будет выглядеть у вас?",,,,
16,3,Continental,отель,Ереван,+37410449699,"Բարև Ձեզ։ Ես Ազատն եմ, կայքեր եմ պատրաստում Հայաստանի բիզնեսների համար (EVNWEB)։ Նկատեցի, որ Continental-ը չունի սեփական կայք։ Կարող եմ ուղարկել կարճ տեսանյութ, թե ինչպես է աշխատում հյուրանոցի կայքը՝ ուղիղ ամրագրում առանց Booking-ի միջնորդավճարի, զբաղվածության օրացույց և ադմին։ Գինը՝ 450 000 ֏-ից։ Ցույց տա՞մ, թե ինչպես կլինի ձեզ մոտ։","Здравствуйте! Меня зовут Азат, я делаю сайты для бизнесов в Армении (EVNWEB). Заметил, что у Continental нет своего сайта. Могу прислать короткое видео, как работает сайт отеля: прямая бронь без комиссии Booking, календарь занятости и админка. Цена от 450 000 ֏. Показать, как это будет выглядеть у вас?",ne_mobilny,,,
16,3,Corona,отель,Ереван,+37460543535,"Բարև Ձեզ։ Ես Ազատն եմ, կայքեր եմ պատրաստում Հայաստանի բիզնեսների համար (EVNWEB)։ Նկատեցի, որ Corona-ը չունի սեփական կայք։ Կարող եմ ուղարկել կարճ տեսանյութ, թե ինչպես է աշխատում հյուրանոցի կայքը՝ ուղիղ ամրագրում առանց Booking-ի միջնորդավճարի, զբաղվածության օրացույց և ադմին։ Գինը՝ 450 000 ֏-ից։ Ցույց տա՞մ, թե ինչպես կլինի ձեզ մոտ։","Здравствуйте! Меня зовут Азат, я делаю сайты для бизнесов в Армении (EVNWEB). Заметил, что у Corona нет своего сайта. Могу прислать короткое видео, как работает сайт отеля: прямая бронь без комиссии Booking, календарь занятости и админка. Цена от 450 000 ֏. Показать, как это будет выглядеть у вас?",ne_mobilny,,,
17,3,Hobby,отель,Ереван,+37411202330,"Բարև Ձեզ։ Ես Ազատն եմ, կայքեր եմ պատրաստում Հայաստանի բիզնեսների համար (EVNWEB)։ Նկատեցի, որ Hobby-ը չունի սեփական կայք։ Կարող եմ ուղարկել կարճ տեսանյութ, թե ինչպես է աշխատում հյուրանոցի կայքը՝ ուղիղ ամրագրում առանց Booking-ի միջնորդավճարի, զբաղվածության օրացույց և ադմին։ Գինը՝ 450 000 ֏-ից։ Ցույց տա՞մ, թե ինչպես կլինի ձեզ մոտ։","Здравствуйте! Меня зовут Азат, я делаю сайты для бизнесов в Армении (EVNWEB). Заметил, что у Hobby нет своего сайта. Могу прислать короткое видео, как работает сайт отеля: прямая бронь без комиссии Booking, календарь занятости и админка. Цена от 450 000 ֏. Показать, как это будет выглядеть у вас?",ne_mobilny,,,
17,3,Macao,отель,Ереван,+37410645593,"Բարև Ձեզ։ Ես Ազատն եմ, կայքեր եմ պատրաստում Հայաստանի բիզնեսների համար (EVNWEB)։ Նկատեցի, որ Macao-ը չունի սեփական կայք։ Կարող եմ ուղարկել կարճ տեսանյութ, թե ինչպես է աշխատում հյուրանոցի կայքը՝ ուղիղ ամրագրում առանց Booking-ի միջնորդավճարի, զբաղվածության օրացույց և ադմին։ Գինը՝ 450 000 ֏-ից։ Ցույց տա՞մ, թե ինչպես կլինի ձեզ մոտ։","Здравствуйте! Меня зовут Азат, я делаю сайты для бизнесов в Армении (EVNWEB). Заметил, что у Macao нет своего сайта. Могу прислать короткое видео, как работает сайт отеля: прямая бронь без комиссии Booking, календарь занятости и админка. Цена от 450 000 ֏. Показать, как это будет выглядеть у вас?",ne_mobilny,,,
17,3,Մոթել,отель,Ереван,+37494889874,"Բարև Ձեզ։ Ես Ազատն եմ, կայքեր եմ պատրաստում Հայաստանի բիզնեսների համար (EVNWEB)։ Նկատեցի, որ Մոթել-ը չունի սեփական կայք։ Կարող եմ ուղարկել կարճ տեսանյութ, թե ինչպես է աշխատում հյուրանոցի կայքը՝ ուղիղ ամրագրում առանց Booking-ի միջնորդավճարի, զբաղվածության օրացույց և ադմին։ Գինը՝ 450 000 ֏-ից։ Ցույց տա՞մ, թե ինչպես կլինի ձեզ մոտ։","Здравствуйте! Меня зовут Азат, я делаю сайты для бизнесов в Армении (EVNWEB). Заметил, что у Մոթել нет своего сайта. Могу прислать короткое видео, как работает сайт отеля: прямая бронь без комиссии Booking, календарь занятости и админка. Цена от 450 000 ֏. Показать, как это будет выглядеть у вас?",,,,
17,3,Nigatun,отель,Ереван,+37410588611,"Բարև Ձեզ։ Ես Ազատն եմ, կայքեր եմ պատրաստում Հայաստանի բիզնեսների համար (EVNWEB)։ Նկատեցի, որ Nigatun-ը չունի սեփական կայք։ Կարող եմ ուղարկել կարճ տեսանյութ, թե ինչպես է աշխատում հյուրանոցի կայքը՝ ուղիղ ամրագրում առանց Booking-ի միջնորդավճարի, զբաղվածության օրացույց և ադմին։ Գինը՝ 450 000 ֏-ից։ Ցույց տա՞մ, թե ինչպես կլինի ձեզ մոտ։","Здравствуйте! Меня зовут Азат, я делаю сайты для бизнесов в Армении (EVNWEB). Заметил, что у Nigatun нет своего сайта. Могу прислать короткое видео, как работает сайт отеля: прямая бронь без комиссии Booking, календарь занятости и админка. Цена от 450 000 ֏. Показать, как это будет выглядеть у вас?",ne_mobilny,,,
17,3,Nur,отель,Ереван,+37410392123,"Բարև Ձեզ։ Ես Ազատն եմ, կայքեր եմ պատրաստում Հայաստանի բիզնեսների համար (EVNWEB)։ Նկատեցի, որ Nur-ը չունի սեփական կայք։ Կարող եմ ուղարկել կարճ տեսանյութ, թե ինչպես է աշխատում հյուրանոցի կայքը՝ ուղիղ ամրագրում առանց Booking-ի միջնորդավճարի, զբաղվածության օրացույց և ադմին։ Գինը՝ 450 000 ֏-ից։ Ցույց տա՞մ, թե ինչպես կլինի ձեզ մոտ։","Здравствуйте! Меня зовут Азат, я делаю сайты для бизнесов в Армении (EVNWEB). Заметил, что у Nur нет своего сайта. Могу прислать короткое видео, как работает сайт отеля: прямая бронь без комиссии Booking, календарь занятости и админка. Цена от 450 000 ֏. Показать, как это будет выглядеть у вас?",ne_mobilny,,,
17,3,G-Hotel,отель,Ереван,+37410430043,"Բարև Ձեզ։ Ես Ազատն եմ, կայքեր եմ պատրաստում Հայաստանի բիզնեսների համար (EVNWEB)։ Նկատեցի, որ G-Hotel-ը չունի սեփական կայք։ Կարող եմ ուղարկել կարճ տեսանյութ, թե ինչպես է աշխատում հյուրանոցի կայքը՝ ուղիղ ամրագրում առանց Booking-ի միջնորդավճարի, զբաղվածության օրացույց և ադմին։ Գինը՝ 450 000 ֏-ից։ Ցույց տա՞մ, թե ինչպես կլինի ձեզ մոտ։","Здравствуйте! Меня зовут Азат, я делаю сайты для бизнесов в Армении (EVNWEB). Заметил, что у G-Hotel нет своего сайта. Могу прислать короткое видео, как работает сайт отеля: прямая бронь без комиссии Booking, календарь занятости и админка. Цена от 450 000 ֏. Показать, как это будет выглядеть у вас?",ne_mobilny,,,
17,3,SVA Hotel,отель,Ереван,+37443393939,"Բարև Ձեզ։ Ես Ազատն եմ, կայքեր եմ պատրաստում Հայաստանի բիզնեսների համար (EVNWEB)։ Նկատեցի, որ SVA Hotel-ը չունի սեփական կայք։ Կարող եմ ուղարկել կարճ տեսանյութ, թե ինչպես է աշխատում հյուրանոցի կայքը՝ ուղիղ ամրագրում առանց Booking-ի միջնորդավճարի, զբաղվածության օրացույց և ադմին։ Գինը՝ 450 000 ֏-ից։ Ցույց տա՞մ, թե ինչպես կլինի ձեզ մոտ։","Здравствуйте! Меня зовут Азат, я делаю сайты для бизнесов в Армении (EVNWEB). Заметил, что у SVA Hotel нет своего сайта. Могу прислать короткое видео, как работает сайт отеля: прямая бронь без комиссии Booking, календарь занятости и админка. Цена от 450 000 ֏. Показать, как это будет выглядеть у вас?",dubl,,,
17,3,Sunrise,отель,Ереван,+37441515151,"Բարև Ձեզ։ Ես Ազատն եմ, կայքեր եմ պատրաստում Հայաստանի բիզնեսների համար (EVNWEB)։ Նկատեցի, որ Sunrise-ը չունի սեփական կայք։ Կարող եմ ուղարկել կարճ տեսանյութ, թե ինչպես է աշխատում հյուրանոցի կայքը՝ ուղիղ ամրագրում առանց Booking-ի միջնորդավճարի, զբաղվածության օրացույց և ադմին։ Գինը՝ 450 000 ֏-ից։ Ցույց տա՞մ, թե ինչպես կլինի ձեզ մոտ։","Здравствуйте! Меня зовут Азат, я делаю сайты для бизнесов в Армении (EVNWEB). Заметил, что у Sunrise нет своего сайта. Могу прислать короткое видео, как работает сайт отеля: прямая бронь без комиссии Booking, календарь занятости и админка. Цена от 450 000 ֏. Показать, как это будет выглядеть у вас?",,,,
17,3,Spitak Tun,отель,Ереван,+37410458088,"Բարև Ձեզ։ Ես Ազատն եմ, կայքեր եմ պատրաստում Հայաստանի բիզնեսների համար (EVNWEB)։ Նկատեցի, որ Spitak Tun-ը չունի սեփական կայք։ Կարող եմ ուղարկել կարճ տեսանյութ, թե ինչպես է աշխատում հյուրանոցի կայքը՝ ուղիղ ամրագրում առանց Booking-ի միջնորդավճարի, զբաղվածության օրացույց և ադմին։ Գինը՝ 450 000 ֏-ից։ Ցույց տա՞մ, թե ինչպես կլինի ձեզ մոտ։","Здравствуйте! Меня зовут Азат, я делаю сайты для бизнесов в Армении (EVNWEB). Заметил, что у Spitak Tun нет своего сайта. Могу прислать короткое видео, как работает сайт отеля: прямая бронь без комиссии Booking, календарь занятости и админка. Цена от 450 000 ֏. Показать, как это будет выглядеть у вас?",ne_mobilny,,,
17,3,Valensia,отель,Ереван,+37410524000,"Բարև Ձեզ։ Ես Ազատն եմ, կայքեր եմ պատրաստում Հայաստանի բիզնեսների համար (EVNWEB)։ Նկատեցի, որ Valensia-ը չունի սեփական կայք։ Կարող եմ ուղարկել կարճ տեսանյութ, թե ինչպես է աշխատում հյուրանոցի կայքը՝ ուղիղ ամրագրում առանց Booking-ի միջնորդավճարի, զբաղվածության օրացույց և ադմին։ Գինը՝ 450 000 ֏-ից։ Ցույց տա՞մ, թե ինչպես կլինի ձեզ մոտ։","Здравствуйте! Меня зовут Азат, я делаю сайты для бизнесов в Армении (EVNWEB). Заметил, что у Valensia нет своего сайта. Могу прислать короткое видео, как работает сайт отеля: прямая бронь без комиссии Booking, календарь занятости и админка. Цена от 450 000 ֏. Показать, как это будет выглядеть у вас?",ne_mobilny,,,
17,3,Arshavner Club Cafe & Pub,паб,Ереван,+37477202095,"Բարև Ձեզ։ Ես Ազատն եմ, կայքեր եմ պատրաստում Հայաստանի բիզնեսների համար (EVNWEB)։ Նկատեցի, որ Arshavner Club Cafe & Pub-ը չունի սեփական կայք։ Կարող եմ ուղարկել կարճ տեսանյութ, թե ինչպես է աշխատում ռեստորանի կայքը՝ մենյու 3 լեզվով, սեղանի ամրագրում և ադմին, որտեղ գները փոխում եք ինքներդ։ Գինը՝ 280 000 ֏-ից։ Ցույց տա՞մ, թե ինչպես կլինի ձեզ մոտ։","Здравствуйте! Меня зовут Азат, я делаю сайты для бизнесов в Армении (EVNWEB). Заметил, что у Arshavner Club Cafe & Pub нет своего сайта. Могу прислать короткое видео, как работает сайт ресторана: меню на 3 языках, бронь столов и админка, где цены меняете сами. Цена от 280 000 ֏. Показать, как это будет выглядеть у вас?",,,,
17,3,Barcode,паб,Ереван,+37477189002,"Բարև Ձեզ։ Ես Ազատն եմ, կայքեր եմ պատրաստում Հայաստանի բիզնեսների համար (EVNWEB)։ Նկատեցի, որ Barcode-ը չունի սեփական կայք։ Կարող եմ ուղարկել կարճ տեսանյութ, թե ինչպես է աշխատում ռեստորանի կայքը՝ մենյու 3 լեզվով, սեղանի ամրագրում և ադմին, որտեղ գները փոխում եք ինքներդ։ Գինը՝ 280 000 ֏-ից։ Ցույց տա՞մ, թե ինչպես կլինի ձեզ մոտ։","Здравствуйте! Меня зовут Азат, я делаю сайты для бизнесов в Армении (EVNWEB). Заметил, что у Barcode нет своего сайта. Могу прислать короткое видео, как работает сайт ресторана: меню на 3 языках, бронь столов и админка, где цены меняете сами. Цена от 280 000 ֏. Показать, как это будет выглядеть у вас?",,,,
17,3,Ferment,паб,Ереван,+37444499944,"Բարև Ձեզ։ Ես Ազատն եմ, կայքեր եմ պատրաստում Հայաստանի բիզնեսների համար (EVNWEB)։ Նկատեցի, որ Ferment-ը չունի սեփական կայք։ Կարող եմ ուղարկել կարճ տեսանյութ, թե ինչպես է աշխատում ռեստորանի կայքը՝ մենյու 3 լեզվով, սեղանի ամրագրում և ադմին, որտեղ գները փոխում եք ինքներդ։ Գինը՝ 280 000 ֏-ից։ Ցույց տա՞մ, թե ինչպես կլինի ձեզ մոտ։","Здравствуйте! Меня зовут Азат, я делаю сайты для бизнесов в Армении (EVNWEB). Заметил, что у Ferment нет своего сайта. Могу прислать короткое видео, как работает сайт ресторана: меню на 3 языках, бронь столов и админка, где цены меняете сами. Цена от 280 000 ֏. Показать, как это будет выглядеть у вас?",,,,
17,3,Beer Market Torq,паб,Ереван,+37433607050,"Բարև Ձեզ։ Ես Ազատն եմ, կայքեր եմ պատրաստում Հայաստանի բիզնեսների համար (EVNWEB)։ Նկատեցի, որ Beer Market Torq-ը չունի սեփական կայք։ Կարող եմ ուղարկել կարճ տեսանյութ, թե ինչպես է աշխատում ռեստորանի կայքը՝ մենյու 3 լեզվով, սեղանի ամրագրում և ադմին, որտեղ գները փոխում եք ինքներդ։ Գինը՝ 280 000 ֏-ից։ Ցույց տա՞մ, թե ինչպես կլինի ձեզ մոտ։","Здравствуйте! Меня зовут Азат, я делаю сайты для бизнесов в Армении (EVNWEB). Заметил, что у Beer Market Torq нет своего сайта. Могу прислать короткое видео, как работает сайт ресторана: меню на 3 языках, бронь столов и админка, где цены меняете сами. Цена от 280 000 ֏. Показать, как это будет выглядеть у вас?",,,,
17,3,Liberty,паб,Ереван,+37477487303,"Բարև Ձեզ։ Ես Ազատն եմ, կայքեր եմ պատրաստում Հայաստանի բիզնեսների համար (EVNWEB)։ Նկատեցի, որ Liberty-ը չունի սեփական կայք։ Կարող եմ ուղարկել կարճ տեսանյութ, թե ինչպես է աշխատում ռեստորանի կայքը՝ մենյու 3 լեզվով, սեղանի ամրագրում և ադմին, որտեղ գները փոխում եք ինքներդ։ Գինը՝ 280 000 ֏-ից։ Ցույց տա՞մ, թե ինչպես կլինի ձեզ մոտ։","Здравствуйте! Меня зовут Азат, я делаю сайты для бизнесов в Армении (EVNWEB). Заметил, что у Liberty нет своего сайта. Могу прислать короткое видео, как работает сайт ресторана: меню на 3 языках, бронь столов и админка, где цены меняете сами. Цена от 280 000 ֏. Показать, как это будет выглядеть у вас?",,,,
17,3,Abraham Barber,парикмахерская,Ереван,+37477590202,"Բարև Ձեզ։ Ես Ազատն եմ, կայքեր եմ պատրաստում Հայաստանի բիզնեսների համար (EVNWEB)։ Նկատեցի, որ Abraham Barber-ը չունի սեփական կայք։ Կարող եմ ուղարկել կարճ տեսանյութ, թե ինչպես է աշխատում սրահի կայքը՝ առցանց գրանցում վարպետների մոտ և գրաֆիկ ադմինում։ Գինը՝ 150 000 ֏-ից։ Ցույց տա՞մ, թե ինչպես կլինի ձեզ մոտ։","Здравствуйте! Меня зовут Азат, я делаю сайты для бизнесов в Армении (EVNWEB). Заметил, что у Abraham Barber нет своего сайта. Могу прислать короткое видео, как работает сайт салона: онлайн-запись к мастерам и расписание в админке. Цена от 150 000 ֏. Показать, как это будет выглядеть у вас?",,,,
17,3,Anahit Deluxe,парикмахерская,Ереван,+37410532993,"Բարև Ձեզ։ Ես Ազատն եմ, կայքեր եմ պատրաստում Հայաստանի բիզնեսների համար (EVNWEB)։ Նկատեցի, որ Anahit Deluxe-ը չունի սեփական կայք։ Կարող եմ ուղարկել կարճ տեսանյութ, թե ինչպես է աշխատում սրահի կայքը՝ առցանց գրանցում վարպետների մոտ և գրաֆիկ ադմինում։ Գինը՝ 150 000 ֏-ից։ Ցույց տա՞մ, թե ինչպես կլինի ձեզ մոտ։","Здравствуйте! Меня зовут Азат, я делаю сайты для бизнесов в Армении (EVNWEB). Заметил, что у Anahit Deluxe нет своего сайта. Могу прислать короткое видео, как работает сайт салона: онлайн-запись к мастерам и расписание в админке. Цена от 150 000 ֏. Показать, как это будет выглядеть у вас?",ne_mobilny,,,
17,3,Anjelika,парикмахерская,Ереван,+37491751233,"Բարև Ձեզ։ Ես Ազատն եմ, կայքեր եմ պատրաստում Հայաստանի բիզնեսների համար (EVNWEB)։ Նկատեցի, որ Anjelika-ը չունի սեփական կայք։ Կարող եմ ուղարկել կարճ տեսանյութ, թե ինչպես է աշխատում սրահի կայքը՝ առցանց գրանցում վարպետների մոտ և գրաֆիկ ադմինում։ Գինը՝ 150 000 ֏-ից։ Ցույց տա՞մ, թե ինչպես կլինի ձեզ մոտ։","Здравствуйте! Меня зовут Азат, я делаю сайты для бизнесов в Армении (EVNWEB). Заметил, что у Anjelika нет своего сайта. Могу прислать короткое видео, как работает сайт салона: онлайн-запись к мастерам и расписание в админке. Цена от 150 000 ֏. Показать, как это будет выглядеть у вас?",,,,
17,3,Armin Style,парикмахерская,Ереван,+37423642132,"Բարև Ձեզ։ Ես Ազատն եմ, կայքեր եմ պատրաստում Հայաստանի բիզնեսների համար (EVNWEB)։ Նկատեցի, որ Armin Style-ը չունի սեփական կայք։ Կարող եմ ուղարկել կարճ տեսանյութ, թե ինչպես է աշխատում սրահի կայքը՝ առցանց գրանցում վարպետների մոտ և գրաֆիկ ադմինում։ Գինը՝ 150 000 ֏-ից։ Ցույց տա՞մ, թե ինչպես կլինի ձեզ մոտ։","Здравствуйте! Меня зовут Азат, я делаю сайты для бизнесов в Армении (EVNWEB). Заметил, что у Armin Style нет своего сайта. Могу прислать короткое видео, как работает сайт салона: онлайн-запись к мастерам и расписание в админке. Цена от 150 000 ֏. Показать, как это будет выглядеть у вас?",ne_mobilny,,,
17,3,Arvayu,парикмахерская,Ереван,+37491423225,"Բարև Ձեզ։ Ես Ազատն եմ, կայքեր եմ պատրաստում Հայաստանի բիզնեսների համար (EVNWEB)։ Նկատեցի, որ Arvayu-ը չունի սեփական կայք։ Կարող եմ ուղարկել կարճ տեսանյութ, թե ինչպես է աշխատում սրահի կայքը՝ առցանց գրանցում վարպետների մոտ և գրաֆիկ ադմինում։ Գինը՝ 150 000 ֏-ից։ Ցույց տա՞մ, թե ինչպես կլինի ձեզ մոտ։","Здравствуйте! Меня зовут Азат, я делаю сайты для бизнесов в Армении (EVNWEB). Заметил, что у Arvayu нет своего сайта. Могу прислать короткое видео, как работает сайт салона: онлайн-запись к мастерам и расписание в админке. Цена от 150 000 ֏. Показать, как это будет выглядеть у вас?",,,,
17,3,Barbar Kevo,парикмахерская,Ереван,+37494585007,"Բարև Ձեզ։ Ես Ազատն եմ, կայքեր եմ պատրաստում Հայաստանի բիզնեսների համար (EVNWEB)։ Նկատեցի, որ Barbar Kevo-ը չունի սեփական կայք։ Կարող եմ ուղարկել կարճ տեսանյութ, թե ինչպես է աշխատում սրահի կայքը՝ առցանց գրանցում վարպետների մոտ և գրաֆիկ ադմինում։ Գինը՝ 150 000 ֏-ից։ Ցույց տա՞մ, թե ինչպես կլինի ձեզ մոտ։","Здравствуйте! Меня зовут Азат, я делаю сайты для бизнесов в Армении (EVNWEB). Заметил, что у Barbar Kevo нет своего сайта. Могу прислать короткое видео, как работает сайт салона: онлайн-запись к мастерам и расписание в админке. Цена от 150 000 ֏. Показать, как это будет выглядеть у вас?",,,,
17,3,Barber Alik gents' room barbershop,парикмахерская,Ереван,+37493866877,"Բարև Ձեզ։ Ես Ազատն եմ, կայքեր եմ պատրաստում Հայաստանի բիզնեսների համար (EVNWEB)։ Նկատեցի, որ Barber Alik gents' room barbershop-ը չունի սեփական կայք։ Կարող եմ ուղարկել կարճ տեսանյութ, թե ինչպես է աշխատում սրահի կայքը՝ առցանց գրանցում վարպետների մոտ և գրաֆիկ ադմինում։ Գինը՝ 150 000 ֏-ից։ Ցույց տա՞մ, թե ինչպես կլինի ձեզ մոտ։","Здравствуйте! Меня зовут Азат, я делаю сайты для бизнесов в Армении (EVNWEB). Заметил, что у Barber Alik gents' room barbershop нет своего сайта. Могу прислать короткое видео, как работает сайт салона: онлайн-запись к мастерам и расписание в админке. Цена от 150 000 ֏. Показать, как это будет выглядеть у вас?",,,,
17,3,Blessed Barber,парикмахерская,Ереван,+37498474793,"Բարև Ձեզ։ Ես Ազատն եմ, կայքեր եմ պատրաստում Հայաստանի բիզնեսների համար (EVNWEB)։ Նկատեցի, որ Blessed Barber-ը չունի սեփական կայք։ Կարող եմ ուղարկել կարճ տեսանյութ, թե ինչպես է աշխատում սրահի կայքը՝ առցանց գրանցում վարպետների մոտ և գրաֆիկ ադմինում։ Գինը՝ 150 000 ֏-ից։ Ցույց տա՞մ, թե ինչպես կլինի ձեզ մոտ։","Здравствуйте! Меня зовут Азат, я делаю сайты для бизнесов в Армении (EVNWEB). Заметил, что у Blessed Barber нет своего сайта. Могу прислать короткое видео, как работает сайт салона: онлайн-запись к мастерам и расписание в админке. Цена от 150 000 ֏. Показать, как это будет выглядеть у вас?",,,,
17,3,Craft,парикмахерская,Ереван,+37494575125,"Բարև Ձեզ։ Ես Ազատն եմ, կայքեր եմ պատրաստում Հայաստանի բիզնեսների համար (EVNWEB)։ Նկատեցի, որ Craft-ը չունի սեփական կայք։ Կարող եմ ուղարկել կարճ տեսանյութ, թե ինչպես է աշխատում սրահի կայքը՝ առցանց գրանցում վարպետների մոտ և գրաֆիկ ադմինում։ Գինը՝ 150 000 ֏-ից։ Ցույց տա՞մ, թե ինչպես կլինի ձեզ մոտ։","Здравствуйте! Меня зовут Азат, я делаю сайты для бизнесов в Армении (EVNWEB). Заметил, что у Craft нет своего сайта. Могу прислать короткое видео, как работает сайт салона: онлайн-запись к мастерам и расписание в админке. Цена от 150 000 ֏. Показать, как это будет выглядеть у вас?",,,,
17,3,Cut Zone,парикмахерская,Ереван,+37455752575,"Բարև Ձեզ։ Ես Ազատն եմ, կայքեր եմ պատրաստում Հայաստանի բիզնեսների համար (EVNWEB)։ Նկատեցի, որ Cut Zone-ը չունի սեփական կայք։ Կարող եմ ուղարկել կարճ տեսանյութ, թե ինչպես է աշխատում սրահի կայքը՝ առցանց գրանցում վարպետների մոտ և գրաֆիկ ադմինում։ Գինը՝ 150 000 ֏-ից։ Ցույց տա՞մ, թե ինչպես կլինի ձեզ մոտ։","Здравствуйте! Меня зовут Азат, я делаю сайты для бизнесов в Армении (EVNWEB). Заметил, что у Cut Zone нет своего сайта. Могу прислать короткое видео, как работает сайт салона: онлайн-запись к мастерам и расписание в админке. Цена от 150 000 ֏. Показать, как это будет выглядеть у вас?",,,,
18,3,Haze,парикмахерская,Ереван,+37443393989,"Բարև Ձեզ։ Ես Ազատն եմ, կայքեր եմ պատրաստում Հայաստանի բիզնեսների համար (EVNWEB)։ Նկատեցի, որ Haze-ը չունի սեփական կայք։ Կարող եմ ուղարկել կարճ տեսանյութ, թե ինչպես է աշխատում սրահի կայքը՝ առցանց գրանցում վարպետների մոտ և գրաֆիկ ադմինում։ Գինը՝ 150 000 ֏-ից։ Ցույց տա՞մ, թե ինչպես կլինի ձեզ մոտ։","Здравствуйте! Меня зовут Азат, я делаю сайты для бизнесов в Армении (EVNWEB). Заметил, что у Haze нет своего сайта. Могу прислать короткое видео, как работает сайт салона: онлайн-запись к мастерам и расписание в админке. Цена от 150 000 ֏. Показать, как это будет выглядеть у вас?",,,,
18,3,Lianna Beauty,парикмахерская,Ереван,+37498578780,"Բարև Ձեզ։ Ես Ազատն եմ, կայքեր եմ պատրաստում Հայաստանի բիզնեսների համար (EVNWEB)։ Նկատեցի, որ Lianna Beauty-ը չունի սեփական կայք։ Կարող եմ ուղարկել կարճ տեսանյութ, թե ինչպես է աշխատում սրահի կայքը՝ առցանց գրանցում վարպետների մոտ և գրաֆիկ ադմինում։ Գինը՝ 150 000 ֏-ից։ Ցույց տա՞մ, թե ինչպես կլինի ձեզ մոտ։","Здравствуйте! Меня зовут Азат, я делаю сайты для бизнесов в Армении (EVNWEB). Заметил, что у Lianna Beauty нет своего сайта. Могу прислать короткое видео, как работает сайт салона: онлайн-запись к мастерам и расписание в админке. Цена от 150 000 ֏. Показать, как это будет выглядеть у вас?",,,,
18,3,Man club,парикмахерская,Ереван,+37477481610,"Բարև Ձեզ։ Ես Ազատն եմ, կայքեր եմ պատրաստում Հայաստանի բիզնեսների համար (EVNWEB)։ Նկատեցի, որ Man club-ը չունի սեփական կայք։ Կարող եմ ուղարկել կարճ տեսանյութ, թե ինչպես է աշխատում սրահի կայքը՝ առցանց գրանցում վարպետների մոտ և գրաֆիկ ադմինում։ Գինը՝ 150 000 ֏-ից։ Ցույց տա՞մ, թե ինչպես կլինի ձեզ մոտ։","Здравствуйте! Меня зовут Азат, я делаю сайты для бизнесов в Армении (EVNWEB). Заметил, что у Man club нет своего сайта. Могу прислать короткое видео, как работает сайт салона: онлайн-запись к мастерам и расписание в админке. Цена от 150 000 ֏. Показать, как это будет выглядеть у вас?",,,,
18,3,Melkonyan,парикмахерская,Ереван,+37477767680,"Բարև Ձեզ։ Ես Ազատն եմ, կայքեր եմ պատրաստում Հայաստանի բիզնեսների համար (EVNWEB)։ Նկատեցի, որ Melkonyan-ը չունի սեփական կայք։ Կարող եմ ուղարկել կարճ տեսանյութ, թե ինչպես է աշխատում սրահի կայքը՝ առցանց գրանցում վարպետների մոտ և գրաֆիկ ադմինում։ Գինը՝ 150 000 ֏-ից։ Ցույց տա՞մ, թե ինչպես կլինի ձեզ մոտ։","Здравствуйте! Меня зовут Азат, я делаю сайты для бизнесов в Армении (EVNWEB). Заметил, что у Melkonyan нет своего сайта. Могу прислать короткое видео, как работает сайт салона: онлайн-запись к мастерам и расписание в админке. Цена от 150 000 ֏. Показать, как это будет выглядеть у вас?",,,,
18,3,The Style Zone,парикмахерская,Ереван,+37441207771,"Բարև Ձեզ։ Ես Ազատն եմ, կայքեր եմ պատրաստում Հայաստանի բիզնեսների համար (EVNWEB)։ Նկատեցի, որ The Style Zone-ը չունի սեփական կայք։ Կարող եմ ուղարկել կարճ տեսանյութ, թե ինչպես է աշխատում սրահի կայքը՝ առցանց գրանցում վարպետների մոտ և գրաֆիկ ադմինում։ Գինը՝ 150 000 ֏-ից։ Ցույց տա՞մ, թե ինչպես կլինի ձեզ մոտ։","Здравствуйте! Меня зовут Азат, я делаю сайты для бизнесов в Армении (EVNWEB). Заметил, что у The Style Zone нет своего сайта. Могу прислать короткое видео, как работает сайт салона: онлайн-запись к мастерам и расписание в админке. Цена от 150 000 ֏. Показать, как это будет выглядеть у вас?",,,,
18,3,the Razors barbershop,парикмахерская,Ереван,+37491964200,"Բարև Ձեզ։ Ես Ազատն եմ, կայքեր եմ պատրաստում Հայաստանի բիզնեսների համար (EVNWEB)։ Նկատեցի, որ the Razors barbershop-ը չունի սեփական կայք։ Կարող եմ ուղարկել կարճ տեսանյութ, թե ինչպես է աշխատում սրահի կայքը՝ առցանց գրանցում վարպետների մոտ և գրաֆիկ ադմինում։ Գինը՝ 150 000 ֏-ից։ Ցույց տա՞մ, թե ինչպես կլինի ձեզ մոտ։","Здравствуйте! Меня зовут Азат, я делаю сайты для бизнесов в Армении (EVNWEB). Заметил, что у the Razors barbershop нет своего сайта. Могу прислать короткое видео, как работает сайт салона: онлайн-запись к мастерам и расписание в админке. Цена от 150 000 ֏. Показать, как это будет выглядеть у вас?",,,,
18,3,Anush beauty salon,парикмахерская,Ереван,+37410742590,"Բարև Ձեզ։ Ես Ազատն եմ, կայքեր եմ պատրաստում Հայաստանի բիզնեսների համար (EVNWEB)։ Նկատեցի, որ Anush beauty salon-ը չունի սեփական կայք։ Կարող եմ ուղարկել կարճ տեսանյութ, թե ինչպես է աշխատում սրահի կայքը՝ առցանց գրանցում վարպետների մոտ և գրաֆիկ ադմինում։ Գինը՝ 150 000 ֏-ից։ Ցույց տա՞մ, թե ինչպես կլինի ձեզ մոտ։","Здравствуйте! Меня зовут Азат, я делаю сайты для бизнесов в Армении (EVNWEB). Заметил, что у Anush beauty salon нет своего сайта. Могу прислать короткое видео, как работает сайт салона: онлайн-запись к мастерам и расписание в админке. Цена от 150 000 ֏. Показать, как это будет выглядеть у вас?",ne_mobilny,,,
18,3,Barber shop 23 by Asatur,парикмахерская,Ереван,+37493976610,"Բարև Ձեզ։ Ես Ազատն եմ, կայքեր եմ պատրաստում Հայաստանի բիզնեսների համար (EVNWEB)։ Նկատեցի, որ Barber shop 23 by Asatur-ը չունի սեփական կայք։ Կարող եմ ուղարկել կարճ տեսանյութ, թե ինչպես է աշխատում սրահի կայքը՝ առցանց գրանցում վարպետների մոտ և գրաֆիկ ադմինում։ Գինը՝ 150 000 ֏-ից։ Ցույց տա՞մ, թե ինչպես կլինի ձեզ մոտ։","Здравствуйте! Меня зовут Азат, я делаю сайты для бизнесов в Армении (EVNWEB). Заметил, что у Barber shop 23 by Asatur нет своего сайта. Могу прислать короткое видео, как работает сайт салона: онлайн-запись к мастерам и расписание в админке. Цена от 150 000 ֏. Показать, как это будет выглядеть у вас?",,,,
18,3,GRIGOR & QUYRER,парикмахерская,Ереван,+37410345429,"Բարև Ձեզ։ Ես Ազատն եմ, կայքեր եմ պատրաստում Հայաստանի բիզնեսների համար (EVNWEB)։ Նկատեցի, որ GRIGOR & QUYRER-ը չունի սեփական կայք։ Կարող եմ ուղարկել կարճ տեսանյութ, թե ինչպես է աշխատում սրահի կայքը՝ առցանց գրանցում վարպետների մոտ և գրաֆիկ ադմինում։ Գինը՝ 150 000 ֏-ից։ Ցույց տա՞մ, թե ինչպես կլինի ձեզ մոտ։","Здравствуйте! Меня зовут Азат, я делаю сайты для бизнесов в Армении (EVNWEB). Заметил, что у GRIGOR & QUYRER нет своего сайта. Могу прислать короткое видео, как работает сайт салона: онлайн-запись к мастерам и расписание в админке. Цена от 150 000 ֏. Показать, как это будет выглядеть у вас?",ne_mobilny,,,
18,3,Emma,парикмахерская,Ереван,+37410427953,"Բարև Ձեզ։ Ես Ազատն եմ, կայքեր եմ պատրաստում Հայաստանի բիզնեսների համար (EVNWEB)։ Նկատեցի, որ Emma-ը չունի սեփական կայք։ Կարող եմ ուղարկել կարճ տեսանյութ, թե ինչպես է աշխատում սրահի կայքը՝ առցանց գրանցում վարպետների մոտ և գրաֆիկ ադմինում։ Գինը՝ 150 000 ֏-ից։ Ցույց տա՞մ, թե ինչպես կլինի ձեզ մոտ։","Здравствуйте! Меня зовут Азат, я делаю сайты для бизнесов в Армении (EVNWEB). Заметил, что у Emma нет своего сайта. Могу прислать короткое видео, как работает сайт салона: онлайн-запись к мастерам и расписание в админке. Цена от 150 000 ֏. Показать, как это будет выглядеть у вас?",ne_mobilny,,,
18,3,Yin-Yang,парикмахерская,Ереван,+37410226999,"Բարև Ձեզ։ Ես Ազատն եմ, կայքեր եմ պատրաստում Հայաստանի բիզնեսների համար (EVNWEB)։ Նկատեցի, որ Yin-Yang-ը չունի սեփական կայք։ Կարող եմ ուղարկել կարճ տեսանյութ, թե ինչպես է աշխատում սրահի կայքը՝ առցանց գրանցում վարպետների մոտ և գրաֆիկ ադմինում։ Գինը՝ 150 000 ֏-ից։ Ցույց տա՞մ, թե ինչպես կլինի ձեզ մոտ։","Здравствуйте! Меня зовут Азат, я делаю сайты для бизнесов в Армении (EVNWEB). Заметил, что у Yin-Yang нет своего сайта. Могу прислать короткое видео, как работает сайт салона: онлайн-запись к мастерам и расписание в админке. Цена от 150 000 ֏. Показать, как это будет выглядеть у вас?",ne_mobilny,,,
18,3,IchmilYan's,парикмахерская,Ереван,+37441022282,"Բարև Ձեզ։ Ես Ազատն եմ, կայքեր եմ պատրաստում Հայաստանի բիզնեսների համար (EVNWEB)։ Նկատեցի, որ IchmilYan's-ը չունի սեփական կայք։ Կարող եմ ուղարկել կարճ տեսանյութ, թե ինչպես է աշխատում սրահի կայքը՝ առցանց գրանցում վարպետների մոտ և գրաֆիկ ադմինում։ Գինը՝ 150 000 ֏-ից։ Ցույց տա՞մ, թե ինչպես կլինի ձեզ մոտ։","Здравствуйте! Меня зовут Азат, я делаю сайты для бизнесов в Армении (EVNWEB). Заметил, что у IchmilYan's нет своего сайта. Могу прислать короткое видео, как работает сайт салона: онлайн-запись к мастерам и расписание в админке. Цена от 150 000 ֏. Показать, как это будет выглядеть у вас?",,,,
18,3,Մանէ 88,парикмахерская,Ереван,+37410587152,"Բարև Ձեզ։ Ես Ազատն եմ, կայքեր եմ պատրաստում Հայաստանի բիզնեսների համար (EVNWEB)։ Նկատեցի, որ Մանէ 88-ը չունի սեփական կայք։ Կարող եմ ուղարկել կարճ տեսանյութ, թե ինչպես է աշխատում սրահի կայքը՝ առցանց գրանցում վարպետների մոտ և գրաֆիկ ադմինում։ Գինը՝ 150 000 ֏-ից։ Ցույց տա՞մ, թե ինչպես կլինի ձեզ մոտ։","Здравствуйте! Меня зовут Азат, я делаю сайты для бизнесов в Армении (EVNWEB). Заметил, что у Մանէ 88 нет своего сайта. Могу прислать короткое видео, как работает сайт салона: онлайн-запись к мастерам и расписание в админке. Цена от 150 000 ֏. Показать, как это будет выглядеть у вас?",ne_mobilny,,,
18,3,Ne,парикмахерская,Ереван,+37410531122,"Բարև Ձեզ։ Ես Ազատն եմ, կայքեր եմ պատրաստում Հայաստանի բիզնեսների համար (EVNWEB)։ Նկատեցի, որ Ne-ը չունի սեփական կայք։ Կարող եմ ուղարկել կարճ տեսանյութ, թե ինչպես է աշխատում սրահի կայքը՝ առցանց գրանցում վարպետների մոտ և գրաֆիկ ադմինում։ Գինը՝ 150 000 ֏-ից։ Ցույց տա՞մ, թե ինչպես կլինի ձեզ մոտ։","Здравствуйте! Меня зовут Азат, я делаю сайты для бизнесов в Армении (EVNWEB). Заметил, что у Ne нет своего сайта. Могу прислать короткое видео, как работает сайт салона: онлайн-запись к мастерам и расписание в админке. Цена от 150 000 ֏. Показать, как это будет выглядеть у вас?",ne_mobilny,,,
18,3,Vardan,парикмахерская,Ереван,+37455312072,"Բարև Ձեզ։ Ես Ազատն եմ, կայքեր եմ պատրաստում Հայաստանի բիզնեսների համար (EVNWEB)։ Նկատեցի, որ Vardan-ը չունի սեփական կայք։ Կարող եմ ուղարկել կարճ տեսանյութ, թե ինչպես է աշխատում սրահի կայքը՝ առցանց գրանցում վարպետների մոտ և գրաֆիկ ադմինում։ Գինը՝ 150 000 ֏-ից։ Ցույց տա՞մ, թե ինչպես կլինի ձեզ մոտ։","Здравствуйте! Меня зовут Азат, я делаю сайты для бизнесов в Армении (EVNWEB). Заметил, что у Vardan нет своего сайта. Могу прислать короткое видео, как работает сайт салона: онлайн-запись к мастерам и расписание в админке. Цена от 150 000 ֏. Показать, как это будет выглядеть у вас?",,,,
18,3,TUZ BARBERSHOP,парикмахерская,Ереван,+37494083011,"Բարև Ձեզ։ Ես Ազատն եմ, կայքեր եմ պատրաստում Հայաստանի բիզնեսների համար (EVNWEB)։ Նկատեցի, որ TUZ BARBERSHOP-ը չունի սեփական կայք։ Կարող եմ ուղարկել կարճ տեսանյութ, թե ինչպես է աշխատում սրահի կայքը՝ առցանց գրանցում վարպետների մոտ և գրաֆիկ ադմինում։ Գինը՝ 150 000 ֏-ից։ Ցույց տա՞մ, թե ինչպես կլինի ձեզ մոտ։","Здравствуйте! Меня зовут Азат, я делаю сайты для бизнесов в Армении (EVNWEB). Заметил, что у TUZ BARBERSHOP нет своего сайта. Могу прислать короткое видео, как работает сайт салона: онлайн-запись к мастерам и расписание в админке. Цена от 150 000 ֏. Показать, как это будет выглядеть у вас?",,,,
18,3,Baqos Restaurant,ресторан,Ереван,+37410655323,"Բարև Ձեզ։ Ես Ազատն եմ, կայքեր եմ պատրաստում Հայաստանի բիզնեսների համար (EVNWEB)։ Նկատեցի, որ Baqos Restaurant-ը չունի սեփական կայք։ Կարող եմ ուղարկել կարճ տեսանյութ, թե ինչպես է աշխատում ռեստորանի կայքը՝ մենյու 3 լեզվով, սեղանի ամրագրում և ադմին, որտեղ գները փոխում եք ինքներդ։ Գինը՝ 280 000 ֏-ից։ Ցույց տա՞մ, թե ինչպես կլինի ձեզ մոտ։","Здравствуйте! Меня зовут Азат, я делаю сайты для бизнесов в Армении (EVNWEB). Заметил, что у Baqos Restaurant нет своего сайта. Могу прислать короткое видео, как работает сайт ресторана: меню на 3 языках, бронь столов и админка, где цены меняете сами. Цена от 280 000 ֏. Показать, как это будет выглядеть у вас?",ne_mobilny,,,
18,3,Bistro,ресторан,Ереван,+37441701615,"Բարև Ձեզ։ Ես Ազատն եմ, կայքեր եմ պատրաստում Հայաստանի բիզնեսների համար (EVNWEB)։ Նկատեցի, որ Bistro-ը չունի սեփական կայք։ Կարող եմ ուղարկել կարճ տեսանյութ, թե ինչպես է աշխատում ռեստորանի կայքը՝ մենյու 3 լեզվով, սեղանի ամրագրում և ադմին, որտեղ գները փոխում եք ինքներդ։ Գինը՝ 280 000 ֏-ից։ Ցույց տա՞մ, թե ինչպես կլինի ձեզ մոտ։","Здравствуйте! Меня зовут Азат, я делаю сайты для бизнесов в Армении (EVNWEB). Заметил, что у Bistro нет своего сайта. Могу прислать короткое видео, как работает сайт ресторана: меню на 3 языках, бронь столов и админка, где цены меняете сами. Цена от 280 000 ֏. Показать, как это будет выглядеть у вас?",,,,
18,3,Dolma,ресторан,Ереван,+37498018018,"Բարև Ձեզ։ Ես Ազատն եմ, կայքեր եմ պատրաստում Հայաստանի բիզնեսների համար (EVNWEB)։ Նկատեցի, որ Dolma-ը չունի սեփական կայք։ Կարող եմ ուղարկել կարճ տեսանյութ, թե ինչպես է աշխատում ռեստորանի կայքը՝ մենյու 3 լեզվով, սեղանի ամրագրում և ադմին, որտեղ գները փոխում եք ինքներդ։ Գինը՝ 280 000 ֏-ից։ Ցույց տա՞մ, թե ինչպես կլինի ձեզ մոտ։","Здравствуйте! Меня зовут Азат, я делаю сайты для бизнесов в Армении (EVNWEB). Заметил, что у Dolma нет своего сайта. Могу прислать короткое видео, как работает сайт ресторана: меню на 3 языках, бронь столов и админка, где цены меняете сами. Цена от 280 000 ֏. Показать, как это будет выглядеть у вас?",,,,
18,3,Ginetun,ресторан,Ереван,+37410610850,"Բարև Ձեզ։ Ես Ազատն եմ, կայքեր եմ պատրաստում Հայաստանի բիզնեսների համար (EVNWEB)։ Նկատեցի, որ Ginetun-ը չունի սեփական կայք։ Կարող եմ ուղարկել կարճ տեսանյութ, թե ինչպես է աշխատում ռեստորանի կայքը՝ մենյու 3 լեզվով, սեղանի ամրագրում և ադմին, որտեղ գները փոխում եք ինքներդ։ Գինը՝ 280 000 ֏-ից։ Ցույց տա՞մ, թե ինչպես կլինի ձեզ մոտ։","Здравствуйте! Меня зовут Азат, я делаю сайты для бизнесов в Армении (EVNWEB). Заметил, что у Ginetun нет своего сайта. Могу прислать короткое видео, как работает сайт ресторана: меню на 3 языках, бронь столов и админка, где цены меняете сами. Цена от 280 000 ֏. Показать, как это будет выглядеть у вас?",ne_mobilny,,,
18,3,Michael's,ресторан,Ереван,+37411580505,"Բարև Ձեզ։ Ես Ազատն եմ, կայքեր եմ պատրաստում Հայաստանի բիզնեսների համար (EVNWEB)։ Նկատեցի, որ Michael's-ը չունի սեփական կայք։ Կարող եմ ուղարկել կարճ տեսանյութ, թե ինչպես է աշխատում ռեստորանի կայքը՝ մենյու 3 լեզվով, սեղանի ամրագրում և ադմին, որտեղ գները փոխում եք ինքներդ։ Գինը՝ 280 000 ֏-ից։ Ցույց տա՞մ, թե ինչպես կլինի ձեզ մոտ։","Здравствуйте! Меня зовут Азат, я делаю сайты для бизнесов в Армении (EVNWEB). Заметил, что у Michael's нет своего сайта. Могу прислать короткое видео, как работает сайт ресторана: меню на 3 языках, бронь столов и админка, где цены меняете сами. Цена от 280 000 ֏. Показать, как это будет выглядеть у вас?",ne_mobilny,,,
18,3,Renaissance,ресторан,Ереван,+37410480077,"Բարև Ձեզ։ Ես Ազատն եմ, կայքեր եմ պատրաստում Հայաստանի բիզնեսների համար (EVNWEB)։ Նկատեցի, որ Renaissance-ը չունի սեփական կայք։ Կարող եմ ուղարկել կարճ տեսանյութ, թե ինչպես է աշխատում ռեստորանի կայքը՝ մենյու 3 լեզվով, սեղանի ամրագրում և ադմին, որտեղ գները փոխում եք ինքներդ։ Գինը՝ 280 000 ֏-ից։ Ցույց տա՞մ, թե ինչպես կլինի ձեզ մոտ։","Здравствуйте! Меня зовут Азат, я делаю сайты для бизнесов в Армении (EVNWEB). Заметил, что у Renaissance нет своего сайта. Могу прислать короткое видео, как работает сайт ресторана: меню на 3 языках, бронь столов и админка, где цены меняете сами. Цена от 280 000 ֏. Показать, как это будет выглядеть у вас?",ne_mobilny,,,
18,3,Vaspurakan,ресторан,Ереван,+37491474282,"Բարև Ձեզ։ Ես Ազատն եմ, կայքեր եմ պատրաստում Հայաստանի բիզնեսների համար (EVNWEB)։ Նկատեցի, որ Vaspurakan-ը չունի սեփական կայք։ Կարող եմ ուղարկել կարճ տեսանյութ, թե ինչպես է աշխատում ռեստորանի կայքը՝ մենյու 3 լեզվով, սեղանի ամրագրում և ադմին, որտեղ գները փոխում եք ինքներդ։ Գինը՝ 280 000 ֏-ից։ Ցույց տա՞մ, թե ինչպես կլինի ձեզ մոտ։","Здравствуйте! Меня зовут Азат, я делаю сайты для бизнесов в Армении (EVNWEB). Заметил, что у Vaspurakan нет своего сайта. Могу прислать короткое видео, как работает сайт ресторана: меню на 3 языках, бронь столов и админка, где цены меняете сами. Цена от 280 000 ֏. Показать, как это будет выглядеть у вас?",,,,
18,3,Anoush Restaurant,ресторан,Ереван,+37411757505,"Բարև Ձեզ։ Ես Ազատն եմ, կայքեր եմ պատրաստում Հայաստանի բիզնեսների համար (EVNWEB)։ Նկատեցի, որ Anoush Restaurant-ը չունի սեփական կայք։ Կարող եմ ուղարկել կարճ տեսանյութ, թե ինչպես է աշխատում ռեստորանի կայքը՝ մենյու 3 լեզվով, սեղանի ամրագրում և ադմին, որտեղ գները փոխում եք ինքներդ։ Գինը՝ 280 000 ֏-ից։ Ցույց տա՞մ, թե ինչպես կլինի ձեզ մոտ։","Здравствуйте! Меня зовут Азат, я делаю сайты для бизнесов в Армении (EVNWEB). Заметил, что у Anoush Restaurant нет своего сайта. Могу прислать короткое видео, как работает сайт ресторана: меню на 3 языках, бронь столов и админка, где цены меняете сами. Цена от 280 000 ֏. Показать, как это будет выглядеть у вас?",ne_mobilny,,,
18,3,Hin Jrvezh,ресторан,Ереван,+37410676400,"Բարև Ձեզ։ Ես Ազատն եմ, կայքեր եմ պատրաստում Հայաստանի բիզնեսների համար (EVNWEB)։ Նկատեցի, որ Hin Jrvezh-ը չունի սեփական կայք։ Կարող եմ ուղարկել կարճ տեսանյութ, թե ինչպես է աշխատում ռեստորանի կայքը՝ մենյու 3 լեզվով, սեղանի ամրագրում և ադմին, որտեղ գները փոխում եք ինքներդ։ Գինը՝ 280 000 ֏-ից։ Ցույց տա՞մ, թե ինչպես կլինի ձեզ մոտ։","Здравствуйте! Меня зовут Азат, я делаю сайты для бизнесов в Армении (EVNWEB). Заметил, что у Hin Jrvezh нет своего сайта. Могу прислать короткое видео, как работает сайт ресторана: меню на 3 языках, бронь столов и админка, где цены меняете сами. Цена от 280 000 ֏. Показать, как это будет выглядеть у вас?",ne_mobilny,,,
19,3,Voskevaz,ресторан,Ереван,+37410350999,"Բարև Ձեզ։ Ես Ազատն եմ, կայքեր եմ պատրաստում Հայաստանի բիզնեսների համար (EVNWEB)։ Նկատեցի, որ Voskevaz-ը չունի սեփական կայք։ Կարող եմ ուղարկել կարճ տեսանյութ, թե ինչպես է աշխատում ռեստորանի կայքը՝ մենյու 3 լեզվով, սեղանի ամրագրում և ադմին, որտեղ գները փոխում եք ինքներդ։ Գինը՝ 280 000 ֏-ից։ Ցույց տա՞մ, թե ինչպես կլինի ձեզ մոտ։","Здравствуйте! Меня зовут Азат, я делаю сайты для бизнесов в Армении (EVNWEB). Заметил, что у Voskevaz нет своего сайта. Могу прислать короткое видео, как работает сайт ресторана: меню на 3 языках, бронь столов и админка, где цены меняете сами. Цена от 280 000 ֏. Показать, как это будет выглядеть у вас?",ne_mobilny,,,
19,3,8th Wonder,ресторан,Ереван,+37410534151,"Բարև Ձեզ։ Ես Ազատն եմ, կայքեր եմ պատրաստում Հայաստանի բիզնեսների համար (EVNWEB)։ Նկատեցի, որ 8th Wonder-ը չունի սեփական կայք։ Կարող եմ ուղարկել կարճ տեսանյութ, թե ինչպես է աշխատում ռեստորանի կայքը՝ մենյու 3 լեզվով, սեղանի ամրագրում և ադմին, որտեղ գները փոխում եք ինքներդ։ Գինը՝ 280 000 ֏-ից։ Ցույց տա՞մ, թե ինչպես կլինի ձեզ մոտ։","Здравствуйте! Меня зовут Азат, я делаю сайты для бизнесов в Армении (EVNWEB). Заметил, что у 8th Wonder нет своего сайта. Могу прислать короткое видео, как работает сайт ресторана: меню на 3 языках, бронь столов и админка, где цены меняете сами. Цена от 280 000 ֏. Показать, как это будет выглядеть у вас?",ne_mobilny,,,
19,3,Alaska by Hans&Franz,ресторан,Ереван,+37441210211,"Բարև Ձեզ։ Ես Ազատն եմ, կայքեր եմ պատրաստում Հայաստանի բիզնեսների համար (EVNWEB)։ Նկատեցի, որ Alaska by Hans&Franz-ը չունի սեփական կայք։ Կարող եմ ուղարկել կարճ տեսանյութ, թե ինչպես է աշխատում ռեստորանի կայքը՝ մենյու 3 լեզվով, սեղանի ամրագրում և ադմին, որտեղ գները փոխում եք ինքներդ։ Գինը՝ 280 000 ֏-ից։ Ցույց տա՞մ, թե ինչպես կլինի ձեզ մոտ։","Здравствуйте! Меня зовут Азат, я делаю сайты для бизнесов в Армении (EVNWEB). Заметил, что у Alaska by Hans&Franz нет своего сайта. Могу прислать короткое видео, как работает сайт ресторана: меню на 3 языках, бронь столов и админка, где цены меняете сами. Цена от 280 000 ֏. Показать, как это будет выглядеть у вас?",,,,
19,3,Asador,ресторан,Ереван,+37444002200,"Բարև Ձեզ։ Ես Ազատն եմ, կայքեր եմ պատրաստում Հայաստանի բիզնեսների համար (EVNWEB)։ Նկատեցի, որ Asador-ը չունի սեփական կայք։ Կարող եմ ուղարկել կարճ տեսանյութ, թե ինչպես է աշխատում ռեստորանի կայքը՝ մենյու 3 լեզվով, սեղանի ամրագրում և ադմին, որտեղ գները փոխում եք ինքներդ։ Գինը՝ 280 000 ֏-ից։ Ցույց տա՞մ, թե ինչպես կլինի ձեզ մոտ։","Здравствуйте! Меня зовут Азат, я делаю сайты для бизнесов в Армении (EVNWEB). Заметил, что у Asador нет своего сайта. Могу прислать короткое видео, как работает сайт ресторана: меню на 3 языках, бронь столов и админка, где цены меняете сами. Цена от 280 000 ֏. Показать, как это будет выглядеть у вас?",,,,
19,3,BEM,ресторан,Ереван,+37495901909,"Բարև Ձեզ։ Ես Ազատն եմ, կայքեր եմ պատրաստում Հայաստանի բիզնեսների համար (EVNWEB)։ Նկատեցի, որ BEM-ը չունի սեփական կայք։ Կարող եմ ուղարկել կարճ տեսանյութ, թե ինչպես է աշխատում ռեստորանի կայքը՝ մենյու 3 լեզվով, սեղանի ամրագրում և ադմին, որտեղ գները փոխում եք ինքներդ։ Գինը՝ 280 000 ֏-ից։ Ցույց տա՞մ, թե ինչպես կլինի ձեզ մոտ։","Здравствуйте! Меня зовут Азат, я делаю сайты для бизнесов в Армении (EVNWEB). Заметил, что у BEM нет своего сайта. Могу прислать короткое видео, как работает сайт ресторана: меню на 3 языках, бронь столов и админка, где цены меняете сами. Цена от 280 000 ֏. Показать, как это будет выглядеть у вас?",,,,
19,3,Black Cat,ресторан,Ереван,+37494885005,"Բարև Ձեզ։ Ես Ազատն եմ, կայքեր եմ պատրաստում Հայաստանի բիզնեսների համար (EVNWEB)։ Նկատեցի, որ Black Cat-ը չունի սեփական կայք։ Կարող եմ ուղարկել կարճ տեսանյութ, թե ինչպես է աշխատում ռեստորանի կայքը՝ մենյու 3 լեզվով, սեղանի ամրագրում և ադմին, որտեղ գները փոխում եք ինքներդ։ Գինը՝ 280 000 ֏-ից։ Ցույց տա՞մ, թե ինչպես կլինի ձեզ մոտ։","Здравствуйте! Меня зовут Азат, я делаю сайты для бизнесов в Армении (EVNWEB). Заметил, что у Black Cat нет своего сайта. Могу прислать короткое видео, как работает сайт ресторана: меню на 3 языках, бронь столов и админка, где цены меняете сами. Цена от 280 000 ֏. Показать, как это будет выглядеть у вас?",,,,
19,3,КасаЕВН,ресторан,Ереван,+374340023,"Բարև Ձեզ։ Ես Ազատն եմ, կայքեր եմ պատրաստում Հայաստանի բիզնեսների համար (EVNWEB)։ Նկատեցի, որ КасаЕВН-ը չունի սեփական կայք։ Կարող եմ ուղարկել կարճ տեսանյութ, թե ինչպես է աշխատում ռեստորանի կայքը՝ մենյու 3 լեզվով, սեղանի ամրագրում և ադմին, որտեղ գները փոխում եք ինքներդ։ Գինը՝ 280 000 ֏-ից։ Ցույց տա՞մ, թե ինչպես կլինի ձեզ մոտ։","Здравствуйте! Меня зовут Азат, я делаю сайты для бизнесов в Армении (EVNWEB). Заметил, что у КасаЕВН нет своего сайта. Могу прислать короткое видео, как работает сайт ресторана: меню на 3 языках, бронь столов и админка, где цены меняете сами. Цена от 280 000 ֏. Показать, как это будет выглядеть у вас?",ne_mobilny,,,
19,3,Чайхона,ресторан,Ереван,+37412880880,"Բարև Ձեզ։ Ես Ազատն եմ, կայքեր եմ պատրաստում Հայաստանի բիզնեսների համար (EVNWEB)։ Նկատեցի, որ Чайхона-ը չունի սեփական կայք։ Կարող եմ ուղարկել կարճ տեսանյութ, թե ինչպես է աշխատում ռեստորանի կայքը՝ մենյու 3 լեզվով, սեղանի ամրագրում և ադմին, որտեղ գները փոխում եք ինքներդ։ Գինը՝ 280 000 ֏-ից։ Ցույց տա՞մ, թե ինչպես կլինի ձեզ մոտ։","Здравствуйте! Меня зовут Азат, я делаю сайты для бизнесов в Армении (EVNWEB). Заметил, что у Чайхона нет своего сайта. Могу прислать короткое видео, как работает сайт ресторана: меню на 3 языках, бронь столов и админка, где цены меняете сами. Цена от 280 000 ֏. Показать, как это будет выглядеть у вас?",ne_mobilny,,,
19,3,Chakavak,ресторан,Ереван,+37493782325,"Բարև Ձեզ։ Ես Ազատն եմ, կայքեր եմ պատրաստում Հայաստանի բիզնեսների համար (EVNWEB)։ Նկատեցի, որ Chakavak-ը չունի սեփական կայք։ Կարող եմ ուղարկել կարճ տեսանյութ, թե ինչպես է աշխատում ռեստորանի կայքը՝ մենյու 3 լեզվով, սեղանի ամրագրում և ադմին, որտեղ գները փոխում եք ինքներդ։ Գինը՝ 280 000 ֏-ից։ Ցույց տա՞մ, թե ինչպես կլինի ձեզ մոտ։","Здравствуйте! Меня зовут Азат, я делаю сайты для бизнесов в Армении (EVNWEB). Заметил, что у Chakavak нет своего сайта. Могу прислать короткое видео, как работает сайт ресторана: меню на 3 языках, бронь столов и админка, где цены меняете сами. Цена от 280 000 ֏. Показать, как это будет выглядеть у вас?",,,,
19,3,Chinar Restaurant,ресторан,Ереван,+37441260260,"Բարև Ձեզ։ Ես Ազատն եմ, կայքեր եմ պատրաստում Հայաստանի բիզնեսների համար (EVNWEB)։ Նկատեցի, որ Chinar Restaurant-ը չունի սեփական կայք։ Կարող եմ ուղարկել կարճ տեսանյութ, թե ինչպես է աշխատում ռեստորանի կայքը՝ մենյու 3 լեզվով, սեղանի ամրագրում և ադմին, որտեղ գները փոխում եք ինքներդ։ Գինը՝ 280 000 ֏-ից։ Ցույց տա՞մ, թե ինչպես կլինի ձեզ մոտ։","Здравствуйте! Меня зовут Азат, я делаю сайты для бизнесов в Армении (EVNWEB). Заметил, что у Chinar Restaurant нет своего сайта. Могу прислать короткое видео, как работает сайт ресторана: меню на 3 языках, бронь столов и админка, где цены меняете сами. Цена от 280 000 ֏. Показать, как это будет выглядеть у вас?",,,,
19,3,Creamy & Juicy,ресторан,Ереван,+37443074444,"Բարև Ձեզ։ Ես Ազատն եմ, կայքեր եմ պատրաստում Հայաստանի բիզնեսների համար (EVNWEB)։ Նկատեցի, որ Creamy & Juicy-ը չունի սեփական կայք։ Կարող եմ ուղարկել կարճ տեսանյութ, թե ինչպես է աշխատում ռեստորանի կայքը՝ մենյու 3 լեզվով, սեղանի ամրագրում և ադմին, որտեղ գները փոխում եք ինքներդ։ Գինը՝ 280 000 ֏-ից։ Ցույց տա՞մ, թե ինչպես կլինի ձեզ մոտ։","Здравствуйте! Меня зовут Азат, я делаю сайты для бизнесов в Армении (EVNWEB). Заметил, что у Creamy & Juicy нет своего сайта. Могу прислать короткое видео, как работает сайт ресторана: меню на 3 языках, бронь столов и админка, где цены меняете сами. Цена от 280 000 ֏. Показать, как это будет выглядеть у вас?",,,,
19,3,Derian Restaurant,ресторан,Ереван,+37411750750,"Բարև Ձեզ։ Ես Ազատն եմ, կայքեր եմ պատրաստում Հայաստանի բիզնեսների համար (EVNWEB)։ Նկատեցի, որ Derian Restaurant-ը չունի սեփական կայք։ Կարող եմ ուղարկել կարճ տեսանյութ, թե ինչպես է աշխատում ռեստորանի կայքը՝ մենյու 3 լեզվով, սեղանի ամրագրում և ադմին, որտեղ գները փոխում եք ինքներդ։ Գինը՝ 280 000 ֏-ից։ Ցույց տա՞մ, թե ինչպես կլինի ձեզ մոտ։","Здравствуйте! Меня зовут Азат, я делаю сайты для бизнесов в Армении (EVNWEB). Заметил, что у Derian Restaurant нет своего сайта. Могу прислать короткое видео, как работает сайт ресторана: меню на 3 языках, бронь столов и админка, где цены меняете сами. Цена от 280 000 ֏. Показать, как это будет выглядеть у вас?",ne_mobilny,,,
19,3,Dvin Music Hall,ресторан,Ереван,+37443443300,"Բարև Ձեզ։ Ես Ազատն եմ, կայքեր եմ պատրաստում Հայաստանի բիզնեսների համար (EVNWEB)։ Նկատեցի, որ Dvin Music Hall-ը չունի սեփական կայք։ Կարող եմ ուղարկել կարճ տեսանյութ, թե ինչպես է աշխատում ռեստորանի կայքը՝ մենյու 3 լեզվով, սեղանի ամրագրում և ադմին, որտեղ գները փոխում եք ինքներդ։ Գինը՝ 280 000 ֏-ից։ Ցույց տա՞մ, թե ինչպես կլինի ձեզ մոտ։","Здравствуйте! Меня зовут Азат, я делаю сайты для бизнесов в Армении (EVNWEB). Заметил, что у Dvin Music Hall нет своего сайта. Могу прислать короткое видео, как работает сайт ресторана: меню на 3 языках, бронь столов и админка, где цены меняете сами. Цена от 280 000 ֏. Показать, как это будет выглядеть у вас?",,,,
19,3,Dzorap,ресторан,Ереван,+37498400022,"Բարև Ձեզ։ Ես Ազատն եմ, կայքեր եմ պատրաստում Հայաստանի բիզնեսների համար (EVNWEB)։ Նկատեցի, որ Dzorap-ը չունի սեփական կայք։ Կարող եմ ուղարկել կարճ տեսանյութ, թե ինչպես է աշխատում ռեստորանի կայքը՝ մենյու 3 լեզվով, սեղանի ամրագրում և ադմին, որտեղ գները փոխում եք ինքներդ։ Գինը՝ 280 000 ֏-ից։ Ցույց տա՞մ, թե ինչպես կլինի ձեզ մոտ։","Здравствуйте! Меня зовут Азат, я делаю сайты для бизнесов в Армении (EVNWEB). Заметил, что у Dzorap нет своего сайта. Могу прислать короткое видео, как работает сайт ресторана: меню на 3 языках, бронь столов и админка, где цены меняете сами. Цена от 280 000 ֏. Показать, как это будет выглядеть у вас?",,,,
19,3,Edem Garden,ресторан,Ереван,+37496402402,"Բարև Ձեզ։ Ես Ազատն եմ, կայքեր եմ պատրաստում Հայաստանի բիզնեսների համար (EVNWEB)։ Նկատեցի, որ Edem Garden-ը չունի սեփական կայք։ Կարող եմ ուղարկել կարճ տեսանյութ, թե ինչպես է աշխատում ռեստորանի կայքը՝ մենյու 3 լեզվով, սեղանի ամրագրում և ադմին, որտեղ գները փոխում եք ինքներդ։ Գինը՝ 280 000 ֏-ից։ Ցույց տա՞մ, թե ինչպես կլինի ձեզ մոտ։","Здравствуйте! Меня зовут Азат, я делаю сайты для бизнесов в Армении (EVNWEB). Заметил, что у Edem Garden нет своего сайта. Могу прислать короткое видео, как работает сайт ресторана: меню на 3 языках, бронь столов и админка, где цены меняете сами. Цена от 280 000 ֏. Показать, как это будет выглядеть у вас?",,,,
19,3,El Torro,ресторан,Ереван,+37455288288,"Բարև Ձեզ։ Ես Ազատն եմ, կայքեր եմ պատրաստում Հայաստանի բիզնեսների համար (EVNWEB)։ Նկատեցի, որ El Torro-ը չունի սեփական կայք։ Կարող եմ ուղարկել կարճ տեսանյութ, թե ինչպես է աշխատում ռեստորանի կայքը՝ մենյու 3 լեզվով, սեղանի ամրագրում և ադմին, որտեղ գները փոխում եք ինքներդ։ Գինը՝ 280 000 ֏-ից։ Ցույց տա՞մ, թե ինչպես կլինի ձեզ մոտ։","Здравствуйте! Меня зовут Азат, я делаю сайты для бизнесов в Армении (EVNWEB). Заметил, что у El Torro нет своего сайта. Могу прислать короткое видео, как работает сайт ресторана: меню на 3 языках, бронь столов и админка, где цены меняете сами. Цена от 280 000 ֏. Показать, как это будет выглядеть у вас?",,,,
19,3,Family house,ресторан,Ереван,+37495888744,"Բարև Ձեզ։ Ես Ազատն եմ, կայքեր եմ պատրաստում Հայաստանի բիզնեսների համար (EVNWEB)։ Նկատեցի, որ Family house-ը չունի սեփական կայք։ Կարող եմ ուղարկել կարճ տեսանյութ, թե ինչպես է աշխատում ռեստորանի կայքը՝ մենյու 3 լեզվով, սեղանի ամրագրում և ադմին, որտեղ գները փոխում եք ինքներդ։ Գինը՝ 280 000 ֏-ից։ Ցույց տա՞մ, թե ինչպես կլինի ձեզ մոտ։","Здравствуйте! Меня зовут Азат, я делаю сайты для бизнесов в Армении (EVNWEB). Заметил, что у Family house нет своего сайта. Могу прислать короткое видео, как работает сайт ресторана: меню на 3 языках, бронь столов и админка, где цены меняете сами. Цена от 280 000 ֏. Показать, как это будет выглядеть у вас?",,,,
19,3,Gussi Garden,ресторан,Ереван,+37444597795,"Բարև Ձեզ։ Ես Ազատն եմ, կայքեր եմ պատրաստում Հայաստանի բիզնեսների համար (EVNWEB)։ Նկատեցի, որ Gussi Garden-ը չունի սեփական կայք։ Կարող եմ ուղարկել կարճ տեսանյութ, թե ինչպես է աշխատում ռեստորանի կայքը՝ մենյու 3 լեզվով, սեղանի ամրագրում և ադմին, որտեղ գները փոխում եք ինքներդ։ Գինը՝ 280 000 ֏-ից։ Ցույց տա՞մ, թե ինչպես կլինի ձեզ մոտ։","Здравствуйте! Меня зовут Азат, я делаю сайты для бизнесов в Армении (EVNWEB). Заметил, что у Gussi Garden нет своего сайта. Могу прислать короткое видео, как работает сайт ресторана: меню на 3 языках, бронь столов и админка, где цены меняете сами. Цена от 280 000 ֏. Показать, как это будет выглядеть у вас?",,,,
19,3,India Palace,ресторан,Ереван,+37444288388,"Բարև Ձեզ։ Ես Ազատն եմ, կայքեր եմ պատրաստում Հայաստանի բիզնեսների համար (EVNWEB)։ Նկատեցի, որ India Palace-ը չունի սեփական կայք։ Կարող եմ ուղարկել կարճ տեսանյութ, թե ինչպես է աշխատում ռեստորանի կայքը՝ մենյու 3 լեզվով, սեղանի ամրագրում և ադմին, որտեղ գները փոխում եք ինքներդ։ Գինը՝ 280 000 ֏-ից։ Ցույց տա՞մ, թե ինչպես կլինի ձեզ մոտ։","Здравствуйте! Меня зовут Азат, я делаю сайты для бизнесов в Армении (EVNWEB). Заметил, что у India Palace нет своего сайта. Могу прислать короткое видео, как работает сайт ресторана: меню на 3 языках, бронь столов и админка, где цены меняете сами. Цена от 280 000 ֏. Показать, как это будет выглядеть у вас?",,,,
19,3,Kith & Kin,ресторан,Ереван,+37443044422,"Բարև Ձեզ։ Ես Ազատն եմ, կայքեր եմ պատրաստում Հայաստանի բիզնեսների համար (EVNWEB)։ Նկատեցի, որ Kith & Kin-ը չունի սեփական կայք։ Կարող եմ ուղարկել կարճ տեսանյութ, թե ինչպես է աշխատում ռեստորանի կայքը՝ մենյու 3 լեզվով, սեղանի ամրագրում և ադմին, որտեղ գները փոխում եք ինքներդ։ Գինը՝ 280 000 ֏-ից։ Ցույց տա՞մ, թե ինչպես կլինի ձեզ մոտ։","Здравствуйте! Меня зовут Азат, я делаю сайты для бизнесов в Армении (EVNWEB). Заметил, что у Kith & Kin нет своего сайта. Могу прислать короткое видео, как работает сайт ресторана: меню на 3 языках, бронь столов и админка, где цены меняете сами. Цена от 280 000 ֏. Показать, как это будет выглядеть у вас?",,,,
19,3,Lagonid,ресторан,Ереван,+37410584993,"Բարև Ձեզ։ Ես Ազատն եմ, կայքեր եմ պատրաստում Հայաստանի բիզնեսների համար (EVNWEB)։ Նկատեցի, որ Lagonid-ը չունի սեփական կայք։ Կարող եմ ուղարկել կարճ տեսանյութ, թե ինչպես է աշխատում ռեստորանի կայքը՝ մենյու 3 լեզվով, սեղանի ամրագրում և ադմին, որտեղ գները փոխում եք ինքներդ։ Գինը՝ 280 000 ֏-ից։ Ցույց տա՞մ, թե ինչպես կլինի ձեզ մոտ։","Здравствуйте! Меня зовут Азат, я делаю сайты для бизнесов в Армении (EVNWEB). Заметил, что у Lagonid нет своего сайта. Могу прислать короткое видео, как работает сайт ресторана: меню на 3 языках, бронь столов и админка, где цены меняете сами. Цена от 280 000 ֏. Показать, как это будет выглядеть у вас?",ne_mobilny,,,
19,3,Lahmajun Gaidz,ресторан,Ереван,+37477332118,"Բարև Ձեզ։ Ես Ազատն եմ, կայքեր եմ պատրաստում Հայաստանի բիզնեսների համար (EVNWEB)։ Նկատեցի, որ Lahmajun Gaidz-ը չունի սեփական կայք։ Կարող եմ ուղարկել կարճ տեսանյութ, թե ինչպես է աշխատում ռեստորանի կայքը՝ մենյու 3 լեզվով, սեղանի ամրագրում և ադմին, որտեղ գները փոխում եք ինքներդ։ Գինը՝ 280 000 ֏-ից։ Ցույց տա՞մ, թե ինչպես կլինի ձեզ մոտ։","Здравствуйте! Меня зовут Азат, я делаю сайты для бизнесов в Армении (EVNWEB). Заметил, что у Lahmajun Gaidz нет своего сайта. Могу прислать короткое видео, как работает сайт ресторана: меню на 3 языках, бронь столов и админка, где цены меняете сами. Цена от 280 000 ֏. Показать, как это будет выглядеть у вас?",,,,
19,3,Little Bali,ресторан,Ереван,+37433008009,"Բարև Ձեզ։ Ես Ազատն եմ, կայքեր եմ պատրաստում Հայաստանի բիզնեսների համար (EVNWEB)։ Նկատեցի, որ Little Bali-ը չունի սեփական կայք։ Կարող եմ ուղարկել կարճ տեսանյութ, թե ինչպես է աշխատում ռեստորանի կայքը՝ մենյու 3 լեզվով, սեղանի ամրագրում և ադմին, որտեղ գները փոխում եք ինքներդ։ Գինը՝ 280 000 ֏-ից։ Ցույց տա՞մ, թե ինչպես կլինի ձեզ մոտ։","Здравствуйте! Меня зовут Азат, я делаю сайты для бизнесов в Армении (EVNWEB). Заметил, что у Little Bali нет своего сайта. Могу прислать короткое видео, как работает сайт ресторана: меню на 3 языках, бронь столов и админка, где цены меняете сами. Цена от 280 000 ֏. Показать, как это будет выглядеть у вас?",,,,
19,3,MV HOUSE,ресторан,Ереван,+37491999934,"Բարև Ձեզ։ Ես Ազատն եմ, կայքեր եմ պատրաստում Հայաստանի բիզնեսների համար (EVNWEB)։ Նկատեցի, որ MV HOUSE-ը չունի սեփական կայք։ Կարող եմ ուղարկել կարճ տեսանյութ, թե ինչպես է աշխատում ռեստորանի կայքը՝ մենյու 3 լեզվով, սեղանի ամրագրում և ադմին, որտեղ գները փոխում եք ինքներդ։ Գինը՝ 280 000 ֏-ից։ Ցույց տա՞մ, թե ինչպես կլինի ձեզ մոտ։","Здравствуйте! Меня зовут Азат, я делаю сайты для бизнесов в Армении (EVNWEB). Заметил, что у MV HOUSE нет своего сайта. Могу прислать короткое видео, как работает сайт ресторана: меню на 3 языках, бронь столов и админка, где цены меняете сами. Цена от 280 000 ֏. Показать, как это будет выглядеть у вас?",,,,
19,3,Nairi,ресторан,Ереван,+37410589400,"Բարև Ձեզ։ Ես Ազատն եմ, կայքեր եմ պատրաստում Հայաստանի բիզնեսների համար (EVNWEB)։ Նկատեցի, որ Nairi-ը չունի սեփական կայք։ Կարող եմ ուղարկել կարճ տեսանյութ, թե ինչպես է աշխատում ռեստորանի կայքը՝ մենյու 3 լեզվով, սեղանի ամրագրում և ադմին, որտեղ գները փոխում եք ինքներդ։ Գինը՝ 280 000 ֏-ից։ Ցույց տա՞մ, թե ինչպես կլինի ձեզ մոտ։","Здравствуйте! Меня зовут Азат, я делаю сайты для бизнесов в Армении (EVNWEB). Заметил, что у Nairi нет своего сайта. Могу прислать короткое видео, как работает сайт ресторана: меню на 3 языках, бронь столов и админка, где цены меняете сами. Цена от 280 000 ֏. Показать, как это будет выглядеть у вас?",ne_mobilny,,,
20,3,Nalbandyan House,ресторан,Ереван,+37433700909,"Բարև Ձեզ։ Ես Ազատն եմ, կայքեր եմ պատրաստում Հայաստանի բիզնեսների համար (EVNWEB)։ Նկատեցի, որ Nalbandyan House-ը չունի սեփական կայք։ Կարող եմ ուղարկել կարճ տեսանյութ, թե ինչպես է աշխատում ռեստորանի կայքը՝ մենյու 3 լեզվով, սեղանի ամրագրում և ադմին, որտեղ գները փոխում եք ինքներդ։ Գինը՝ 280 000 ֏-ից։ Ցույց տա՞մ, թե ինչպես կլինի ձեզ մոտ։","Здравствуйте! Меня зовут Азат, я делаю сайты для бизнесов в Армении (EVNWEB). Заметил, что у Nalbandyan House нет своего сайта. Могу прислать короткое видео, как работает сайт ресторана: меню на 3 языках, бронь столов и админка, где цены меняете сами. Цена от 280 000 ֏. Показать, как это будет выглядеть у вас?",,,,
20,3,Openhouse Community,ресторан,Ереван,+37412330000,"Բարև Ձեզ։ Ես Ազատն եմ, կայքեր եմ պատրաստում Հայաստանի բիզնեսների համար (EVNWEB)։ Նկատեցի, որ Openhouse Community-ը չունի սեփական կայք։ Կարող եմ ուղարկել կարճ տեսանյութ, թե ինչպես է աշխատում ռեստորանի կայքը՝ մենյու 3 լեզվով, սեղանի ամրագրում և ադմին, որտեղ գները փոխում եք ինքներդ։ Գինը՝ 280 000 ֏-ից։ Ցույց տա՞մ, թե ինչպես կլինի ձեզ մոտ։","Здравствуйте! Меня зовут Азат, я делаю сайты для бизнесов в Армении (EVNWEB). Заметил, что у Openhouse Community нет своего сайта. Могу прислать короткое видео, как работает сайт ресторана: меню на 3 языках, бронь столов и админка, где цены меняете сами. Цена от 280 000 ֏. Показать, как это будет выглядеть у вас?",ne_mobilny,,,
20,3,Patarò,ресторан,Ереван,+37443333855,"Բարև Ձեզ։ Ես Ազատն եմ, կայքեր եմ պատրաստում Հայաստանի բիզնեսների համար (EVNWEB)։ Նկատեցի, որ Patarò-ը չունի սեփական կայք։ Կարող եմ ուղարկել կարճ տեսանյութ, թե ինչպես է աշխատում ռեստորանի կայքը՝ մենյու 3 լեզվով, սեղանի ամրագրում և ադմին, որտեղ գները փոխում եք ինքներդ։ Գինը՝ 280 000 ֏-ից։ Ցույց տա՞մ, թե ինչպես կլինի ձեզ մոտ։","Здравствуйте! Меня зовут Азат, я делаю сайты для бизнесов в Армении (EVNWEB). Заметил, что у Patarò нет своего сайта. Могу прислать короткое видео, как работает сайт ресторана: меню на 3 языках, бронь столов и админка, где цены меняете сами. Цена от 280 000 ֏. Показать, как это будет выглядеть у вас?",,,,
20,3,Pinsa!,ресторан,Ереван,+37443338587,"Բարև Ձեզ։ Ես Ազատն եմ, կայքեր եմ պատրաստում Հայաստանի բիզնեսների համար (EVNWEB)։ Նկատեցի, որ Pinsa!-ը չունի սեփական կայք։ Կարող եմ ուղարկել կարճ տեսանյութ, թե ինչպես է աշխատում ռեստորանի կայքը՝ մենյու 3 լեզվով, սեղանի ամրագրում և ադմին, որտեղ գները փոխում եք ինքներդ։ Գինը՝ 280 000 ֏-ից։ Ցույց տա՞մ, թե ինչպես կլինի ձեզ մոտ։","Здравствуйте! Меня зовут Азат, я делаю сайты для бизнесов в Армении (EVNWEB). Заметил, что у Pinsa! нет своего сайта. Могу прислать короткое видео, как работает сайт ресторана: меню на 3 языках, бронь столов и админка, где цены меняете сами. Цена от 280 000 ֏. Показать, как это будет выглядеть у вас?",,,,
20,3,Pizza di Roma,ресторан,Ереван,+37410587175,"Բարև Ձեզ։ Ես Ազատն եմ, կայքեր եմ պատրաստում Հայաստանի բիզնեսների համար (EVNWEB)։ Նկատեցի, որ Pizza di Roma-ը չունի սեփական կայք։ Կարող եմ ուղարկել կարճ տեսանյութ, թե ինչպես է աշխատում ռեստորանի կայքը՝ մենյու 3 լեզվով, սեղանի ամրագրում և ադմին, որտեղ գները փոխում եք ինքներդ։ Գինը՝ 280 000 ֏-ից։ Ցույց տա՞մ, թե ինչպես կլինի ձեզ մոտ։","Здравствуйте! Меня зовут Азат, я делаю сайты для бизнесов в Армении (EVNWEB). Заметил, что у Pizza di Roma нет своего сайта. Могу прислать короткое видео, как работает сайт ресторана: меню на 3 языках, бронь столов и админка, где цены меняете сами. Цена от 280 000 ֏. Показать, как это будет выглядеть у вас?",ne_mobilny,,,
20,3,Пицца ди Рома,ресторан,Ереван,+37410587054,"Բարև Ձեզ։ Ես Ազատն եմ, կայքեր եմ պատրաստում Հայաստանի բիզնեսների համար (EVNWEB)։ Նկատեցի, որ Пицца ди Рома-ը չունի սեփական կայք։ Կարող եմ ուղարկել կարճ տեսանյութ, թե ինչպես է աշխատում ռեստորանի կայքը՝ մենյու 3 լեզվով, սեղանի ամրագրում և ադմին, որտեղ գները փոխում եք ինքներդ։ Գինը՝ 280 000 ֏-ից։ Ցույց տա՞մ, թե ինչպես կլինի ձեզ մոտ։","Здравствуйте! Меня зовут Азат, я делаю сайты для бизнесов в Армении (EVNWEB). Заметил, что у Пицца ди Рома нет своего сайта. Могу прислать короткое видео, как работает сайт ресторана: меню на 3 языках, бронь столов и админка, где цены меняете сами. Цена от 280 000 ֏. Показать, как это будет выглядеть у вас?",ne_mobilny,,,
20,3,Pizzeria Margherita,ресторан,Ереван,+37477021533,"Բարև Ձեզ։ Ես Ազատն եմ, կայքեր եմ պատրաստում Հայաստանի բիզնեսների համար (EVNWEB)։ Նկատեցի, որ Pizzeria Margherita-ը չունի սեփական կայք։ Կարող եմ ուղարկել կարճ տեսանյութ, թե ինչպես է աշխատում ռեստորանի կայքը՝ մենյու 3 լեզվով, սեղանի ամրագրում և ադմին, որտեղ գները փոխում եք ինքներդ։ Գինը՝ 280 000 ֏-ից։ Ցույց տա՞մ, թե ինչպես կլինի ձեզ մոտ։","Здравствуйте! Меня зовут Азат, я делаю сайты для бизнесов в Армении (EVNWEB). Заметил, что у Pizzeria Margherita нет своего сайта. Могу прислать короткое видео, как работает сайт ресторана: меню на 3 языках, бронь столов и админка, где цены меняете сами. Цена от 280 000 ֏. Показать, как это будет выглядеть у вас?",,,,
20,3,Poplavok Music Hall,ресторан,Ереван,+37410522303,"Բարև Ձեզ։ Ես Ազատն եմ, կայքեր եմ պատրաստում Հայաստանի բիզնեսների համար (EVNWEB)։ Նկատեցի, որ Poplavok Music Hall-ը չունի սեփական կայք։ Կարող եմ ուղարկել կարճ տեսանյութ, թե ինչպես է աշխատում ռեստորանի կայքը՝ մենյու 3 լեզվով, սեղանի ամրագրում և ադմին, որտեղ գները փոխում եք ինքներդ։ Գինը՝ 280 000 ֏-ից։ Ցույց տա՞մ, թե ինչպես կլինի ձեզ մոտ։","Здравствуйте! Меня зовут Азат, я делаю сайты для бизнесов в Армении (EVNWEB). Заметил, что у Poplavok Music Hall нет своего сайта. Могу прислать короткое видео, как работает сайт ресторана: меню на 3 языках, бронь столов и админка, где цены меняете сами. Цена от 280 000 ֏. Показать, как это будет выглядеть у вас?",ne_mobilny,,,
20,3,Rialto,ресторан,Ереван,+37495051550,"Բարև Ձեզ։ Ես Ազատն եմ, կայքեր եմ պատրաստում Հայաստանի բիզնեսների համար (EVNWEB)։ Նկատեցի, որ Rialto-ը չունի սեփական կայք։ Կարող եմ ուղարկել կարճ տեսանյութ, թե ինչպես է աշխատում ռեստորանի կայքը՝ մենյու 3 լեզվով, սեղանի ամրագրում և ադմին, որտեղ գները փոխում եք ինքներդ։ Գինը՝ 280 000 ֏-ից։ Ցույց տա՞մ, թե ինչպես կլինի ձեզ մոտ։","Здравствуйте! Меня зовут Азат, я делаю сайты для бизнесов в Армении (EVNWEB). Заметил, что у Rialto нет своего сайта. Могу прислать короткое видео, как работает сайт ресторана: меню на 3 языках, бронь столов и админка, где цены меняете сами. Цена от 280 000 ֏. Показать, как это будет выглядеть у вас?",,,,
20,3,Royal Pub,ресторан,Ереван,+37443064020,"Բարև Ձեզ։ Ես Ազատն եմ, կայքեր եմ պատրաստում Հայաստանի բիզնեսների համար (EVNWEB)։ Նկատեցի, որ Royal Pub-ը չունի սեփական կայք։ Կարող եմ ուղարկել կարճ տեսանյութ, թե ինչպես է աշխատում ռեստորանի կայքը՝ մենյու 3 լեզվով, սեղանի ամրագրում և ադմին, որտեղ գները փոխում եք ինքներդ։ Գինը՝ 280 000 ֏-ից։ Ցույց տա՞մ, թե ինչպես կլինի ձեզ մոտ։","Здравствуйте! Меня зовут Азат, я делаю сайты для бизнесов в Армении (EVNWEB). Заметил, что у Royal Pub нет своего сайта. Могу прислать короткое видео, как работает сайт ресторана: меню на 3 языках, бронь столов и админка, где цены меняете сами. Цена от 280 000 ֏. Показать, как это будет выглядеть у вас?",,,,
20,3,SAF Club,ресторан,Ереван,+37441221111,"Բարև Ձեզ։ Ես Ազատն եմ, կայքեր եմ պատրաստում Հայաստանի բիզնեսների համար (EVNWEB)։ Նկատեցի, որ SAF Club-ը չունի սեփական կայք։ Կարող եմ ուղարկել կարճ տեսանյութ, թե ինչպես է աշխատում ռեստորանի կայքը՝ մենյու 3 լեզվով, սեղանի ամրագրում և ադմին, որտեղ գները փոխում եք ինքներդ։ Գինը՝ 280 000 ֏-ից։ Ցույց տա՞մ, թե ինչպես կլինի ձեզ մոտ։","Здравствуйте! Меня зовут Азат, я делаю сайты для бизнесов в Армении (EVNWEB). Заметил, что у SAF Club нет своего сайта. Могу прислать короткое видео, как работает сайт ресторана: меню на 3 языках, бронь столов и админка, где цены меняете сами. Цена от 280 000 ֏. Показать, как это будет выглядеть у вас?",,,,
20,3,Sazandari,ресторан,Ереван,+37493255403,"Բարև Ձեզ։ Ես Ազատն եմ, կայքեր եմ պատրաստում Հայաստանի բիզնեսների համար (EVNWEB)։ Նկատեցի, որ Sazandari-ը չունի սեփական կայք։ Կարող եմ ուղարկել կարճ տեսանյութ, թե ինչպես է աշխատում ռեստորանի կայքը՝ մենյու 3 լեզվով, սեղանի ամրագրում և ադմին, որտեղ գները փոխում եք ինքներդ։ Գինը՝ 280 000 ֏-ից։ Ցույց տա՞մ, թե ինչպես կլինի ձեզ մոտ։","Здравствуйте! Меня зовут Азат, я делаю сайты для бизнесов в Армении (EVNWEB). Заметил, что у Sazandari нет своего сайта. Могу прислать короткое видео, как работает сайт ресторана: меню на 3 языках, бронь столов и админка, где цены меняете сами. Цена от 280 000 ֏. Показать, как это будет выглядеть у вас?",,,,
20,3,Spring rolls,ресторан,Ереван,+37495656395,"Բարև Ձեզ։ Ես Ազատն եմ, կայքեր եմ պատրաստում Հայաստանի բիզնեսների համար (EVNWEB)։ Նկատեցի, որ Spring rolls-ը չունի սեփական կայք։ Կարող եմ ուղարկել կարճ տեսանյութ, թե ինչպես է աշխատում ռեստորանի կայքը՝ մենյու 3 լեզվով, սեղանի ամրագրում և ադմին, որտեղ գները փոխում եք ինքներդ։ Գինը՝ 280 000 ֏-ից։ Ցույց տա՞մ, թե ինչպես կլինի ձեզ մոտ։","Здравствуйте! Меня зовут Азат, я делаю сайты для бизнесов в Армении (EVNWEB). Заметил, что у Spring rolls нет своего сайта. Могу прислать короткое видео, как работает сайт ресторана: меню на 3 языках, бронь столов и админка, где цены меняете сами. Цена от 280 000 ֏. Показать, как это будет выглядеть у вас?",,,,
20,3,Сулико,ресторан,Ереван,+37410580286,"Բարև Ձեզ։ Ես Ազատն եմ, կայքեր եմ պատրաստում Հայաստանի բիզնեսների համար (EVNWEB)։ Նկատեցի, որ Сулико-ը չունի սեփական կայք։ Կարող եմ ուղարկել կարճ տեսանյութ, թե ինչպես է աշխատում ռեստորանի կայքը՝ մենյու 3 լեզվով, սեղանի ամրագրում և ադմին, որտեղ գները փոխում եք ինքներդ։ Գինը՝ 280 000 ֏-ից։ Ցույց տա՞մ, թե ինչպես կլինի ձեզ մոտ։","Здравствуйте! Меня зовут Азат, я делаю сайты для бизнесов в Армении (EVNWEB). Заметил, что у Сулико нет своего сайта. Могу прислать короткое видео, как работает сайт ресторана: меню на 3 языках, бронь столов и админка, где цены меняете сами. Цена от 280 000 ֏. Показать, как это будет выглядеть у вас?",ne_mobilny,,,
20,3,Sushi Ninja Yerevan,ресторан,Ереван,+37433464363,"Բարև Ձեզ։ Ես Ազատն եմ, կայքեր եմ պատրաստում Հայաստանի բիզնեսների համար (EVNWEB)։ Նկատեցի, որ Sushi Ninja Yerevan-ը չունի սեփական կայք։ Կարող եմ ուղարկել կարճ տեսանյութ, թե ինչպես է աշխատում ռեստորանի կայքը՝ մենյու 3 լեզվով, սեղանի ամրագրում և ադմին, որտեղ գները փոխում եք ինքներդ։ Գինը՝ 280 000 ֏-ից։ Ցույց տա՞մ, թե ինչպես կլինի ձեզ մոտ։","Здравствуйте! Меня зовут Азат, я делаю сайты для бизнесов в Армении (EVNWEB). Заметил, что у Sushi Ninja Yerevan нет своего сайта. Могу прислать короткое видео, как работает сайт ресторана: меню на 3 языках, бронь столов и админка, где цены меняете сами. Цена от 280 000 ֏. Показать, как это будет выглядеть у вас?",,,,
20,3,Tao,ресторан,Ереван,+37491540999,"Բարև Ձեզ։ Ես Ազատն եմ, կայքեր եմ պատրաստում Հայաստանի բիզնեսների համար (EVNWEB)։ Նկատեցի, որ Tao-ը չունի սեփական կայք։ Կարող եմ ուղարկել կարճ տեսանյութ, թե ինչպես է աշխատում ռեստորանի կայքը՝ մենյու 3 լեզվով, սեղանի ամրագրում և ադմին, որտեղ գները փոխում եք ինքներդ։ Գինը՝ 280 000 ֏-ից։ Ցույց տա՞մ, թե ինչպես կլինի ձեզ մոտ։","Здравствуйте! Меня зовут Азат, я делаю сайты для бизнесов в Армении (EVNWEB). Заметил, что у Tao нет своего сайта. Могу прислать короткое видео, как работает сайт ресторана: меню на 3 языках, бронь столов и админка, где цены меняете сами. Цена от 280 000 ֏. Показать, как это будет выглядеть у вас?",,,,
20,3,Thai Wine Republic,ресторан,Ереван,+37455001100,"Բարև Ձեզ։ Ես Ազատն եմ, կայքեր եմ պատրաստում Հայաստանի բիզնեսների համար (EVNWEB)։ Նկատեցի, որ Thai Wine Republic-ը չունի սեփական կայք։ Կարող եմ ուղարկել կարճ տեսանյութ, թե ինչպես է աշխատում ռեստորանի կայքը՝ մենյու 3 լեզվով, սեղանի ամրագրում և ադմին, որտեղ գները փոխում եք ինքներդ։ Գինը՝ 280 000 ֏-ից։ Ցույց տա՞մ, թե ինչպես կլինի ձեզ մոտ։","Здравствуйте! Меня зовут Азат, я делаю сайты для бизнесов в Армении (EVNWEB). Заметил, что у Thai Wine Republic нет своего сайта. Могу прислать короткое видео, как работает сайт ресторана: меню на 3 языках, бронь столов и админка, где цены меняете сами. Цена от 280 000 ֏. Показать, как это будет выглядеть у вас?",,,,
20,3,The Coast,ресторан,Ереван,+37495301000,"Բարև Ձեզ։ Ես Ազատն եմ, կայքեր եմ պատրաստում Հայաստանի բիզնեսների համար (EVNWEB)։ Նկատեցի, որ The Coast-ը չունի սեփական կայք։ Կարող եմ ուղարկել կարճ տեսանյութ, թե ինչպես է աշխատում ռեստորանի կայքը՝ մենյու 3 լեզվով, սեղանի ամրագրում և ադմին, որտեղ գները փոխում եք ինքներդ։ Գինը՝ 280 000 ֏-ից։ Ցույց տա՞մ, թե ինչպես կլինի ձեզ մոտ։","Здравствуйте! Меня зовут Азат, я делаю сайты для бизнесов в Армении (EVNWEB). Заметил, что у The Coast нет своего сайта. Могу прислать короткое видео, как работает сайт ресторана: меню на 3 языках, бронь столов и админка, где цены меняете сами. Цена от 280 000 ֏. Показать, как это будет выглядеть у вас?",,,,
20,3,Tokyo Sushi & Texas Grill bar,ресторан,Ереван,+37411378844,"Բարև Ձեզ։ Ես Ազատն եմ, կայքեր եմ պատրաստում Հայաստանի բիզնեսների համար (EVNWEB)։ Նկատեցի, որ Tokyo Sushi & Texas Grill bar-ը չունի սեփական կայք։ Կարող եմ ուղարկել կարճ տեսանյութ, թե ինչպես է աշխատում ռեստորանի կայքը՝ մենյու 3 լեզվով, սեղանի ամրագրում և ադմին, որտեղ գները փոխում եք ինքներդ։ Գինը՝ 280 000 ֏-ից։ Ցույց տա՞մ, թե ինչպես կլինի ձեզ մոտ։","Здравствуйте! Меня зовут Азат, я делаю сайты для бизнесов в Армении (EVNWEB). Заметил, что у Tokyo Sushi & Texas Grill bar нет своего сайта. Могу прислать короткое видео, как работает сайт ресторана: меню на 3 языках, бронь столов и админка, где цены меняете сами. Цена от 280 000 ֏. Показать, как это будет выглядеть у вас?",ne_mobilny,,,
20,3,Tsirani Garden-Restaurant,ресторан,Ереван,+37455850950,"Բարև Ձեզ։ Ես Ազատն եմ, կայքեր եմ պատրաստում Հայաստանի բիզնեսների համար (EVNWEB)։ Նկատեցի, որ Tsirani Garden-Restaurant-ը չունի սեփական կայք։ Կարող եմ ուղարկել կարճ տեսանյութ, թե ինչպես է աշխատում ռեստորանի կայքը՝ մենյու 3 լեզվով, սեղանի ամրագրում և ադմին, որտեղ գները փոխում եք ինքներդ։ Գինը՝ 280 000 ֏-ից։ Ցույց տա՞մ, թե ինչպես կլինի ձեզ մոտ։","Здравствуйте! Меня зовут Азат, я делаю сайты для бизнесов в Армении (EVNWEB). Заметил, что у Tsirani Garden-Restaurant нет своего сайта. Могу прислать короткое видео, как работает сайт ресторана: меню на 3 языках, бронь столов и админка, где цены меняете сами. Цена от 280 000 ֏. Показать, как это будет выглядеть у вас?",,,,
20,3,Valem Plaza,ресторан,Ереван,+37410399507,"Բարև Ձեզ։ Ես Ազատն եմ, կայքեր եմ պատրաստում Հայաստանի բիզնեսների համար (EVNWEB)։ Նկատեցի, որ Valem Plaza-ը չունի սեփական կայք։ Կարող եմ ուղարկել կարճ տեսանյութ, թե ինչպես է աշխատում ռեստորանի կայքը՝ մենյու 3 լեզվով, սեղանի ամրագրում և ադմին, որտեղ գները փոխում եք ինքներդ։ Գինը՝ 280 000 ֏-ից։ Ցույց տա՞մ, թե ինչպես կլինի ձեզ մոտ։","Здравствуйте! Меня зовут Азат, я делаю сайты для бизнесов в Армении (EVNWEB). Заметил, что у Valem Plaza нет своего сайта. Могу прислать короткое видео, как работает сайт ресторана: меню на 3 языках, бронь столов и админка, где цены меняете сами. Цена от 280 000 ֏. Показать, как это будет выглядеть у вас?",ne_mobilny,,,
20,3,Versal-Europe,ресторан,Ереван,+37493089394,"Բարև Ձեզ։ Ես Ազատն եմ, կայքեր եմ պատրաստում Հայաստանի բիզնեսների համար (EVNWEB)։ Նկատեցի, որ Versal-Europe-ը չունի սեփական կայք։ Կարող եմ ուղարկել կարճ տեսանյութ, թե ինչպես է աշխատում ռեստորանի կայքը՝ մենյու 3 լեզվով, սեղանի ամրագրում և ադմին, որտեղ գները փոխում եք ինքներդ։ Գինը՝ 280 000 ֏-ից։ Ցույց տա՞մ, թե ինչպես կլինի ձեզ մոտ։","Здравствуйте! Меня зовут Азат, я делаю сайты для бизнесов в Армении (EVNWEB). Заметил, что у Versal-Europe нет своего сайта. Могу прислать короткое видео, как работает сайт ресторана: меню на 3 языках, бронь столов и админка, где цены меняете сами. Цена от 280 000 ֏. Показать, как это будет выглядеть у вас?",,,,
20,3,YANG Izakaya,ресторан,Ереван,+37444558877,"Բարև Ձեզ։ Ես Ազատն եմ, կայքեր եմ պատրաստում Հայաստանի բիզնեսների համար (EVNWEB)։ Նկատեցի, որ YANG Izakaya-ը չունի սեփական կայք։ Կարող եմ ուղարկել կարճ տեսանյութ, թե ինչպես է աշխատում ռեստորանի կայքը՝ մենյու 3 լեզվով, սեղանի ամրագրում և ադմին, որտեղ գները փոխում եք ինքներդ։ Գինը՝ 280 000 ֏-ից։ Ցույց տա՞մ, թե ինչպես կլինի ձեզ մոտ։","Здравствуйте! Меня зовут Азат, я делаю сайты для бизнесов в Армении (EVNWEB). Заметил, что у YANG Izakaya нет своего сайта. Могу прислать короткое видео, как работает сайт ресторана: меню на 3 языках, бронь столов и админка, где цены меняете сами. Цена от 280 000 ֏. Показать, как это будет выглядеть у вас?",,,,
20,3,yvn,ресторан,Ереван,+37411550159,"Բարև Ձեզ։ Ես Ազատն եմ, կայքեր եմ պատրաստում Հայաստանի բիզնեսների համար (EVNWEB)։ Նկատեցի, որ yvn-ը չունի սեփական կայք։ Կարող եմ ուղարկել կարճ տեսանյութ, թե ինչպես է աշխատում ռեստորանի կայքը՝ մենյու 3 լեզվով, սեղանի ամրագրում և ադմին, որտեղ գները փոխում եք ինքներդ։ Գինը՝ 280 000 ֏-ից։ Ցույց տա՞մ, թե ինչպես կլինի ձեզ մոտ։","Здравствуйте! Меня зовут Азат, я делаю сайты для бизнесов в Армении (EVNWEB). Заметил, что у yvn нет своего сайта. Могу прислать короткое видео, как работает сайт ресторана: меню на 3 языках, бронь столов и админка, где цены меняете сами. Цена от 280 000 ֏. Показать, как это будет выглядеть у вас?",ne_mobilny,,,
20,3,Slavyanka,ресторан,Ереван,+37410210210,"Բարև Ձեզ։ Ես Ազատն եմ, կայքեր եմ պատրաստում Հայաստանի բիզնեսների համար (EVNWEB)։ Նկատեցի, որ Slavyanka-ը չունի սեփական կայք։ Կարող եմ ուղարկել կարճ տեսանյութ, թե ինչպես է աշխատում ռեստորանի կայքը՝ մենյու 3 լեզվով, սեղանի ամրագրում և ադմին, որտեղ գները փոխում եք ինքներդ։ Գինը՝ 280 000 ֏-ից։ Ցույց տա՞մ, թե ինչպես կլինի ձեզ մոտ։","Здравствуйте! Меня зовут Азат, я делаю сайты для бизнесов в Армении (EVNWEB). Заметил, что у Slavyanka нет своего сайта. Могу прислать короткое видео, как работает сайт ресторана: меню на 3 языках, бронь столов и админка, где цены меняете сами. Цена от 280 000 ֏. Показать, как это будет выглядеть у вас?",ne_mobilny,,,
21,3,AGULIS,ресторан,Ереван,+37410615030,"Բարև Ձեզ։ Ես Ազատն եմ, կայքեր եմ պատրաստում Հայաստանի բիզնեսների համար (EVNWEB)։ Նկատեցի, որ AGULIS-ը չունի սեփական կայք։ Կարող եմ ուղարկել կարճ տեսանյութ, թե ինչպես է աշխատում ռեստորանի կայքը՝ մենյու 3 լեզվով, սեղանի ամրագրում և ադմին, որտեղ գները փոխում եք ինքներդ։ Գինը՝ 280 000 ֏-ից։ Ցույց տա՞մ, թե ինչպես կլինի ձեզ մոտ։","Здравствуйте! Меня зовут Азат, я делаю сайты для бизнесов в Армении (EVNWEB). Заметил, что у AGULIS нет своего сайта. Могу прислать короткое видео, как работает сайт ресторана: меню на 3 языках, бронь столов и админка, где цены меняете сами. Цена от 280 000 ֏. Показать, как это будет выглядеть у вас?",ne_mobilny,,,
21,3,Akori,ресторан,Ереван,+37410390105,"Բարև Ձեզ։ Ես Ազատն եմ, կայքեր եմ պատրաստում Հայաստանի բիզնեսների համար (EVNWEB)։ Նկատեցի, որ Akori-ը չունի սեփական կայք։ Կարող եմ ուղարկել կարճ տեսանյութ, թե ինչպես է աշխատում ռեստորանի կայքը՝ մենյու 3 լեզվով, սեղանի ամրագրում և ադմին, որտեղ գները փոխում եք ինքներդ։ Գինը՝ 280 000 ֏-ից։ Ցույց տա՞մ, թե ինչպես կլինի ձեզ մոտ։","Здравствуйте! Меня зовут Азат, я делаю сайты для бизнесов в Армении (EVNWEB). Заметил, что у Akori нет своего сайта. Могу прислать короткое видео, как работает сайт ресторана: меню на 3 языках, бронь столов и админка, где цены меняете сами. Цена от 280 000 ֏. Показать, как это будет выглядеть у вас?",ne_mobilny,,,
21,3,Aperitivo,ресторан,Ереван,+37455586584,"Բարև Ձեզ։ Ես Ազատն եմ, կայքեր եմ պատրաստում Հայաստանի բիզնեսների համար (EVNWEB)։ Նկատեցի, որ Aperitivo-ը չունի սեփական կայք։ Կարող եմ ուղարկել կարճ տեսանյութ, թե ինչպես է աշխատում ռեստորանի կայքը՝ մենյու 3 լեզվով, սեղանի ամրագրում և ադմին, որտեղ գները փոխում եք ինքներդ։ Գինը՝ 280 000 ֏-ից։ Ցույց տա՞մ, թե ինչպես կլինի ձեզ մոտ։","Здравствуйте! Меня зовут Азат, я делаю сайты для бизнесов в Армении (EVNWEB). Заметил, что у Aperitivo нет своего сайта. Могу прислать короткое видео, как работает сайт ресторана: меню на 3 языках, бронь столов и админка, где цены меняете сами. Цена от 280 000 ֏. Показать, как это будет выглядеть у вас?",,,,
21,3,Arayi Amroc,ресторан,Ереван,+37410365743,"Բարև Ձեզ։ Ես Ազատն եմ, կայքեր եմ պատրաստում Հայաստանի բիզնեսների համար (EVNWEB)։ Նկատեցի, որ Arayi Amroc-ը չունի սեփական կայք։ Կարող եմ ուղարկել կարճ տեսանյութ, թե ինչպես է աշխատում ռեստորանի կայքը՝ մենյու 3 լեզվով, սեղանի ամրագրում և ադմին, որտեղ գները փոխում եք ինքներդ։ Գինը՝ 280 000 ֏-ից։ Ցույց տա՞մ, թե ինչպես կլինի ձեզ մոտ։","Здравствуйте! Меня зовут Азат, я делаю сайты для бизнесов в Армении (EVNWEB). Заметил, что у Arayi Amroc нет своего сайта. Могу прислать короткое видео, как работает сайт ресторана: меню на 3 языках, бронь столов и админка, где цены меняете сами. Цена от 280 000 ֏. Показать, как это будет выглядеть у вас?",ne_mobilny,,,
21,3,Araks,ресторан,Ереван,+37410286252,"Բարև Ձեզ։ Ես Ազատն եմ, կայքեր եմ պատրաստում Հայաստանի բիզնեսների համար (EVNWEB)։ Նկատեցի, որ Araks-ը չունի սեփական կայք։ Կարող եմ ուղարկել կարճ տեսանյութ, թե ինչպես է աշխատում ռեստորանի կայքը՝ մենյու 3 լեզվով, սեղանի ամրագրում և ադմին, որտեղ գները փոխում եք ինքներդ։ Գինը՝ 280 000 ֏-ից։ Ցույց տա՞մ, թե ինչպես կլինի ձեզ մոտ։","Здравствуйте! Меня зовут Азат, я делаю сайты для бизнесов в Армении (EVNWEB). Заметил, что у Araks нет своего сайта. Могу прислать короткое видео, как работает сайт ресторана: меню на 3 языках, бронь столов и админка, где цены меняете сами. Цена от 280 000 ֏. Показать, как это будет выглядеть у вас?",ne_mobilny,,,
21,3,Lake Argishty,ресторан,Ереван,+37410570616,"Բարև Ձեզ։ Ես Ազատն եմ, կայքեր եմ պատրաստում Հայաստանի բիզնեսների համար (EVNWEB)։ Նկատեցի, որ Lake Argishty-ը չունի սեփական կայք։ Կարող եմ ուղարկել կարճ տեսանյութ, թե ինչպես է աշխատում ռեստորանի կայքը՝ մենյու 3 լեզվով, սեղանի ամրագրում և ադմին, որտեղ գները փոխում եք ինքներդ։ Գինը՝ 280 000 ֏-ից։ Ցույց տա՞մ, թե ինչպես կլինի ձեզ մոտ։","Здравствуйте! Меня зовут Азат, я делаю сайты для бизнесов в Армении (EVNWEB). Заметил, что у Lake Argishty нет своего сайта. Могу прислать короткое видео, как работает сайт ресторана: меню на 3 языках, бронь столов и админка, где цены меняете сами. Цена от 280 000 ֏. Показать, как это будет выглядеть у вас?",ne_mobilny,,,
21,3,Eastern Cuisine,ресторан,Ереван,+37410271620,"Բարև Ձեզ։ Ես Ազատն եմ, կայքեր եմ պատրաստում Հայաստանի բիզնեսների համար (EVNWEB)։ Նկատեցի, որ Eastern Cuisine-ը չունի սեփական կայք։ Կարող եմ ուղարկել կարճ տեսանյութ, թե ինչպես է աշխատում ռեստորանի կայքը՝ մենյու 3 լեզվով, սեղանի ամրագրում և ադմին, որտեղ գները փոխում եք ինքներդ։ Գինը՝ 280 000 ֏-ից։ Ցույց տա՞մ, թե ինչպես կլինի ձեզ մոտ։","Здравствуйте! Меня зовут Азат, я делаю сайты для бизнесов в Армении (EVNWEB). Заметил, что у Eastern Cuisine нет своего сайта. Могу прислать короткое видео, как работает сайт ресторана: меню на 3 языках, бронь столов и админка, где цены меняете сами. Цена от 280 000 ֏. Показать, как это будет выглядеть у вас?",ne_mobilny,,,
21,3,Arvasar,ресторан,Ереван,+37410531028,"Բարև Ձեզ։ Ես Ազատն եմ, կայքեր եմ պատրաստում Հայաստանի բիզնեսների համար (EVNWEB)։ Նկատեցի, որ Arvasar-ը չունի սեփական կայք։ Կարող եմ ուղարկել կարճ տեսանյութ, թե ինչպես է աշխատում ռեստորանի կայքը՝ մենյու 3 լեզվով, սեղանի ամրագրում և ադմին, որտեղ գները փոխում եք ինքներդ։ Գինը՝ 280 000 ֏-ից։ Ցույց տա՞մ, թե ինչպես կլինի ձեզ մոտ։","Здравствуйте! Меня зовут Азат, я делаю сайты для бизнесов в Армении (EVNWEB). Заметил, что у Arvasar нет своего сайта. Могу прислать короткое видео, как работает сайт ресторана: меню на 3 языках, бронь столов и админка, где цены меняете сами. Цена от 280 000 ֏. Показать, как это будет выглядеть у вас?",ne_mobilny,,,
21,3,Artush Mot,ресторан,Ереван,+37477991464,"Բարև Ձեզ։ Ես Ազատն եմ, կայքեր եմ պատրաստում Հայաստանի բիզնեսների համար (EVNWEB)։ Նկատեցի, որ Artush Mot-ը չունի սեփական կայք։ Կարող եմ ուղարկել կարճ տեսանյութ, թե ինչպես է աշխատում ռեստորանի կայքը՝ մենյու 3 լեզվով, սեղանի ամրագրում և ադմին, որտեղ գները փոխում եք ինքներդ։ Գինը՝ 280 000 ֏-ից։ Ցույց տա՞մ, թե ինչպես կլինի ձեզ մոտ։","Здравствуйте! Меня зовут Азат, я делаю сайты для бизнесов в Армении (EVNWEB). Заметил, что у Artush Mot нет своего сайта. Могу прислать короткое видео, как работает сайт ресторана: меню на 3 языках, бронь столов и админка, где цены меняете сами. Цена от 280 000 ֏. Показать, как это будет выглядеть у вас?",,,,
21,3,Bardiner,ресторан,Ереван,+37498540771,"Բարև Ձեզ։ Ես Ազատն եմ, կայքեր եմ պատրաստում Հայաստանի բիզնեսների համար (EVNWEB)։ Նկատեցի, որ Bardiner-ը չունի սեփական կայք։ Կարող եմ ուղարկել կարճ տեսանյութ, թե ինչպես է աշխատում ռեստորանի կայքը՝ մենյու 3 լեզվով, սեղանի ամրագրում և ադմին, որտեղ գները փոխում եք ինքներդ։ Գինը՝ 280 000 ֏-ից։ Ցույց տա՞մ, թե ինչպես կլինի ձեզ մոտ։","Здравствуйте! Меня зовут Азат, я делаю сайты для бизнесов в Армении (EVNWEB). Заметил, что у Bardiner нет своего сайта. Могу прислать короткое видео, как работает сайт ресторана: меню на 3 языках, бронь столов и админка, где цены меняете сами. Цена от 280 000 ֏. Показать, как это будет выглядеть у вас?",,,,
21,3,Bel Etage,ресторан,Ереван,+37410500751,"Բարև Ձեզ։ Ես Ազատն եմ, կայքեր եմ պատրաստում Հայաստանի բիզնեսների համար (EVNWEB)։ Նկատեցի, որ Bel Etage-ը չունի սեփական կայք։ Կարող եմ ուղարկել կարճ տեսանյութ, թե ինչպես է աշխատում ռեստորանի կայքը՝ մենյու 3 լեզվով, սեղանի ամրագրում և ադմին, որտեղ գները փոխում եք ինքներդ։ Գինը՝ 280 000 ֏-ից։ Ցույց տա՞մ, թե ինչպես կլինի ձեզ մոտ։","Здравствуйте! Меня зовут Азат, я делаю сайты для бизнесов в Армении (EVNWEB). Заметил, что у Bel Etage нет своего сайта. Могу прислать короткое видео, как работает сайт ресторана: меню на 3 языках, бронь столов и админка, где цены меняете сами. Цена от 280 000 ֏. Показать, как это будет выглядеть у вас?",ne_mobilny,,,
21,3,Big And Tasty,ресторан,Ереван,+37493244555,"Բարև Ձեզ։ Ես Ազատն եմ, կայքեր եմ պատրաստում Հայաստանի բիզնեսների համար (EVNWEB)։ Նկատեցի, որ Big And Tasty-ը չունի սեփական կայք։ Կարող եմ ուղարկել կարճ տեսանյութ, թե ինչպես է աշխատում ռեստորանի կայքը՝ մենյու 3 լեզվով, սեղանի ամրագրում և ադմին, որտեղ գները փոխում եք ինքներդ։ Գինը՝ 280 000 ֏-ից։ Ցույց տա՞մ, թե ինչպես կլինի ձեզ մոտ։","Здравствуйте! Меня зовут Азат, я делаю сайты для бизнесов в Армении (EVNWEB). Заметил, что у Big And Tasty нет своего сайта. Могу прислать короткое видео, как работает сайт ресторана: меню на 3 языках, бронь столов и админка, где цены меняете сами. Цена от 280 000 ֏. Показать, как это будет выглядеть у вас?",,,,
21,3,Bohem,ресторан,Ереван,+37477314545,"Բարև Ձեզ։ Ես Ազատն եմ, կայքեր եմ պատրաստում Հայաստանի բիզնեսների համար (EVNWEB)։ Նկատեցի, որ Bohem-ը չունի սեփական կայք։ Կարող եմ ուղարկել կարճ տեսանյութ, թե ինչպես է աշխատում ռեստորանի կայքը՝ մենյու 3 լեզվով, սեղանի ամրագրում և ադմին, որտեղ գները փոխում եք ինքներդ։ Գինը՝ 280 000 ֏-ից։ Ցույց տա՞մ, թե ինչպես կլինի ձեզ մոտ։","Здравствуйте! Меня зовут Азат, я делаю сайты для бизнесов в Армении (EVNWEB). Заметил, что у Bohem нет своего сайта. Могу прислать короткое видео, как работает сайт ресторана: меню на 3 языках, бронь столов и админка, где цены меняете сами. Цена от 280 000 ֏. Показать, как это будет выглядеть у вас?",,,,
21,3,Beer Academy,ресторан,Ереван,+37460504504,"Բարև Ձեզ։ Ես Ազատն եմ, կայքեր եմ պատրաստում Հայաստանի բիզնեսների համար (EVNWEB)։ Նկատեցի, որ Beer Academy-ը չունի սեփական կայք։ Կարող եմ ուղարկել կարճ տեսանյութ, թե ինչպես է աշխատում ռեստորանի կայքը՝ մենյու 3 լեզվով, սեղանի ամրագրում և ադմին, որտեղ գները փոխում եք ինքներդ։ Գինը՝ 280 000 ֏-ից։ Ցույց տա՞մ, թե ինչպես կլինի ձեզ մոտ։","Здравствуйте! Меня зовут Азат, я делаю сайты для бизнесов в Армении (EVNWEB). Заметил, что у Beer Academy нет своего сайта. Могу прислать короткое видео, как работает сайт ресторана: меню на 3 языках, бронь столов и админка, где цены меняете сами. Цена от 280 000 ֏. Показать, как это будет выглядеть у вас?",ne_mobilny,,,
21,3,Diamond Pizza,ресторан,Ереван,+37410543434,"Բարև Ձեզ։ Ես Ազատն եմ, կայքեր եմ պատրաստում Հայաստանի բիզնեսների համար (EVNWEB)։ Նկատեցի, որ Diamond Pizza-ը չունի սեփական կայք։ Կարող եմ ուղարկել կարճ տեսանյութ, թե ինչպես է աշխատում ռեստորանի կայքը՝ մենյու 3 լեզվով, սեղանի ամրագրում և ադմին, որտեղ գները փոխում եք ինքներդ։ Գինը՝ 280 000 ֏-ից։ Ցույց տա՞մ, թե ինչպես կլինի ձեզ մոտ։","Здравствуйте! Меня зовут Азат, я делаю сайты для бизнесов в Армении (EVNWEB). Заметил, что у Diamond Pizza нет своего сайта. Могу прислать короткое видео, как работает сайт ресторана: меню на 3 языках, бронь столов и админка, где цены меняете сами. Цена от 280 000 ֏. Показать, как это будет выглядеть у вас?",ne_mobilny,,,
21,3,Dante,ресторан,Ереван,+37433335338,"Բարև Ձեզ։ Ես Ազատն եմ, կայքեր եմ պատրաստում Հայաստանի բիզնեսների համար (EVNWEB)։ Նկատեցի, որ Dante-ը չունի սեփական կայք։ Կարող եմ ուղարկել կարճ տեսանյութ, թե ինչպես է աշխատում ռեստորանի կայքը՝ մենյու 3 լեզվով, սեղանի ամրագրում և ադմին, որտեղ գները փոխում եք ինքներդ։ Գինը՝ 280 000 ֏-ից։ Ցույց տա՞մ, թե ինչպես կլինի ձեզ մոտ։","Здравствуйте! Меня зовут Азат, я делаю сайты для бизнесов в Армении (EVNWEB). Заметил, что у Dante нет своего сайта. Могу прислать короткое видео, как работает сайт ресторана: меню на 3 языках, бронь столов и админка, где цены меняете сами. Цена от 280 000 ֏. Показать, как это будет выглядеть у вас?",,,,
21,3,Dari Tavern,ресторан,Ереван,+37433235050,"Բարև Ձեզ։ Ես Ազատն եմ, կայքեր եմ պատրաստում Հայաստանի բիզնեսների համար (EVNWEB)։ Նկատեցի, որ Dari Tavern-ը չունի սեփական կայք։ Կարող եմ ուղարկել կարճ տեսանյութ, թե ինչպես է աշխատում ռեստորանի կայքը՝ մենյու 3 լեզվով, սեղանի ամրագրում և ադմին, որտեղ գները փոխում եք ինքներդ։ Գինը՝ 280 000 ֏-ից։ Ցույց տա՞մ, թե ինչպես կլինի ձեզ մոտ։","Здравствуйте! Меня зовут Азат, я делаю сайты для бизнесов в Армении (EVNWEB). Заметил, что у Dari Tavern нет своего сайта. Могу прислать короткое видео, как работает сайт ресторана: меню на 3 языках, бронь столов и админка, где цены меняете сами. Цена от 280 000 ֏. Показать, как это будет выглядеть у вас?",,,,
21,3,Dialogue cafe-restaurant,ресторан,Ереван,+37493250770,"Բարև Ձեզ։ Ես Ազատն եմ, կայքեր եմ պատրաստում Հայաստանի բիզնեսների համար (EVNWEB)։ Նկատեցի, որ Dialogue cafe-restaurant-ը չունի սեփական կայք։ Կարող եմ ուղարկել կարճ տեսանյութ, թե ինչպես է աշխատում ռեստորանի կայքը՝ մենյու 3 լեզվով, սեղանի ամրագրում և ադմին, որտեղ գները փոխում եք ինքներդ։ Գինը՝ 280 000 ֏-ից։ Ցույց տա՞մ, թե ինչպես կլինի ձեզ մոտ։","Здравствуйте! Меня зовут Азат, я делаю сайты для бизнесов в Армении (EVNWEB). Заметил, что у Dialogue cafe-restaurant нет своего сайта. Могу прислать короткое видео, как работает сайт ресторана: меню на 3 языках, бронь столов и админка, где цены меняете сами. Цена от 280 000 ֏. Показать, как это будет выглядеть у вас?",,,,
21,3,Don Quixote,ресторан,Ереван,+37410480160,"Բարև Ձեզ։ Ես Ազատն եմ, կայքեր եմ պատրաստում Հայաստանի բիզնեսների համար (EVNWEB)։ Նկատեցի, որ Don Quixote-ը չունի սեփական կայք։ Կարող եմ ուղարկել կարճ տեսանյութ, թե ինչպես է աշխատում ռեստորանի կայքը՝ մենյու 3 լեզվով, սեղանի ամրագրում և ադմին, որտեղ գները փոխում եք ինքներդ։ Գինը՝ 280 000 ֏-ից։ Ցույց տա՞մ, թե ինչպես կլինի ձեզ մոտ։","Здравствуйте! Меня зовут Азат, я делаю сайты для бизнесов в Армении (EVNWEB). Заметил, что у Don Quixote нет своего сайта. Могу прислать короткое видео, как работает сайт ресторана: меню на 3 языках, бронь столов и админка, где цены меняете сами. Цена от 280 000 ֏. Показать, как это будет выглядеть у вас?",ne_mobilny,,,
21,3,El u mut,ресторан,Ереван,+37496609050,"Բարև Ձեզ։ Ես Ազատն եմ, կայքեր եմ պատրաստում Հայաստանի բիզնեսների համար (EVNWEB)։ Նկատեցի, որ El u mut-ը չունի սեփական կայք։ Կարող եմ ուղարկել կարճ տեսանյութ, թե ինչպես է աշխատում ռեստորանի կայքը՝ մենյու 3 լեզվով, սեղանի ամրագրում և ադմին, որտեղ գները փոխում եք ինքներդ։ Գինը՝ 280 000 ֏-ից։ Ցույց տա՞մ, թե ինչպես կլինի ձեզ մոտ։","Здравствуйте! Меня зовут Азат, я делаю сайты для бизнесов в Армении (EVNWEB). Заметил, что у El u mut нет своего сайта. Могу прислать короткое видео, как работает сайт ресторана: меню на 3 языках, бронь столов и админка, где цены меняете сами. Цена от 280 000 ֏. Показать, как это будет выглядеть у вас?",,,,
21,3,Yerevan Time Tavern,ресторан,Ереван,+37410564334,"Բարև Ձեզ։ Ես Ազատն եմ, կայքեր եմ պատրաստում Հայաստանի բիզնեսների համար (EVNWEB)։ Նկատեցի, որ Yerevan Time Tavern-ը չունի սեփական կայք։ Կարող եմ ուղարկել կարճ տեսանյութ, թե ինչպես է աշխատում ռեստորանի կայքը՝ մենյու 3 լեզվով, սեղանի ամրագրում և ադմին, որտեղ գները փոխում եք ինքներդ։ Գինը՝ 280 000 ֏-ից։ Ցույց տա՞մ, թե ինչպես կլինի ձեզ մոտ։","Здравствуйте! Меня зовут Азат, я делаю сайты для бизнесов в Армении (EVNWEB). Заметил, что у Yerevan Time Tavern нет своего сайта. Могу прислать короткое видео, как работает сайт ресторана: меню на 3 языках, бронь столов и админка, где цены меняете сами. Цена от 280 000 ֏. Показать, как это будет выглядеть у вас?",ne_mobilny,,,
21,3,Zeytuna House of Food,ресторан,Ереван,+37455596438,"Բարև Ձեզ։ Ես Ազատն եմ, կայքեր եմ պատրաստում Հայաստանի բիզնեսների համար (EVNWEB)։ Նկատեցի, որ Zeytuna House of Food-ը չունի սեփական կայք։ Կարող եմ ուղարկել կարճ տեսանյութ, թե ինչպես է աշխատում ռեստորանի կայքը՝ մենյու 3 լեզվով, սեղանի ամրագրում և ադմին, որտեղ գները փոխում եք ինքներդ։ Գինը՝ 280 000 ֏-ից։ Ցույց տա՞մ, թե ինչպես կլինի ձեզ մոտ։","Здравствуйте! Меня зовут Азат, я делаю сайты для бизнесов в Армении (EVNWEB). Заметил, что у Zeytuna House of Food нет своего сайта. Могу прислать короткое видео, как работает сайт ресторана: меню на 3 языках, бронь столов и админка, где цены меняете сами. Цена от 280 000 ֏. Показать, как это будет выглядеть у вас?",,,,
21,3,Enoteca,ресторан,Ереван,+37491549471,"Բարև Ձեզ։ Ես Ազատն եմ, կայքեր եմ պատրաստում Հայաստանի բիզնեսների համար (EVNWEB)։ Նկատեցի, որ Enoteca-ը չունի սեփական կայք։ Կարող եմ ուղարկել կարճ տեսանյութ, թե ինչպես է աշխատում ռեստորանի կայքը՝ մենյու 3 լեզվով, սեղանի ամրագրում և ադմին, որտեղ գները փոխում եք ինքներդ։ Գինը՝ 280 000 ֏-ից։ Ցույց տա՞մ, թե ինչպես կլինի ձեզ մոտ։","Здравствуйте! Меня зовут Азат, я делаю сайты для бизнесов в Армении (EVNWEB). Заметил, что у Enoteca нет своего сайта. Могу прислать короткое видео, как работает сайт ресторана: меню на 3 языках, бронь столов и админка, где цены меняете сами. Цена от 280 000 ֏. Показать, как это будет выглядеть у вас?",,,,
21,3,Etna,ресторан,Ереван,+37410244548,"Բարև Ձեզ։ Ես Ազատն եմ, կայքեր եմ պատրաստում Հայաստանի բիզնեսների համար (EVNWEB)։ Նկատեցի, որ Etna-ը չունի սեփական կայք։ Կարող եմ ուղարկել կարճ տեսանյութ, թե ինչպես է աշխատում ռեստորանի կայքը՝ մենյու 3 լեզվով, սեղանի ամրագրում և ադմին, որտեղ գները փոխում եք ինքներդ։ Գինը՝ 280 000 ֏-ից։ Ցույց տա՞մ, թե ինչպես կլինի ձեզ մոտ։","Здравствуйте! Меня зовут Азат, я делаю сайты для бизнесов в Армении (EVNWEB). Заметил, что у Etna нет своего сайта. Могу прислать короткое видео, как работает сайт ресторана: меню на 3 языках, бронь столов и админка, где цены меняете сами. Цена от 280 000 ֏. Показать, как это будет выглядеть у вас?",ne_mobilny,,,
21,3,Igdir Tavern,ресторан,Ереван,+37410645083,"Բարև Ձեզ։ Ես Ազատն եմ, կայքեր եմ պատրաստում Հայաստանի բիզնեսների համար (EVNWEB)։ Նկատեցի, որ Igdir Tavern-ը չունի սեփական կայք։ Կարող եմ ուղարկել կարճ տեսանյութ, թե ինչպես է աշխատում ռեստորանի կայքը՝ մենյու 3 լեզվով, սեղանի ամրագրում և ադմին, որտեղ գները փոխում եք ինքներդ։ Գինը՝ 280 000 ֏-ից։ Ցույց տա՞մ, թե ինչպես կլինի ձեզ մոտ։","Здравствуйте! Меня зовут Азат, я делаю сайты для бизнесов в Армении (EVNWEB). Заметил, что у Igdir Tavern нет своего сайта. Могу прислать короткое видео, как работает сайт ресторана: меню на 3 языках, бронь столов и админка, где цены меняете сами. Цена от 280 000 ֏. Показать, как это будет выглядеть у вас?",ne_mobilny,,,
22,3,Linum e chi Linum,ресторан,Ереван,+37494044422,"Բարև Ձեզ։ Ես Ազատն եմ, կայքեր եմ պատրաստում Հայաստանի բիզնեսների համար (EVNWEB)։ Նկատեցի, որ Linum e chi Linum-ը չունի սեփական կայք։ Կարող եմ ուղարկել կարճ տեսանյութ, թե ինչպես է աշխատում ռեստորանի կայքը՝ մենյու 3 լեզվով, սեղանի ամրագրում և ադմին, որտեղ գները փոխում եք ինքներդ։ Գինը՝ 280 000 ֏-ից։ Ցույց տա՞մ, թե ինչպես կլինի ձեզ մոտ։","Здравствуйте! Меня зовут Азат, я делаю сайты для бизнесов в Армении (EVNWEB). Заметил, что у Linum e chi Linum нет своего сайта. Могу прислать короткое видео, как работает сайт ресторана: меню на 3 языках, бронь столов и админка, где цены меняете сами. Цена от 280 000 ֏. Показать, как это будет выглядеть у вас?",,,,
22,3,Xutorok,ресторан,Ереван,+37495108090,"Բարև Ձեզ։ Ես Ազատն եմ, կայքեր եմ պատրաստում Հայաստանի բիզնեսների համար (EVNWEB)։ Նկատեցի, որ Xutorok-ը չունի սեփական կայք։ Կարող եմ ուղարկել կարճ տեսանյութ, թե ինչպես է աշխատում ռեստորանի կայքը՝ մենյու 3 լեզվով, սեղանի ամրագրում և ադմին, որտեղ գները փոխում եք ինքներդ։ Գինը՝ 280 000 ֏-ից։ Ցույց տա՞մ, թե ինչպես կլինի ձեզ մոտ։","Здравствуйте! Меня зовут Азат, я делаю сайты для бизнесов в Армении (EVNWEB). Заметил, что у Xutorok нет своего сайта. Могу прислать короткое видео, как работает сайт ресторана: меню на 3 языках, бронь столов и админка, где цены меняете сами. Цена от 280 000 ֏. Показать, как это будет выглядеть у вас?",,,,
22,3,Karavell,ресторан,Ереван,+37410490609,"Բարև Ձեզ։ Ես Ազատն եմ, կայքեր եմ պատրաստում Հայաստանի բիզնեսների համար (EVNWEB)։ Նկատեցի, որ Karavell-ը չունի սեփական կայք։ Կարող եմ ուղարկել կարճ տեսանյութ, թե ինչպես է աշխատում ռեստորանի կայքը՝ մենյու 3 լեզվով, սեղանի ամրագրում և ադմին, որտեղ գները փոխում եք ինքներդ։ Գինը՝ 280 000 ֏-ից։ Ցույց տա՞մ, թե ինչպես կլինի ձեզ մոտ։","Здравствуйте! Меня зовут Азат, я делаю сайты для бизнесов в Армении (EVNWEB). Заметил, что у Karavell нет своего сайта. Могу прислать короткое видео, как работает сайт ресторана: меню на 3 языках, бронь столов и админка, где цены меняете сами. Цена от 280 000 ֏. Показать, как это будет выглядеть у вас?",ne_mobilny,,,
22,3,Karas,ресторан,Ереван,+37410235555,"Բարև Ձեզ։ Ես Ազատն եմ, կայքեր եմ պատրաստում Հայաստանի բիզնեսների համար (EVNWEB)։ Նկատեցի, որ Karas-ը չունի սեփական կայք։ Կարող եմ ուղարկել կարճ տեսանյութ, թե ինչպես է աշխատում ռեստորանի կայքը՝ մենյու 3 լեզվով, սեղանի ամրագրում և ադմին, որտեղ գները փոխում եք ինքներդ։ Գինը՝ 280 000 ֏-ից։ Ցույց տա՞մ, թե ինչպես կլինի ձեզ մոտ։","Здравствуйте! Меня зовут Азат, я делаю сайты для бизнесов в Армении (EVNWEB). Заметил, что у Karas нет своего сайта. Могу прислать короткое видео, как работает сайт ресторана: меню на 3 языках, бронь столов и админка, где цены меняете сами. Цена от 280 000 ֏. Показать, как это будет выглядеть у вас?",ne_mobilny,,,
22,3,Old Monument,ресторан,Ереван,+37496465200,"Բարև Ձեզ։ Ես Ազատն եմ, կայքեր եմ պատրաստում Հայաստանի բիզնեսների համար (EVNWEB)։ Նկատեցի, որ Old Monument-ը չունի սեփական կայք։ Կարող եմ ուղարկել կարճ տեսանյութ, թե ինչպես է աշխատում ռեստորանի կայքը՝ մենյու 3 լեզվով, սեղանի ամրագրում և ադմին, որտեղ գները փոխում եք ինքներդ։ Գինը՝ 280 000 ֏-ից։ Ցույց տա՞մ, թե ինչպես կլինի ձեզ մոտ։","Здравствуйте! Меня зовут Азат, я делаю сайты для бизнесов в Армении (EVNWEB). Заметил, что у Old Monument нет своего сайта. Могу прислать короткое видео, как работает сайт ресторана: меню на 3 языках, бронь столов и админка, где цены меняете сами. Цена от 280 000 ֏. Показать, как это будет выглядеть у вас?",,,,
22,3,Old Faeton,ресторан,Ереван,+37477333435,"Բարև Ձեզ։ Ես Ազատն եմ, կայքեր եմ պատրաստում Հայաստանի բիզնեսների համար (EVNWEB)։ Նկատեցի, որ Old Faeton-ը չունի սեփական կայք։ Կարող եմ ուղարկել կարճ տեսանյութ, թե ինչպես է աշխատում ռեստորանի կայքը՝ մենյու 3 լեզվով, սեղանի ամրագրում և ադմին, որտեղ գները փոխում եք ինքներդ։ Գինը՝ 280 000 ֏-ից։ Ցույց տա՞մ, թե ինչպես կլինի ձեզ մոտ։","Здравствуйте! Меня зовут Азат, я делаю сайты для бизнесов в Армении (EVNWEB). Заметил, что у Old Faeton нет своего сайта. Могу прислать короткое видео, как работает сайт ресторана: меню на 3 языках, бронь столов и админка, где цены меняете сами. Цена от 280 000 ֏. Показать, как это будет выглядеть у вас?",,,,
22,3,Hobelyanakan,ресторан,Ереван,+37491925395,"Բարև Ձեզ։ Ես Ազատն եմ, կայքեր եմ պատրաստում Հայաստանի բիզնեսների համար (EVNWEB)։ Նկատեցի, որ Hobelyanakan-ը չունի սեփական կայք։ Կարող եմ ուղարկել կարճ տեսանյութ, թե ինչպես է աշխատում ռեստորանի կայքը՝ մենյու 3 լեզվով, սեղանի ամրագրում և ադմին, որտեղ գները փոխում եք ինքներդ։ Գինը՝ 280 000 ֏-ից։ Ցույց տա՞մ, թե ինչպես կլինի ձեզ մոտ։","Здравствуйте! Меня зовут Азат, я делаю сайты для бизнесов в Армении (EVNWEB). Заметил, что у Hobelyanakan нет своего сайта. Могу прислать короткое видео, как работает сайт ресторана: меню на 3 языках, бронь столов и админка, где цены меняете сами. Цена от 280 000 ֏. Показать, как это будет выглядеть у вас?",,,,
22,3,Hrashq,ресторан,Ереван,+37477981311,"Բարև Ձեզ։ Ես Ազատն եմ, կայքեր եմ պատրաստում Հայաստանի բիզնեսների համար (EVNWEB)։ Նկատեցի, որ Hrashq-ը չունի սեփական կայք։ Կարող եմ ուղարկել կարճ տեսանյութ, թե ինչպես է աշխատում ռեստորանի կայքը՝ մենյու 3 լեզվով, սեղանի ամրագրում և ադմին, որտեղ գները փոխում եք ինքներդ։ Գինը՝ 280 000 ֏-ից։ Ցույց տա՞մ, թե ինչպես կլինի ձեզ մոտ։","Здравствуйте! Меня зовут Азат, я делаю сайты для бизнесов в Армении (EVNWEB). Заметил, что у Hrashq нет своего сайта. Могу прислать короткое видео, как работает сайт ресторана: меню на 3 языках, бронь столов и админка, где цены меняете сами. Цена от 280 000 ֏. Показать, как это будет выглядеть у вас?",,,,
22,3,Ղարս,ресторан,Ереван,+37410645850,"Բարև Ձեզ։ Ես Ազատն եմ, կայքեր եմ պատրաստում Հայաստանի բիզնեսների համար (EVNWEB)։ Նկատեցի, որ Ղարս-ը չունի սեփական կայք։ Կարող եմ ուղարկել կարճ տեսանյութ, թե ինչպես է աշխատում ռեստորանի կայքը՝ մենյու 3 լեզվով, սեղանի ամրագրում և ադմին, որտեղ գները փոխում եք ինքներդ։ Գինը՝ 280 000 ֏-ից։ Ցույց տա՞մ, թե ինչպես կլինի ձեզ մոտ։","Здравствуйте! Меня зовут Азат, я делаю сайты для бизнесов в Армении (EVNWEB). Заметил, что у Ղարս нет своего сайта. Могу прислать короткое видео, как работает сайт ресторана: меню на 3 языках, бронь столов и админка, где цены меняете сами. Цена от 280 000 ֏. Показать, как это будет выглядеть у вас?",ne_mobilny,,,
22,3,MARTINI HACATUN,ресторан,Ереван,+37498606080,"Բարև Ձեզ։ Ես Ազատն եմ, կայքեր եմ պատրաստում Հայաստանի բիզնեսների համար (EVNWEB)։ Նկատեցի, որ MARTINI HACATUN-ը չունի սեփական կայք։ Կարող եմ ուղարկել կարճ տեսանյութ, թե ինչպես է աշխատում ռեստորանի կայքը՝ մենյու 3 լեզվով, սեղանի ամրագրում և ադմին, որտեղ գները փոխում եք ինքներդ։ Գինը՝ 280 000 ֏-ից։ Ցույց տա՞մ, թե ինչպես կլինի ձեզ մոտ։","Здравствуйте! Меня зовут Азат, я делаю сайты для бизнесов в Армении (EVNWEB). Заметил, что у MARTINI HACATUN нет своего сайта. Могу прислать короткое видео, как работает сайт ресторана: меню на 3 языках, бронь столов и админка, где цены меняете сами. Цена от 280 000 ֏. Показать, как это будет выглядеть у вас?",,,,
22,3,MARTINI HACATUN,ресторан,Ереван,+37410646790,"Բարև Ձեզ։ Ես Ազատն եմ, կայքեր եմ պատրաստում Հայաստանի բիզնեսների համար (EVNWEB)։ Նկատեցի, որ MARTINI HACATUN-ը չունի սեփական կայք։ Կարող եմ ուղարկել կարճ տեսանյութ, թե ինչպես է աշխատում ռեստորանի կայքը՝ մենյու 3 լեզվով, սեղանի ամրագրում և ադմին, որտեղ գները փոխում եք ինքներդ։ Գինը՝ 280 000 ֏-ից։ Ցույց տա՞մ, թե ինչպես կլինի ձեզ մոտ։","Здравствуйте! Меня зовут Азат, я делаю сайты для бизнесов в Армении (EVNWEB). Заметил, что у MARTINI HACATUN нет своего сайта. Могу прислать короткое видео, как работает сайт ресторана: меню на 3 языках, бронь столов и админка, где цены меняете сами. Цена от 280 000 ֏. Показать, как это будет выглядеть у вас?",ne_mobilny,,,
22,3,Mamoor,ресторан,Ереван,+37410548484,"Բարև Ձեզ։ Ես Ազատն եմ, կայքեր եմ պատրաստում Հայաստանի բիզնեսների համար (EVNWEB)։ Նկատեցի, որ Mamoor-ը չունի սեփական կայք։ Կարող եմ ուղարկել կարճ տեսանյութ, թե ինչպես է աշխատում ռեստորանի կայքը՝ մենյու 3 լեզվով, սեղանի ամրագրում և ադմին, որտեղ գները փոխում եք ինքներդ։ Գինը՝ 280 000 ֏-ից։ Ցույց տա՞մ, թե ինչպես կլինի ձեզ մոտ։","Здравствуйте! Меня зовут Азат, я делаю сайты для бизнесов в Армении (EVNWEB). Заметил, что у Mamoor нет своего сайта. Могу прислать короткое видео, как работает сайт ресторана: меню на 3 языках, бронь столов и админка, где цены меняете сами. Цена от 280 000 ֏. Показать, как это будет выглядеть у вас?",ne_mobilny,,,
22,3,Martiros,ресторан,Ереван,+37411700709,"Բարև Ձեզ։ Ես Ազատն եմ, կայքեր եմ պատրաստում Հայաստանի բիզնեսների համար (EVNWEB)։ Նկատեցի, որ Martiros-ը չունի սեփական կայք։ Կարող եմ ուղարկել կարճ տեսանյութ, թե ինչպես է աշխատում ռեստորանի կայքը՝ մենյու 3 լեզվով, սեղանի ամրագրում և ադմին, որտեղ գները փոխում եք ինքներդ։ Գինը՝ 280 000 ֏-ից։ Ցույց տա՞մ, թե ինչպես կլինի ձեզ մոտ։","Здравствуйте! Меня зовут Азат, я делаю сайты для бизнесов в Армении (EVNWEB). Заметил, что у Martiros нет своего сайта. Могу прислать короткое видео, как работает сайт ресторана: меню на 3 языках, бронь столов и админка, где цены меняете сами. Цена от 280 000 ֏. Показать, как это будет выглядеть у вас?",ne_mobilny,,,
22,3,Our World (Mer Ashkarh),ресторан,Ереван,+37410670737,"Բարև Ձեզ։ Ես Ազատն եմ, կայքեր եմ պատրաստում Հայաստանի բիզնեսների համար (EVNWEB)։ Նկատեցի, որ Our World (Mer Ashkarh)-ը չունի սեփական կայք։ Կարող եմ ուղարկել կարճ տեսանյութ, թե ինչպես է աշխատում ռեստորանի կայքը՝ մենյու 3 լեզվով, սեղանի ամրագրում և ադմին, որտեղ գները փոխում եք ինքներդ։ Գինը՝ 280 000 ֏-ից։ Ցույց տա՞մ, թե ինչպես կլինի ձեզ մոտ։","Здравствуйте! Меня зовут Азат, я делаю сайты для бизнесов в Армении (EVNWEB). Заметил, что у Our World (Mer Ashkarh) нет своего сайта. Могу прислать короткое видео, как работает сайт ресторана: меню на 3 языках, бронь столов и админка, где цены меняете сами. Цена от 280 000 ֏. Показать, как это будет выглядеть у вас?",ne_mobilny,,,
22,3,Mer Gyugh,ресторан,Ереван,+37491548700,"Բարև Ձեզ։ Ես Ազատն եմ, կայքեր եմ պատրաստում Հայաստանի բիզնեսների համար (EVNWEB)։ Նկատեցի, որ Mer Gyugh-ը չունի սեփական կայք։ Կարող եմ ուղարկել կարճ տեսանյութ, թե ինչպես է աշխատում ռեստորանի կայքը՝ մենյու 3 լեզվով, սեղանի ամրագրում և ադմին, որտեղ գները փոխում եք ինքներդ։ Գինը՝ 280 000 ֏-ից։ Ցույց տա՞մ, թե ինչպես կլինի ձեզ մոտ։","Здравствуйте! Меня зовут Азат, я делаю сайты для бизнесов в Армении (EVNWEB). Заметил, что у Mer Gyugh нет своего сайта. Могу прислать короткое видео, как работает сайт ресторана: меню на 3 языках, бронь столов и админка, где цены меняете сами. Цена от 280 000 ֏. Показать, как это будет выглядеть у вас?",,,,
22,3,Mer Tun,ресторан,Ереван,+3741073004237455065577,"Բարև Ձեզ։ Ես Ազատն եմ, կայքեր եմ պատրաստում Հայաստանի բիզնեսների համար (EVNWEB)։ Նկատեցի, որ Mer Tun-ը չունի սեփական կայք։ Կարող եմ ուղարկել կարճ տեսանյութ, թե ինչպես է աշխատում ռեստորանի կայքը՝ մենյու 3 լեզվով, սեղանի ամրագրում և ադմին, որտեղ գները փոխում եք ինքներդ։ Գինը՝ 280 000 ֏-ից։ Ցույց տա՞մ, թե ինչպես կլինի ձեզ մոտ։","Здравствуйте! Меня зовут Азат, я делаю сайты для бизнесов в Армении (EVNWEB). Заметил, что у Mer Tun нет своего сайта. Могу прислать короткое видео, как работает сайт ресторана: меню на 3 языках, бронь столов и админка, где цены меняете сами. Цена от 280 000 ֏. Показать, как это будет выглядеть у вас?",ne_mobilny,,,
22,3,Msho Amrots,ресторан,Ереван,+37410628600,"Բարև Ձեզ։ Ես Ազատն եմ, կայքեր եմ պատրաստում Հայաստանի բիզնեսների համար (EVNWEB)։ Նկատեցի, որ Msho Amrots-ը չունի սեփական կայք։ Կարող եմ ուղարկել կարճ տեսանյութ, թե ինչպես է աշխատում ռեստորանի կայքը՝ մենյու 3 լեզվով, սեղանի ամրագրում և ադմին, որտեղ գները փոխում եք ինքներդ։ Գինը՝ 280 000 ֏-ից։ Ցույց տա՞մ, թե ինչպես կլինի ձեզ մոտ։","Здравствуйте! Меня зовут Азат, я делаю сайты для бизнесов в Армении (EVNWEB). Заметил, что у Msho Amrots нет своего сайта. Могу прислать короткое видео, как работает сайт ресторана: меню на 3 языках, бронь столов и админка, где цены меняете сами. Цена от 280 000 ֏. Показать, как это будет выглядеть у вас?",ne_mobilny,,,
22,3,Monte-Cristo,ресторан,Ереван,+37477543398,"Բարև Ձեզ։ Ես Ազատն եմ, կայքեր եմ պատրաստում Հայաստանի բիզնեսների համար (EVNWEB)։ Նկատեցի, որ Monte-Cristo-ը չունի սեփական կայք։ Կարող եմ ուղարկել կարճ տեսանյութ, թե ինչպես է աշխատում ռեստորանի կայքը՝ մենյու 3 լեզվով, սեղանի ամրագրում և ադմին, որտեղ գները փոխում եք ինքներդ։ Գինը՝ 280 000 ֏-ից։ Ցույց տա՞մ, թե ինչպես կլինի ձեզ մոտ։","Здравствуйте! Меня зовут Азат, я делаю сайты для бизнесов в Армении (EVNWEB). Заметил, что у Monte-Cristo нет своего сайта. Могу прислать короткое видео, как работает сайт ресторана: меню на 3 языках, бронь столов и админка, где цены меняете сами. Цена от 280 000 ֏. Показать, как это будет выглядеть у вас?",,,,
22,3,Nor  Aragvi,ресторан,Ереван,+37410297549,"Բարև Ձեզ։ Ես Ազատն եմ, կայքեր եմ պատրաստում Հայաստանի բիզնեսների համար (EVNWEB)։ Նկատեցի, որ Nor  Aragvi-ը չունի սեփական կայք։ Կարող եմ ուղարկել կարճ տեսանյութ, թե ինչպես է աշխատում ռեստորանի կայքը՝ մենյու 3 լեզվով, սեղանի ամրագրում և ադմին, որտեղ գները փոխում եք ինքներդ։ Գինը՝ 280 000 ֏-ից։ Ցույց տա՞մ, թե ինչպես կլինի ձեզ մոտ։","Здравствуйте! Меня зовут Азат, я делаю сайты для бизнесов в Армении (EVNWEB). Заметил, что у Nor  Aragvi нет своего сайта. Могу прислать короткое видео, как работает сайт ресторана: меню на 3 языках, бронь столов и админка, где цены меняете сами. Цена от 280 000 ֏. Показать, как это будет выглядеть у вас?",ne_mobilny,,,
22,3,Shant,ресторан,Ереван,+37410355999,"Բարև Ձեզ։ Ես Ազատն եմ, կայքեր եմ պատրաստում Հայաստանի բիզնեսների համար (EVNWEB)։ Նկատեցի, որ Shant-ը չունի սեփական կայք։ Կարող եմ ուղարկել կարճ տեսանյութ, թե ինչպես է աշխատում ռեստորանի կայքը՝ մենյու 3 լեզվով, սեղանի ամրագրում և ադմին, որտեղ գները փոխում եք ինքներդ։ Գինը՝ 280 000 ֏-ից։ Ցույց տա՞մ, թե ինչպես կլինի ձեզ մոտ։","Здравствуйте! Меня зовут Азат, я делаю сайты для бизнесов в Армении (EVNWEB). Заметил, что у Shant нет своего сайта. Могу прислать короткое видео, как работает сайт ресторана: меню на 3 языках, бронь столов и админка, где цены меняете сами. Цена от 280 000 ֏. Показать, как это будет выглядеть у вас?",ne_mobilny,,,
22,3,Urartu,ресторан,Ереван,+37410538041,"Բարև Ձեզ։ Ես Ազատն եմ, կայքեր եմ պատրաստում Հայաստանի բիզնեսների համար (EVNWEB)։ Նկատեցի, որ Urartu-ը չունի սեփական կայք։ Կարող եմ ուղարկել կարճ տեսանյութ, թե ինչպես է աշխատում ռեստորանի կայքը՝ մենյու 3 լեզվով, սեղանի ամրագրում և ադմին, որտեղ գները փոխում եք ինքներդ։ Գինը՝ 280 000 ֏-ից։ Ցույց տա՞մ, թե ինչպես կլինի ձեզ մոտ։","Здравствуйте! Меня зовут Азат, я делаю сайты для бизнесов в Армении (EVNWEB). Заметил, что у Urartu нет своего сайта. Могу прислать короткое видео, как работает сайт ресторана: меню на 3 языках, бронь столов и админка, где цены меняете сами. Цена от 280 000 ֏. Показать, как это будет выглядеть у вас?",ne_mobilny,,,
22,3,Paulaner,ресторан,Ереван,+37460513800,"Բարև Ձեզ։ Ես Ազատն եմ, կայքեր եմ պատրաստում Հայաստանի բիզնեսների համար (EVNWEB)։ Նկատեցի, որ Paulaner-ը չունի սեփական կայք։ Կարող եմ ուղարկել կարճ տեսանյութ, թե ինչպես է աշխատում ռեստորանի կայքը՝ մենյու 3 լեզվով, սեղանի ամրագրում և ադմին, որտեղ գները փոխում եք ինքներդ։ Գինը՝ 280 000 ֏-ից։ Ցույց տա՞մ, թե ինչպես կլինի ձեզ մոտ։","Здравствуйте! Меня зовут Азат, я делаю сайты для бизнесов в Армении (EVNWEB). Заметил, что у Paulaner нет своего сайта. Могу прислать короткое видео, как работает сайт ресторана: меню на 3 языках, бронь столов и админка, где цены меняете сами. Цена от 280 000 ֏. Показать, как это будет выглядеть у вас?",ne_mobilny,,,
22,3,Parnas,ресторан,Ереван,+37491428626,"Բարև Ձեզ։ Ես Ազատն եմ, կայքեր եմ պատրաստում Հայաստանի բիզնեսների համար (EVNWEB)։ Նկատեցի, որ Parnas-ը չունի սեփական կայք։ Կարող եմ ուղարկել կարճ տեսանյութ, թե ինչպես է աշխատում ռեստորանի կայքը՝ մենյու 3 լեզվով, սեղանի ամրագրում և ադմին, որտեղ գները փոխում եք ինքներդ։ Գինը՝ 280 000 ֏-ից։ Ցույց տա՞մ, թե ինչպես կլինի ձեզ մոտ։","Здравствуйте! Меня зовут Азат, я делаю сайты для бизнесов в Армении (EVNWEB). Заметил, что у Parnas нет своего сайта. Могу прислать короткое видео, как работает сайт ресторана: меню на 3 языках, бронь столов и админка, где цены меняете сами. Цена от 280 000 ֏. Показать, как это будет выглядеть у вас?",,,,
22,3,Pekin,ресторан,Ереван,+37410545342,"Բարև Ձեզ։ Ես Ազատն եմ, կայքեր եմ պատրաստում Հայաստանի բիզնեսների համար (EVNWEB)։ Նկատեցի, որ Pekin-ը չունի սեփական կայք։ Կարող եմ ուղարկել կարճ տեսանյութ, թե ինչպես է աշխատում ռեստորանի կայքը՝ մենյու 3 լեզվով, սեղանի ամրագրում և ադմին, որտեղ գները փոխում եք ինքներդ։ Գինը՝ 280 000 ֏-ից։ Ցույց տա՞մ, թե ինչպես կլինի ձեզ մոտ։","Здравствуйте! Меня зовут Азат, я делаю сайты для бизнесов в Армении (EVNWEB). Заметил, что у Pekin нет своего сайта. Могу прислать короткое видео, как работает сайт ресторана: меню на 3 языках, бронь столов и админка, где цены меняете сами. Цена от 280 000 ֏. Показать, как это будет выглядеть у вас?",ne_mobilny,,,
22,3,ROOMZ,ресторан,Ереван,+37493931139,"Բարև Ձեզ։ Ես Ազատն եմ, կայքեր եմ պատրաստում Հայաստանի բիզնեսների համար (EVNWEB)։ Նկատեցի, որ ROOMZ-ը չունի սեփական կայք։ Կարող եմ ուղարկել կարճ տեսանյութ, թե ինչպես է աշխատում ռեստորանի կայքը՝ մենյու 3 լեզվով, սեղանի ամրագրում և ադմին, որտեղ գները փոխում եք ինքներդ։ Գինը՝ 280 000 ֏-ից։ Ցույց տա՞մ, թե ինչպես կլինի ձեզ մոտ։","Здравствуйте! Меня зовут Азат, я делаю сайты для бизнесов в Армении (EVNWEB). Заметил, что у ROOMZ нет своего сайта. Могу прислать короткое видео, как работает сайт ресторана: меню на 3 языках, бронь столов и админка, где цены меняете сами. Цена от 280 000 ֏. Показать, как это будет выглядеть у вас?",,,,
23,3,San Armenius,ресторан,Ереван,+37410664545,"Բարև Ձեզ։ Ես Ազատն եմ, կայքեր եմ պատրաստում Հայաստանի բիզնեսների համար (EVNWEB)։ Նկատեցի, որ San Armenius-ը չունի սեփական կայք։ Կարող եմ ուղարկել կարճ տեսանյութ, թե ինչպես է աշխատում ռեստորանի կայքը՝ մենյու 3 լեզվով, սեղանի ամրագրում և ադմին, որտեղ գները փոխում եք ինքներդ։ Գինը՝ 280 000 ֏-ից։ Ցույց տա՞մ, թե ինչպես կլինի ձեզ մոտ։","Здравствуйте! Меня зовут Азат, я делаю сайты для бизнесов в Армении (EVNWEB). Заметил, что у San Armenius нет своего сайта. Могу прислать короткое видео, как работает сайт ресторана: меню на 3 языках, бронь столов и админка, где цены меняете сами. Цена от 280 000 ֏. Показать, как это будет выглядеть у вас?",ne_mobilny,,,
23,3,Sebeos,ресторан,Ереван,+37477757577,"Բարև Ձեզ։ Ես Ազատն եմ, կայքեր եմ պատրաստում Հայաստանի բիզնեսների համար (EVNWEB)։ Նկատեցի, որ Sebeos-ը չունի սեփական կայք։ Կարող եմ ուղարկել կարճ տեսանյութ, թե ինչպես է աշխատում ռեստորանի կայքը՝ մենյու 3 լեզվով, սեղանի ամրագրում և ադմին, որտեղ գները փոխում եք ինքներդ։ Գինը՝ 280 000 ֏-ից։ Ցույց տա՞մ, թե ինչպես կլինի ձեզ մոտ։","Здравствуйте! Меня зовут Азат, я делаю сайты для бизнесов в Армении (EVNWEB). Заметил, что у Sebeos нет своего сайта. Могу прислать короткое видео, как работает сайт ресторана: меню на 3 языках, бронь столов и админка, где цены меняете сами. Цена от 280 000 ֏. Показать, как это будет выглядеть у вас?",,,,
23,3,Segas,ресторан,Ереван,+37477662121,"Բարև Ձեզ։ Ես Ազատն եմ, կայքեր եմ պատրաստում Հայաստանի բիզնեսների համար (EVNWEB)։ Նկատեցի, որ Segas-ը չունի սեփական կայք։ Կարող եմ ուղարկել կարճ տեսանյութ, թե ինչպես է աշխատում ռեստորանի կայքը՝ մենյու 3 լեզվով, սեղանի ամրագրում և ադմին, որտեղ գները փոխում եք ինքներդ։ Գինը՝ 280 000 ֏-ից։ Ցույց տա՞մ, թե ինչպես կլինի ձեզ մոտ։","Здравствуйте! Меня зовут Азат, я делаю сайты для бизнесов в Армении (EVNWEB). Заметил, что у Segas нет своего сайта. Могу прислать короткое видео, как работает сайт ресторана: меню на 3 языках, бронь столов и админка, где цены меняете сами. Цена от 280 000 ֏. Показать, как это будет выглядеть у вас?",,,,
23,3,Suliko,ресторан,Ереван,+37411580286,"Բարև Ձեզ։ Ես Ազատն եմ, կայքեր եմ պատրաստում Հայաստանի բիզնեսների համար (EVNWEB)։ Նկատեցի, որ Suliko-ը չունի սեփական կայք։ Կարող եմ ուղարկել կարճ տեսանյութ, թե ինչպես է աշխատում ռեստորանի կայքը՝ մենյու 3 լեզվով, սեղանի ամրագրում և ադմին, որտեղ գները փոխում եք ինքներդ։ Գինը՝ 280 000 ֏-ից։ Ցույց տա՞մ, թե ինչպես կլինի ձեզ մոտ։","Здравствуйте! Меня зовут Азат, я делаю сайты для бизнесов в Армении (EVNWEB). Заметил, что у Suliko нет своего сайта. Могу прислать короткое видео, как работает сайт ресторана: меню на 3 языках, бронь столов и админка, где цены меняете сами. Цена от 280 000 ֏. Показать, как это будет выглядеть у вас?",ne_mobilny,,,
23,3,Vanatur,ресторан,Ереван,+37441551000,"Բարև Ձեզ։ Ես Ազատն եմ, կայքեր եմ պատրաստում Հայաստանի բիզնեսների համար (EVNWEB)։ Նկատեցի, որ Vanatur-ը չունի սեփական կայք։ Կարող եմ ուղարկել կարճ տեսանյութ, թե ինչպես է աշխատում ռեստորանի կայքը՝ մենյու 3 լեզվով, սեղանի ամրագրում և ադմին, որտեղ գները փոխում եք ինքներդ։ Գինը՝ 280 000 ֏-ից։ Ցույց տա՞մ, թե ինչպես կլինի ձեզ մոտ։","Здравствуйте! Меня зовут Азат, я делаю сайты для бизнесов в Армении (EVNWEB). Заметил, что у Vanatur нет своего сайта. Могу прислать короткое видео, как работает сайт ресторана: меню на 3 языках, бронь столов и админка, где цены меняете сами. Цена от 280 000 ֏. Показать, как это будет выглядеть у вас?",,,,
23,3,Tapastan,ресторан,Ереван,+37410521932,"Բարև Ձեզ։ Ես Ազատն եմ, կայքեր եմ պատրաստում Հայաստանի բիզնեսների համար (EVNWEB)։ Նկատեցի, որ Tapastan-ը չունի սեփական կայք։ Կարող եմ ուղարկել կարճ տեսանյութ, թե ինչպես է աշխատում ռեստորանի կայքը՝ մենյու 3 լեզվով, սեղանի ամրագրում և ադմին, որտեղ գները փոխում եք ինքներդ։ Գինը՝ 280 000 ֏-ից։ Ցույց տա՞մ, թե ինչպես կլինի ձեզ մոտ։","Здравствуйте! Меня зовут Азат, я делаю сайты для бизнесов в Армении (EVNWEB). Заметил, что у Tapastan нет своего сайта. Могу прислать короткое видео, как работает сайт ресторана: меню на 3 языках, бронь столов и админка, где цены меняете сами. Цена от 280 000 ֏. Показать, как это будет выглядеть у вас?",ne_mobilny,,,
23,3,Terrazza,ресторан,Ереван,+37410563110,"Բարև Ձեզ։ Ես Ազատն եմ, կայքեր եմ պատրաստում Հայաստանի բիզնեսների համար (EVNWEB)։ Նկատեցի, որ Terrazza-ը չունի սեփական կայք։ Կարող եմ ուղարկել կարճ տեսանյութ, թե ինչպես է աշխատում ռեստորանի կայքը՝ մենյու 3 լեզվով, սեղանի ամրագրում և ադմին, որտեղ գները փոխում եք ինքներդ։ Գինը՝ 280 000 ֏-ից։ Ցույց տա՞մ, թե ինչպես կլինի ձեզ մոտ։","Здравствуйте! Меня зовут Азат, я делаю сайты для бизнесов в Армении (EVNWEB). Заметил, что у Terrazza нет своего сайта. Могу прислать короткое видео, как работает сайт ресторана: меню на 3 языках, бронь столов и админка, где цены меняете сами. Цена от 280 000 ֏. Показать, как это будет выглядеть у вас?",ne_mobilny,,,
23,3,Topaz Xinkali,ресторан,Ереван,+37410577488,"Բարև Ձեզ։ Ես Ազատն եմ, կայքեր եմ պատրաստում Հայաստանի բիզնեսների համար (EVNWEB)։ Նկատեցի, որ Topaz Xinkali-ը չունի սեփական կայք։ Կարող եմ ուղարկել կարճ տեսանյութ, թե ինչպես է աշխատում ռեստորանի կայքը՝ մենյու 3 լեզվով, սեղանի ամրագրում և ադմին, որտեղ գները փոխում եք ինքներդ։ Գինը՝ 280 000 ֏-ից։ Ցույց տա՞մ, թե ինչպես կլինի ձեզ մոտ։","Здравствуйте! Меня зовут Азат, я делаю сайты для бизнесов в Армении (EVNWEB). Заметил, что у Topaz Xinkali нет своего сайта. Могу прислать короткое видео, как работает сайт ресторана: меню на 3 языках, бронь столов и админка, где цены меняете сами. Цена от 280 000 ֏. Показать, как это будет выглядеть у вас?",ne_mobilny,,,
23,3,Tun Lahmajo,ресторан,Ереван,+37410538718,"Բարև Ձեզ։ Ես Ազատն եմ, կայքեր եմ պատրաստում Հայաստանի բիզնեսների համար (EVNWEB)։ Նկատեցի, որ Tun Lahmajo-ը չունի սեփական կայք։ Կարող եմ ուղարկել կարճ տեսանյութ, թե ինչպես է աշխատում ռեստորանի կայքը՝ մենյու 3 լեզվով, սեղանի ամրագրում և ադմին, որտեղ գները փոխում եք ինքներդ։ Գինը՝ 280 000 ֏-ից։ Ցույց տա՞մ, թե ինչպես կլինի ձեզ մոտ։","Здравствуйте! Меня зовут Азат, я делаю сайты для бизнесов в Армении (EVNWEB). Заметил, что у Tun Lahmajo нет своего сайта. Могу прислать короткое видео, как работает сайт ресторана: меню на 3 языках, бронь столов и админка, где цены меняете сами. Цена от 280 000 ֏. Показать, как это будет выглядеть у вас?",ne_mobilny,,,
23,3,Քարավանսարա,ресторан,Ереван,+37410523877,"Բարև Ձեզ։ Ես Ազատն եմ, կայքեր եմ պատրաստում Հայաստանի բիզնեսների համար (EVNWEB)։ Նկատեցի, որ Քարավանսարա-ը չունի սեփական կայք։ Կարող եմ ուղարկել կարճ տեսանյութ, թե ինչպես է աշխատում ռեստորանի կայքը՝ մենյու 3 լեզվով, սեղանի ամրագրում և ադմին, որտեղ գները փոխում եք ինքներդ։ Գինը՝ 280 000 ֏-ից։ Ցույց տա՞մ, թե ինչպես կլինի ձեզ մոտ։","Здравствуйте! Меня зовут Азат, я делаю сайты для бизнесов в Армении (EVNWEB). Заметил, что у Քարավանսարա нет своего сайта. Могу прислать короткое видео, как работает сайт ресторана: меню на 3 языках, бронь столов и админка, где цены меняете сами. Цена от 280 000 ֏. Показать, как это будет выглядеть у вас?",ne_mobilny,,,
23,3,Odalen,ресторан,Ереван,+37410370777,"Բարև Ձեզ։ Ես Ազատն եմ, կայքեր եմ պատրաստում Հայաստանի բիզնեսների համար (EVNWEB)։ Նկատեցի, որ Odalen-ը չունի սեփական կայք։ Կարող եմ ուղարկել կարճ տեսանյութ, թե ինչպես է աշխատում ռեստորանի կայքը՝ մենյու 3 լեզվով, սեղանի ամրագրում և ադմին, որտեղ գները փոխում եք ինքներդ։ Գինը՝ 280 000 ֏-ից։ Ցույց տա՞մ, թե ինչպես կլինի ձեզ մոտ։","Здравствуйте! Меня зовут Азат, я делаю сайты для бизнесов в Армении (EVNWEB). Заметил, что у Odalen нет своего сайта. Могу прислать короткое видео, как работает сайт ресторана: меню на 3 языках, бронь столов и админка, где цены меняете сами. Цена от 280 000 ֏. Показать, как это будет выглядеть у вас?",ne_mobilny,,,
23,3,Onanyan Pandok,ресторан,Ереван,+37441777444,"Բարև Ձեզ։ Ես Ազատն եմ, կայքեր եմ պատրաստում Հայաստանի բիզնեսների համար (EVNWEB)։ Նկատեցի, որ Onanyan Pandok-ը չունի սեփական կայք։ Կարող եմ ուղարկել կարճ տեսանյութ, թե ինչպես է աշխատում ռեստորանի կայքը՝ մենյու 3 լեզվով, սեղանի ամրագրում և ադմին, որտեղ գները փոխում եք ինքներդ։ Գինը՝ 280 000 ֏-ից։ Ցույց տա՞մ, թե ինչպես կլինի ձեզ մոտ։","Здравствуйте! Меня зовут Азат, я делаю сайты для бизнесов в Армении (EVNWEB). Заметил, что у Onanyan Pandok нет своего сайта. Могу прислать короткое видео, как работает сайт ресторана: меню на 3 языках, бронь столов и админка, где цены меняете сами. Цена от 280 000 ֏. Показать, как это будет выглядеть у вас?",,,,
23,3,Slav Salon Hair Salon,салон красоты,Ереван,+37410521821,"Բարև Ձեզ։ Ես Ազատն եմ, կայքեր եմ պատրաստում Հայաստանի բիզնեսների համար (EVNWEB)։ Նկատեցի, որ Slav Salon Hair Salon-ը չունի սեփական կայք։ Կարող եմ ուղարկել կարճ տեսանյութ, թե ինչպես է աշխատում սրահի կայքը՝ առցանց գրանցում վարպետների մոտ և գրաֆիկ ադմինում։ Գինը՝ 150 000 ֏-ից։ Ցույց տա՞մ, թե ինչպես կլինի ձեզ մոտ։","Здравствуйте! Меня зовут Азат, я делаю сайты для бизнесов в Армении (EVNWEB). Заметил, что у Slav Salon Hair Salon нет своего сайта. Могу прислать короткое видео, как работает сайт салона: онлайн-запись к мастерам и расписание в админке. Цена от 150 000 ֏. Показать, как это будет выглядеть у вас?",ne_mobilny,,,
23,3,13 Beauty by Black Star,салон красоты,Ереван,+37433591313,"Բարև Ձեզ։ Ես Ազատն եմ, կայքեր եմ պատրաստում Հայաստանի բիզնեսների համար (EVNWEB)։ Նկատեցի, որ 13 Beauty by Black Star-ը չունի սեփական կայք։ Կարող եմ ուղարկել կարճ տեսանյութ, թե ինչպես է աշխատում սրահի կայքը՝ առցանց գրանցում վարպետների մոտ և գրաֆիկ ադմինում։ Գինը՝ 150 000 ֏-ից։ Ցույց տա՞մ, թե ինչպես կլինի ձեզ մոտ։","Здравствуйте! Меня зовут Азат, я делаю сайты для бизнесов в Армении (EVNWEB). Заметил, что у 13 Beauty by Black Star нет своего сайта. Могу прислать короткое видео, как работает сайт салона: онлайн-запись к мастерам и расписание в админке. Цена от 150 000 ֏. Показать, как это будет выглядеть у вас?",,,,
23,3,AR style,салон красоты,Ереван,+37410582094,"Բարև Ձեզ։ Ես Ազատն եմ, կայքեր եմ պատրաստում Հայաստանի բիզնեսների համար (EVNWEB)։ Նկատեցի, որ AR style-ը չունի սեփական կայք։ Կարող եմ ուղարկել կարճ տեսանյութ, թե ինչպես է աշխատում սրահի կայքը՝ առցանց գրանցում վարպետների մոտ և գրաֆիկ ադմինում։ Գինը՝ 150 000 ֏-ից։ Ցույց տա՞մ, թե ինչպես կլինի ձեզ մոտ։","Здравствуйте! Меня зовут Азат, я делаю сайты для бизнесов в Армении (EVNWEB). Заметил, что у AR style нет своего сайта. Могу прислать короткое видео, как работает сайт салона: онлайн-запись к мастерам и расписание в админке. Цена от 150 000 ֏. Показать, как это будет выглядеть у вас?",ne_mobilny,,,
23,3,АВАНГАРД,салон красоты,Ереван,+37499558033,"Բարև Ձեզ։ Ես Ազատն եմ, կայքեր եմ պատրաստում Հայաստանի բիզնեսների համար (EVNWEB)։ Նկատեցի, որ АВАНГАРД-ը չունի սեփական կայք։ Կարող եմ ուղարկել կարճ տեսանյութ, թե ինչպես է աշխատում սրահի կայքը՝ առցանց գրանցում վարպետների մոտ և գրաֆիկ ադմինում։ Գինը՝ 150 000 ֏-ից։ Ցույց տա՞մ, թե ինչպես կլինի ձեզ մոտ։","Здравствуйте! Меня зовут Азат, я делаю сайты для бизнесов в Армении (EVNWEB). Заметил, что у АВАНГАРД нет своего сайта. Могу прислать короткое видео, как работает сайт салона: онлайн-запись к мастерам и расписание в админке. Цена от 150 000 ֏. Показать, как это будет выглядеть у вас?",,,,
23,3,Algorithm,салон красоты,Ереван,+37493336493,"Բարև Ձեզ։ Ես Ազատն եմ, կայքեր եմ պատրաստում Հայաստանի բիզնեսների համար (EVNWEB)։ Նկատեցի, որ Algorithm-ը չունի սեփական կայք։ Կարող եմ ուղարկել կարճ տեսանյութ, թե ինչպես է աշխատում սրահի կայքը՝ առցանց գրանցում վարպետների մոտ և գրաֆիկ ադմինում։ Գինը՝ 150 000 ֏-ից։ Ցույց տա՞մ, թե ինչպես կլինի ձեզ մոտ։","Здравствуйте! Меня зовут Азат, я делаю сайты для бизнесов в Армении (EVNWEB). Заметил, что у Algorithm нет своего сайта. Могу прислать короткое видео, как работает сайт салона: онлайн-запись к мастерам и расписание в админке. Цена от 150 000 ֏. Показать, как это будет выглядеть у вас?",,,,
23,3,An nails studio,салон красоты,Ереван,+37495501601,"Բարև Ձեզ։ Ես Ազատն եմ, կայքեր եմ պատրաստում Հայաստանի բիզնեսների համար (EVNWEB)։ Նկատեցի, որ An nails studio-ը չունի սեփական կայք։ Կարող եմ ուղարկել կարճ տեսանյութ, թե ինչպես է աշխատում սրահի կայքը՝ առցանց գրանցում վարպետների մոտ և գրաֆիկ ադմինում։ Գինը՝ 150 000 ֏-ից։ Ցույց տա՞մ, թե ինչպես կլինի ձեզ մոտ։","Здравствуйте! Меня зовут Азат, я делаю сайты для бизнесов в Армении (EVNWEB). Заметил, что у An nails studio нет своего сайта. Могу прислать короткое видео, как работает сайт салона: онлайн-запись к мастерам и расписание в админке. Цена от 150 000 ֏. Показать, как это будет выглядеть у вас?",,,,
23,3,Bordo,салон красоты,Ереван,+37410542056,"Բարև Ձեզ։ Ես Ազատն եմ, կայքեր եմ պատրաստում Հայաստանի բիզնեսների համար (EVNWEB)։ Նկատեցի, որ Bordo-ը չունի սեփական կայք։ Կարող եմ ուղարկել կարճ տեսանյութ, թե ինչպես է աշխատում սրահի կայքը՝ առցանց գրանցում վարպետների մոտ և գրաֆիկ ադմինում։ Գինը՝ 150 000 ֏-ից։ Ցույց տա՞մ, թե ինչպես կլինի ձեզ մոտ։","Здравствуйте! Меня зовут Азат, я делаю сайты для бизнесов в Армении (EVNWEB). Заметил, что у Bordo нет своего сайта. Могу прислать короткое видео, как работает сайт салона: онлайн-запись к мастерам и расписание в админке. Цена от 150 000 ֏. Показать, как это будет выглядеть у вас?",ne_mobilny,,,
23,3,Cocktail Nail,салон красоты,Ереван,+37477166899,"Բարև Ձեզ։ Ես Ազատն եմ, կայքեր եմ պատրաստում Հայաստանի բիզնեսների համար (EVNWEB)։ Նկատեցի, որ Cocktail Nail-ը չունի սեփական կայք։ Կարող եմ ուղարկել կարճ տեսանյութ, թե ինչպես է աշխատում սրահի կայքը՝ առցանց գրանցում վարպետների մոտ և գրաֆիկ ադմինում։ Գինը՝ 150 000 ֏-ից։ Ցույց տա՞մ, թե ինչպես կլինի ձեզ մոտ։","Здравствуйте! Меня зовут Азат, я делаю сайты для бизнесов в Армении (EVNWEB). Заметил, что у Cocktail Nail нет своего сайта. Могу прислать короткое видео, как работает сайт салона: онлайн-запись к мастерам и расписание в админке. Цена от 150 000 ֏. Показать, как это будет выглядеть у вас?",,,,
23,3,Cos Med,салон красоты,Ереван,+37477001006,"Բարև Ձեզ։ Ես Ազատն եմ, կայքեր եմ պատրաստում Հայաստանի բիզնեսների համար (EVNWEB)։ Նկատեցի, որ Cos Med-ը չունի սեփական կայք։ Կարող եմ ուղարկել կարճ տեսանյութ, թե ինչպես է աշխատում սրահի կայքը՝ առցանց գրանցում վարպետների մոտ և գրաֆիկ ադմինում։ Գինը՝ 150 000 ֏-ից։ Ցույց տա՞մ, թե ինչպես կլինի ձեզ մոտ։","Здравствуйте! Меня зовут Азат, я делаю сайты для бизнесов в Армении (EVNWEB). Заметил, что у Cos Med нет своего сайта. Могу прислать короткое видео, как работает сайт салона: онлайн-запись к мастерам и расписание в админке. Цена от 150 000 ֏. Показать, как это будет выглядеть у вас?",,,,
23,3,D'elite,салон красоты,Ереван,+37444779779,"Բարև Ձեզ։ Ես Ազատն եմ, կայքեր եմ պատրաստում Հայաստանի բիզնեսների համար (EVNWEB)։ Նկատեցի, որ D'elite-ը չունի սեփական կայք։ Կարող եմ ուղարկել կարճ տեսանյութ, թե ինչպես է աշխատում սրահի կայքը՝ առցանց գրանցում վարպետների մոտ և գրաֆիկ ադմինում։ Գինը՝ 150 000 ֏-ից։ Ցույց տա՞մ, թե ինչպես կլինի ձեզ մոտ։","Здравствуйте! Меня зовут Азат, я делаю сайты для бизнесов в Армении (EVNWEB). Заметил, что у D'elite нет своего сайта. Могу прислать короткое видео, как работает сайт салона: онлайн-запись к мастерам и расписание в админке. Цена от 150 000 ֏. Показать, как это будет выглядеть у вас?",,,,
23,3,Eden,салон красоты,Ереван,+37495919100,"Բարև Ձեզ։ Ես Ազատն եմ, կայքեր եմ պատրաստում Հայաստանի բիզնեսների համար (EVNWEB)։ Նկատեցի, որ Eden-ը չունի սեփական կայք։ Կարող եմ ուղարկել կարճ տեսանյութ, թե ինչպես է աշխատում սրահի կայքը՝ առցանց գրանցում վարպետների մոտ և գրաֆիկ ադմինում։ Գինը՝ 150 000 ֏-ից։ Ցույց տա՞մ, թե ինչպես կլինի ձեզ մոտ։","Здравствуйте! Меня зовут Азат, я делаю сайты для бизнесов в Армении (EVNWEB). Заметил, что у Eden нет своего сайта. Могу прислать короткое видео, как работает сайт салона: онлайн-запись к мастерам и расписание в админке. Цена от 150 000 ֏. Показать, как это будет выглядеть у вас?",,,,
23,3,Evelina,салон красоты,Ереван,+37495060824,"Բարև Ձեզ։ Ես Ազատն եմ, կայքեր եմ պատրաստում Հայաստանի բիզնեսների համար (EVNWEB)։ Նկատեցի, որ Evelina-ը չունի սեփական կայք։ Կարող եմ ուղարկել կարճ տեսանյութ, թե ինչպես է աշխատում սրահի կայքը՝ առցանց գրանցում վարպետների մոտ և գրաֆիկ ադմինում։ Գինը՝ 150 000 ֏-ից։ Ցույց տա՞մ, թե ինչպես կլինի ձեզ մոտ։","Здравствуйте! Меня зовут Азат, я делаю сайты для бизнесов в Армении (EVNWEB). Заметил, что у Evelina нет своего сайта. Могу прислать короткое видео, как работает сайт салона: онлайн-запись к мастерам и расписание в админке. Цена от 150 000 ֏. Показать, как это будет выглядеть у вас?",,,,
23,3,Fa Emily,салон красоты,Ереван,+37493725002,"Բարև Ձեզ։ Ես Ազատն եմ, կայքեր եմ պատրաստում Հայաստանի բիզնեսների համար (EVNWEB)։ Նկատեցի, որ Fa Emily-ը չունի սեփական կայք։ Կարող եմ ուղարկել կարճ տեսանյութ, թե ինչպես է աշխատում սրահի կայքը՝ առցանց գրանցում վարպետների մոտ և գրաֆիկ ադմինում։ Գինը՝ 150 000 ֏-ից։ Ցույց տա՞մ, թե ինչպես կլինի ձեզ մոտ։","Здравствуйте! Меня зовут Азат, я делаю сайты для бизнесов в Армении (EVNWEB). Заметил, что у Fa Emily нет своего сайта. Могу прислать короткое видео, как работает сайт салона: онлайн-запись к мастерам и расписание в админке. Цена от 150 000 ֏. Показать, как это будет выглядеть у вас?",,,,
24,3,Fly,салон красоты,Ереван,+37410544820,"Բարև Ձեզ։ Ես Ազատն եմ, կայքեր եմ պատրաստում Հայաստանի բիզնեսների համար (EVNWEB)։ Նկատեցի, որ Fly-ը չունի սեփական կայք։ Կարող եմ ուղարկել կարճ տեսանյութ, թե ինչպես է աշխատում սրահի կայքը՝ առցանց գրանցում վարպետների մոտ և գրաֆիկ ադմինում։ Գինը՝ 150 000 ֏-ից։ Ցույց տա՞մ, թե ինչպես կլինի ձեզ մոտ։","Здравствуйте! Меня зовут Азат, я делаю сайты для бизнесов в Армении (EVNWEB). Заметил, что у Fly нет своего сайта. Могу прислать короткое видео, как работает сайт салона: онлайн-запись к мастерам и расписание в админке. Цена от 150 000 ֏. Показать, как это будет выглядеть у вас?",ne_mobilny,,,
24,3,ForN Beauty Salon,салон красоты,Ереван,+37410202515,"Բարև Ձեզ։ Ես Ազատն եմ, կայքեր եմ պատրաստում Հայաստանի բիզնեսների համար (EVNWEB)։ Նկատեցի, որ ForN Beauty Salon-ը չունի սեփական կայք։ Կարող եմ ուղարկել կարճ տեսանյութ, թե ինչպես է աշխատում սրահի կայքը՝ առցանց գրանցում վարպետների մոտ և գրաֆիկ ադմինում։ Գինը՝ 150 000 ֏-ից։ Ցույց տա՞մ, թե ինչպես կլինի ձեզ մոտ։","Здравствуйте! Меня зовут Азат, я делаю сайты для бизнесов в Армении (EVNWEB). Заметил, что у ForN Beauty Salon нет своего сайта. Могу прислать короткое видео, как работает сайт салона: онлайн-запись к мастерам и расписание в админке. Цена от 150 000 ֏. Показать, как это будет выглядеть у вас?",ne_mobilny,,,
24,3,H2O,салон красоты,Ереван,+37491616161,"Բարև Ձեզ։ Ես Ազատն եմ, կայքեր եմ պատրաստում Հայաստանի բիզնեսների համար (EVNWEB)։ Նկատեցի, որ H2O-ը չունի սեփական կայք։ Կարող եմ ուղարկել կարճ տեսանյութ, թե ինչպես է աշխատում սրահի կայքը՝ առցանց գրանցում վարպետների մոտ և գրաֆիկ ադմինում։ Գինը՝ 150 000 ֏-ից։ Ցույց տա՞մ, թե ինչպես կլինի ձեզ մոտ։","Здравствуйте! Меня зовут Азат, я делаю сайты для бизнесов в Армении (EVNWEB). Заметил, что у H2O нет своего сайта. Могу прислать короткое видео, как работает сайт салона: онлайн-запись к мастерам и расписание в админке. Цена от 150 000 ֏. Показать, как это будет выглядеть у вас?",,,,
24,3,Hasmik Beauty,салон красоты,Ереван,+37477213136,"Բարև Ձեզ։ Ես Ազատն եմ, կայքեր եմ պատրաստում Հայաստանի բիզնեսների համար (EVNWEB)։ Նկատեցի, որ Hasmik Beauty-ը չունի սեփական կայք։ Կարող եմ ուղարկել կարճ տեսանյութ, թե ինչպես է աշխատում սրահի կայքը՝ առցանց գրանցում վարպետների մոտ և գրաֆիկ ադմինում։ Գինը՝ 150 000 ֏-ից։ Ցույց տա՞մ, թե ինչպես կլինի ձեզ մոտ։","Здравствуйте! Меня зовут Азат, я делаю сайты для бизнесов в Армении (EVNWEB). Заметил, что у Hasmik Beauty нет своего сайта. Могу прислать короткое видео, как работает сайт салона: онлайн-запись к мастерам и расписание в админке. Цена от 150 000 ֏. Показать, как это будет выглядеть у вас?",,,,
24,3,Ice,салон красоты,Ереван,+37498681214,"Բարև Ձեզ։ Ես Ազատն եմ, կայքեր եմ պատրաստում Հայաստանի բիզնեսների համար (EVNWEB)։ Նկատեցի, որ Ice-ը չունի սեփական կայք։ Կարող եմ ուղարկել կարճ տեսանյութ, թե ինչպես է աշխատում սրահի կայքը՝ առցանց գրանցում վարպետների մոտ և գրաֆիկ ադմինում։ Գինը՝ 150 000 ֏-ից։ Ցույց տա՞մ, թե ինչպես կլինի ձեզ մոտ։","Здравствуйте! Меня зовут Азат, я делаю сайты для бизнесов в Армении (EVNWEB). Заметил, что у Ice нет своего сайта. Могу прислать короткое видео, как работает сайт салона: онлайн-запись к мастерам и расписание в админке. Цена от 150 000 ֏. Показать, как это будет выглядеть у вас?",,,,
24,3,Jeny,салон красоты,Ереван,+37498770607,"Բարև Ձեզ։ Ես Ազատն եմ, կայքեր եմ պատրաստում Հայաստանի բիզնեսների համար (EVNWEB)։ Նկատեցի, որ Jeny-ը չունի սեփական կայք։ Կարող եմ ուղարկել կարճ տեսանյութ, թե ինչպես է աշխատում սրահի կայքը՝ առցանց գրանցում վարպետների մոտ և գրաֆիկ ադմինում։ Գինը՝ 150 000 ֏-ից։ Ցույց տա՞մ, թե ինչպես կլինի ձեզ մոտ։","Здравствуйте! Меня зовут Азат, я делаю сайты для бизнесов в Армении (EVNWEB). Заметил, что у Jeny нет своего сайта. Могу прислать короткое видео, как работает сайт салона: онлайн-запись к мастерам и расписание в админке. Цена от 150 000 ֏. Показать, как это будет выглядеть у вас?",,,,
24,3,Lady Mary,салон красоты,Ереван,+37496006466,"Բարև Ձեզ։ Ես Ազատն եմ, կայքեր եմ պատրաստում Հայաստանի բիզնեսների համար (EVNWEB)։ Նկատեցի, որ Lady Mary-ը չունի սեփական կայք։ Կարող եմ ուղարկել կարճ տեսանյութ, թե ինչպես է աշխատում սրահի կայքը՝ առցանց գրանցում վարպետների մոտ և գրաֆիկ ադմինում։ Գինը՝ 150 000 ֏-ից։ Ցույց տա՞մ, թե ինչպես կլինի ձեզ մոտ։","Здравствуйте! Меня зовут Азат, я делаю сайты для бизнесов в Армении (EVNWEB). Заметил, что у Lady Mary нет своего сайта. Могу прислать короткое видео, как работает сайт салона: онлайн-запись к мастерам и расписание в админке. Цена от 150 000 ֏. Показать, как это будет выглядеть у вас?",,,,
24,3,Le Grotte Aesthetic Sanctuary,салон красоты,Ереван,+37495779577,"Բարև Ձեզ։ Ես Ազատն եմ, կայքեր եմ պատրաստում Հայաստանի բիզնեսների համար (EVNWEB)։ Նկատեցի, որ Le Grotte Aesthetic Sanctuary-ը չունի սեփական կայք։ Կարող եմ ուղարկել կարճ տեսանյութ, թե ինչպես է աշխատում սրահի կայքը՝ առցանց գրանցում վարպետների մոտ և գրաֆիկ ադմինում։ Գինը՝ 150 000 ֏-ից։ Ցույց տա՞մ, թե ինչպես կլինի ձեզ մոտ։","Здравствуйте! Меня зовут Азат, я делаю сайты для бизнесов в Армении (EVNWEB). Заметил, что у Le Grotte Aesthetic Sanctuary нет своего сайта. Могу прислать короткое видео, как работает сайт салона: онлайн-запись к мастерам и расписание в админке. Цена от 150 000 ֏. Показать, как это будет выглядеть у вас?",,,,
24,3,Lilit Arshakyan beauty room,салон красоты,Ереван,+37498370051,"Բարև Ձեզ։ Ես Ազատն եմ, կայքեր եմ պատրաստում Հայաստանի բիզնեսների համար (EVNWEB)։ Նկատեցի, որ Lilit Arshakyan beauty room-ը չունի սեփական կայք։ Կարող եմ ուղարկել կարճ տեսանյութ, թե ինչպես է աշխատում սրահի կայքը՝ առցանց գրանցում վարպետների մոտ և գրաֆիկ ադմինում։ Գինը՝ 150 000 ֏-ից։ Ցույց տա՞մ, թե ինչպես կլինի ձեզ մոտ։","Здравствуйте! Меня зовут Азат, я делаю сайты для бизнесов в Армении (EVNWEB). Заметил, что у Lilit Arshakyan beauty room нет своего сайта. Могу прислать короткое видео, как работает сайт салона: онлайн-запись к мастерам и расписание в админке. Цена от 150 000 ֏. Показать, как это будет выглядеть у вас?",,,,
24,3,Lilit Minasyan studio,салон красоты,Ереван,+37494679091,"Բարև Ձեզ։ Ես Ազատն եմ, կայքեր եմ պատրաստում Հայաստանի բիզնեսների համար (EVNWEB)։ Նկատեցի, որ Lilit Minasyan studio-ը չունի սեփական կայք։ Կարող եմ ուղարկել կարճ տեսանյութ, թե ինչպես է աշխատում սրահի կայքը՝ առցանց գրանցում վարպետների մոտ և գրաֆիկ ադմինում։ Գինը՝ 150 000 ֏-ից։ Ցույց տա՞մ, թե ինչպես կլինի ձեզ մոտ։","Здравствуйте! Меня зовут Азат, я делаю сайты для бизнесов в Армении (EVNWEB). Заметил, что у Lilit Minasyan studio нет своего сайта. Могу прислать короткое видео, как работает сайт салона: онлайн-запись к мастерам и расписание в админке. Цена от 150 000 ֏. Показать, как это будет выглядеть у вас?",,,,
24,3,MK,салон красоты,Ереван,+37493431103,"Բարև Ձեզ։ Ես Ազատն եմ, կայքեր եմ պատրաստում Հայաստանի բիզնեսների համար (EVNWEB)։ Նկատեցի, որ MK-ը չունի սեփական կայք։ Կարող եմ ուղարկել կարճ տեսանյութ, թե ինչպես է աշխատում սրահի կայքը՝ առցանց գրանցում վարպետների մոտ և գրաֆիկ ադմինում։ Գինը՝ 150 000 ֏-ից։ Ցույց տա՞մ, թե ինչպես կլինի ձեզ մոտ։","Здравствуйте! Меня зовут Азат, я делаю сайты для бизнесов в Армении (EVNWEB). Заметил, что у MK нет своего сайта. Могу прислать короткое видео, как работает сайт салона: онлайн-запись к мастерам и расписание в админке. Цена от 150 000 ֏. Показать, как это будет выглядеть у вас?",,,,
24,3,Maga,салон красоты,Ереван,+37493721409,"Բարև Ձեզ։ Ես Ազատն եմ, կայքեր եմ պատրաստում Հայաստանի բիզնեսների համար (EVNWEB)։ Նկատեցի, որ Maga-ը չունի սեփական կայք։ Կարող եմ ուղարկել կարճ տեսանյութ, թե ինչպես է աշխատում սրահի կայքը՝ առցանց գրանցում վարպետների մոտ և գրաֆիկ ադմինում։ Գինը՝ 150 000 ֏-ից։ Ցույց տա՞մ, թե ինչպես կլինի ձեզ մոտ։","Здравствуйте! Меня зовут Азат, я делаю сайты для бизнесов в Армении (EVNWEB). Заметил, что у Maga нет своего сайта. Могу прислать короткое видео, как работает сайт салона: онлайн-запись к мастерам и расписание в админке. Цена от 150 000 ֏. Показать, как это будет выглядеть у вас?",,,,
24,3,MarianNa,салон красоты,Ереван,+37496857888,"Բարև Ձեզ։ Ես Ազատն եմ, կայքեր եմ պատրաստում Հայաստանի բիզնեսների համար (EVNWEB)։ Նկատեցի, որ MarianNa-ը չունի սեփական կայք։ Կարող եմ ուղարկել կարճ տեսանյութ, թե ինչպես է աշխատում սրահի կայքը՝ առցանց գրանցում վարպետների մոտ և գրաֆիկ ադմինում։ Գինը՝ 150 000 ֏-ից։ Ցույց տա՞մ, թե ինչպես կլինի ձեզ մոտ։","Здравствуйте! Меня зовут Азат, я делаю сайты для бизнесов в Армении (EVNWEB). Заметил, что у MarianNa нет своего сайта. Могу прислать короткое видео, как работает сайт салона: онлайн-запись к мастерам и расписание в админке. Цена от 150 000 ֏. Показать, как это будет выглядеть у вас?",,,,
24,3,Martoyan,салон красоты,Ереван,+37498880494,"Բարև Ձեզ։ Ես Ազատն եմ, կայքեր եմ պատրաստում Հայաստանի բիզնեսների համար (EVNWEB)։ Նկատեցի, որ Martoyan-ը չունի սեփական կայք։ Կարող եմ ուղարկել կարճ տեսանյութ, թե ինչպես է աշխատում սրահի կայքը՝ առցանց գրանցում վարպետների մոտ և գրաֆիկ ադմինում։ Գինը՝ 150 000 ֏-ից։ Ցույց տա՞մ, թե ինչպես կլինի ձեզ մոտ։","Здравствуйте! Меня зовут Азат, я делаю сайты для бизнесов в Армении (EVNWEB). Заметил, что у Martoyan нет своего сайта. Могу прислать короткое видео, как работает сайт салона: онлайн-запись к мастерам и расписание в админке. Цена от 150 000 ֏. Показать, как это будет выглядеть у вас?",,,,
24,3,Melani,салон красоты,Ереван,+37494566406,"Բարև Ձեզ։ Ես Ազատն եմ, կայքեր եմ պատրաստում Հայաստանի բիզնեսների համար (EVNWEB)։ Նկատեցի, որ Melani-ը չունի սեփական կայք։ Կարող եմ ուղարկել կարճ տեսանյութ, թե ինչպես է աշխատում սրահի կայքը՝ առցանց գրանցում վարպետների մոտ և գրաֆիկ ադմինում։ Գինը՝ 150 000 ֏-ից։ Ցույց տա՞մ, թե ինչպես կլինի ձեզ մոտ։","Здравствуйте! Меня зовут Азат, я делаю сайты для бизнесов в Армении (EVNWEB). Заметил, что у Melani нет своего сайта. Могу прислать короткое видео, как работает сайт салона: онлайн-запись к мастерам и расписание в админке. Цена от 150 000 ֏. Показать, как это будет выглядеть у вас?",,,,
24,3,Mila beauty home,салон красоты,Ереван,+37491033433,"Բարև Ձեզ։ Ես Ազատն եմ, կայքեր եմ պատրաստում Հայաստանի բիզնեսների համար (EVNWEB)։ Նկատեցի, որ Mila beauty home-ը չունի սեփական կայք։ Կարող եմ ուղարկել կարճ տեսանյութ, թե ինչպես է աշխատում սրահի կայքը՝ առցանց գրանցում վարպետների մոտ և գրաֆիկ ադմինում։ Գինը՝ 150 000 ֏-ից։ Ցույց տա՞մ, թե ինչպես կլինի ձեզ մոտ։","Здравствуйте! Меня зовут Азат, я делаю сайты для бизнесов в Армении (EVNWEB). Заметил, что у Mila beauty home нет своего сайта. Могу прислать короткое видео, как работает сайт салона: онлайн-запись к мастерам и расписание в админке. Цена от 150 000 ֏. Показать, как это будет выглядеть у вас?",,,,
24,3,My dior nails,салон красоты,Ереван,+37494777725,"Բարև Ձեզ։ Ես Ազատն եմ, կայքեր եմ պատրաստում Հայաստանի բիզնեսների համար (EVNWEB)։ Նկատեցի, որ My dior nails-ը չունի սեփական կայք։ Կարող եմ ուղարկել կարճ տեսանյութ, թե ինչպես է աշխատում սրահի կայքը՝ առցանց գրանցում վարպետների մոտ և գրաֆիկ ադմինում։ Գինը՝ 150 000 ֏-ից։ Ցույց տա՞մ, թե ինչպես կլինի ձեզ մոտ։","Здравствуйте! Меня зовут Азат, я делаю сайты для бизнесов в Армении (EVNWEB). Заметил, что у My dior nails нет своего сайта. Могу прислать короткое видео, как работает сайт салона: онлайн-запись к мастерам и расписание в админке. Цена от 150 000 ֏. Показать, как это будет выглядеть у вас?",,,,
24,3,NWstudio,салон красоты,Ереван,+37444234002,"Բարև Ձեզ։ Ես Ազատն եմ, կայքեր եմ պատրաստում Հայաստանի բիզնեսների համար (EVNWEB)։ Նկատեցի, որ NWstudio-ը չունի սեփական կայք։ Կարող եմ ուղարկել կարճ տեսանյութ, թե ինչպես է աշխատում սրահի կայքը՝ առցանց գրանցում վարպետների մոտ և գրաֆիկ ադմինում։ Գինը՝ 150 000 ֏-ից։ Ցույց տա՞մ, թե ինչպես կլինի ձեզ մոտ։","Здравствуйте! Меня зовут Азат, я делаю сайты для бизнесов в Армении (EVNWEB). Заметил, что у NWstudio нет своего сайта. Могу прислать короткое видео, как работает сайт салона: онлайн-запись к мастерам и расписание в админке. Цена от 150 000 ֏. Показать, как это будет выглядеть у вас?",,,,
24,3,Natali,салон красоты,Ереван,+37477155547,"Բարև Ձեզ։ Ես Ազատն եմ, կայքեր եմ պատրաստում Հայաստանի բիզնեսների համար (EVNWEB)։ Նկատեցի, որ Natali-ը չունի սեփական կայք։ Կարող եմ ուղարկել կարճ տեսանյութ, թե ինչպես է աշխատում սրահի կայքը՝ առցանց գրանցում վարպետների մոտ և գրաֆիկ ադմինում։ Գինը՝ 150 000 ֏-ից։ Ցույց տա՞մ, թե ինչպես կլինի ձեզ մոտ։","Здравствуйте! Меня зовут Азат, я делаю сайты для бизнесов в Армении (EVNWEB). Заметил, что у Natali нет своего сайта. Могу прислать короткое видео, как работает сайт салона: онлайн-запись к мастерам и расписание в админке. Цена от 150 000 ֏. Показать, как это будет выглядеть у вас?",,,,
24,3,RM Beauty Center,салон красоты,Ереван,+37443850555,"Բարև Ձեզ։ Ես Ազատն եմ, կայքեր եմ պատրաստում Հայաստանի բիզնեսների համար (EVNWEB)։ Նկատեցի, որ RM Beauty Center-ը չունի սեփական կայք։ Կարող եմ ուղարկել կարճ տեսանյութ, թե ինչպես է աշխատում սրահի կայքը՝ առցանց գրանցում վարպետների մոտ և գրաֆիկ ադմինում։ Գինը՝ 150 000 ֏-ից։ Ցույց տա՞մ, թե ինչպես կլինի ձեզ մոտ։","Здравствуйте! Меня зовут Азат, я делаю сайты для бизнесов в Армении (EVNWEB). Заметил, что у RM Beauty Center нет своего сайта. Могу прислать короткое видео, как работает сайт салона: онлайн-запись к мастерам и расписание в админке. Цена от 150 000 ֏. Показать, как это будет выглядеть у вас?",,,,
24,3,Rozah,салон красоты,Ереван,+37493976322,"Բարև Ձեզ։ Ես Ազատն եմ, կայքեր եմ պատրաստում Հայաստանի բիզնեսների համար (EVNWEB)։ Նկատեցի, որ Rozah-ը չունի սեփական կայք։ Կարող եմ ուղարկել կարճ տեսանյութ, թե ինչպես է աշխատում սրահի կայքը՝ առցանց գրանցում վարպետների մոտ և գրաֆիկ ադմինում։ Գինը՝ 150 000 ֏-ից։ Ցույց տա՞մ, թե ինչպես կլինի ձեզ մոտ։","Здравствуйте! Меня зовут Азат, я делаю сайты для бизнесов в Армении (EVNWEB). Заметил, что у Rozah нет своего сайта. Могу прислать короткое видео, как работает сайт салона: онлайн-запись к мастерам и расписание в админке. Цена от 150 000 ֏. Показать, как это будет выглядеть у вас?",,,,
24,3,Salma Beauty,салон красоты,Ереван,+37494377376,"Բարև Ձեզ։ Ես Ազատն եմ, կայքեր եմ պատրաստում Հայաստանի բիզնեսների համար (EVNWEB)։ Նկատեցի, որ Salma Beauty-ը չունի սեփական կայք։ Կարող եմ ուղարկել կարճ տեսանյութ, թե ինչպես է աշխատում սրահի կայքը՝ առցանց գրանցում վարպետների մոտ և գրաֆիկ ադմինում։ Գինը՝ 150 000 ֏-ից։ Ցույց տա՞մ, թե ինչպես կլինի ձեզ մոտ։","Здравствуйте! Меня зовут Азат, я делаю сайты для бизнесов в Армении (EVNWEB). Заметил, что у Salma Beauty нет своего сайта. Могу прислать короткое видео, как работает сайт салона: онлайн-запись к мастерам и расписание в админке. Цена от 150 000 ֏. Показать, как это будет выглядеть у вас?",,,,
24,3,Shushan beauty home,салон красоты,Ереван,+37441730101,"Բարև Ձեզ։ Ես Ազատն եմ, կայքեր եմ պատրաստում Հայաստանի բիզնեսների համար (EVNWEB)։ Նկատեցի, որ Shushan beauty home-ը չունի սեփական կայք։ Կարող եմ ուղարկել կարճ տեսանյութ, թե ինչպես է աշխատում սրահի կայքը՝ առցանց գրանցում վարպետների մոտ և գրաֆիկ ադմինում։ Գինը՝ 150 000 ֏-ից։ Ցույց տա՞մ, թե ինչպես կլինի ձեզ մոտ։","Здравствуйте! Меня зовут Азат, я делаю сайты для бизнесов в Армении (EVNWEB). Заметил, что у Shushan beauty home нет своего сайта. Могу прислать короткое видео, как работает сайт салона: онлайн-запись к мастерам и расписание в админке. Цена от 150 000 ֏. Показать, как это будет выглядеть у вас?",,,,
24,3,Siam Herb Studio,салон красоты,Ереван,+37460654545,"Բարև Ձեզ։ Ես Ազատն եմ, կայքեր եմ պատրաստում Հայաստանի բիզնեսների համար (EVNWEB)։ Նկատեցի, որ Siam Herb Studio-ը չունի սեփական կայք։ Կարող եմ ուղարկել կարճ տեսանյութ, թե ինչպես է աշխատում սրահի կայքը՝ առցանց գրանցում վարպետների մոտ և գրաֆիկ ադմինում։ Գինը՝ 150 000 ֏-ից։ Ցույց տա՞մ, թե ինչպես կլինի ձեզ մոտ։","Здравствуйте! Меня зовут Азат, я делаю сайты для бизнесов в Армении (EVNWEB). Заметил, что у Siam Herb Studio нет своего сайта. Могу прислать короткое видео, как работает сайт салона: онлайн-запись к мастерам и расписание в админке. Цена от 150 000 ֏. Показать, как это будет выглядеть у вас?",ne_mobilny,,,
24,3,Sirane,салон красоты,Ереван,+37455484030,"Բարև Ձեզ։ Ես Ազատն եմ, կայքեր եմ պատրաստում Հայաստանի բիզնեսների համար (EVNWEB)։ Նկատեցի, որ Sirane-ը չունի սեփական կայք։ Կարող եմ ուղարկել կարճ տեսանյութ, թե ինչպես է աշխատում սրահի կայքը՝ առցանց գրանցում վարպետների մոտ և գրաֆիկ ադմինում։ Գինը՝ 150 000 ֏-ից։ Ցույց տա՞մ, թե ինչպես կլինի ձեզ մոտ։","Здравствуйте! Меня зовут Азат, я делаю сайты для бизнесов в Армении (EVNWEB). Заметил, что у Sirane нет своего сайта. Могу прислать короткое видео, как работает сайт салона: онлайн-запись к мастерам и расписание в админке. Цена от 150 000 ֏. Показать, как это будет выглядеть у вас?",,,,
25,3,Star,салон красоты,Ереван,+37477070589,"Բարև Ձեզ։ Ես Ազատն եմ, կայքեր եմ պատրաստում Հայաստանի բիզնեսների համար (EVNWEB)։ Նկատեցի, որ Star-ը չունի սեփական կայք։ Կարող եմ ուղարկել կարճ տեսանյութ, թե ինչպես է աշխատում սրահի կայքը՝ առցանց գրանցում վարպետների մոտ և գրաֆիկ ադմինում։ Գինը՝ 150 000 ֏-ից։ Ցույց տա՞մ, թե ինչպես կլինի ձեզ մոտ։","Здравствуйте! Меня зовут Азат, я делаю сайты для бизнесов в Армении (EVNWEB). Заметил, что у Star нет своего сайта. Могу прислать короткое видео, как работает сайт салона: онлайн-запись к мастерам и расписание в админке. Цена от 150 000 ֏. Показать, как это будет выглядеть у вас?",,,,
25,3,Style,салон красоты,Ереван,+37410585457,"Բարև Ձեզ։ Ես Ազատն եմ, կայքեր եմ պատրաստում Հայաստանի բիզնեսների համար (EVNWEB)։ Նկատեցի, որ Style-ը չունի սեփական կայք։ Կարող եմ ուղարկել կարճ տեսանյութ, թե ինչպես է աշխատում սրահի կայքը՝ առցանց գրանցում վարպետների մոտ և գրաֆիկ ադմինում։ Գինը՝ 150 000 ֏-ից։ Ցույց տա՞մ, թե ինչպես կլինի ձեզ մոտ։","Здравствуйте! Меня зовут Азат, я делаю сайты для бизнесов в Армении (EVNWEB). Заметил, что у Style нет своего сайта. Могу прислать короткое видео, как работает сайт салона: онлайн-запись к мастерам и расписание в админке. Цена от 150 000 ֏. Показать, как это будет выглядеть у вас?",ne_mobilny,,,
25,3,The nail place,салон красоты,Ереван,+37444802626,"Բարև Ձեզ։ Ես Ազատն եմ, կայքեր եմ պատրաստում Հայաստանի բիզնեսների համար (EVNWEB)։ Նկատեցի, որ The nail place-ը չունի սեփական կայք։ Կարող եմ ուղարկել կարճ տեսանյութ, թե ինչպես է աշխատում սրահի կայքը՝ առցանց գրանցում վարպետների մոտ և գրաֆիկ ադմինում։ Գինը՝ 150 000 ֏-ից։ Ցույց տա՞մ, թե ինչպես կլինի ձեզ մոտ։","Здравствуйте! Меня зовут Азат, я делаю сайты для бизнесов в Армении (EVNWEB). Заметил, что у The nail place нет своего сайта. Могу прислать короткое видео, как работает сайт салона: онлайн-запись к мастерам и расписание в админке. Цена от 150 000 ֏. Показать, как это будет выглядеть у вас?",,,,
25,3,Trendi beauty salon,салон красоты,Ереван,+37496100550,"Բարև Ձեզ։ Ես Ազատն եմ, կայքեր եմ պատրաստում Հայաստանի բիզնեսների համար (EVNWEB)։ Նկատեցի, որ Trendi beauty salon-ը չունի սեփական կայք։ Կարող եմ ուղարկել կարճ տեսանյութ, թե ինչպես է աշխատում սրահի կայքը՝ առցանց գրանցում վարպետների մոտ և գրաֆիկ ադմինում։ Գինը՝ 150 000 ֏-ից։ Ցույց տա՞մ, թե ինչպես կլինի ձեզ մոտ։","Здравствуйте! Меня зовут Азат, я делаю сайты для бизнесов в Армении (EVNWEB). Заметил, что у Trendi beauty salon нет своего сайта. Могу прислать короткое видео, как работает сайт салона: онлайн-запись к мастерам и расписание в админке. Цена от 150 000 ֏. Показать, как это будет выглядеть у вас?",,,,
25,3,Twins Nail Studio,салон красоты,Ереван,+37477790957,"Բարև Ձեզ։ Ես Ազատն եմ, կայքեր եմ պատրաստում Հայաստանի բիզնեսների համար (EVNWEB)։ Նկատեցի, որ Twins Nail Studio-ը չունի սեփական կայք։ Կարող եմ ուղարկել կարճ տեսանյութ, թե ինչպես է աշխատում սրահի կայքը՝ առցանց գրանցում վարպետների մոտ և գրաֆիկ ադմինում։ Գինը՝ 150 000 ֏-ից։ Ցույց տա՞մ, թե ինչպես կլինի ձեզ մոտ։","Здравствуйте! Меня зовут Азат, я делаю сайты для бизнесов в Армении (EVNWEB). Заметил, что у Twins Nail Studio нет своего сайта. Могу прислать короткое видео, как работает сайт салона: онлайн-запись к мастерам и расписание в админке. Цена от 150 000 ֏. Показать, как это будет выглядеть у вас?",,,,
25,3,Vanessa,салон красоты,Ереван,+37493064200,"Բարև Ձեզ։ Ես Ազատն եմ, կայքեր եմ պատրաստում Հայաստանի բիզնեսների համար (EVNWEB)։ Նկատեցի, որ Vanessa-ը չունի սեփական կայք։ Կարող եմ ուղարկել կարճ տեսանյութ, թե ինչպես է աշխատում սրահի կայքը՝ առցանց գրանցում վարպետների մոտ և գրաֆիկ ադմինում։ Գինը՝ 150 000 ֏-ից։ Ցույց տա՞մ, թե ինչպես կլինի ձեզ մոտ։","Здравствуйте! Меня зовут Азат, я делаю сайты для бизнесов в Армении (EVNWEB). Заметил, что у Vanessa нет своего сайта. Могу прислать короткое видео, как работает сайт салона: онлайн-запись к мастерам и расписание в админке. Цена от 150 000 ֏. Показать, как это будет выглядеть у вас?",,,,
25,3,Vera lashes,салон красоты,Ереван,+37498919221,"Բարև Ձեզ։ Ես Ազատն եմ, կայքեր եմ պատրաստում Հայաստանի բիզնեսների համար (EVNWEB)։ Նկատեցի, որ Vera lashes-ը չունի սեփական կայք։ Կարող եմ ուղարկել կարճ տեսանյութ, թե ինչպես է աշխատում սրահի կայքը՝ առցանց գրանցում վարպետների մոտ և գրաֆիկ ադմինում։ Գինը՝ 150 000 ֏-ից։ Ցույց տա՞մ, թե ինչպես կլինի ձեզ մոտ։","Здравствуйте! Меня зовут Азат, я делаю сайты для бизнесов в Армении (EVNWEB). Заметил, что у Vera lashes нет своего сайта. Могу прислать короткое видео, как работает сайт салона: онлайн-запись к мастерам и расписание в админке. Цена от 150 000 ֏. Показать, как это будет выглядеть у вас?",,,,
25,3,Vik art,салон красоты,Ереван,+37410529971,"Բարև Ձեզ։ Ես Ազատն եմ, կայքեր եմ պատրաստում Հայաստանի բիզնեսների համար (EVNWEB)։ Նկատեցի, որ Vik art-ը չունի սեփական կայք։ Կարող եմ ուղարկել կարճ տեսանյութ, թե ինչպես է աշխատում սրահի կայքը՝ առցանց գրանցում վարպետների մոտ և գրաֆիկ ադմինում։ Գինը՝ 150 000 ֏-ից։ Ցույց տա՞մ, թե ինչպես կլինի ձեզ մոտ։","Здравствуйте! Меня зовут Азат, я делаю сайты для бизнесов в Армении (EVNWEB). Заметил, что у Vik art нет своего сайта. Могу прислать короткое видео, как работает сайт салона: онлайн-запись к мастерам и расписание в админке. Цена от 150 000 ֏. Показать, как это будет выглядеть у вас?",ne_mobilny,,,
25,3,Vika,салон красоты,Ереван,+37477455930,"Բարև Ձեզ։ Ես Ազատն եմ, կայքեր եմ պատրաստում Հայաստանի բիզնեսների համար (EVNWEB)։ Նկատեցի, որ Vika-ը չունի սեփական կայք։ Կարող եմ ուղարկել կարճ տեսանյութ, թե ինչպես է աշխատում սրահի կայքը՝ առցանց գրանցում վարպետների մոտ և գրաֆիկ ադմինում։ Գինը՝ 150 000 ֏-ից։ Ցույց տա՞մ, թե ինչպես կլինի ձեզ մոտ։","Здравствуйте! Меня зовут Азат, я делаю сайты для бизнесов в Армении (EVNWEB). Заметил, что у Vika нет своего сайта. Могу прислать короткое видео, как работает сайт салона: онлайн-запись к мастерам и расписание в админке. Цена от 150 000 ֏. Показать, как это будет выглядеть у вас?",,,,
25,3,Zakaryan Lilit,салон красоты,Ереван,+37477635888,"Բարև Ձեզ։ Ես Ազատն եմ, կայքեր եմ պատրաստում Հայաստանի բիզնեսների համար (EVNWEB)։ Նկատեցի, որ Zakaryan Lilit-ը չունի սեփական կայք։ Կարող եմ ուղարկել կարճ տեսանյութ, թե ինչպես է աշխատում սրահի կայքը՝ առցանց գրանցում վարպետների մոտ և գրաֆիկ ադմինում։ Գինը՝ 150 000 ֏-ից։ Ցույց տա՞մ, թե ինչպես կլինի ձեզ մոտ։","Здравствуйте! Меня зовут Азат, я делаю сайты для бизнесов в Армении (EVNWEB). Заметил, что у Zakaryan Lilit нет своего сайта. Могу прислать короткое видео, как работает сайт салона: онлайн-запись к мастерам и расписание в админке. Цена от 150 000 ֏. Показать, как это будет выглядеть у вас?",,,,
25,3,JANOOL BEAUTY BAR,салон красоты,Ереван,+37443323213,"Բարև Ձեզ։ Ես Ազատն եմ, կայքեր եմ պատրաստում Հայաստանի բիզնեսների համար (EVNWEB)։ Նկատեցի, որ JANOOL BEAUTY BAR-ը չունի սեփական կայք։ Կարող եմ ուղարկել կարճ տեսանյութ, թե ինչպես է աշխատում սրահի կայքը՝ առցանց գրանցում վարպետների մոտ և գրաֆիկ ադմինում։ Գինը՝ 150 000 ֏-ից։ Ցույց տա՞մ, թե ինչպես կլինի ձեզ մոտ։","Здравствуйте! Меня зовут Азат, я делаю сайты для бизнесов в Армении (EVNWEB). Заметил, что у JANOOL BEAUTY BAR нет своего сайта. Могу прислать короткое видео, как работает сайт салона: онлайн-запись к мастерам и расписание в админке. Цена от 150 000 ֏. Показать, как это будет выглядеть у вас?",,,,
25,3,Anna Tsovyan,салон красоты,Ереван,+37499821727,"Բարև Ձեզ։ Ես Ազատն եմ, կայքեր եմ պատրաստում Հայաստանի բիզնեսների համար (EVNWEB)։ Նկատեցի, որ Anna Tsovyan-ը չունի սեփական կայք։ Կարող եմ ուղարկել կարճ տեսանյութ, թե ինչպես է աշխատում սրահի կայքը՝ առցանց գրանցում վարպետների մոտ և գրաֆիկ ադմինում։ Գինը՝ 150 000 ֏-ից։ Ցույց տա՞մ, թե ինչպես կլինի ձեզ մոտ։","Здравствуйте! Меня зовут Азат, я делаю сайты для бизнесов в Армении (EVNWEB). Заметил, что у Anna Tsovyan нет своего сайта. Могу прислать короткое видео, как работает сайт салона: онлайн-запись к мастерам и расписание в админке. Цена от 150 000 ֏. Показать, как это будет выглядеть у вас?",,,,
25,3,Trvanda,салон красоты,Ереван,+37496282727,"Բարև Ձեզ։ Ես Ազատն եմ, կայքեր եմ պատրաստում Հայաստանի բիզնեսների համար (EVNWEB)։ Նկատեցի, որ Trvanda-ը չունի սեփական կայք։ Կարող եմ ուղարկել կարճ տեսանյութ, թե ինչպես է աշխատում սրահի կայքը՝ առցանց գրանցում վարպետների մոտ և գրաֆիկ ադմինում։ Գինը՝ 150 000 ֏-ից։ Ցույց տա՞մ, թե ինչպես կլինի ձեզ մոտ։","Здравствуйте! Меня зовут Азат, я делаю сайты для бизнесов в Армении (EVNWEB). Заметил, что у Trvanda нет своего сайта. Могу прислать короткое видео, как работает сайт салона: онлайн-запись к мастерам и расписание в админке. Цена от 150 000 ֏. Показать, как это будет выглядеть у вас?",,,,
25,3,Lana,салон красоты,Ереван,+37444602927,"Բարև Ձեզ։ Ես Ազատն եմ, կայքեր եմ պատրաստում Հայաստանի բիզնեսների համար (EVNWEB)։ Նկատեցի, որ Lana-ը չունի սեփական կայք։ Կարող եմ ուղարկել կարճ տեսանյութ, թե ինչպես է աշխատում սրահի կայքը՝ առցանց գրանցում վարպետների մոտ և գրաֆիկ ադմինում։ Գինը՝ 150 000 ֏-ից։ Ցույց տա՞մ, թե ինչպես կլինի ձեզ մոտ։","Здравствуйте! Меня зовут Азат, я делаю сайты для бизнесов в Армении (EVNWEB). Заметил, что у Lana нет своего сайта. Могу прислать короткое видео, как работает сайт салона: онлайн-запись к мастерам и расписание в админке. Цена от 150 000 ֏. Показать, как это будет выглядеть у вас?",,,,
25,3,Lashlab,салон красоты,Ереван,+37455951111,"Բարև Ձեզ։ Ես Ազատն եմ, կայքեր եմ պատրաստում Հայաստանի բիզնեսների համար (EVNWEB)։ Նկատեցի, որ Lashlab-ը չունի սեփական կայք։ Կարող եմ ուղարկել կարճ տեսանյութ, թե ինչպես է աշխատում սրահի կայքը՝ առցանց գրանցում վարպետների մոտ և գրաֆիկ ադմինում։ Գինը՝ 150 000 ֏-ից։ Ցույց տա՞մ, թե ինչպես կլինի ձեզ մոտ։","Здравствуйте! Меня зовут Азат, я делаю сайты для бизнесов в Армении (EVNWEB). Заметил, что у Lashlab нет своего сайта. Могу прислать короткое видео, как работает сайт салона: онлайн-запись к мастерам и расписание в админке. Цена от 150 000 ֏. Показать, как это будет выглядеть у вас?",,,,
25,3,Luxio,салон красоты,Ереван,+37499070072,"Բարև Ձեզ։ Ես Ազատն եմ, կայքեր եմ պատրաստում Հայաստանի բիզնեսների համար (EVNWEB)։ Նկատեցի, որ Luxio-ը չունի սեփական կայք։ Կարող եմ ուղարկել կարճ տեսանյութ, թե ինչպես է աշխատում սրահի կայքը՝ առցանց գրանցում վարպետների մոտ և գրաֆիկ ադմինում։ Գինը՝ 150 000 ֏-ից։ Ցույց տա՞մ, թե ինչպես կլինի ձեզ մոտ։","Здравствуйте! Меня зовут Азат, я делаю сайты для бизнесов в Армении (EVNWEB). Заметил, что у Luxio нет своего сайта. Могу прислать короткое видео, как работает сайт салона: онлайн-запись к мастерам и расписание в админке. Цена от 150 000 ֏. Показать, как это будет выглядеть у вас?",,,,
25,3,Krist-Madonna beauty and nail studio,салон красоты,Ереван,+37410588806,"Բարև Ձեզ։ Ես Ազատն եմ, կայքեր եմ պատրաստում Հայաստանի բիզնեսների համար (EVNWEB)։ Նկատեցի, որ Krist-Madonna beauty and nail studio-ը չունի սեփական կայք։ Կարող եմ ուղարկել կարճ տեսանյութ, թե ինչպես է աշխատում սրահի կայքը՝ առցանց գրանցում վարպետների մոտ և գրաֆիկ ադմինում։ Գինը՝ 150 000 ֏-ից։ Ցույց տա՞մ, թե ինչպես կլինի ձեզ մոտ։","Здравствуйте! Меня зовут Азат, я делаю сайты для бизнесов в Армении (EVNWEB). Заметил, что у Krist-Madonna beauty and nail studio нет своего сайта. Могу прислать короткое видео, как работает сайт салона: онлайн-запись к мастерам и расписание в админке. Цена от 150 000 ֏. Показать, как это будет выглядеть у вас?",ne_mobilny,,,
25,3,ՄԱՐԻ,салон красоты,Ереван,+37411210212,"Բարև Ձեզ։ Ես Ազատն եմ, կայքեր եմ պատրաստում Հայաստանի բիզնեսների համար (EVNWEB)։ Նկատեցի, որ ՄԱՐԻ-ը չունի սեփական կայք։ Կարող եմ ուղարկել կարճ տեսանյութ, թե ինչպես է աշխատում սրահի կայքը՝ առցանց գրանցում վարպետների մոտ և գրաֆիկ ադմինում։ Գինը՝ 150 000 ֏-ից։ Ցույց տա՞մ, թե ինչպես կլինի ձեզ մոտ։","Здравствуйте! Меня зовут Азат, я делаю сайты для бизнесов в Армении (EVNWEB). Заметил, что у ՄԱՐԻ нет своего сайта. Могу прислать короткое видео, как работает сайт салона: онлайн-запись к мастерам и расписание в админке. Цена от 150 000 ֏. Показать, как это будет выглядеть у вас?",ne_mobilny,,,
25,3,Ma Belle,салон красоты,Ереван,+37494951520,"Բարև Ձեզ։ Ես Ազատն եմ, կայքեր եմ պատրաստում Հայաստանի բիզնեսների համար (EVNWEB)։ Նկատեցի, որ Ma Belle-ը չունի սեփական կայք։ Կարող եմ ուղարկել կարճ տեսանյութ, թե ինչպես է աշխատում սրահի կայքը՝ առցանց գրանցում վարպետների մոտ և գրաֆիկ ադմինում։ Գինը՝ 150 000 ֏-ից։ Ցույց տա՞մ, թե ինչպես կլինի ձեզ մոտ։","Здравствуйте! Меня зовут Азат, я делаю сайты для бизнесов в Армении (EVNWEB). Заметил, что у Ma Belle нет своего сайта. Могу прислать короткое видео, как работает сайт салона: онлайн-запись к мастерам и расписание в админке. Цена от 150 000 ֏. Показать, как это будет выглядеть у вас?",,,,
25,3,Mariam,салон красоты,Ереван,+37496698383,"Բարև Ձեզ։ Ես Ազատն եմ, կայքեր եմ պատրաստում Հայաստանի բիզնեսների համար (EVNWEB)։ Նկատեցի, որ Mariam-ը չունի սեփական կայք։ Կարող եմ ուղարկել կարճ տեսանյութ, թե ինչպես է աշխատում սրահի կայքը՝ առցանց գրանցում վարպետների մոտ և գրաֆիկ ադմինում։ Գինը՝ 150 000 ֏-ից։ Ցույց տա՞մ, թե ինչպես կլինի ձեզ մոտ։","Здравствуйте! Меня зовут Азат, я делаю сайты для бизнесов в Армении (EVNWEB). Заметил, что у Mariam нет своего сайта. Могу прислать короткое видео, как работает сайт салона: онлайн-запись к мастерам и расписание в админке. Цена от 150 000 ֏. Показать, как это будет выглядеть у вас?",,,,
25,3,Marinka,салон красоты,Ереван,+37410563232,"Բարև Ձեզ։ Ես Ազատն եմ, կայքեր եմ պատրաստում Հայաստանի բիզնեսների համար (EVNWEB)։ Նկատեցի, որ Marinka-ը չունի սեփական կայք։ Կարող եմ ուղարկել կարճ տեսանյութ, թե ինչպես է աշխատում սրահի կայքը՝ առցանց գրանցում վարպետների մոտ և գրաֆիկ ադմինում։ Գինը՝ 150 000 ֏-ից։ Ցույց տա՞մ, թե ինչպես կլինի ձեզ մոտ։","Здравствуйте! Меня зовут Азат, я делаю сайты для бизнесов в Армении (EVNWEB). Заметил, что у Marinka нет своего сайта. Могу прислать короткое видео, как работает сайт салона: онлайн-запись к мастерам и расписание в админке. Цена от 150 000 ֏. Показать, как это будет выглядеть у вас?",ne_mobilny,,,
25,3,Milena,салон красоты,Ереван,+37410272705,"Բարև Ձեզ։ Ես Ազատն եմ, կայքեր եմ պատրաստում Հայաստանի բիզնեսների համար (EVNWEB)։ Նկատեցի, որ Milena-ը չունի սեփական կայք։ Կարող եմ ուղարկել կարճ տեսանյութ, թե ինչպես է աշխատում սրահի կայքը՝ առցանց գրանցում վարպետների մոտ և գրաֆիկ ադմինում։ Գինը՝ 150 000 ֏-ից։ Ցույց տա՞մ, թե ինչպես կլինի ձեզ մոտ։","Здравствуйте! Меня зовут Азат, я делаю сайты для бизнесов в Армении (EVNWEB). Заметил, что у Milena нет своего сайта. Могу прислать короткое видео, как работает сайт салона: онлайн-запись к мастерам и расписание в админке. Цена от 150 000 ֏. Показать, как это будет выглядеть у вас?",ne_mobilny,,,
25,3,Յանա,салон красоты,Ереван,+37498698017,"Բարև Ձեզ։ Ես Ազատն եմ, կայքեր եմ պատրաստում Հայաստանի բիզնեսների համար (EVNWEB)։ Նկատեցի, որ Յանա-ը չունի սեփական կայք։ Կարող եմ ուղարկել կարճ տեսանյութ, թե ինչպես է աշխատում սրահի կայքը՝ առցանց գրանցում վարպետների մոտ և գրաֆիկ ադմինում։ Գինը՝ 150 000 ֏-ից։ Ցույց տա՞մ, թե ինչպես կլինի ձեզ մոտ։","Здравствуйте! Меня зовут Азат, я делаю сайты для бизнесов в Армении (EVNWEB). Заметил, что у Յանա нет своего сайта. Могу прислать короткое видео, как работает сайт салона: онлайн-запись к мастерам и расписание в админке. Цена от 150 000 ֏. Показать, как это будет выглядеть у вас?",,,,
25,3,Ne,салон красоты,Ереван,+37410277737,"Բարև Ձեզ։ Ես Ազատն եմ, կայքեր եմ պատրաստում Հայաստանի բիզնեսների համար (EVNWEB)։ Նկատեցի, որ Ne-ը չունի սեփական կայք։ Կարող եմ ուղարկել կարճ տեսանյութ, թե ինչպես է աշխատում սրահի կայքը՝ առցանց գրանցում վարպետների մոտ և գրաֆիկ ադմինում։ Գինը՝ 150 000 ֏-ից։ Ցույց տա՞մ, թե ինչպես կլինի ձեզ մոտ։","Здравствуйте! Меня зовут Азат, я делаю сайты для бизнесов в Армении (EVNWEB). Заметил, что у Ne нет своего сайта. Могу прислать короткое видео, как работает сайт салона: онлайн-запись к мастерам и расписание в админке. Цена от 150 000 ֏. Показать, как это будет выглядеть у вас?",ne_mobilny,,,
25,3,Chocolate,салон красоты,Ереван,+37410573342,"Բարև Ձեզ։ Ես Ազատն եմ, կայքեր եմ պատրաստում Հայաստանի բիզնեսների համար (EVNWEB)։ Նկատեցի, որ Chocolate-ը չունի սեփական կայք։ Կարող եմ ուղարկել կարճ տեսանյութ, թե ինչպես է աշխատում սրահի կայքը՝ առցանց գրանցում վարպետների մոտ և գրաֆիկ ադմինում։ Գինը՝ 150 000 ֏-ից։ Ցույց տա՞մ, թե ինչպես կլինի ձեզ մոտ։","Здравствуйте! Меня зовут Азат, я делаю сайты для бизнесов в Армении (EVNWEB). Заметил, что у Chocolate нет своего сайта. Могу прислать короткое видео, как работает сайт салона: онлайн-запись к мастерам и расписание в админке. Цена от 150 000 ֏. Показать, как это будет выглядеть у вас?",ne_mobilny,,,
26,3,RioAni,салон красоты,Ереван,+37493807975,"Բարև Ձեզ։ Ես Ազատն եմ, կայքեր եմ պատրաստում Հայաստանի բիզնեսների համար (EVNWEB)։ Նկատեցի, որ RioAni-ը չունի սեփական կայք։ Կարող եմ ուղարկել կարճ տեսանյութ, թե ինչպես է աշխատում սրահի կայքը՝ առցանց գրանցում վարպետների մոտ և գրաֆիկ ադմինում։ Գինը՝ 150 000 ֏-ից։ Ցույց տա՞մ, թե ինչպես կլինի ձեզ մոտ։","Здравствуйте! Меня зовут Азат, я делаю сайты для бизнесов в Армении (EVNWEB). Заметил, что у RioAni нет своего сайта. Могу прислать короткое видео, как работает сайт салона: онлайн-запись к мастерам и расписание в админке. Цена от 150 000 ֏. Показать, как это будет выглядеть у вас?",,,,
26,3,Studio 36,салон красоты,Ереван,+37443330055,"Բարև Ձեզ։ Ես Ազատն եմ, կայքեր եմ պատրաստում Հայաստանի բիզնեսների համար (EVNWEB)։ Նկատեցի, որ Studio 36-ը չունի սեփական կայք։ Կարող եմ ուղարկել կարճ տեսանյութ, թե ինչպես է աշխատում սրահի կայքը՝ առցանց գրանցում վարպետների մոտ և գրաֆիկ ադմինում։ Գինը՝ 150 000 ֏-ից։ Ցույց տա՞մ, թե ինչպես կլինի ձեզ մոտ։","Здравствуйте! Меня зовут Азат, я делаю сайты для бизнесов в Армении (EVNWEB). Заметил, что у Studio 36 нет своего сайта. Могу прислать короткое видео, как работает сайт салона: онлайн-запись к мастерам и расписание в админке. Цена от 150 000 ֏. Показать, как это будет выглядеть у вас?",,,,
26,3,IsoDent,стоматология,Ереван,+37498351919,"Բարև Ձեզ։ Ես Ազատն եմ, կայքեր եմ պատրաստում Հայաստանի բիզնեսների համար (EVNWEB)։ Նկատեցի, որ IsoDent-ը չունի սեփական կայք։ Կարող եմ ուղարկել կարճ տեսանյութ, թե ինչպես է աշխատում կլինիկայի կայքը՝ բժիշկների էջեր, գներ և առցանց գրանցում։ Գինը՝ 280 000 ֏-ից։ Ցույց տա՞մ, թե ինչպես կլինի ձեզ մոտ։","Здравствуйте! Меня зовут Азат, я делаю сайты для бизнесов в Армении (EVNWEB). Заметил, что у IsoDent нет своего сайта. Могу прислать короткое видео, как работает сайт клиники: страницы врачей, цены и онлайн-запись. Цена от 280 000 ֏. Показать, как это будет выглядеть у вас?",,,,
26,3,Amantha,стоматология,Ереван,+37498994664,"Բարև Ձեզ։ Ես Ազատն եմ, կայքեր եմ պատրաստում Հայաստանի բիզնեսների համար (EVNWEB)։ Նկատեցի, որ Amantha-ը չունի սեփական կայք։ Կարող եմ ուղարկել կարճ տեսանյութ, թե ինչպես է աշխատում կլինիկայի կայքը՝ բժիշկների էջեր, գներ և առցանց գրանցում։ Գինը՝ 280 000 ֏-ից։ Ցույց տա՞մ, թե ինչպես կլինի ձեզ մոտ։","Здравствуйте! Меня зовут Азат, я делаю сайты для бизнесов в Армении (EVNWEB). Заметил, что у Amantha нет своего сайта. Могу прислать короткое видео, как работает сайт клиники: страницы врачей, цены и онлайн-запись. Цена от 280 000 ֏. Показать, как это будет выглядеть у вас?",,,,
26,3,Arti dent,стоматология,Ереван,+37410521022,"Բարև Ձեզ։ Ես Ազատն եմ, կայքեր եմ պատրաստում Հայաստանի բիզնեսների համար (EVNWEB)։ Նկատեցի, որ Arti dent-ը չունի սեփական կայք։ Կարող եմ ուղարկել կարճ տեսանյութ, թե ինչպես է աշխատում կլինիկայի կայքը՝ բժիշկների էջեր, գներ և առցանց գրանցում։ Գինը՝ 280 000 ֏-ից։ Ցույց տա՞մ, թե ինչպես կլինի ձեզ մոտ։","Здравствуйте! Меня зовут Азат, я делаю сайты для бизнесов в Армении (EVNWEB). Заметил, что у Arti dent нет своего сайта. Могу прислать короткое видео, как работает сайт клиники: страницы врачей, цены и онлайн-запись. Цена от 280 000 ֏. Показать, как это будет выглядеть у вас?",ne_mobilny,,,
26,3,DDD dental clinic,стоматология,Ереван,+37443093037,"Բարև Ձեզ։ Ես Ազատն եմ, կայքեր եմ պատրաստում Հայաստանի բիզնեսների համար (EVNWEB)։ Նկատեցի, որ DDD dental clinic-ը չունի սեփական կայք։ Կարող եմ ուղարկել կարճ տեսանյութ, թե ինչպես է աշխատում կլինիկայի կայքը՝ բժիշկների էջեր, գներ և առցանց գրանցում։ Գինը՝ 280 000 ֏-ից։ Ցույց տա՞մ, թե ինչպես կլինի ձեզ մոտ։","Здравствуйте! Меня зовут Азат, я делаю сайты для бизнесов в Армении (EVNWEB). Заметил, что у DDD dental clinic нет своего сайта. Могу прислать короткое видео, как работает сайт клиники: страницы врачей, цены и онлайн-запись. Цена от 280 000 ֏. Показать, как это будет выглядеть у вас?",,,,
26,3,ELITEDENT,стоматология,Ереван,+37410272677,"Բարև Ձեզ։ Ես Ազատն եմ, կայքեր եմ պատրաստում Հայաստանի բիզնեսների համար (EVNWEB)։ Նկատեցի, որ ELITEDENT-ը չունի սեփական կայք։ Կարող եմ ուղարկել կարճ տեսանյութ, թե ինչպես է աշխատում կլինիկայի կայքը՝ բժիշկների էջեր, գներ և առցանց գրանցում։ Գինը՝ 280 000 ֏-ից։ Ցույց տա՞մ, թե ինչպես կլինի ձեզ մոտ։","Здравствуйте! Меня зовут Азат, я делаю сайты для бизнесов в Армении (EVNWEB). Заметил, что у ELITEDENT нет своего сайта. Могу прислать короткое видео, как работает сайт клиники: страницы врачей, цены и онлайн-запись. Цена от 280 000 ֏. Показать, как это будет выглядеть у вас?",ne_mobilny,,,
26,3,Happy smile dental clinic,стоматология,Ереван,+37410569949,"Բարև Ձեզ։ Ես Ազատն եմ, կայքեր եմ պատրաստում Հայաստանի բիզնեսների համար (EVNWEB)։ Նկատեցի, որ Happy smile dental clinic-ը չունի սեփական կայք։ Կարող եմ ուղարկել կարճ տեսանյութ, թե ինչպես է աշխատում կլինիկայի կայքը՝ բժիշկների էջեր, գներ և առցանց գրանցում։ Գինը՝ 280 000 ֏-ից։ Ցույց տա՞մ, թե ինչպես կլինի ձեզ մոտ։","Здравствуйте! Меня зовут Азат, я делаю сайты для бизнесов в Армении (EVNWEB). Заметил, что у Happy smile dental clinic нет своего сайта. Могу прислать короткое видео, как работает сайт клиники: страницы врачей, цены и онлайн-запись. Цена от 280 000 ֏. Показать, как это будет выглядеть у вас?",ne_mobilny,,,
26,3,JH Dent,стоматология,Ереван,+37410747279,"Բարև Ձեզ։ Ես Ազատն եմ, կայքեր եմ պատրաստում Հայաստանի բիզնեսների համար (EVNWEB)։ Նկատեցի, որ JH Dent-ը չունի սեփական կայք։ Կարող եմ ուղարկել կարճ տեսանյութ, թե ինչպես է աշխատում կլինիկայի կայքը՝ բժիշկների էջեր, գներ և առցանց գրանցում։ Գինը՝ 280 000 ֏-ից։ Ցույց տա՞մ, թե ինչպես կլինի ձեզ մոտ։","Здравствуйте! Меня зовут Азат, я делаю сайты для бизнесов в Армении (EVNWEB). Заметил, что у JH Dent нет своего сайта. Могу прислать короткое видео, как работает сайт клиники: страницы врачей, цены и онлайн-запись. Цена от 280 000 ֏. Показать, как это будет выглядеть у вас?",ne_mobilny,,,
26,3,Levon Sargsyants,стоматология,Ереван,+37491487082,"Բարև Ձեզ։ Ես Ազատն եմ, կայքեր եմ պատրաստում Հայաստանի բիզնեսների համար (EVNWEB)։ Նկատեցի, որ Levon Sargsyants-ը չունի սեփական կայք։ Կարող եմ ուղարկել կարճ տեսանյութ, թե ինչպես է աշխատում կլինիկայի կայքը՝ բժիշկների էջեր, գներ և առցանց գրանցում։ Գինը՝ 280 000 ֏-ից։ Ցույց տա՞մ, թե ինչպես կլինի ձեզ մոտ։","Здравствуйте! Меня зовут Азат, я делаю сайты для бизнесов в Армении (EVNWEB). Заметил, что у Levon Sargsyants нет своего сайта. Могу прислать короткое видео, как работает сайт клиники: страницы врачей, цены и онлайн-запись. Цена от 280 000 ֏. Показать, как это будет выглядеть у вас?",,,,
26,3,My doctor,стоматология,Ереван,+37494949480,"Բարև Ձեզ։ Ես Ազատն եմ, կայքեր եմ պատրաստում Հայաստանի բիզնեսների համար (EVNWEB)։ Նկատեցի, որ My doctor-ը չունի սեփական կայք։ Կարող եմ ուղարկել կարճ տեսանյութ, թե ինչպես է աշխատում կլինիկայի կայքը՝ բժիշկների էջեր, գներ և առցանց գրանցում։ Գինը՝ 280 000 ֏-ից։ Ցույց տա՞մ, թե ինչպես կլինի ձեզ մոտ։","Здравствуйте! Меня зовут Азат, я делаю сайты для бизнесов в Армении (EVNWEB). Заметил, что у My doctor нет своего сайта. Могу прислать короткое видео, как работает сайт клиники: страницы врачей, цены и онлайн-запись. Цена от 280 000 ֏. Показать, как это будет выглядеть у вас?",,,,
26,3,Nersisyan Dental,стоматология,Ереван,+37477010756,"Բարև Ձեզ։ Ես Ազատն եմ, կայքեր եմ պատրաստում Հայաստանի բիզնեսների համար (EVNWEB)։ Նկատեցի, որ Nersisyan Dental-ը չունի սեփական կայք։ Կարող եմ ուղարկել կարճ տեսանյութ, թե ինչպես է աշխատում կլինիկայի կայքը՝ բժիշկների էջեր, գներ և առցանց գրանցում։ Գինը՝ 280 000 ֏-ից։ Ցույց տա՞մ, թե ինչպես կլինի ձեզ մոտ։","Здравствуйте! Меня зовут Азат, я делаю сайты для бизнесов в Армении (EVNWEB). Заметил, что у Nersisyan Dental нет своего сайта. Могу прислать короткое видео, как работает сайт клиники: страницы врачей, цены и онлайн-запись. Цена от 280 000 ֏. Показать, как это будет выглядеть у вас?",,,,
26,3,NoraDent,стоматология,Ереван,+37410451141,"Բարև Ձեզ։ Ես Ազատն եմ, կայքեր եմ պատրաստում Հայաստանի բիզնեսների համար (EVNWEB)։ Նկատեցի, որ NoraDent-ը չունի սեփական կայք։ Կարող եմ ուղարկել կարճ տեսանյութ, թե ինչպես է աշխատում կլինիկայի կայքը՝ բժիշկների էջեր, գներ և առցանց գրանցում։ Գինը՝ 280 000 ֏-ից։ Ցույց տա՞մ, թե ինչպես կլինի ձեզ մոտ։","Здравствуйте! Меня зовут Азат, я делаю сайты для бизнесов в Армении (EVNWEB). Заметил, что у NoraDent нет своего сайта. Могу прислать короткое видео, как работает сайт клиники: страницы врачей, цены и онлайн-запись. Цена от 280 000 ֏. Показать, как это будет выглядеть у вас?",ne_mobilny,,,
26,3,SL clinic,стоматология,Ереван,+37410509999,"Բարև Ձեզ։ Ես Ազատն եմ, կայքեր եմ պատրաստում Հայաստանի բիզնեսների համար (EVNWEB)։ Նկատեցի, որ SL clinic-ը չունի սեփական կայք։ Կարող եմ ուղարկել կարճ տեսանյութ, թե ինչպես է աշխատում կլինիկայի կայքը՝ բժիշկների էջեր, գներ և առցանց գրանցում։ Գինը՝ 280 000 ֏-ից։ Ցույց տա՞մ, թե ինչպես կլինի ձեզ մոտ։","Здравствуйте! Меня зовут Азат, я делаю сайты для бизнесов в Армении (EVNWEB). Заметил, что у SL clinic нет своего сайта. Могу прислать короткое видео, как работает сайт клиники: страницы врачей, цены и онлайн-запись. Цена от 280 000 ֏. Показать, как это будет выглядеть у вас?",ne_mobilny,,,
26,3,Torosyan clinics,стоматология,Ереван,+37410444613,"Բարև Ձեզ։ Ես Ազատն եմ, կայքեր եմ պատրաստում Հայաստանի բիզնեսների համար (EVNWEB)։ Նկատեցի, որ Torosyan clinics-ը չունի սեփական կայք։ Կարող եմ ուղարկել կարճ տեսանյութ, թե ինչպես է աշխատում կլինիկայի կայքը՝ բժիշկների էջեր, գներ և առցանց գրանցում։ Գինը՝ 280 000 ֏-ից։ Ցույց տա՞մ, թե ինչպես կլինի ձեզ մոտ։","Здравствуйте! Меня зовут Азат, я делаю сайты для бизнесов в Армении (EVNWEB). Заметил, что у Torosyan clinics нет своего сайта. Могу прислать короткое видео, как работает сайт клиники: страницы врачей, цены и онлайн-запись. Цена от 280 000 ֏. Показать, как это будет выглядеть у вас?",ne_mobilny,,,
26,3,White Castle Dental Medical Clinic,стоматология,Ереван,+37491326972,"Բարև Ձեզ։ Ես Ազատն եմ, կայքեր եմ պատրաստում Հայաստանի բիզնեսների համար (EVNWEB)։ Նկատեցի, որ White Castle Dental Medical Clinic-ը չունի սեփական կայք։ Կարող եմ ուղարկել կարճ տեսանյութ, թե ինչպես է աշխատում կլինիկայի կայքը՝ բժիշկների էջեր, գներ և առցանց գրանցում։ Գինը՝ 280 000 ֏-ից։ Ցույց տա՞մ, թե ինչպես կլինի ձեզ մոտ։","Здравствуйте! Меня зовут Азат, я делаю сайты для бизнесов в Армении (EVNWEB). Заметил, что у White Castle Dental Medical Clinic нет своего сайта. Могу прислать короткое видео, как работает сайт клиники: страницы врачей, цены и онлайн-запись. Цена от 280 000 ֏. Показать, как это будет выглядеть у вас?",,,,
26,3,Vital Med,стоматология,Ереван,+0037498909003,"Բարև Ձեզ։ Ես Ազատն եմ, կայքեր եմ պատրաստում Հայաստանի բիզնեսների համար (EVNWEB)։ Նկատեցի, որ Vital Med-ը չունի սեփական կայք։ Կարող եմ ուղարկել կարճ տեսանյութ, թե ինչպես է աշխատում կլինիկայի կայքը՝ բժիշկների էջեր, գներ և առցանց գրանցում։ Գինը՝ 280 000 ֏-ից։ Ցույց տա՞մ, թե ինչպես կլինի ձեզ մոտ։","Здравствуйте! Меня зовут Азат, я делаю сайты для бизнесов в Армении (EVNWEB). Заметил, что у Vital Med нет своего сайта. Могу прислать короткое видео, как работает сайт клиники: страницы врачей, цены и онлайн-запись. Цена от 280 000 ֏. Показать, как это будет выглядеть у вас?",ne_mobilny,,,
26,3,ԱԴ,стоматология,Ереван,+37455380502,"Բարև Ձեզ։ Ես Ազատն եմ, կայքեր եմ պատրաստում Հայաստանի բիզնեսների համար (EVNWEB)։ Նկատեցի, որ ԱԴ-ը չունի սեփական կայք։ Կարող եմ ուղարկել կարճ տեսանյութ, թե ինչպես է աշխատում կլինիկայի կայքը՝ բժիշկների էջեր, գներ և առցանց գրանցում։ Գինը՝ 280 000 ֏-ից։ Ցույց տա՞մ, թե ինչպես կլինի ձեզ մոտ։","Здравствуйте! Меня зовут Азат, я делаю сайты для бизнесов в Армении (EVNWEB). Заметил, что у ԱԴ нет своего сайта. Могу прислать короткое видео, как работает сайт клиники: страницы врачей, цены и онлайн-запись. Цена от 280 000 ֏. Показать, как это будет выглядеть у вас?",,,,
26,3,AS Dent,стоматология,Ереван,+37499666066,"Բարև Ձեզ։ Ես Ազատն եմ, կայքեր եմ պատրաստում Հայաստանի բիզնեսների համար (EVNWEB)։ Նկատեցի, որ AS Dent-ը չունի սեփական կայք։ Կարող եմ ուղարկել կարճ տեսանյութ, թե ինչպես է աշխատում կլինիկայի կայքը՝ բժիշկների էջեր, գներ և առցանց գրանցում։ Գինը՝ 280 000 ֏-ից։ Ցույց տա՞մ, թե ինչպես կլինի ձեզ մոտ։","Здравствуйте! Меня зовут Азат, я делаю сайты для бизнесов в Армении (EVNWEB). Заметил, что у AS Dent нет своего сайта. Могу прислать короткое видео, как работает сайт клиники: страницы врачей, цены и онлайн-запись. Цена от 280 000 ֏. Показать, как это будет выглядеть у вас?",,,,
26,3,Alfastom,стоматология,Ереван,+37410279227,"Բարև Ձեզ։ Ես Ազատն եմ, կայքեր եմ պատրաստում Հայաստանի բիզնեսների համար (EVNWEB)։ Նկատեցի, որ Alfastom-ը չունի սեփական կայք։ Կարող եմ ուղարկել կարճ տեսանյութ, թե ինչպես է աշխատում կլինիկայի կայքը՝ բժիշկների էջեր, գներ և առցանց գրանցում։ Գինը՝ 280 000 ֏-ից։ Ցույց տա՞մ, թե ինչպես կլինի ձեզ մոտ։","Здравствуйте! Меня зовут Азат, я делаю сайты для бизнесов в Армении (EVNWEB). Заметил, что у Alfastom нет своего сайта. Могу прислать короткое видео, как работает сайт клиники: страницы врачей, цены и онлайн-запись. Цена от 280 000 ֏. Показать, как это будет выглядеть у вас?",ne_mobilny,,,
26,3,Arsedent,стоматология,Ереван,+37410561766,"Բարև Ձեզ։ Ես Ազատն եմ, կայքեր եմ պատրաստում Հայաստանի բիզնեսների համար (EVNWEB)։ Նկատեցի, որ Arsedent-ը չունի սեփական կայք։ Կարող եմ ուղարկել կարճ տեսանյութ, թե ինչպես է աշխատում կլինիկայի կայքը՝ բժիշկների էջեր, գներ և առցանց գրանցում։ Գինը՝ 280 000 ֏-ից։ Ցույց տա՞մ, թե ինչպես կլինի ձեզ մոտ։","Здравствуйте! Меня зовут Азат, я делаю сайты для бизнесов в Армении (EVNWEB). Заметил, что у Arsedent нет своего сайта. Могу прислать короткое видео, как работает сайт клиники: страницы врачей, цены и онлайн-запись. Цена от 280 000 ֏. Показать, как это будет выглядеть у вас?",ne_mobilny,,,
26,3,ATS med,стоматология,Ереван,+37477032032,"Բարև Ձեզ։ Ես Ազատն եմ, կայքեր եմ պատրաստում Հայաստանի բիզնեսների համար (EVNWEB)։ Նկատեցի, որ ATS med-ը չունի սեփական կայք։ Կարող եմ ուղարկել կարճ տեսանյութ, թե ինչպես է աշխատում կլինիկայի կայքը՝ բժիշկների էջեր, գներ և առցանց գրանցում։ Գինը՝ 280 000 ֏-ից։ Ցույց տա՞մ, թե ինչպես կլինի ձեզ մոտ։","Здравствуйте! Меня зовут Азат, я делаю сайты для бизнесов в Армении (EVNWEB). Заметил, что у ATS med нет своего сайта. Могу прислать короткое видео, как работает сайт клиники: страницы врачей, цены и онлайн-запись. Цена от 280 000 ֏. Показать, как это будет выглядеть у вас?",,,,
26,3,luxodent Dental clinic,стоматология,Ереван,+37410578808,"Բարև Ձեզ։ Ես Ազատն եմ, կայքեր եմ պատրաստում Հայաստանի բիզնեսների համար (EVNWEB)։ Նկատեցի, որ luxodent Dental clinic-ը չունի սեփական կայք։ Կարող եմ ուղարկել կարճ տեսանյութ, թե ինչպես է աշխատում կլինիկայի կայքը՝ բժիշկների էջեր, գներ և առցանց գրանցում։ Գինը՝ 280 000 ֏-ից։ Ցույց տա՞մ, թե ինչպես կլինի ձեզ մոտ։","Здравствуйте! Меня зовут Азат, я делаю сайты для бизнесов в Армении (EVNWEB). Заметил, что у luxodent Dental clinic нет своего сайта. Могу прислать короткое видео, как работает сайт клиники: страницы врачей, цены и онлайн-запись. Цена от 280 000 ֏. Показать, как это будет выглядеть у вас?",ne_mobilny,,,
26,3,Karen Hambardzumyan,стоматология,Ереван,+37410746090,"Բարև Ձեզ։ Ես Ազատն եմ, կայքեր եմ պատրաստում Հայաստանի բիզնեսների համար (EVNWEB)։ Նկատեցի, որ Karen Hambardzumyan-ը չունի սեփական կայք։ Կարող եմ ուղարկել կարճ տեսանյութ, թե ինչպես է աշխատում կլինիկայի կայքը՝ բժիշկների էջեր, գներ և առցանց գրանցում։ Գինը՝ 280 000 ֏-ից։ Ցույց տա՞մ, թե ինչպես կլինի ձեզ մոտ։","Здравствуйте! Меня зовут Азат, я делаю сайты для бизнесов в Армении (EVNWEB). Заметил, что у Karen Hambardzumyan нет своего сайта. Могу прислать короткое видео, как работает сайт клиники: страницы врачей, цены и онлайн-запись. Цена от 280 000 ֏. Показать, как это будет выглядеть у вас?",ne_mobilny,,,
26,3,Масисская Стоматологическая Клиника ЗАО,стоматология,Ереван,+37423641221,"Բարև Ձեզ։ Ես Ազատն եմ, կայքեր եմ պատրաստում Հայաստանի բիզնեսների համար (EVNWEB)։ Նկատեցի, որ Масисская Стоматологическая Клиника ЗАО-ը չունի սեփական կայք։ Կարող եմ ուղարկել կարճ տեսանյութ, թե ինչպես է աշխատում կլինիկայի կայքը՝ բժիշկների էջեր, գներ և առցանց գրանցում։ Գինը՝ 280 000 ֏-ից։ Ցույց տա՞մ, թե ինչպես կլինի ձեզ մոտ։","Здравствуйте! Меня зовут Азат, я делаю сайты для бизнесов в Армении (EVNWEB). Заметил, что у Масисская Стоматологическая Клиника ЗАО нет своего сайта. Могу прислать короткое видео, как работает сайт клиники: страницы врачей, цены и онлайн-запись. Цена от 280 000 ֏. Показать, как это будет выглядеть у вас?",ne_mobilny,,,
27,3,R.Papyan Dental Clinic,стоматология,Ереван,+37491345153,"Բարև Ձեզ։ Ես Ազատն եմ, կայքեր եմ պատրաստում Հայաստանի բիզնեսների համար (EVNWEB)։ Նկատեցի, որ R.Papyan Dental Clinic-ը չունի սեփական կայք։ Կարող եմ ուղարկել կարճ տեսանյութ, թե ինչպես է աշխատում կլինիկայի կայքը՝ բժիշկների էջեր, գներ և առցանց գրանցում։ Գինը՝ 280 000 ֏-ից։ Ցույց տա՞մ, թե ինչպես կլինի ձեզ մոտ։","Здравствуйте! Меня зовут Азат, я делаю сайты для бизнесов в Армении (EVNWEB). Заметил, что у R.Papyan Dental Clinic нет своего сайта. Могу прислать короткое видео, как работает сайт клиники: страницы врачей, цены и онлайн-запись. Цена от 280 000 ֏. Показать, как это будет выглядеть у вас?",,,,
27,3,Vital Dent,стоматология,Ереван,+37498909003,"Բարև Ձեզ։ Ես Ազատն եմ, կայքեր եմ պատրաստում Հայաստանի բիզնեսների համար (EVNWEB)։ Նկատեցի, որ Vital Dent-ը չունի սեփական կայք։ Կարող եմ ուղարկել կարճ տեսանյութ, թե ինչպես է աշխատում կլինիկայի կայքը՝ բժիշկների էջեր, գներ և առցանց գրանցում։ Գինը՝ 280 000 ֏-ից։ Ցույց տա՞մ, թե ինչպես կլինի ձեզ մոտ։","Здравствуйте! Меня зовут Азат, я делаю сайты для бизнесов в Армении (EVNWEB). Заметил, что у Vital Dent нет своего сайта. Могу прислать короткое видео, как работает сайт клиники: страницы врачей, цены и онлайн-запись. Цена от 280 000 ֏. Показать, как это будет выглядеть у вас?",,,,
27,3,Payl-dent,стоматология,Ереван,+37491237731,"Բարև Ձեզ։ Ես Ազատն եմ, կայքեր եմ պատրաստում Հայաստանի բիզնեսների համար (EVNWEB)։ Նկատեցի, որ Payl-dent-ը չունի սեփական կայք։ Կարող եմ ուղարկել կարճ տեսանյութ, թե ինչպես է աշխատում կլինիկայի կայքը՝ բժիշկների էջեր, գներ և առցանց գրանցում։ Գինը՝ 280 000 ֏-ից։ Ցույց տա՞մ, թե ինչպես կլինի ձեզ մոտ։","Здравствуйте! Меня зовут Азат, я делаю сайты для бизнесов в Армении (EVNWEB). Заметил, что у Payl-dent нет своего сайта. Могу прислать короткое видео, как работает сайт клиники: страницы врачей, цены и онлайн-запись. Цена от 280 000 ֏. Показать, как это будет выглядеть у вас?",,,,
27,3,Kaiser,супермаркет,Ереван,+37411748686,"Բարև Ձեզ։ Ես Ազատն եմ, կայքեր եմ պատրաստում Հայաստանի բիզնեսների համար (EVNWEB)։ Նկատեցի, որ Kaiser-ը չունի սեփական կայք։ Կարող եմ ուղարկել կարճ տեսանյութ, թե ինչպես է աշխատում խանութի կայքը՝ առցանց պատվերներ, մնացորդներ և պիտանելիության ժամկետներ։ Գինը՝ 400 000 ֏-ից։ Ցույց տա՞մ, թե ինչպես կլինի ձեզ մոտ։","Здравствуйте! Меня зовут Азат, я делаю сайты для бизнесов в Армении (EVNWEB). Заметил, что у Kaiser нет своего сайта. Могу прислать короткое видео, как работает сайт магазина: онлайн-заказы, остатки и сроки годности. Цена от 400 000 ֏. Показать, как это будет выглядеть у вас?",ne_mobilny,,,
27,3,Агора,супермаркет,Ереван,+37411332333,"Բարև Ձեզ։ Ես Ազատն եմ, կայքեր եմ պատրաստում Հայաստանի բիզնեսների համար (EVNWEB)։ Նկատեցի, որ Агора-ը չունի սեփական կայք։ Կարող եմ ուղարկել կարճ տեսանյութ, թե ինչպես է աշխատում խանութի կայքը՝ առցանց պատվերներ, մնացորդներ և պիտանելիության ժամկետներ։ Գինը՝ 400 000 ֏-ից։ Ցույց տա՞մ, թե ինչպես կլինի ձեզ մոտ։","Здравствуйте! Меня зовут Азат, я делаю сайты для бизнесов в Армении (EVNWEB). Заметил, что у Агора нет своего сайта. Могу прислать короткое видео, как работает сайт магазина: онлайн-заказы, остатки и сроки годности. Цена от 400 000 ֏. Показать, как это будет выглядеть у вас?",ne_mobilny,,,
27,3,Amikus,супермаркет,Ереван,+37410428810,"Բարև Ձեզ։ Ես Ազատն եմ, կայքեր եմ պատրաստում Հայաստանի բիզնեսների համար (EVNWEB)։ Նկատեցի, որ Amikus-ը չունի սեփական կայք։ Կարող եմ ուղարկել կարճ տեսանյութ, թե ինչպես է աշխատում խանութի կայքը՝ առցանց պատվերներ, մնացորդներ և պիտանելիության ժամկետներ։ Գինը՝ 400 000 ֏-ից։ Ցույց տա՞մ, թե ինչպես կլինի ձեզ մոտ։","Здравствуйте! Меня зовут Азат, я делаю сайты для бизнесов в Армении (EVNWEB). Заметил, что у Amikus нет своего сайта. Могу прислать короткое видео, как работает сайт магазина: онлайн-заказы, остатки и сроки годности. Цена от 400 000 ֏. Показать, как это будет выглядеть у вас?",ne_mobilny,,,
27,3,MG,супермаркет,Ереван,+37495144466,"Բարև Ձեզ։ Ես Ազատն եմ, կայքեր եմ պատրաստում Հայաստանի բիզնեսների համար (EVNWEB)։ Նկատեցի, որ MG-ը չունի սեփական կայք։ Կարող եմ ուղարկել կարճ տեսանյութ, թե ինչպես է աշխատում խանութի կայքը՝ առցանց պատվերներ, մնացորդներ և պիտանելիության ժամկետներ։ Գինը՝ 400 000 ֏-ից։ Ցույց տա՞մ, թե ինչպես կլինի ձեզ մոտ։","Здравствуйте! Меня зовут Азат, я делаю сайты для бизнесов в Армении (EVNWEB). Заметил, что у MG нет своего сайта. Могу прислать короткое видео, как работает сайт магазина: онлайн-заказы, остатки и сроки годности. Цена от 400 000 ֏. Показать, как это будет выглядеть у вас?",,,,
27,3,Revem-Yantar,супермаркет,Ереван,+37410633854,"Բարև Ձեզ։ Ես Ազատն եմ, կայքեր եմ պատրաստում Հայաստանի բիզնեսների համար (EVNWEB)։ Նկատեցի, որ Revem-Yantar-ը չունի սեփական կայք։ Կարող եմ ուղարկել կարճ տեսանյութ, թե ինչպես է աշխատում խանութի կայքը՝ առցանց պատվերներ, մնացորդներ և պիտանելիության ժամկետներ։ Գինը՝ 400 000 ֏-ից։ Ցույց տա՞մ, թե ինչպես կլինի ձեզ մոտ։","Здравствуйте! Меня зовут Азат, я делаю сайты для бизнесов в Армении (EVNWEB). Заметил, что у Revem-Yantar нет своего сайта. Могу прислать короткое видео, как работает сайт магазина: онлайн-заказы, остатки и сроки годности. Цена от 400 000 ֏. Показать, как это будет выглядеть у вас?",ne_mobilny,,,
27,3,Sky,супермаркет,Ереван,+37460810000,"Բարև Ձեզ։ Ես Ազատն եմ, կայքեր եմ պատրաստում Հայաստանի բիզնեսների համար (EVNWEB)։ Նկատեցի, որ Sky-ը չունի սեփական կայք։ Կարող եմ ուղարկել կարճ տեսանյութ, թե ինչպես է աշխատում խանութի կայքը՝ առցանց պատվերներ, մնացորդներ և պիտանելիության ժամկետներ։ Գինը՝ 400 000 ֏-ից։ Ցույց տա՞մ, թե ինչպես կլինի ձեզ մոտ։","Здравствуйте! Меня зовут Азат, я делаю сайты для бизнесов в Армении (EVNWEB). Заметил, что у Sky нет своего сайта. Могу прислать короткое видео, как работает сайт магазина: онлайн-заказы, остатки и сроки годности. Цена от 400 000 ֏. Показать, как это будет выглядеть у вас?",ne_mobilny,,,
27,3,Ереван Сити,супермаркет,Ереван,+37455254444,"Բարև Ձեզ։ Ես Ազատն եմ, կայքեր եմ պատրաստում Հայաստանի բիզնեսների համար (EVNWEB)։ Նկատեցի, որ Ереван Сити-ը չունի սեփական կայք։ Կարող եմ ուղարկել կարճ տեսանյութ, թե ինչպես է աշխատում խանութի կայքը՝ առցանց պատվերներ, մնացորդներ և պիտանելիության ժամկետներ։ Գինը՝ 400 000 ֏-ից։ Ցույց տա՞մ, թե ինչպես կլինի ձեզ մոտ։","Здравствуйте! Меня зовут Азат, я делаю сайты для бизнесов в Армении (EVNWEB). Заметил, что у Ереван Сити нет своего сайта. Могу прислать короткое видео, как работает сайт магазина: онлайн-заказы, остатки и сроки годности. Цена от 400 000 ֏. Показать, как это будет выглядеть у вас?",,,,
27,3,Yeritsyan and sons,супермаркет,Ереван,+37410220868,"Բարև Ձեզ։ Ես Ազատն եմ, կայքեր եմ պատրաստում Հայաստանի բիզնեսների համար (EVNWEB)։ Նկատեցի, որ Yeritsyan and sons-ը չունի սեփական կայք։ Կարող եմ ուղարկել կարճ տեսանյութ, թե ինչպես է աշխատում խանութի կայքը՝ առցանց պատվերներ, մնացորդներ և պիտանելիության ժամկետներ։ Գինը՝ 400 000 ֏-ից։ Ցույց տա՞մ, թե ինչպես կլինի ձեզ մոտ։","Здравствуйте! Меня зовут Азат, я делаю сайты для бизнесов в Армении (EVNWEB). Заметил, что у Yeritsyan and sons нет своего сайта. Могу прислать короткое видео, как работает сайт магазина: онлайн-заказы, остатки и сроки годности. Цена от 400 000 ֏. Показать, как это будет выглядеть у вас?",ne_mobilny,,,
27,3,Arev,супермаркет,Ереван,+37410425525,"Բարև Ձեզ։ Ես Ազատն եմ, կայքեր եմ պատրաստում Հայաստանի բիզնեսների համար (EVNWEB)։ Նկատեցի, որ Arev-ը չունի սեփական կայք։ Կարող եմ ուղարկել կարճ տեսանյութ, թե ինչպես է աշխատում խանութի կայքը՝ առցանց պատվերներ, մնացորդներ և պիտանելիության ժամկետներ։ Գինը՝ 400 000 ֏-ից։ Ցույց տա՞մ, թե ինչպես կլինի ձեզ մոտ։","Здравствуйте! Меня зовут Азат, я делаю сайты для бизнесов в Армении (EVNWEB). Заметил, что у Arev нет своего сайта. Могу прислать короткое видео, как работает сайт магазина: онлайн-заказы, остатки и сроки годности. Цена от 400 000 ֏. Показать, как это будет выглядеть у вас?",ne_mobilny,,,
27,3,Armand,супермаркет,Ереван,+3742364102037493731020,"Բարև Ձեզ։ Ես Ազատն եմ, կայքեր եմ պատրաստում Հայաստանի բիզնեսների համար (EVNWEB)։ Նկատեցի, որ Armand-ը չունի սեփական կայք։ Կարող եմ ուղարկել կարճ տեսանյութ, թե ինչպես է աշխատում խանութի կայքը՝ առցանց պատվերներ, մնացորդներ և պիտանելիության ժամկետներ։ Գինը՝ 400 000 ֏-ից։ Ցույց տա՞մ, թե ինչպես կլինի ձեզ մոտ։","Здравствуйте! Меня зовут Азат, я делаю сайты для бизнесов в Армении (EVNWEB). Заметил, что у Armand нет своего сайта. Могу прислать короткое видео, как работает сайт магазина: онлайн-заказы, остатки и сроки годности. Цена от 400 000 ֏. Показать, как это будет выглядеть у вас?",ne_mobilny,,,
27,3,Gnuni Market,супермаркет,Ереван,+37455531111,"Բարև Ձեզ։ Ես Ազատն եմ, կայքեր եմ պատրաստում Հայաստանի բիզնեսների համար (EVNWEB)։ Նկատեցի, որ Gnuni Market-ը չունի սեփական կայք։ Կարող եմ ուղարկել կարճ տեսանյութ, թե ինչպես է աշխատում խանութի կայքը՝ առցանց պատվերներ, մնացորդներ և պիտանելիության ժամկետներ։ Գինը՝ 400 000 ֏-ից։ Ցույց տա՞մ, թե ինչպես կլինի ձեզ մոտ։","Здравствуйте! Меня зовут Азат, я делаю сайты для бизнесов в Армении (EVNWEB). Заметил, что у Gnuni Market нет своего сайта. Могу прислать короткое видео, как работает сайт магазина: онлайн-заказы, остатки и сроки годности. Цена от 400 000 ֏. Показать, как это будет выглядеть у вас?",,,,
27,3,Yerevan City (Davtashen),супермаркет,Ереван,+37411371970,"Բարև Ձեզ։ Ես Ազատն եմ, կայքեր եմ պատրաստում Հայաստանի բիզնեսների համար (EVNWEB)։ Նկատեցի, որ Yerevan City (Davtashen)-ը չունի սեփական կայք։ Կարող եմ ուղարկել կարճ տեսանյութ, թե ինչպես է աշխատում խանութի կայքը՝ առցանց պատվերներ, մնացորդներ և պիտանելիության ժամկետներ։ Գինը՝ 400 000 ֏-ից։ Ցույց տա՞մ, թե ինչպես կլինի ձեզ մոտ։","Здравствуйте! Меня зовут Азат, я делаю сайты для бизнесов в Армении (EVNWEB). Заметил, что у Yerevan City (Davtashen) нет своего сайта. Могу прислать короткое видео, как работает сайт магазина: онлайн-заказы, остатки и сроки годности. Цена от 400 000 ֏. Показать, как это будет выглядеть у вас?",ne_mobilny,,,
27,3,Evrika,супермаркет,Ереван,+37410463080,"Բարև Ձեզ։ Ես Ազատն եմ, կայքեր եմ պատրաստում Հայաստանի բիզնեսների համար (EVNWEB)։ Նկատեցի, որ Evrika-ը չունի սեփական կայք։ Կարող եմ ուղարկել կարճ տեսանյութ, թե ինչպես է աշխատում խանութի կայքը՝ առցանց պատվերներ, մնացորդներ և պիտանելիության ժամկետներ։ Գինը՝ 400 000 ֏-ից։ Ցույց տա՞մ, թե ինչպես կլինի ձեզ մոտ։","Здравствуйте! Меня зовут Азат, я делаю сайты для бизнесов в Армении (EVNWEB). Заметил, что у Evrika нет своего сайта. Могу прислать короткое видео, как работает сайт магазина: онлайн-заказы, остатки и сроки годности. Цена от 400 000 ֏. Показать, как это будет выглядеть у вас?",ne_mobilny,,,
27,3,Evrika,супермаркет,Ереван,+37410428787,"Բարև Ձեզ։ Ես Ազատն եմ, կայքեր եմ պատրաստում Հայաստանի բիզնեսների համար (EVNWEB)։ Նկատեցի, որ Evrika-ը չունի սեփական կայք։ Կարող եմ ուղարկել կարճ տեսանյութ, թե ինչպես է աշխատում խանութի կայքը՝ առցանց պատվերներ, մնացորդներ և պիտանելիության ժամկետներ։ Գինը՝ 400 000 ֏-ից։ Ցույց տա՞մ, թե ինչպես կլինի ձեզ մոտ։","Здравствуйте! Меня зовут Азат, я делаю сайты для бизнесов в Армении (EVNWEB). Заметил, что у Evrika нет своего сайта. Могу прислать короткое видео, как работает сайт магазина: онлайн-заказы, остатки и сроки годности. Цена от 400 000 ֏. Показать, как это будет выглядеть у вас?",ne_mobilny,,,
27,3,Evrika,супермаркет,Ереван,+37499464627,"Բարև Ձեզ։ Ես Ազատն եմ, կայքեր եմ պատրաստում Հայաստանի բիզնեսների համար (EVNWEB)։ Նկատեցի, որ Evrika-ը չունի սեփական կայք։ Կարող եմ ուղարկել կարճ տեսանյութ, թե ինչպես է աշխատում խանութի կայքը՝ առցանց պատվերներ, մնացորդներ և պիտանելիության ժամկետներ։ Գինը՝ 400 000 ֏-ից։ Ցույց տա՞մ, թե ինչպես կլինի ձեզ մոտ։","Здравствуйте! Меня зовут Азат, я делаю сайты для бизнесов в Армении (EVNWEB). Заметил, что у Evrika нет своего сайта. Могу прислать короткое видео, как работает сайт магазина: онлайн-заказы, остатки и сроки годности. Цена от 400 000 ֏. Показать, как это будет выглядеть у вас?",,,,
27,3,Tsiran,супермаркет,Ереван,+37411780088,"Բարև Ձեզ։ Ես Ազատն եմ, կայքեր եմ պատրաստում Հայաստանի բիզնեսների համար (EVNWEB)։ Նկատեցի, որ Tsiran-ը չունի սեփական կայք։ Կարող եմ ուղարկել կարճ տեսանյութ, թե ինչպես է աշխատում խանութի կայքը՝ առցանց պատվերներ, մնացորդներ և պիտանելիության ժամկետներ։ Գինը՝ 400 000 ֏-ից։ Ցույց տա՞մ, թե ինչպես կլինի ձեզ մոտ։","Здравствуйте! Меня зовут Азат, я делаю сайты для бизнесов в Армении (EVNWEB). Заметил, что у Tsiran нет своего сайта. Могу прислать короткое видео, как работает сайт магазина: онлайн-заказы, остатки и сроки годности. Цена от 400 000 ֏. Показать, как это будет выглядеть у вас?",ne_mobilny,,,
27,3,Kaiser,супермаркет,Ереван,+37410349090,"Բարև Ձեզ։ Ես Ազատն եմ, կայքեր եմ պատրաստում Հայաստանի բիզնեսների համար (EVNWEB)։ Նկատեցի, որ Kaiser-ը չունի սեփական կայք։ Կարող եմ ուղարկել կարճ տեսանյութ, թե ինչպես է աշխատում խանութի կայքը՝ առցանց պատվերներ, մնացորդներ և պիտանելիության ժամկետներ։ Գինը՝ 400 000 ֏-ից։ Ցույց տա՞մ, թե ինչպես կլինի ձեզ մոտ։","Здравствуйте! Меня зовут Азат, я делаю сайты для бизнесов в Армении (EVNWEB). Заметил, что у Kaiser нет своего сайта. Могу прислать короткое видео, как работает сайт магазина: онлайн-заказы, остатки и сроки годности. Цена от 400 000 ֏. Показать, как это будет выглядеть у вас?",ne_mobilny,,,
27,3,Food,супермаркет,Ереван,+37491351321,"Բարև Ձեզ։ Ես Ազատն եմ, կայքեր եմ պատրաստում Հայաստանի բիզնեսների համար (EVNWEB)։ Նկատեցի, որ Food-ը չունի սեփական կայք։ Կարող եմ ուղարկել կարճ տեսանյութ, թե ինչպես է աշխատում խանութի կայքը՝ առցանց պատվերներ, մնացորդներ և պիտանելիության ժամկետներ։ Գինը՝ 400 000 ֏-ից։ Ցույց տա՞մ, թե ինչպես կլինի ձեզ մոտ։","Здравствуйте! Меня зовут Азат, я делаю сайты для бизнесов в Армении (EVNWEB). Заметил, что у Food нет своего сайта. Могу прислать короткое видео, как работает сайт магазина: онлайн-заказы, остатки и сроки годности. Цена от 400 000 ֏. Показать, как это будет выглядеть у вас?",,,,
27,3,SIM Market,супермаркет,Ереван,+37493964499,"Բարև Ձեզ։ Ես Ազատն եմ, կայքեր եմ պատրաստում Հայաստանի բիզնեսների համար (EVNWEB)։ Նկատեցի, որ SIM Market-ը չունի սեփական կայք։ Կարող եմ ուղարկել կարճ տեսանյութ, թե ինչպես է աշխատում խանութի կայքը՝ առցանց պատվերներ, մնացորդներ և պիտանելիության ժամկետներ։ Գինը՝ 400 000 ֏-ից։ Ցույց տա՞մ, թե ինչպես կլինի ձեզ մոտ։","Здравствуйте! Меня зовут Азат, я делаю сайты для бизнесов в Армении (EVNWEB). Заметил, что у SIM Market нет своего сайта. Могу прислать короткое видео, как работает сайт магазина: онлайн-заказы, остатки и сроки годности. Цена от 400 000 ֏. Показать, как это будет выглядеть у вас?",,,,
27,3,Supra,супермаркет,Ереван,+37410373000,"Բարև Ձեզ։ Ես Ազատն եմ, կայքեր եմ պատրաստում Հայաստանի բիզնեսների համար (EVNWEB)։ Նկատեցի, որ Supra-ը չունի սեփական կայք։ Կարող եմ ուղարկել կարճ տեսանյութ, թե ինչպես է աշխատում խանութի կայքը՝ առցանց պատվերներ, մնացորդներ և պիտանելիության ժամկետներ։ Գինը՝ 400 000 ֏-ից։ Ցույց տա՞մ, թե ինչպես կլինի ձեզ մոտ։","Здравствуйте! Меня зовут Азат, я делаю сайты для бизнесов в Армении (EVNWEB). Заметил, что у Supra нет своего сайта. Могу прислать короткое видео, как работает сайт магазина: онлайн-заказы, остатки и сроки годности. Цена от 400 000 ֏. Показать, как это будет выглядеть у вас?",ne_mobilny,,,
27,3,Dolce Travel,турагентство,Ереван,+37410222650,"Բարև Ձեզ։ Ես Ազատն եմ, կայքեր եմ պատրաստում Հայաստանի բիզնեսների համար (EVNWEB)։ Նկատեցի, որ Dolce Travel-ը չունի սեփական կայք։ Կարող եմ ուղարկել կարճ տեսանյութ, թե ինչպես է աշխատում տուրիստական ընկերության կայքը՝ տուրերի կատալոգ 3 լեզվով և առցանց հայտեր։ Գինը՝ 150 000 ֏-ից։ Ցույց տա՞մ, թե ինչպես կլինի ձեզ մոտ։","Здравствуйте! Меня зовут Азат, я делаю сайты для бизнесов в Армении (EVNWEB). Заметил, что у Dolce Travel нет своего сайта. Могу прислать короткое видео, как работает сайт турагентства: каталог туров на 3 языках и заявки онлайн. Цена от 150 000 ֏. Показать, как это будет выглядеть у вас?",ne_mobilny,,,
27,3,Princess Maneh Tours Ltd,турагентство,Ереван,+37410582457,"Բարև Ձեզ։ Ես Ազատն եմ, կայքեր եմ պատրաստում Հայաստանի բիզնեսների համար (EVNWEB)։ Նկատեցի, որ Princess Maneh Tours Ltd-ը չունի սեփական կայք։ Կարող եմ ուղարկել կարճ տեսանյութ, թե ինչպես է աշխատում տուրիստական ընկերության կայքը՝ տուրերի կատալոգ 3 լեզվով և առցանց հայտեր։ Գինը՝ 150 000 ֏-ից։ Ցույց տա՞մ, թե ինչպես կլինի ձեզ մոտ։","Здравствуйте! Меня зовут Азат, я делаю сайты для бизнесов в Армении (EVNWEB). Заметил, что у Princess Maneh Tours Ltd нет своего сайта. Могу прислать короткое видео, как работает сайт турагентства: каталог туров на 3 языках и заявки онлайн. Цена от 150 000 ֏. Показать, как это будет выглядеть у вас?",ne_mobilny,,,
28,3,Cardinal travel,турагентство,Ереван,+37410525600,"Բարև Ձեզ։ Ես Ազատն եմ, կայքեր եմ պատրաստում Հայաստանի բիզնեսների համար (EVNWEB)։ Նկատեցի, որ Cardinal travel-ը չունի սեփական կայք։ Կարող եմ ուղարկել կարճ տեսանյութ, թե ինչպես է աշխատում տուրիստական ընկերության կայքը՝ տուրերի կատալոգ 3 լեզվով և առցանց հայտեր։ Գինը՝ 150 000 ֏-ից։ Ցույց տա՞մ, թե ինչպես կլինի ձեզ մոտ։","Здравствуйте! Меня зовут Азат, я делаю сайты для бизнесов в Армении (EVNWEB). Заметил, что у Cardinal travel нет своего сайта. Могу прислать короткое видео, как работает сайт турагентства: каталог туров на 3 языках и заявки онлайн. Цена от 150 000 ֏. Показать, как это будет выглядеть у вас?",ne_mobilny,,,
28,3,Navasard's Travel,турагентство,Ереван,+37496100002,"Բարև Ձեզ։ Ես Ազատն եմ, կայքեր եմ պատրաստում Հայաստանի բիզնեսների համար (EVNWEB)։ Նկատեցի, որ Navasard's Travel-ը չունի սեփական կայք։ Կարող եմ ուղարկել կարճ տեսանյութ, թե ինչպես է աշխատում տուրիստական ընկերության կայքը՝ տուրերի կատալոգ 3 լեզվով և առցանց հայտեր։ Գինը՝ 150 000 ֏-ից։ Ցույց տա՞մ, թե ինչպես կլինի ձեզ մոտ։","Здравствуйте! Меня зовут Азат, я делаю сайты для бизнесов в Армении (EVNWEB). Заметил, что у Navasard's Travel нет своего сайта. Могу прислать короткое видео, как работает сайт турагентства: каталог туров на 3 языках и заявки онлайн. Цена от 150 000 ֏. Показать, как это будет выглядеть у вас?",,,,
28,3,Adventures,турагентство,Ереван,+37498615004,"Բարև Ձեզ։ Ես Ազատն եմ, կայքեր եմ պատրաստում Հայաստանի բիզնեսների համար (EVNWEB)։ Նկատեցի, որ Adventures-ը չունի սեփական կայք։ Կարող եմ ուղարկել կարճ տեսանյութ, թե ինչպես է աշխատում տուրիստական ընկերության կայքը՝ տուրերի կատալոգ 3 լեզվով և առցանց հայտեր։ Գինը՝ 150 000 ֏-ից։ Ցույց տա՞մ, թե ինչպես կլինի ձեզ մոտ։","Здравствуйте! Меня зовут Азат, я делаю сайты для бизнесов в Армении (EVNWEB). Заметил, что у Adventures нет своего сайта. Могу прислать короткое видео, как работает сайт турагентства: каталог туров на 3 языках и заявки онлайн. Цена от 150 000 ֏. Показать, как это будет выглядеть у вас?",,,,
28,3,CreActive Tour,турагентство,Ереван,+37477980498,"Բարև Ձեզ։ Ես Ազատն եմ, կայքեր եմ պատրաստում Հայաստանի բիզնեսների համար (EVNWEB)։ Նկատեցի, որ CreActive Tour-ը չունի սեփական կայք։ Կարող եմ ուղարկել կարճ տեսանյութ, թե ինչպես է աշխատում տուրիստական ընկերության կայքը՝ տուրերի կատալոգ 3 լեզվով և առցանց հայտեր։ Գինը՝ 150 000 ֏-ից։ Ցույց տա՞մ, թե ինչպես կլինի ձեզ մոտ։","Здравствуйте! Меня зовут Азат, я делаю сайты для бизнесов в Армении (EVNWEB). Заметил, что у CreActive Tour нет своего сайта. Могу прислать короткое видео, как работает сайт турагентства: каталог туров на 3 языках и заявки онлайн. Цена от 150 000 ֏. Показать, как это будет выглядеть у вас?",,,,
28,3,Erebuni air,турагентство,Ереван,+37410464500,"Բարև Ձեզ։ Ես Ազատն եմ, կայքեր եմ պատրաստում Հայաստանի բիզնեսների համար (EVNWEB)։ Նկատեցի, որ Erebuni air-ը չունի սեփական կայք։ Կարող եմ ուղարկել կարճ տեսանյութ, թե ինչպես է աշխատում տուրիստական ընկերության կայքը՝ տուրերի կատալոգ 3 լեզվով և առցանց հայտեր։ Գինը՝ 150 000 ֏-ից։ Ցույց տա՞մ, թե ինչպես կլինի ձեզ մոտ։","Здравствуйте! Меня зовут Азат, я делаю сайты для бизнесов в Армении (EVNWEB). Заметил, что у Erebuni air нет своего сайта. Могу прислать короткое видео, как работает сайт турагентства: каталог туров на 3 языках и заявки онлайн. Цена от 150 000 ֏. Показать, как это будет выглядеть у вас?",ne_mobilny,,,
28,3,One Way,турагентство,Ереван,+37494362131,"Բարև Ձեզ։ Ես Ազատն եմ, կայքեր եմ պատրաստում Հայաստանի բիզնեսների համար (EVNWEB)։ Նկատեցի, որ One Way-ը չունի սեփական կայք։ Կարող եմ ուղարկել կարճ տեսանյութ, թե ինչպես է աշխատում տուրիստական ընկերության կայքը՝ տուրերի կատալոգ 3 լեզվով և առցանց հայտեր։ Գինը՝ 150 000 ֏-ից։ Ցույց տա՞մ, թե ինչպես կլինի ձեզ մոտ։","Здравствуйте! Меня зовут Азат, я делаю сайты для бизнесов в Армении (EVNWEB). Заметил, что у One Way нет своего сайта. Могу прислать короткое видео, как работает сайт турагентства: каталог туров на 3 языках и заявки онлайн. Цена от 150 000 ֏. Показать, как это будет выглядеть у вас?",,,,
28,3,Royal Safar & Gity Peyma,турагентство,Ереван,+37410529220,"Բարև Ձեզ։ Ես Ազատն եմ, կայքեր եմ պատրաստում Հայաստանի բիզնեսների համար (EVNWEB)։ Նկատեցի, որ Royal Safar & Gity Peyma-ը չունի սեփական կայք։ Կարող եմ ուղարկել կարճ տեսանյութ, թե ինչպես է աշխատում տուրիստական ընկերության կայքը՝ տուրերի կատալոգ 3 լեզվով և առցանց հայտեր։ Գինը՝ 150 000 ֏-ից։ Ցույց տա՞մ, թե ինչպես կլինի ձեզ մոտ։","Здравствуйте! Меня зовут Азат, я делаю сайты для бизнесов в Армении (EVNWEB). Заметил, что у Royal Safar & Gity Peyma нет своего сайта. Могу прислать короткое видео, как работает сайт турагентства: каталог туров на 3 языках и заявки онлайн. Цена от 150 000 ֏. Показать, как это будет выглядеть у вас?",ne_mobilny,,,
28,3,Unique Travel and Tours,турагентство,Ереван,+37494969798,"Բարև Ձեզ։ Ես Ազատն եմ, կայքեր եմ պատրաստում Հայաստանի բիզնեսների համար (EVNWEB)։ Նկատեցի, որ Unique Travel and Tours-ը չունի սեփական կայք։ Կարող եմ ուղարկել կարճ տեսանյութ, թե ինչպես է աշխատում տուրիստական ընկերության կայքը՝ տուրերի կատալոգ 3 լեզվով և առցանց հայտեր։ Գինը՝ 150 000 ֏-ից։ Ցույց տա՞մ, թե ինչպես կլինի ձեզ մոտ։","Здравствуйте! Меня зовут Азат, я делаю сайты для бизнесов в Армении (EVNWEB). Заметил, что у Unique Travel and Tours нет своего сайта. Могу прислать короткое видео, как работает сайт турагентства: каталог туров на 3 языках и заявки онлайн. Цена от 150 000 ֏. Показать, как это будет выглядеть у вас?",,,,
28,3,Villa Travel,турагентство,Ереван,+37410566666,"Բարև Ձեզ։ Ես Ազատն եմ, կայքեր եմ պատրաստում Հայաստանի բիզնեսների համար (EVNWEB)։ Նկատեցի, որ Villa Travel-ը չունի սեփական կայք։ Կարող եմ ուղարկել կարճ տեսանյութ, թե ինչպես է աշխատում տուրիստական ընկերության կայքը՝ տուրերի կատալոգ 3 լեզվով և առցանց հայտեր։ Գինը՝ 150 000 ֏-ից։ Ցույց տա՞մ, թե ինչպես կլինի ձեզ մոտ։","Здравствуйте! Меня зовут Азат, я делаю сайты для бизнесов в Армении (EVNWEB). Заметил, что у Villa Travel нет своего сайта. Могу прислать короткое видео, как работает сайт турагентства: каталог туров на 3 языках и заявки онлайн. Цена от 150 000 ֏. Показать, как это будет выглядеть у вас?",ne_mobilny,,,
28,3,Link Avia,турагентство,Ереван,+37410320608,"Բարև Ձեզ։ Ես Ազատն եմ, կայքեր եմ պատրաստում Հայաստանի բիզնեսների համար (EVNWEB)։ Նկատեցի, որ Link Avia-ը չունի սեփական կայք։ Կարող եմ ուղարկել կարճ տեսանյութ, թե ինչպես է աշխատում տուրիստական ընկերության կայքը՝ տուրերի կատալոգ 3 լեզվով և առցանց հայտեր։ Գինը՝ 150 000 ֏-ից։ Ցույց տա՞մ, թե ինչպես կլինի ձեզ մոտ։","Здравствуйте! Меня зовут Азат, я делаю сайты для бизнесов в Армении (EVNWEB). Заметил, что у Link Avia нет своего сайта. Могу прислать короткое видео, как работает сайт турагентства: каталог туров на 3 языках и заявки онлайн. Цена от 150 000 ֏. Показать, как это будет выглядеть у вас?",ne_mobilny,,,
28,3,Kvant,турагентство,Ереван,+37496906767,"Բարև Ձեզ։ Ես Ազատն եմ, կայքեր եմ պատրաստում Հայաստանի բիզնեսների համար (EVNWEB)։ Նկատեցի, որ Kvant-ը չունի սեփական կայք։ Կարող եմ ուղարկել կարճ տեսանյութ, թե ինչպես է աշխատում տուրիստական ընկերության կայքը՝ տուրերի կատալոգ 3 լեզվով և առցանց հայտեր։ Գինը՝ 150 000 ֏-ից։ Ցույց տա՞մ, թե ինչպես կլինի ձեզ մոտ։","Здравствуйте! Меня зовут Азат, я делаю сайты для бизнесов в Армении (EVNWEB). Заметил, что у Kvant нет своего сайта. Могу прислать короткое видео, как работает сайт турагентства: каталог туров на 3 языках и заявки онлайн. Цена от 150 000 ֏. Показать, как это будет выглядеть у вас?",,,,
28,3,Hamshen Tour,турагентство,Ереван,+37493551485,"Բարև Ձեզ։ Ես Ազատն եմ, կայքեր եմ պատրաստում Հայաստանի բիզնեսների համար (EVNWEB)։ Նկատեցի, որ Hamshen Tour-ը չունի սեփական կայք։ Կարող եմ ուղարկել կարճ տեսանյութ, թե ինչպես է աշխատում տուրիստական ընկերության կայքը՝ տուրերի կատալոգ 3 լեզվով և առցանց հայտեր։ Գինը՝ 150 000 ֏-ից։ Ցույց տա՞մ, թե ինչպես կլինի ձեզ մոտ։","Здравствуйте! Меня зовут Азат, я делаю сайты для бизнесов в Армении (EVNWEB). Заметил, что у Hamshen Tour нет своего сайта. Могу прислать короткое видео, как работает сайт турагентства: каталог туров на 3 языках и заявки онлайн. Цена от 150 000 ֏. Показать, как это будет выглядеть у вас?",,,,
28,3,Yama Tour,турагентство,Ереван,+37444669956,"Բարև Ձեզ։ Ես Ազատն եմ, կայքեր եմ պատրաստում Հայաստանի բիզնեսների համար (EVNWEB)։ Նկատեցի, որ Yama Tour-ը չունի սեփական կայք։ Կարող եմ ուղարկել կարճ տեսանյութ, թե ինչպես է աշխատում տուրիստական ընկերության կայքը՝ տուրերի կատալոգ 3 լեզվով և առցանց հայտեր։ Գինը՝ 150 000 ֏-ից։ Ցույց տա՞մ, թե ինչպես կլինի ձեզ մոտ։","Здравствуйте! Меня зовут Азат, я делаю сайты для бизнесов в Армении (EVNWEB). Заметил, что у Yama Tour нет своего сайта. Могу прислать короткое видео, как работает сайт турагентства: каталог туров на 3 языках и заявки онлайн. Цена от 150 000 ֏. Показать, как это будет выглядеть у вас?",dubl,,,
28,3,Shelby tour,турагентство,Ереван,+37411508484,"Բարև Ձեզ։ Ես Ազատն եմ, կայքեր եմ պատրաստում Հայաստանի բիզնեսների համար (EVNWEB)։ Նկատեցի, որ Shelby tour-ը չունի սեփական կայք։ Կարող եմ ուղարկել կարճ տեսանյութ, թե ինչպես է աշխատում տուրիստական ընկերության կայքը՝ տուրերի կատալոգ 3 լեզվով և առցանց հայտեր։ Գինը՝ 150 000 ֏-ից։ Ցույց տա՞մ, թե ինչպես կլինի ձեզ մոտ։","Здравствуйте! Меня зовут Азат, я делаю сайты для бизнесов в Армении (EVNWEB). Заметил, что у Shelby tour нет своего сайта. Могу прислать короткое видео, как работает сайт турагентства: каталог туров на 3 языках и заявки онлайн. Цена от 150 000 ֏. Показать, как это будет выглядеть у вас?",ne_mobilny,,,
28,3,Abu Hagop,фастфуд,Ереван,+37494532054,"Բարև Ձեզ։ Ես Ազատն եմ, կայքեր եմ պատրաստում Հայաստանի բիզնեսների համար (EVNWEB)։ Նկատեցի, որ Abu Hagop-ը չունի սեփական կայք։ Կարող եմ ուղարկել կարճ տեսանյութ, թե ինչպես է աշխատում ռեստորանի կայքը՝ մենյու 3 լեզվով, սեղանի ամրագրում և ադմին, որտեղ գները փոխում եք ինքներդ։ Գինը՝ 280 000 ֏-ից։ Ցույց տա՞մ, թե ինչպես կլինի ձեզ մոտ։","Здравствуйте! Меня зовут Азат, я делаю сайты для бизнесов в Армении (EVNWEB). Заметил, что у Abu Hagop нет своего сайта. Могу прислать короткое видео, как работает сайт ресторана: меню на 3 языках, бронь столов и админка, где цены меняете сами. Цена от 280 000 ֏. Показать, как это будет выглядеть у вас?",,,,
28,3,Al Darwandy Falafel,фастфуд,Ереван,+37444999989,"Բարև Ձեզ։ Ես Ազատն եմ, կայքեր եմ պատրաստում Հայաստանի բիզնեսների համար (EVNWEB)։ Նկատեցի, որ Al Darwandy Falafel-ը չունի սեփական կայք։ Կարող եմ ուղարկել կարճ տեսանյութ, թե ինչպես է աշխատում ռեստորանի կայքը՝ մենյու 3 լեզվով, սեղանի ամրագրում և ադմին, որտեղ գները փոխում եք ինքներդ։ Գինը՝ 280 000 ֏-ից։ Ցույց տա՞մ, թե ինչպես կլինի ձեզ մոտ։","Здравствуйте! Меня зовут Азат, я делаю сайты для бизнесов в Армении (EVNWEB). Заметил, что у Al Darwandy Falafel нет своего сайта. Могу прислать короткое видео, как работает сайт ресторана: меню на 3 языках, бронь столов и админка, где цены меняете сами. Цена от 280 000 ֏. Показать, как это будет выглядеть у вас?",,,,
28,3,Aleppo King Shawarma,фастфуд,Ереван,+37477199775,"Բարև Ձեզ։ Ես Ազատն եմ, կայքեր եմ պատրաստում Հայաստանի բիզնեսների համար (EVNWEB)։ Նկատեցի, որ Aleppo King Shawarma-ը չունի սեփական կայք։ Կարող եմ ուղարկել կարճ տեսանյութ, թե ինչպես է աշխատում ռեստորանի կայքը՝ մենյու 3 լեզվով, սեղանի ամրագրում և ադմին, որտեղ գները փոխում եք ինքներդ։ Գինը՝ 280 000 ֏-ից։ Ցույց տա՞մ, թե ինչպես կլինի ձեզ մոտ։","Здравствуйте! Меня зовут Азат, я делаю сайты для бизнесов в Армении (EVNWEB). Заметил, что у Aleppo King Shawarma нет своего сайта. Могу прислать короткое видео, как работает сайт ресторана: меню на 3 языках, бронь столов и админка, где цены меняете сами. Цена от 280 000 ֏. Показать, как это будет выглядеть у вас?",,,,
28,3,Bar B.Q.,фастфуд,Ереван,+37433333222,"Բարև Ձեզ։ Ես Ազատն եմ, կայքեր եմ պատրաստում Հայաստանի բիզնեսների համար (EVNWEB)։ Նկատեցի, որ Bar B.Q.-ը չունի սեփական կայք։ Կարող եմ ուղարկել կարճ տեսանյութ, թե ինչպես է աշխատում ռեստորանի կայքը՝ մենյու 3 լեզվով, սեղանի ամրագրում և ադմին, որտեղ գները փոխում եք ինքներդ։ Գինը՝ 280 000 ֏-ից։ Ցույց տա՞մ, թե ինչպես կլինի ձեզ մոտ։","Здравствуйте! Меня зовут Азат, я делаю сайты для бизнесов в Армении (EVNWEB). Заметил, что у Bar B.Q. нет своего сайта. Могу прислать короткое видео, как работает сайт ресторана: меню на 3 языках, бронь столов и админка, где цены меняете сами. Цена от 280 000 ֏. Показать, как это будет выглядеть у вас?",,,,
28,3,Bar B.Q.,фастфуд,Ереван,+37433333222,"Բարև Ձեզ։ Ես Ազատն եմ, կայքեր եմ պատրաստում Հայաստանի բիզնեսների համար (EVNWEB)։ Նկատեցի, որ Bar B.Q.-ը չունի սեփական կայք։ Կարող եմ ուղարկել կարճ տեսանյութ, թե ինչպես է աշխատում ռեստորանի կայքը՝ մենյու 3 լեզվով, սեղանի ամրագրում և ադմին, որտեղ գները փոխում եք ինքներդ։ Գինը՝ 280 000 ֏-ից։ Ցույց տա՞մ, թե ինչպես կլինի ձեզ մոտ։","Здравствуйте! Меня зовут Азат, я делаю сайты для бизнесов в Армении (EVNWEB). Заметил, что у Bar B.Q. нет своего сайта. Могу прислать короткое видео, как работает сайт ресторана: меню на 3 языках, бронь столов и админка, где цены меняете сами. Цена от 280 000 ֏. Показать, как это будет выглядеть у вас?",dubl,,,
28,3,Bistro,фастфуд,Ереван,+37477198080,"Բարև Ձեզ։ Ես Ազատն եմ, կայքեր եմ պատրաստում Հայաստանի բիզնեսների համար (EVNWEB)։ Նկատեցի, որ Bistro-ը չունի սեփական կայք։ Կարող եմ ուղարկել կարճ տեսանյութ, թե ինչպես է աշխատում ռեստորանի կայքը՝ մենյու 3 լեզվով, սեղանի ամրագրում և ադմին, որտեղ գները փոխում եք ինքներդ։ Գինը՝ 280 000 ֏-ից։ Ցույց տա՞մ, թե ինչպես կլինի ձեզ մոտ։","Здравствуйте! Меня зовут Азат, я делаю сайты для бизнесов в Армении (EVNWEB). Заметил, что у Bistro нет своего сайта. Могу прислать короткое видео, как работает сайт ресторана: меню на 3 языках, бронь столов и админка, где цены меняете сами. Цена от 280 000 ֏. Показать, как это будет выглядеть у вас?",,,,
28,3,Bombfood.am,фастфуд,Ереван,+37444855855,"Բարև Ձեզ։ Ես Ազատն եմ, կայքեր եմ պատրաստում Հայաստանի բիզնեսների համար (EVNWEB)։ Նկատեցի, որ Bombfood.am-ը չունի սեփական կայք։ Կարող եմ ուղարկել կարճ տեսանյութ, թե ինչպես է աշխատում ռեստորանի կայքը՝ մենյու 3 լեզվով, սեղանի ամրագրում և ադմին, որտեղ գները փոխում եք ինքներդ։ Գինը՝ 280 000 ֏-ից։ Ցույց տա՞մ, թե ինչպես կլինի ձեզ մոտ։","Здравствуйте! Меня зовут Азат, я делаю сайты для бизнесов в Армении (EVNWEB). Заметил, что у Bombfood.am нет своего сайта. Могу прислать короткое видео, как работает сайт ресторана: меню на 3 языках, бронь столов и админка, где цены меняете сами. Цена от 280 000 ֏. Показать, как это будет выглядеть у вас?",,,,
28,3,Бургер Кинг,фастфуд,Ереван,+37410467400,"Բարև Ձեզ։ Ես Ազատն եմ, կայքեր եմ պատրաստում Հայաստանի բիզնեսների համար (EVNWEB)։ Նկատեցի, որ Бургер Кинг-ը չունի սեփական կայք։ Կարող եմ ուղարկել կարճ տեսանյութ, թե ինչպես է աշխատում ռեստորանի կայքը՝ մենյու 3 լեզվով, սեղանի ամրագրում և ադմին, որտեղ գները փոխում եք ինքներդ։ Գինը՝ 280 000 ֏-ից։ Ցույց տա՞մ, թե ինչպես կլինի ձեզ մոտ։","Здравствуйте! Меня зовут Азат, я делаю сайты для бизнесов в Армении (EVNWEB). Заметил, что у Бургер Кинг нет своего сайта. Могу прислать короткое видео, как работает сайт ресторана: меню на 3 языках, бронь столов и админка, где цены меняете сами. Цена от 280 000 ֏. Показать, как это будет выглядеть у вас?",ne_mobilny,,,
28,3,Churros avenue,фастфуд,Ереван,+37495059959,"Բարև Ձեզ։ Ես Ազատն եմ, կայքեր եմ պատրաստում Հայաստանի բիզնեսների համար (EVNWEB)։ Նկատեցի, որ Churros avenue-ը չունի սեփական կայք։ Կարող եմ ուղարկել կարճ տեսանյութ, թե ինչպես է աշխատում ռեստորանի կայքը՝ մենյու 3 լեզվով, սեղանի ամրագրում և ադմին, որտեղ գները փոխում եք ինքներդ։ Գինը՝ 280 000 ֏-ից։ Ցույց տա՞մ, թե ինչպես կլինի ձեզ մոտ։","Здравствуйте! Меня зовут Азат, я делаю сайты для бизнесов в Армении (EVNWEB). Заметил, что у Churros avenue нет своего сайта. Могу прислать короткое видео, как работает сайт ресторана: меню на 3 языках, бронь столов и админка, где цены меняете сами. Цена от 280 000 ֏. Показать, как это будет выглядеть у вас?",,,,
28,3,Grill Express,фастфуд,Ереван,+37455906200,"Բարև Ձեզ։ Ես Ազատն եմ, կայքեր եմ պատրաստում Հայաստանի բիզնեսների համար (EVNWEB)։ Նկատեցի, որ Grill Express-ը չունի սեփական կայք։ Կարող եմ ուղարկել կարճ տեսանյութ, թե ինչպես է աշխատում ռեստորանի կայքը՝ մենյու 3 լեզվով, սեղանի ամրագրում և ադմին, որտեղ գները փոխում եք ինքներդ։ Գինը՝ 280 000 ֏-ից։ Ցույց տա՞մ, թե ինչպես կլինի ձեզ մոտ։","Здравствуйте! Меня зовут Азат, я делаю сайты для бизнесов в Армении (EVNWEB). Заметил, что у Grill Express нет своего сайта. Могу прислать короткое видео, как работает сайт ресторана: меню на 3 языках, бронь столов и админка, где цены меняете сами. Цена от 280 000 ֏. Показать, как это будет выглядеть у вас?",,,,
28,3,Ham Station,фастфуд,Ереван,+37433424201,"Բարև Ձեզ։ Ես Ազատն եմ, կայքեր եմ պատրաստում Հայաստանի բիզնեսների համար (EVNWEB)։ Նկատեցի, որ Ham Station-ը չունի սեփական կայք։ Կարող եմ ուղարկել կարճ տեսանյութ, թե ինչպես է աշխատում ռեստորանի կայքը՝ մենյու 3 լեզվով, սեղանի ամրագրում և ադմին, որտեղ գները փոխում եք ինքներդ։ Գինը՝ 280 000 ֏-ից։ Ցույց տա՞մ, թե ինչպես կլինի ձեզ մոտ։","Здравствуйте! Меня зовут Азат, я делаю сайты для бизнесов в Армении (EVNWEB). Заметил, что у Ham Station нет своего сайта. Могу прислать короткое видео, как работает сайт ресторана: меню на 3 языках, бронь столов и админка, где цены меняете сами. Цена от 280 000 ֏. Показать, как это будет выглядеть у вас?",,,,
29,3,Hamov,фастфуд,Ереван,+37494167447,"Բարև Ձեզ։ Ես Ազատն եմ, կայքեր եմ պատրաստում Հայաստանի բիզնեսների համար (EVNWEB)։ Նկատեցի, որ Hamov-ը չունի սեփական կայք։ Կարող եմ ուղարկել կարճ տեսանյութ, թե ինչպես է աշխատում ռեստորանի կայքը՝ մենյու 3 լեզվով, սեղանի ամրագրում և ադմին, որտեղ գները փոխում եք ինքներդ։ Գինը՝ 280 000 ֏-ից։ Ցույց տա՞մ, թե ինչպես կլինի ձեզ մոտ։","Здравствуйте! Меня зовут Азат, я делаю сайты для бизнесов в Армении (EVNWEB). Заметил, что у Hamov нет своего сайта. Могу прислать короткое видео, как работает сайт ресторана: меню на 3 языках, бронь столов и админка, где цены меняете сами. Цена от 280 000 ֏. Показать, как это будет выглядеть у вас?",,,,
29,3,Il Gusto Del Caffe,фастфуд,Ереван,+37455936525,"Բարև Ձեզ։ Ես Ազատն եմ, կայքեր եմ պատրաստում Հայաստանի բիզնեսների համար (EVNWEB)։ Նկատեցի, որ Il Gusto Del Caffe-ը չունի սեփական կայք։ Կարող եմ ուղարկել կարճ տեսանյութ, թե ինչպես է աշխատում ռեստորանի կայքը՝ մենյու 3 լեզվով, սեղանի ամրագրում և ադմին, որտեղ գները փոխում եք ինքներդ։ Գինը՝ 280 000 ֏-ից։ Ցույց տա՞մ, թե ինչպես կլինի ձեզ մոտ։","Здравствуйте! Меня зовут Азат, я делаю сайты для бизнесов в Армении (EVNWEB). Заметил, что у Il Gusto Del Caffe нет своего сайта. Могу прислать короткое видео, как работает сайт ресторана: меню на 3 языках, бронь столов и админка, где цены меняете сами. Цена от 280 000 ֏. Показать, как это будет выглядеть у вас?",,,,
29,3,LS Shawarma,фастфуд,Ереван,+37494850849,"Բարև Ձեզ։ Ես Ազատն եմ, կայքեր եմ պատրաստում Հայաստանի բիզնեսների համար (EVNWEB)։ Նկատեցի, որ LS Shawarma-ը չունի սեփական կայք։ Կարող եմ ուղարկել կարճ տեսանյութ, թե ինչպես է աշխատում ռեստորանի կայքը՝ մենյու 3 լեզվով, սեղանի ամրագրում և ադմին, որտեղ գները փոխում եք ինքներդ։ Գինը՝ 280 000 ֏-ից։ Ցույց տա՞մ, թե ինչպես կլինի ձեզ մոտ։","Здравствуйте! Меня зовут Азат, я делаю сайты для бизнесов в Армении (EVNWEB). Заметил, что у LS Shawarma нет своего сайта. Могу прислать короткое видео, как работает сайт ресторана: меню на 3 языках, бронь столов и админка, где цены меняете сами. Цена от 280 000 ֏. Показать, как это будет выглядеть у вас?",,,,
29,3,Lebanon Shawarma,фастфуд,Ереван,+37410525525,"Բարև Ձեզ։ Ես Ազատն եմ, կայքեր եմ պատրաստում Հայաստանի բիզնեսների համար (EVNWEB)։ Նկատեցի, որ Lebanon Shawarma-ը չունի սեփական կայք։ Կարող եմ ուղարկել կարճ տեսանյութ, թե ինչպես է աշխատում ռեստորանի կայքը՝ մենյու 3 լեզվով, սեղանի ամրագրում և ադմին, որտեղ գները փոխում եք ինքներդ։ Գինը՝ 280 000 ֏-ից։ Ցույց տա՞մ, թե ինչպես կլինի ձեզ մոտ։","Здравствуйте! Меня зовут Азат, я делаю сайты для бизнесов в Армении (EVNWEB). Заметил, что у Lebanon Shawarma нет своего сайта. Могу прислать короткое видео, как работает сайт ресторана: меню на 3 языках, бронь столов и админка, где цены меняете сами. Цена от 280 000 ֏. Показать, как это будет выглядеть у вас?",ne_mobilny,,,
29,3,Leo's,фастфуд,Ереван,+37433770222,"Բարև Ձեզ։ Ես Ազատն եմ, կայքեր եմ պատրաստում Հայաստանի բիզնեսների համար (EVNWEB)։ Նկատեցի, որ Leo's-ը չունի սեփական կայք։ Կարող եմ ուղարկել կարճ տեսանյութ, թե ինչպես է աշխատում ռեստորանի կայքը՝ մենյու 3 լեզվով, սեղանի ամրագրում և ադմին, որտեղ գները փոխում եք ինքներդ։ Գինը՝ 280 000 ֏-ից։ Ցույց տա՞մ, թե ինչպես կլինի ձեզ մոտ։","Здравствуйте! Меня зовут Азат, я делаю сайты для бизнесов в Армении (EVNWEB). Заметил, что у Leo's нет своего сайта. Могу прислать короткое видео, как работает сайт ресторана: меню на 3 языках, бронь столов и админка, где цены меняете сами. Цена от 280 000 ֏. Показать, как это будет выглядеть у вас?",,,,
29,3,Meat,фастфуд,Ереван,+37433911119,"Բարև Ձեզ։ Ես Ազատն եմ, կայքեր եմ պատրաստում Հայաստանի բիզնեսների համար (EVNWEB)։ Նկատեցի, որ Meat-ը չունի սեփական կայք։ Կարող եմ ուղարկել կարճ տեսանյութ, թե ինչպես է աշխատում ռեստորանի կայքը՝ մենյու 3 լեզվով, սեղանի ամրագրում և ադմին, որտեղ գները փոխում եք ինքներդ։ Գինը՝ 280 000 ֏-ից։ Ցույց տա՞մ, թե ինչպես կլինի ձեզ մոտ։","Здравствуйте! Меня зовут Азат, я делаю сайты для бизнесов в Армении (EVNWEB). Заметил, что у Meat нет своего сайта. Могу прислать короткое видео, как работает сайт ресторана: меню на 3 языках, бронь столов и админка, где цены меняете сами. Цена от 280 000 ֏. Показать, как это будет выглядеть у вас?",,,,
29,3,Parking,фастфуд,Ереван,+37495800021,"Բարև Ձեզ։ Ես Ազատն եմ, կայքեր եմ պատրաստում Հայաստանի բիզնեսների համար (EVNWEB)։ Նկատեցի, որ Parking-ը չունի սեփական կայք։ Կարող եմ ուղարկել կարճ տեսանյութ, թե ինչպես է աշխատում ռեստորանի կայքը՝ մենյու 3 լեզվով, սեղանի ամրագրում և ադմին, որտեղ գները փոխում եք ինքներդ։ Գինը՝ 280 000 ֏-ից։ Ցույց տա՞մ, թե ինչպես կլինի ձեզ մոտ։","Здравствуйте! Меня зовут Азат, я делаю сайты для бизнесов в Армении (EVNWEB). Заметил, что у Parking нет своего сайта. Могу прислать короткое видео, как работает сайт ресторана: меню на 3 языках, бронь столов и админка, где цены меняете сами. Цена от 280 000 ֏. Показать, как это будет выглядеть у вас?",,,,
29,3,PitStop Burger,фастфуд,Ереван,+37460755655,"Բարև Ձեզ։ Ես Ազատն եմ, կայքեր եմ պատրաստում Հայաստանի բիզնեսների համար (EVNWEB)։ Նկատեցի, որ PitStop Burger-ը չունի սեփական կայք։ Կարող եմ ուղարկել կարճ տեսանյութ, թե ինչպես է աշխատում ռեստորանի կայքը՝ մենյու 3 լեզվով, սեղանի ամրագրում և ադմին, որտեղ գները փոխում եք ինքներդ։ Գինը՝ 280 000 ֏-ից։ Ցույց տա՞մ, թե ինչպես կլինի ձեզ մոտ։","Здравствуйте! Меня зовут Азат, я делаю сайты для бизнесов в Армении (EVNWEB). Заметил, что у PitStop Burger нет своего сайта. Могу прислать короткое видео, как работает сайт ресторана: меню на 3 языках, бронь столов и админка, где цены меняете сами. Цена от 280 000 ֏. Показать, как это будет выглядеть у вас?",ne_mobilny,,,
29,3,Queen Burger,фастфуд,Ереван,+37410560122,"Բարև Ձեզ։ Ես Ազատն եմ, կայքեր եմ պատրաստում Հայաստանի բիզնեսների համար (EVNWEB)։ Նկատեցի, որ Queen Burger-ը չունի սեփական կայք։ Կարող եմ ուղարկել կարճ տեսանյութ, թե ինչպես է աշխատում ռեստորանի կայքը՝ մենյու 3 լեզվով, սեղանի ամրագրում և ադմին, որտեղ գները փոխում եք ինքներդ։ Գինը՝ 280 000 ֏-ից։ Ցույց տա՞մ, թե ինչպես կլինի ձեզ մոտ։","Здравствуйте! Меня зовут Азат, я делаю сайты для бизнесов в Армении (EVNWEB). Заметил, что у Queen Burger нет своего сайта. Могу прислать короткое видео, как работает сайт ресторана: меню на 3 языках, бронь столов и админка, где цены меняете сами. Цена от 280 000 ֏. Показать, как это будет выглядеть у вас?",ne_mobilny,,,
29,3,SAS food court,фастфуд,Ереван,+37412877777,"Բարև Ձեզ։ Ես Ազատն եմ, կայքեր եմ պատրաստում Հայաստանի բիզնեսների համար (EVNWEB)։ Նկատեցի, որ SAS food court-ը չունի սեփական կայք։ Կարող եմ ուղարկել կարճ տեսանյութ, թե ինչպես է աշխատում ռեստորանի կայքը՝ մենյու 3 լեզվով, սեղանի ամրագրում և ադմին, որտեղ գները փոխում եք ինքներդ։ Գինը՝ 280 000 ֏-ից։ Ցույց տա՞մ, թե ինչպես կլինի ձեզ մոտ։","Здравствуйте! Меня зовут Азат, я делаю сайты для бизнесов в Армении (EVNWEB). Заметил, что у SAS food court нет своего сайта. Могу прислать короткое видео, как работает сайт ресторана: меню на 3 языках, бронь столов и админка, где цены меняете сами. Цена от 280 000 ֏. Показать, как это будет выглядеть у вас?",ne_mobilny,,,
29,3,Sam shaurma,фастфуд,Ереван,+37493609885,"Բարև Ձեզ։ Ես Ազատն եմ, կայքեր եմ պատրաստում Հայաստանի բիզնեսների համար (EVNWEB)։ Նկատեցի, որ Sam shaurma-ը չունի սեփական կայք։ Կարող եմ ուղարկել կարճ տեսանյութ, թե ինչպես է աշխատում ռեստորանի կայքը՝ մենյու 3 լեզվով, սեղանի ամրագրում և ադմին, որտեղ գները փոխում եք ինքներդ։ Գինը՝ 280 000 ֏-ից։ Ցույց տա՞մ, թե ինչպես կլինի ձեզ մոտ։","Здравствуйте! Меня зовут Азат, я делаю сайты для бизнесов в Армении (EVNWEB). Заметил, что у Sam shaurma нет своего сайта. Могу прислать короткое видео, как работает сайт ресторана: меню на 3 языках, бронь столов и админка, где цены меняете сами. Цена от 280 000 ֏. Показать, как это будет выглядеть у вас?",,,,
29,3,Sharmush,фастфуд,Ереван,+37495808086,"Բարև Ձեզ։ Ես Ազատն եմ, կայքեր եմ պատրաստում Հայաստանի բիզնեսների համար (EVNWEB)։ Նկատեցի, որ Sharmush-ը չունի սեփական կայք։ Կարող եմ ուղարկել կարճ տեսանյութ, թե ինչպես է աշխատում ռեստորանի կայքը՝ մենյու 3 լեզվով, սեղանի ամրագրում և ադմին, որտեղ գները փոխում եք ինքներդ։ Գինը՝ 280 000 ֏-ից։ Ցույց տա՞մ, թե ինչպես կլինի ձեզ մոտ։","Здравствуйте! Меня зовут Азат, я делаю сайты для бизнесов в Армении (EVNWEB). Заметил, что у Sharmush нет своего сайта. Могу прислать короткое видео, как работает сайт ресторана: меню на 3 языках, бронь столов и админка, где цены меняете сами. Цена от 280 000 ֏. Показать, как это будет выглядеть у вас?",,,,
29,3,Shawarma,фастфуд,Ереван,+37491763007,"Բարև Ձեզ։ Ես Ազատն եմ, կայքեր եմ պատրաստում Հայաստանի բիզնեսների համար (EVNWEB)։ Նկատեցի, որ Shawarma-ը չունի սեփական կայք։ Կարող եմ ուղարկել կարճ տեսանյութ, թե ինչպես է աշխատում ռեստորանի կայքը՝ մենյու 3 լեզվով, սեղանի ամրագրում և ադմին, որտեղ գները փոխում եք ինքներդ։ Գինը՝ 280 000 ֏-ից։ Ցույց տա՞մ, թե ինչպես կլինի ձեզ մոտ։","Здравствуйте! Меня зовут Азат, я делаю сайты для бизнесов в Армении (EVNWEB). Заметил, что у Shawarma нет своего сайта. Могу прислать короткое видео, как работает сайт ресторана: меню на 3 языках, бронь столов и админка, где цены меняете сами. Цена от 280 000 ֏. Показать, как это будет выглядеть у вас?",,,,
29,3,Shawarma Vibes,фастфуд,Ереван,+37455090095,"Բարև Ձեզ։ Ես Ազատն եմ, կայքեր եմ պատրաստում Հայաստանի բիզնեսների համար (EVNWEB)։ Նկատեցի, որ Shawarma Vibes-ը չունի սեփական կայք։ Կարող եմ ուղարկել կարճ տեսանյութ, թե ինչպես է աշխատում ռեստորանի կայքը՝ մենյու 3 լեզվով, սեղանի ամրագրում և ադմին, որտեղ գները փոխում եք ինքներդ։ Գինը՝ 280 000 ֏-ից։ Ցույց տա՞մ, թե ինչպես կլինի ձեզ մոտ։","Здравствуйте! Меня зовут Азат, я делаю сайты для бизнесов в Армении (EVNWEB). Заметил, что у Shawarma Vibes нет своего сайта. Могу прислать короткое видео, как работает сайт ресторана: меню на 3 языках, бронь столов и админка, где цены меняете сами. Цена от 280 000 ֏. Показать, как это будет выглядеть у вас?",,,,
29,3,United Kitchen,фастфуд,Ереван,+37433202012,"Բարև Ձեզ։ Ես Ազատն եմ, կայքեր եմ պատրաստում Հայաստանի բիզնեսների համար (EVNWEB)։ Նկատեցի, որ United Kitchen-ը չունի սեփական կայք։ Կարող եմ ուղարկել կարճ տեսանյութ, թե ինչպես է աշխատում ռեստորանի կայքը՝ մենյու 3 լեզվով, սեղանի ամրագրում և ադմին, որտեղ գները փոխում եք ինքներդ։ Գինը՝ 280 000 ֏-ից։ Ցույց տա՞մ, թե ինչպես կլինի ձեզ մոտ։","Здравствуйте! Меня зовут Азат, я делаю сайты для бизнесов в Армении (EVNWEB). Заметил, что у United Kitchen нет своего сайта. Могу прислать короткое видео, как работает сайт ресторана: меню на 3 языках, бронь столов и админка, где цены меняете сами. Цена от 280 000 ֏. Показать, как это будет выглядеть у вас?",,,,
29,3,ZAVIKI XARSNOC,фастфуд,Ереван,+37410428090,"Բարև Ձեզ։ Ես Ազատն եմ, կայքեր եմ պատրաստում Հայաստանի բիզնեսների համար (EVNWEB)։ Նկատեցի, որ ZAVIKI XARSNOC-ը չունի սեփական կայք։ Կարող եմ ուղարկել կարճ տեսանյութ, թե ինչպես է աշխատում ռեստորանի կայքը՝ մենյու 3 լեզվով, սեղանի ամրագրում և ադմին, որտեղ գները փոխում եք ինքներդ։ Գինը՝ 280 000 ֏-ից։ Ցույց տա՞մ, թե ինչպես կլինի ձեզ մոտ։","Здравствуйте! Меня зовут Азат, я делаю сайты для бизнесов в Армении (EVNWEB). Заметил, что у ZAVIKI XARSNOC нет своего сайта. Могу прислать короткое видео, как работает сайт ресторана: меню на 3 языках, бронь столов и админка, где цены меняете сами. Цена от 280 000 ֏. Показать, как это будет выглядеть у вас?",ne_mobilny,,,
29,3,Zatar Pizza,фастфуд,Ереван,+37433525106,"Բարև Ձեզ։ Ես Ազատն եմ, կայքեր եմ պատրաստում Հայաստանի բիզնեսների համար (EVNWEB)։ Նկատեցի, որ Zatar Pizza-ը չունի սեփական կայք։ Կարող եմ ուղարկել կարճ տեսանյութ, թե ինչպես է աշխատում ռեստորանի կայքը՝ մենյու 3 լեզվով, սեղանի ամրագրում և ադմին, որտեղ գները փոխում եք ինքներդ։ Գինը՝ 280 000 ֏-ից։ Ցույց տա՞մ, թե ինչպես կլինի ձեզ մոտ։","Здравствуйте! Меня зовут Азат, я делаю сайты для бизнесов в Армении (EVNWEB). Заметил, что у Zatar Pizza нет своего сайта. Могу прислать короткое видео, как работает сайт ресторана: меню на 3 языках, бронь столов и админка, где цены меняете сами. Цена от 280 000 ֏. Показать, как это будет выглядеть у вас?",,,,
29,3,Zatar Shaurma,фастфуд,Ереван,+37410525106,"Բարև Ձեզ։ Ես Ազատն եմ, կայքեր եմ պատրաստում Հայաստանի բիզնեսների համար (EVNWEB)։ Նկատեցի, որ Zatar Shaurma-ը չունի սեփական կայք։ Կարող եմ ուղարկել կարճ տեսանյութ, թե ինչպես է աշխատում ռեստորանի կայքը՝ մենյու 3 լեզվով, սեղանի ամրագրում և ադմին, որտեղ գները փոխում եք ինքներդ։ Գինը՝ 280 000 ֏-ից։ Ցույց տա՞մ, թե ինչպես կլինի ձեզ մոտ։","Здравствуйте! Меня зовут Азат, я делаю сайты для бизнесов в Армении (EVNWEB). Заметил, что у Zatar Shaurma нет своего сайта. Могу прислать короткое видео, как работает сайт ресторана: меню на 3 языках, бронь столов и админка, где цены меняете сами. Цена от 280 000 ֏. Показать, как это будет выглядеть у вас?",ne_mobilny,,,
29,3,Zeytun food zone,фастфуд,Ереван,+37477070711,"Բարև Ձեզ։ Ես Ազատն եմ, կայքեր եմ պատրաստում Հայաստանի բիզնեսների համար (EVNWEB)։ Նկատեցի, որ Zeytun food zone-ը չունի սեփական կայք։ Կարող եմ ուղարկել կարճ տեսանյութ, թե ինչպես է աշխատում ռեստորանի կայքը՝ մենյու 3 լեզվով, սեղանի ամրագրում և ադմին, որտեղ գները փոխում եք ինքներդ։ Գինը՝ 280 000 ֏-ից։ Ցույց տա՞մ, թե ինչպես կլինի ձեզ մոտ։","Здравствуйте! Меня зовут Азат, я делаю сайты для бизнесов в Армении (EVNWEB). Заметил, что у Zeytun food zone нет своего сайта. Могу прислать короткое видео, как работает сайт ресторана: меню на 3 языках, бронь столов и админка, где цены меняете сами. Цена от 280 000 ֏. Показать, как это будет выглядеть у вас?",,,,
29,3,Atsukh Fast Food,фастфуд,Ереван,+37410505051,"Բարև Ձեզ։ Ես Ազատն եմ, կայքեր եմ պատրաստում Հայաստանի բիզնեսների համար (EVNWEB)։ Նկատեցի, որ Atsukh Fast Food-ը չունի սեփական կայք։ Կարող եմ ուղարկել կարճ տեսանյութ, թե ինչպես է աշխատում ռեստորանի կայքը՝ մենյու 3 լեզվով, սեղանի ամրագրում և ադմին, որտեղ գները փոխում եք ինքներդ։ Գինը՝ 280 000 ֏-ից։ Ցույց տա՞մ, թե ինչպես կլինի ձեզ մոտ։","Здравствуйте! Меня зовут Азат, я делаю сайты для бизнесов в Армении (EVNWEB). Заметил, что у Atsukh Fast Food нет своего сайта. Могу прислать короткое видео, как работает сайт ресторана: меню на 3 языках, бронь столов и админка, где цены меняете сами. Цена от 280 000 ֏. Показать, как это будет выглядеть у вас?",ne_mobilny,,,
29,3,Աղ Ու Հացով,фастфуд,Ереван,+37444481717,"Բարև Ձեզ։ Ես Ազատն եմ, կայքեր եմ պատրաստում Հայաստանի բիզնեսների համար (EVNWEB)։ Նկատեցի, որ Աղ Ու Հացով-ը չունի սեփական կայք։ Կարող եմ ուղարկել կարճ տեսանյութ, թե ինչպես է աշխատում ռեստորանի կայքը՝ մենյու 3 լեզվով, սեղանի ամրագրում և ադմին, որտեղ գները փոխում եք ինքներդ։ Գինը՝ 280 000 ֏-ից։ Ցույց տա՞մ, թե ինչպես կլինի ձեզ մոտ։","Здравствуйте! Меня зовут Азат, я делаю сайты для бизнесов в Армении (EVNWEB). Заметил, что у Աղ Ու Հացով нет своего сайта. Могу прислать короткое видео, как работает сайт ресторана: меню на 3 языках, бронь столов и админка, где цены меняете сами. Цена от 280 000 ֏. Показать, как это будет выглядеть у вас?",,,,
29,3,Բիստրո,фастфуд,Ереван,+37494807676,"Բարև Ձեզ։ Ես Ազատն եմ, կայքեր եմ պատրաստում Հայաստանի բիզնեսների համար (EVNWEB)։ Նկատեցի, որ Բիստրո-ը չունի սեփական կայք։ Կարող եմ ուղարկել կարճ տեսանյութ, թե ինչպես է աշխատում ռեստորանի կայքը՝ մենյու 3 լեզվով, սեղանի ամրագրում և ադմին, որտեղ գները փոխում եք ինքներդ։ Գինը՝ 280 000 ֏-ից։ Ցույց տա՞մ, թե ինչպես կլինի ձեզ մոտ։","Здравствуйте! Меня зовут Азат, я делаю сайты для бизнесов в Армении (EVNWEB). Заметил, что у Բիստրո нет своего сайта. Могу прислать короткое видео, как работает сайт ресторана: меню на 3 языках, бронь столов и админка, где цены меняете сами. Цена от 280 000 ֏. Показать, как это будет выглядеть у вас?",,,,
29,3,Donara's Zhengyalov Hats,фастфуд,Ереван,+37497251630,"Բարև Ձեզ։ Ես Ազատն եմ, կայքեր եմ պատրաստում Հայաստանի բիզնեսների համար (EVNWEB)։ Նկատեցի, որ Donara's Zhengyalov Hats-ը չունի սեփական կայք։ Կարող եմ ուղարկել կարճ տեսանյութ, թե ինչպես է աշխատում ռեստորանի կայքը՝ մենյու 3 լեզվով, սեղանի ամրագրում և ադմին, որտեղ գները փոխում եք ինքներդ։ Գինը՝ 280 000 ֏-ից։ Ցույց տա՞մ, թե ինչպես կլինի ձեզ մոտ։","Здравствуйте! Меня зовут Азат, я делаю сайты для бизнесов в Армении (EVNWEB). Заметил, что у Donara's Zhengyalov Hats нет своего сайта. Могу прислать короткое видео, как работает сайт ресторана: меню на 3 языках, бронь столов и админка, где цены меняете сами. Цена от 280 000 ֏. Показать, как это будет выглядеть у вас?",,,,
29,3,Yerevani Shaurma,фастфуд,Ереван,+37410508808,"Բարև Ձեզ։ Ես Ազատն եմ, կայքեր եմ պատրաստում Հայաստանի բիզնեսների համար (EVNWEB)։ Նկատեցի, որ Yerevani Shaurma-ը չունի սեփական կայք։ Կարող եմ ուղարկել կարճ տեսանյութ, թե ինչպես է աշխատում ռեստորանի կայքը՝ մենյու 3 լեզվով, սեղանի ամրագրում և ադմին, որտեղ գները փոխում եք ինքներդ։ Գինը՝ 280 000 ֏-ից։ Ցույց տա՞մ, թե ինչպես կլինի ձեզ մոտ։","Здравствуйте! Меня зовут Азат, я делаю сайты для бизнесов в Армении (EVNWEB). Заметил, что у Yerevani Shaurma нет своего сайта. Могу прислать короткое видео, как работает сайт ресторана: меню на 3 языках, бронь столов и админка, где цены меняете сами. Цена от 280 000 ֏. Показать, как это будет выглядеть у вас?",ne_mobilny,,,
29,3,Tawouk,фастфуд,Ереван,+37494242000,"Բարև Ձեզ։ Ես Ազատն եմ, կայքեր եմ պատրաստում Հայաստանի բիզնեսների համար (EVNWEB)։ Նկատեցի, որ Tawouk-ը չունի սեփական կայք։ Կարող եմ ուղարկել կարճ տեսանյութ, թե ինչպես է աշխատում ռեստորանի կայքը՝ մենյու 3 լեզվով, սեղանի ամրագրում և ադմին, որտեղ գները փոխում եք ինքներդ։ Գինը՝ 280 000 ֏-ից։ Ցույց տա՞մ, թե ինչպես կլինի ձեզ մոտ։","Здравствуйте! Меня зовут Азат, я делаю сайты для бизнесов в Армении (EVNWEB). Заметил, что у Tawouk нет своего сайта. Могу прислать короткое видео, как работает сайт ресторана: меню на 3 языках, бронь столов и админка, где цены меняете сами. Цена от 280 000 ֏. Показать, как это будет выглядеть у вас?",,,,
30,3,Шашлычная,фастфуд,Ереван,+37455220022,"Բարև Ձեզ։ Ես Ազատն եմ, կայքեր եմ պատրաստում Հայաստանի բիզնեսների համար (EVNWEB)։ Նկատեցի, որ Шашлычная-ը չունի սեփական կայք։ Կարող եմ ուղարկել կարճ տեսանյութ, թե ինչպես է աշխատում ռեստորանի կայքը՝ մենյու 3 լեզվով, սեղանի ամրագրում և ադմին, որտեղ գները փոխում եք ինքներդ։ Գինը՝ 280 000 ֏-ից։ Ցույց տա՞մ, թե ինչպես կլինի ձեզ մոտ։","Здравствуйте! Меня зовут Азат, я делаю сайты для бизнесов в Армении (EVNWEB). Заметил, что у Шашлычная нет своего сайта. Могу прислать короткое видео, как работает сайт ресторана: меню на 3 языках, бронь столов и админка, где цены меняете сами. Цена от 280 000 ֏. Показать, как это будет выглядеть у вас?",,,,
30,3,Hatsatun,фастфуд,Ереван,+37455105505,"Բարև Ձեզ։ Ես Ազատն եմ, կայքեր եմ պատրաստում Հայաստանի բիզնեսների համար (EVNWEB)։ Նկատեցի, որ Hatsatun-ը չունի սեփական կայք։ Կարող եմ ուղարկել կարճ տեսանյութ, թե ինչպես է աշխատում ռեստորանի կայքը՝ մենյու 3 լեզվով, սեղանի ամրագրում և ադմին, որտեղ գները փոխում եք ինքներդ։ Գինը՝ 280 000 ֏-ից։ Ցույց տա՞մ, թե ինչպես կլինի ձեզ մոտ։","Здравствуйте! Меня зовут Азат, я делаю сайты для бизнесов в Армении (EVNWEB). Заметил, что у Hatsatun нет своего сайта. Могу прислать короткое видео, как работает сайт ресторана: меню на 3 языках, бронь столов и админка, где цены меняете сами. Цена от 280 000 ֏. Показать, как это будет выглядеть у вас?",,,,
30,3,Hin Tonratun,фастфуд,Ереван,+37410390111,"Բարև Ձեզ։ Ես Ազատն եմ, կայքեր եմ պատրաստում Հայաստանի բիզնեսների համար (EVNWEB)։ Նկատեցի, որ Hin Tonratun-ը չունի սեփական կայք։ Կարող եմ ուղարկել կարճ տեսանյութ, թե ինչպես է աշխատում ռեստորանի կայքը՝ մենյու 3 լեզվով, սեղանի ամրագրում և ադմին, որտեղ գները փոխում եք ինքներդ։ Գինը՝ 280 000 ֏-ից։ Ցույց տա՞մ, թե ինչպես կլինի ձեզ մոտ։","Здравствуйте! Меня зовут Азат, я делаю сайты для бизнесов в Армении (EVNWEB). Заметил, что у Hin Tonratun нет своего сайта. Могу прислать короткое видео, как работает сайт ресторана: меню на 3 языках, бронь столов и админка, где цены меняете сами. Цена от 280 000 ֏. Показать, как это будет выглядеть у вас?",ne_mobilny,,,
30,3,Ղարս,фастфуд,Ереван,+37499149950,"Բարև Ձեզ։ Ես Ազատն եմ, կայքեր եմ պատրաստում Հայաստանի բիզնեսների համար (EVNWEB)։ Նկատեցի, որ Ղարս-ը չունի սեփական կայք։ Կարող եմ ուղարկել կարճ տեսանյութ, թե ինչպես է աշխատում ռեստորանի կայքը՝ մենյու 3 լեզվով, սեղանի ամրագրում և ադմին, որտեղ գները փոխում եք ինքներդ։ Գինը՝ 280 000 ֏-ից։ Ցույց տա՞մ, թե ինչպես կլինի ձեզ մոտ։","Здравствуйте! Меня зовут Азат, я делаю сайты для бизнесов в Армении (EVNWEB). Заметил, что у Ղարս нет своего сайта. Могу прислать короткое видео, как работает сайт ресторана: меню на 3 языках, бронь столов и админка, где цены меняете сами. Цена от 280 000 ֏. Показать, как это будет выглядеть у вас?",,,,
30,3,Mer Taghe,фастфуд,Ереван,+37410580106,"Բարև Ձեզ։ Ես Ազատն եմ, կայքեր եմ պատրաստում Հայաստանի բիզնեսների համար (EVNWEB)։ Նկատեցի, որ Mer Taghe-ը չունի սեփական կայք։ Կարող եմ ուղարկել կարճ տեսանյութ, թե ինչպես է աշխատում ռեստորանի կայքը՝ մենյու 3 լեզվով, սեղանի ամրագրում և ադմին, որտեղ գները փոխում եք ինքներդ։ Գինը՝ 280 000 ֏-ից։ Ցույց տա՞մ, թե ինչպես կլինի ձեզ մոտ։","Здравствуйте! Меня зовут Азат, я делаю сайты для бизнесов в Армении (EVNWEB). Заметил, что у Mer Taghe нет своего сайта. Могу прислать короткое видео, как работает сайт ресторана: меню на 3 языках, бронь столов и админка, где цены меняете сами. Цена от 280 000 ֏. Показать, как это будет выглядеть у вас?",ne_mobilny,,,
30,3,Մեր Մուր,фастфуд,Ереван,+37433811193,"Բարև Ձեզ։ Ես Ազատն եմ, կայքեր եմ պատրաստում Հայաստանի բիզնեսների համար (EVNWEB)։ Նկատեցի, որ Մեր Մուր-ը չունի սեփական կայք։ Կարող եմ ուղարկել կարճ տեսանյութ, թե ինչպես է աշխատում ռեստորանի կայքը՝ մենյու 3 լեզվով, սեղանի ամրագրում և ադմին, որտեղ գները փոխում եք ինքներդ։ Գինը՝ 280 000 ֏-ից։ Ցույց տա՞մ, թե ինչպես կլինի ձեզ մոտ։","Здравствуйте! Меня зовут Азат, я делаю сайты для бизнесов в Армении (EVNWEB). Заметил, что у Մեր Մուր нет своего сайта. Могу прислать короткое видео, как работает сайт ресторана: меню на 3 языках, бронь столов и админка, где цены меняете сами. Цена от 280 000 ֏. Показать, как это будет выглядеть у вас?",,,,
30,3,Shaurma Club,фастфуд,Ереван,+8777,"Բարև Ձեզ։ Ես Ազատն եմ, կայքեր եմ պատրաստում Հայաստանի բիզնեսների համար (EVNWEB)։ Նկատեցի, որ Shaurma Club-ը չունի սեփական կայք։ Կարող եմ ուղարկել կարճ տեսանյութ, թե ինչպես է աշխատում ռեստորանի կայքը՝ մենյու 3 լեզվով, սեղանի ամրագրում և ադմին, որտեղ գները փոխում եք ինքներդ։ Գինը՝ 280 000 ֏-ից։ Ցույց տա՞մ, թե ինչպես կլինի ձեզ մոտ։","Здравствуйте! Меня зовут Азат, я делаю сайты для бизнесов в Армении (EVNWEB). Заметил, что у Shaurma Club нет своего сайта. Могу прислать короткое видео, как работает сайт ресторана: меню на 3 языках, бронь столов и админка, где цены меняете сами. Цена от 280 000 ֏. Показать, как это будет выглядеть у вас?",ne_mobilny,,,
30,3,Pashayanner kisafabrikat,фастфуд,Ереван,+37410749557,"Բարև Ձեզ։ Ես Ազատն եմ, կայքեր եմ պատրաստում Հայաստանի բիզնեսների համար (EVNWEB)։ Նկատեցի, որ Pashayanner kisafabrikat-ը չունի սեփական կայք։ Կարող եմ ուղարկել կարճ տեսանյութ, թե ինչպես է աշխատում ռեստորանի կայքը՝ մենյու 3 լեզվով, սեղանի ամրագրում և ադմին, որտեղ գները փոխում եք ինքներդ։ Գինը՝ 280 000 ֏-ից։ Ցույց տա՞մ, թե ինչպես կլինի ձեզ մոտ։","Здравствуйте! Меня зовут Азат, я делаю сайты для бизнесов в Армении (EVNWEB). Заметил, что у Pashayanner kisafabrikat нет своего сайта. Могу прислать короткое видео, как работает сайт ресторана: меню на 3 языках, бронь столов и админка, где цены меняете сами. Цена от 280 000 ֏. Показать, как это будет выглядеть у вас?",ne_mobilny,,,
30,3,Ost,фастфуд,Ереван,+37495333000,"Բարև Ձեզ։ Ես Ազատն եմ, կայքեր եմ պատրաստում Հայաստանի բիզնեսների համար (EVNWEB)։ Նկատեցի, որ Ost-ը չունի սեփական կայք։ Կարող եմ ուղարկել կարճ տեսանյութ, թե ինչպես է աշխատում ռեստորանի կայքը՝ մենյու 3 լեզվով, սեղանի ամրագրում և ադմին, որտեղ գները փոխում եք ինքներդ։ Գինը՝ 280 000 ֏-ից։ Ցույց տա՞մ, թե ինչպես կլինի ձեզ մոտ։","Здравствуйте! Меня зовут Азат, я делаю сайты для бизнесов в Армении (EVNWEB). Заметил, что у Ost нет своего сайта. Могу прислать короткое видео, как работает сайт ресторана: меню на 3 языках, бронь столов и админка, где цены меняете сами. Цена от 280 000 ֏. Показать, как это будет выглядеть у вас?",,,,
30,3,Classy&Cozy Hostel,хостел,Ереван,+37491560256,"Բարև Ձեզ։ Ես Ազատն եմ, կայքեր եմ պատրաստում Հայաստանի բիզնեսների համար (EVNWEB)։ Նկատեցի, որ Classy&Cozy Hostel-ը չունի սեփական կայք։ Կարող եմ ուղարկել կարճ տեսանյութ, թե ինչպես է աշխատում հյուրանոցի կայքը՝ ուղիղ ամրագրում առանց Booking-ի միջնորդավճարի, զբաղվածության օրացույց և ադմին։ Գինը՝ 450 000 ֏-ից։ Ցույց տա՞մ, թե ինչպես կլինի ձեզ մոտ։","Здравствуйте! Меня зовут Азат, я делаю сайты для бизнесов в Армении (EVNWEB). Заметил, что у Classy&Cozy Hostel нет своего сайта. Могу прислать короткое видео, как работает сайт отеля: прямая бронь без комиссии Booking, календарь занятости и админка. Цена от 450 000 ֏. Показать, как это будет выглядеть у вас?",,,,
30,3,Infinity Hostel & Tour,хостел,Ереван,+37455232403,"Բարև Ձեզ։ Ես Ազատն եմ, կայքեր եմ պատրաստում Հայաստանի բիզնեսների համար (EVNWEB)։ Նկատեցի, որ Infinity Hostel & Tour-ը չունի սեփական կայք։ Կարող եմ ուղարկել կարճ տեսանյութ, թե ինչպես է աշխատում հյուրանոցի կայքը՝ ուղիղ ամրագրում առանց Booking-ի միջնորդավճարի, զբաղվածության օրացույց և ադմին։ Գինը՝ 450 000 ֏-ից։ Ցույց տա՞մ, թե ինչպես կլինի ձեզ մոտ։","Здравствуйте! Меня зовут Азат, я делаю сайты для бизнесов в Армении (EVNWEB). Заметил, что у Infinity Hostel & Tour нет своего сайта. Могу прислать короткое видео, как работает сайт отеля: прямая бронь без комиссии Booking, календарь занятости и админка. Цена от 450 000 ֏. Показать, как это будет выглядеть у вас?",,,,
30,3,Swiss Hostel,хостел,Ереван,+37495105120,"Բարև Ձեզ։ Ես Ազատն եմ, կայքեր եմ պատրաստում Հայաստանի բիզնեսների համար (EVNWEB)։ Նկատեցի, որ Swiss Hostel-ը չունի սեփական կայք։ Կարող եմ ուղարկել կարճ տեսանյութ, թե ինչպես է աշխատում հյուրանոցի կայքը՝ ուղիղ ամրագրում առանց Booking-ի միջնորդավճարի, զբաղվածության օրացույց և ադմին։ Գինը՝ 450 000 ֏-ից։ Ցույց տա՞մ, թե ինչպես կլինի ձեզ մոտ։","Здравствуйте! Меня зовут Азат, я делаю сайты для бизнесов в Армении (EVNWEB). Заметил, что у Swiss Hostel нет своего сайта. Могу прислать короткое видео, как работает сайт отеля: прямая бронь без комиссии Booking, календарь занятости и админка. Цена от 450 000 ֏. Показать, как это будет выглядеть у вас?",,,,
30,3,Vagary Hostel,хостел,Ереван,+37499891089,"Բարև Ձեզ։ Ես Ազատն եմ, կայքեր եմ պատրաստում Հայաստանի բիզնեսների համար (EVNWEB)։ Նկատեցի, որ Vagary Hostel-ը չունի սեփական կայք։ Կարող եմ ուղարկել կարճ տեսանյութ, թե ինչպես է աշխատում հյուրանոցի կայքը՝ ուղիղ ամրագրում առանց Booking-ի միջնորդավճարի, զբաղվածության օրացույց և ադմին։ Գինը՝ 450 000 ֏-ից։ Ցույց տա՞մ, թե ինչպես կլինի ձեզ մոտ։","Здравствуйте! Меня зовут Азат, я делаю сайты для бизнесов в Армении (EVNWEB). Заметил, что у Vagary Hostel нет своего сайта. Могу прислать короткое видео, как работает сайт отеля: прямая бронь без комиссии Booking, календарь занятости и админка. Цена от 450 000 ֏. Показать, как это будет выглядеть у вас?",,,,
30,3,5x5,хостел,Ереван,+37444088101,"Բարև Ձեզ։ Ես Ազատն եմ, կայքեր եմ պատրաստում Հայաստանի բիզնեսների համար (EVNWEB)։ Նկատեցի, որ 5x5-ը չունի սեփական կայք։ Կարող եմ ուղարկել կարճ տեսանյութ, թե ինչպես է աշխատում հյուրանոցի կայքը՝ ուղիղ ամրագրում առանց Booking-ի միջնորդավճարի, զբաղվածության օրացույց և ադմին։ Գինը՝ 450 000 ֏-ից։ Ցույց տա՞մ, թե ինչպես կլինի ձեզ մոտ։","Здравствуйте! Меня зовут Азат, я делаю сайты для бизнесов в Армении (EVNWEB). Заметил, что у 5x5 нет своего сайта. Могу прислать короткое видео, как работает сайт отеля: прямая бронь без комиссии Booking, календарь занятости и админка. Цена от 450 000 ֏. Показать, как это будет выглядеть у вас?",,,,
30,3,Abrahamyan's Hostel,хостел,Ереван,+37455444343,"Բարև Ձեզ։ Ես Ազատն եմ, կայքեր եմ պատրաստում Հայաստանի բիզնեսների համար (EVNWEB)։ Նկատեցի, որ Abrahamyan's Hostel-ը չունի սեփական կայք։ Կարող եմ ուղարկել կարճ տեսանյութ, թե ինչպես է աշխատում հյուրանոցի կայքը՝ ուղիղ ամրագրում առանց Booking-ի միջնորդավճարի, զբաղվածության օրացույց և ադմին։ Գինը՝ 450 000 ֏-ից։ Ցույց տա՞մ, թե ինչպես կլինի ձեզ մոտ։","Здравствуйте! Меня зовут Азат, я делаю сайты для бизнесов в Армении (EVNWEB). Заметил, что у Abrahamyan's Hostel нет своего сайта. Могу прислать короткое видео, как работает сайт отеля: прямая бронь без комиссии Booking, календарь занятости и админка. Цена от 450 000 ֏. Показать, как это будет выглядеть у вас?",,,,
30,3,Apri Hostel,хостел,Ереван,+37455766733,"Բարև Ձեզ։ Ես Ազատն եմ, կայքեր եմ պատրաստում Հայաստանի բիզնեսների համար (EVNWEB)։ Նկատեցի, որ Apri Hostel-ը չունի սեփական կայք։ Կարող եմ ուղարկել կարճ տեսանյութ, թե ինչպես է աշխատում հյուրանոցի կայքը՝ ուղիղ ամրագրում առանց Booking-ի միջնորդավճարի, զբաղվածության օրացույց և ադմին։ Գինը՝ 450 000 ֏-ից։ Ցույց տա՞մ, թե ինչպես կլինի ձեզ մոտ։","Здравствуйте! Меня зовут Азат, я делаю сайты для бизнесов в Армении (EVNWEB). Заметил, что у Apri Hostel нет своего сайта. Могу прислать короткое видео, как работает сайт отеля: прямая бронь без комиссии Booking, календарь занятости и админка. Цена от 450 000 ֏. Показать, как это будет выглядеть у вас?",,,,
30,3,Arm,хостел,Ереван,+37477161169,"Բարև Ձեզ։ Ես Ազատն եմ, կայքեր եմ պատրաստում Հայաստանի բիզնեսների համար (EVNWEB)։ Նկատեցի, որ Arm-ը չունի սեփական կայք։ Կարող եմ ուղարկել կարճ տեսանյութ, թե ինչպես է աշխատում հյուրանոցի կայքը՝ ուղիղ ամրագրում առանց Booking-ի միջնորդավճարի, զբաղվածության օրացույց և ադմին։ Գինը՝ 450 000 ֏-ից։ Ցույց տա՞մ, թե ինչպես կլինի ձեզ մոտ։","Здравствуйте! Меня зовут Азат, я делаю сайты для бизнесов в Армении (EVNWEB). Заметил, что у Arm нет своего сайта. Могу прислать короткое видео, как работает сайт отеля: прямая бронь без комиссии Booking, календарь занятости и админка. Цена от 450 000 ֏. Показать, как это будет выглядеть у вас?",,,,
30,3,Cascade Hostel and Tours,хостел,Ереван,+37411542525,"Բարև Ձեզ։ Ես Ազատն եմ, կայքեր եմ պատրաստում Հայաստանի բիզնեսների համար (EVNWEB)։ Նկատեցի, որ Cascade Hostel and Tours-ը չունի սեփական կայք։ Կարող եմ ուղարկել կարճ տեսանյութ, թե ինչպես է աշխատում հյուրանոցի կայքը՝ ուղիղ ամրագրում առանց Booking-ի միջնորդավճարի, զբաղվածության օրացույց և ադմին։ Գինը՝ 450 000 ֏-ից։ Ցույց տա՞մ, թե ինչպես կլինի ձեզ մոտ։","Здравствуйте! Меня зовут Азат, я делаю сайты для бизнесов в Армении (EVNWEB). Заметил, что у Cascade Hostel and Tours нет своего сайта. Могу прислать короткое видео, как работает сайт отеля: прямая бронь без комиссии Booking, календарь занятости и админка. Цена от 450 000 ֏. Показать, как это будет выглядеть у вас?",ne_mobilny,,,
30,3,Duck Hostel & Space,хостел,Ереван,+37499191991,"Բարև Ձեզ։ Ես Ազատն եմ, կայքեր եմ պատրաստում Հայաստանի բիզնեսների համար (EVNWEB)։ Նկատեցի, որ Duck Hostel & Space-ը չունի սեփական կայք։ Կարող եմ ուղարկել կարճ տեսանյութ, թե ինչպես է աշխատում հյուրանոցի կայքը՝ ուղիղ ամրագրում առանց Booking-ի միջնորդավճարի, զբաղվածության օրացույց և ադմին։ Գինը՝ 450 000 ֏-ից։ Ցույց տա՞մ, թե ինչպես կլինի ձեզ մոտ։","Здравствуйте! Меня зовут Азат, я делаю сайты для бизнесов в Армении (EVNWEB). Заметил, что у Duck Hostel & Space нет своего сайта. Могу прислать короткое видео, как работает сайт отеля: прямая бронь без комиссии Booking, календарь занятости и админка. Цена от 450 000 ֏. Показать, как это будет выглядеть у вас?",,,,
30,3,Grammy Hostel,хостел,Ереван,+37455220322,"Բարև Ձեզ։ Ես Ազատն եմ, կայքեր եմ պատրաստում Հայաստանի բիզնեսների համար (EVNWEB)։ Նկատեցի, որ Grammy Hostel-ը չունի սեփական կայք։ Կարող եմ ուղարկել կարճ տեսանյութ, թե ինչպես է աշխատում հյուրանոցի կայքը՝ ուղիղ ամրագրում առանց Booking-ի միջնորդավճարի, զբաղվածության օրացույց և ադմին։ Գինը՝ 450 000 ֏-ից։ Ցույց տա՞մ, թե ինչպես կլինի ձեզ մոտ։","Здравствуйте! Меня зовут Азат, я делаю сайты для бизнесов в Армении (EVNWEB). Заметил, что у Grammy Hostel нет своего сайта. Могу прислать короткое видео, как работает сайт отеля: прямая бронь без комиссии Booking, календарь занятости и админка. Цена от 450 000 ֏. Показать, как это будет выглядеть у вас?",,,,
30,3,Kantar,хостел,Ереван,+37455180005,"Բարև Ձեզ։ Ես Ազատն եմ, կայքեր եմ պատրաստում Հայաստանի բիզնեսների համար (EVNWEB)։ Նկատեցի, որ Kantar-ը չունի սեփական կայք։ Կարող եմ ուղարկել կարճ տեսանյութ, թե ինչպես է աշխատում հյուրանոցի կայքը՝ ուղիղ ամրագրում առանց Booking-ի միջնորդավճարի, զբաղվածության օրացույց և ադմին։ Գինը՝ 450 000 ֏-ից։ Ցույց տա՞մ, թե ինչպես կլինի ձեզ մոտ։","Здравствуйте! Меня зовут Азат, я делаю сайты для бизнесов в Армении (EVNWEB). Заметил, что у Kantar нет своего сайта. Могу прислать короткое видео, как работает сайт отеля: прямая бронь без комиссии Booking, календарь занятости и админка. Цена от 450 000 ֏. Показать, как это будет выглядеть у вас?",,,,
30,3,Loft Host,хостел,Ереван,+37411210055,"Բարև Ձեզ։ Ես Ազատն եմ, կայքեր եմ պատրաստում Հայաստանի բիզնեսների համար (EVNWEB)։ Նկատեցի, որ Loft Host-ը չունի սեփական կայք։ Կարող եմ ուղարկել կարճ տեսանյութ, թե ինչպես է աշխատում հյուրանոցի կայքը՝ ուղիղ ամրագրում առանց Booking-ի միջնորդավճարի, զբաղվածության օրացույց և ադմին։ Գինը՝ 450 000 ֏-ից։ Ցույց տա՞մ, թե ինչպես կլինի ձեզ մոտ։","Здравствуйте! Меня зовут Азат, я делаю сайты для бизнесов в Армении (EVNWEB). Заметил, что у Loft Host нет своего сайта. Могу прислать короткое видео, как работает сайт отеля: прямая бронь без комиссии Booking, календарь занятости и админка. Цена от 450 000 ֏. Показать, как это будет выглядеть у вас?",ne_mobilny,,,
30,3,Maria,хостел,Ереван,+37493546574,"Բարև Ձեզ։ Ես Ազատն եմ, կայքեր եմ պատրաստում Հայաստանի բիզնեսների համար (EVNWEB)։ Նկատեցի, որ Maria-ը չունի սեփական կայք։ Կարող եմ ուղարկել կարճ տեսանյութ, թե ինչպես է աշխատում հյուրանոցի կայքը՝ ուղիղ ամրագրում առանց Booking-ի միջնորդավճարի, զբաղվածության օրացույց և ադմին։ Գինը՝ 450 000 ֏-ից։ Ցույց տա՞մ, թե ինչպես կլինի ձեզ մոտ։","Здравствуйте! Меня зовут Азат, я делаю сайты для бизнесов в Армении (EVNWEB). Заметил, что у Maria нет своего сайта. Могу прислать короткое видео, как работает сайт отеля: прямая бронь без комиссии Booking, календарь занятости и админка. Цена от 450 000 ֏. Показать, как это будет выглядеть у вас?",,,,
30,3,Old Butania,хостел,Ереван,+37496646408,"Բարև Ձեզ։ Ես Ազատն եմ, կայքեր եմ պատրաստում Հայաստանի բիզնեսների համար (EVNWEB)։ Նկատեցի, որ Old Butania-ը չունի սեփական կայք։ Կարող եմ ուղարկել կարճ տեսանյութ, թե ինչպես է աշխատում հյուրանոցի կայքը՝ ուղիղ ամրագրում առանց Booking-ի միջնորդավճարի, զբաղվածության օրացույց և ադմին։ Գինը՝ 450 000 ֏-ից։ Ցույց տա՞մ, թե ինչպես կլինի ձեզ մոտ։","Здравствуйте! Меня зовут Азат, я делаю сайты для бизнесов в Армении (EVNWEB). Заметил, что у Old Butania нет своего сайта. Могу прислать короткое видео, как работает сайт отеля: прямая бронь без комиссии Booking, календарь занятости и админка. Цена от 450 000 ֏. Показать, как это будет выглядеть у вас?",,,,
30,3,Penthouse Hostel,хостел,Ереван,+37498894224,"Բարև Ձեզ։ Ես Ազատն եմ, կայքեր եմ պատրաստում Հայաստանի բիզնեսների համար (EVNWEB)։ Նկատեցի, որ Penthouse Hostel-ը չունի սեփական կայք։ Կարող եմ ուղարկել կարճ տեսանյութ, թե ինչպես է աշխատում հյուրանոցի կայքը՝ ուղիղ ամրագրում առանց Booking-ի միջնորդավճարի, զբաղվածության օրացույց և ադմին։ Գինը՝ 450 000 ֏-ից։ Ցույց տա՞մ, թե ինչպես կլինի ձեզ մոտ։","Здравствуйте! Меня зовут Азат, я делаю сайты для бизнесов в Армении (EVNWEB). Заметил, что у Penthouse Hostel нет своего сайта. Могу прислать короткое видео, как работает сайт отеля: прямая бронь без комиссии Booking, календарь занятости и админка. Цена от 450 000 ֏. Показать, как это будет выглядеть у вас?",,,,
31,3,Yellow Fox,хостел,Ереван,+37495099806,"Բարև Ձեզ։ Ես Ազատն եմ, կայքեր եմ պատրաստում Հայաստանի բիզնեսների համար (EVNWEB)։ Նկատեցի, որ Yellow Fox-ը չունի սեփական կայք։ Կարող եմ ուղարկել կարճ տեսանյութ, թե ինչպես է աշխատում հյուրանոցի կայքը՝ ուղիղ ամրագրում առանց Booking-ի միջնորդավճարի, զբաղվածության օրացույց և ադմին։ Գինը՝ 450 000 ֏-ից։ Ցույց տա՞մ, թե ինչպես կլինի ձեզ մոտ։","Здравствуйте! Меня зовут Азат, я делаю сайты для бизнесов в Армении (EVNWEB). Заметил, что у Yellow Fox нет своего сайта. Могу прислать короткое видео, как работает сайт отеля: прямая бронь без комиссии Booking, календарь занятости и админка. Цена от 450 000 ֏. Показать, как это будет выглядеть у вас?",,,,
31,3,Մր․ Հոսթել,хостел,Ереван,+37410539239,"Բարև Ձեզ։ Ես Ազատն եմ, կայքեր եմ պատրաստում Հայաստանի բիզնեսների համար (EVNWEB)։ Նկատեցի, որ Մր․ Հոսթել-ը չունի սեփական կայք։ Կարող եմ ուղարկել կարճ տեսանյութ, թե ինչպես է աշխատում հյուրանոցի կայքը՝ ուղիղ ամրագրում առանց Booking-ի միջնորդավճարի, զբաղվածության օրացույց և ադմին։ Գինը՝ 450 000 ֏-ից։ Ցույց տա՞մ, թե ինչպես կլինի ձեզ մոտ։","Здравствуйте! Меня зовут Азат, я делаю сайты для бизнесов в Армении (EVNWEB). Заметил, что у Մր․ Հոսթել нет своего сайта. Могу прислать короткое видео, как работает сайт отеля: прямая бронь без комиссии Booking, календарь занятости и админка. Цена от 450 000 ֏. Показать, как это будет выглядеть у вас?",ne_mobilny,,,
31,3,Umba Hostel and Tour,хостел,Ереван,+37441562131,"Բարև Ձեզ։ Ես Ազատն եմ, կայքեր եմ պատրաստում Հայաստանի բիզնեսների համար (EVNWEB)։ Նկատեցի, որ Umba Hostel and Tour-ը չունի սեփական կայք։ Կարող եմ ուղարկել կարճ տեսանյութ, թե ինչպես է աշխատում հյուրանոցի կայքը՝ ուղիղ ամրագրում առանց Booking-ի միջնորդավճարի, զբաղվածության օրացույց և ադմին։ Գինը՝ 450 000 ֏-ից։ Ցույց տա՞մ, թե ինչպես կլինի ձեզ մոտ։","Здравствуйте! Меня зовут Азат, я делаю сайты для бизнесов в Армении (EVNWEB). Заметил, что у Umba Hostel and Tour нет своего сайта. Могу прислать короткое видео, как работает сайт отеля: прямая бронь без комиссии Booking, календарь занятости и админка. Цена от 450 000 ֏. Показать, как это будет выглядеть у вас?",,,,
31,3,Sweet Sleep hostel,хостел,Ереван,+37491910003,"Բարև Ձեզ։ Ես Ազատն եմ, կայքեր եմ պատրաստում Հայաստանի բիզնեսների համար (EVNWEB)։ Նկատեցի, որ Sweet Sleep hostel-ը չունի սեփական կայք։ Կարող եմ ուղարկել կարճ տեսանյութ, թե ինչպես է աշխատում հյուրանոցի կայքը՝ ուղիղ ամրագրում առանց Booking-ի միջնորդավճարի, զբաղվածության օրացույց և ադմին։ Գինը՝ 450 000 ֏-ից։ Ցույց տա՞մ, թե ինչպես կլինի ձեզ մոտ։","Здравствуйте! Меня зовут Азат, я делаю сайты для бизнесов в Армении (EVNWEB). Заметил, что у Sweet Sleep hostel нет своего сайта. Могу прислать короткое видео, как работает сайт отеля: прямая бронь без комиссии Booking, календарь занятости и админка. Цена от 450 000 ֏. Показать, как это будет выглядеть у вас?",,,,
31,3,Valé,хостел,Ереван,+37499013020,"Բարև Ձեզ։ Ես Ազատն եմ, կայքեր եմ պատրաստում Հայաստանի բիզնեսների համար (EVNWEB)։ Նկատեցի, որ Valé-ը չունի սեփական կայք։ Կարող եմ ուղարկել կարճ տեսանյութ, թե ինչպես է աշխատում հյուրանոցի կայքը՝ ուղիղ ամրագրում առանց Booking-ի միջնորդավճարի, զբաղվածության օրացույց և ադմին։ Գինը՝ 450 000 ֏-ից։ Ցույց տա՞մ, թե ինչպես կլինի ձեզ մոտ։","Здравствуйте! Меня зовут Азат, я делаю сайты для бизнесов в Армении (EVNWEB). Заметил, что у Valé нет своего сайта. Могу прислать короткое видео, как работает сайт отеля: прямая бронь без комиссии Booking, календарь занятости и админка. Цена от 450 000 ֏. Показать, как это будет выглядеть у вас?",,,,
31,3,Home builder,хостел,Ереван,+37455999802,"Բարև Ձեզ։ Ես Ազատն եմ, կայքեր եմ պատրաստում Հայաստանի բիզնեսների համար (EVNWEB)։ Նկատեցի, որ Home builder-ը չունի սեփական կայք։ Կարող եմ ուղարկել կարճ տեսանյութ, թե ինչպես է աշխատում հյուրանոցի կայքը՝ ուղիղ ամրագրում առանց Booking-ի միջնորդավճարի, զբաղվածության օրացույց և ադմին։ Գինը՝ 450 000 ֏-ից։ Ցույց տա՞մ, թե ինչպես կլինի ձեզ մոտ։","Здравствуйте! Меня зовут Азат, я делаю сайты для бизнесов в Армении (EVNWEB). Заметил, что у Home builder нет своего сайта. Могу прислать короткое видео, как работает сайт отеля: прямая бронь без комиссии Booking, календарь занятости и админка. Цена от 450 000 ֏. Показать, как это будет выглядеть у вас?",,,,
31,3,Street51,хостел,Ереван,+37499250003,"Բարև Ձեզ։ Ես Ազատն եմ, կայքեր եմ պատրաստում Հայաստանի բիզնեսների համար (EVNWEB)։ Նկատեցի, որ Street51-ը չունի սեփական կայք։ Կարող եմ ուղարկել կարճ տեսանյութ, թե ինչպես է աշխատում հյուրանոցի կայքը՝ ուղիղ ամրագրում առանց Booking-ի միջնորդավճարի, զբաղվածության օրացույց և ադմին։ Գինը՝ 450 000 ֏-ից։ Ցույց տա՞մ, թե ինչպես կլինի ձեզ մոտ։","Здравствуйте! Меня зовут Азат, я делаю сайты для бизнесов в Армении (EVNWEB). Заметил, что у Street51 нет своего сайта. Могу прислать короткое видео, как работает сайт отеля: прямая бронь без комиссии Booking, календарь занятости и админка. Цена от 450 000 ֏. Показать, как это будет выглядеть у вас?",,,,
31,3,Jauto.am,автосервис,Гюмри,+37433333637,"Բարև Ձեզ։ Ես Ազատն եմ, կայքեր եմ պատրաստում Հայաստանի բիզնեսների համար (EVNWEB)։ Նկատեցի, որ Jauto.am-ը չունի սեփական կայք։ Կարող եմ ուղարկել կարճ տեսանյութ, թե ինչպես է աշխատում ավտոսերվիսի կայքը՝ առցանց գրանցում վերանորոգման և բոքսերի զբաղվածություն ադմինում։ Գինը՝ 150 000 ֏-ից։ Ցույց տա՞մ, թե ինչպես կլինի ձեզ մոտ։","Здравствуйте! Меня зовут Азат, я делаю сайты для бизнесов в Армении (EVNWEB). Заметил, что у Jauto.am нет своего сайта. Могу прислать короткое видео, как работает сайт автосервиса: онлайн-запись на ремонт и загрузка боксов в админке. Цена от 150 000 ֏. Показать, как это будет выглядеть у вас?",,,,
31,3,Tigran Atabekyan,автосервис,Дилижан,+37498889860,"Բարև Ձեզ։ Ես Ազատն եմ, կայքեր եմ պատրաստում Հայաստանի բիզնեսների համար (EVNWEB)։ Նկատեցի, որ Tigran Atabekyan-ը չունի սեփական կայք։ Կարող եմ ուղարկել կարճ տեսանյութ, թե ինչպես է աշխատում ավտոսերվիսի կայքը՝ առցանց գրանցում վերանորոգման և բոքսերի զբաղվածություն ադմինում։ Գինը՝ 150 000 ֏-ից։ Ցույց տա՞մ, թե ինչպես կլինի ձեզ մոտ։","Здравствуйте! Меня зовут Азат, я делаю сайты для бизнесов в Армении (EVNWEB). Заметил, что у Tigran Atabekyan нет своего сайта. Могу прислать короткое видео, как работает сайт автосервиса: онлайн-запись на ремонт и загрузка боксов в админке. Цена от 150 000 ֏. Показать, как это будет выглядеть у вас?",,,,
31,3,Развал схождение 3D,автосервис,Гюмри,+37498444366,"Բարև Ձեզ։ Ես Ազատն եմ, կայքեր եմ պատրաստում Հայաստանի բիզնեսների համար (EVNWEB)։ Նկատեցի, որ Развал схождение 3D-ը չունի սեփական կայք։ Կարող եմ ուղարկել կարճ տեսանյութ, թե ինչպես է աշխատում ավտոսերվիսի կայքը՝ առցանց գրանցում վերանորոգման և բոքսերի զբաղվածություն ադմինում։ Գինը՝ 150 000 ֏-ից։ Ցույց տա՞մ, թե ինչպես կլինի ձեզ մոտ։","Здравствуйте! Меня зовут Азат, я делаю сайты для бизнесов в Армении (EVNWEB). Заметил, что у Развал схождение 3D нет своего сайта. Могу прислать короткое видео, как работает сайт автосервиса: онлайн-запись на ремонт и загрузка боксов в админке. Цена от 150 000 ֏. Показать, как это будет выглядеть у вас?",,,,
31,3,Car repair store,автосервис,Гюмри,+37498444366,"Բարև Ձեզ։ Ես Ազատն եմ, կայքեր եմ պատրաստում Հայաստանի բիզնեսների համար (EVNWEB)։ Նկատեցի, որ Car repair store-ը չունի սեփական կայք։ Կարող եմ ուղարկել կարճ տեսանյութ, թե ինչպես է աշխատում ավտոսերվիսի կայքը՝ առցանց գրանցում վերանորոգման և բոքսերի զբաղվածություն ադմինում։ Գինը՝ 150 000 ֏-ից։ Ցույց տա՞մ, թե ինչպես կլինի ձեզ մոտ։","Здравствуйте! Меня зовут Азат, я делаю сайты для бизнесов в Армении (EVNWEB). Заметил, что у Car repair store нет своего сайта. Могу прислать короткое видео, как работает сайт автосервиса: онлайн-запись на ремонт и загрузка боксов в админке. Цена от 150 000 ֏. Показать, как это будет выглядеть у вас?",dubl,,,
31,3,FillHouseDilijan,апартаменты,Дилижан,+37498577775,"Բարև Ձեզ։ Ես Ազատն եմ, կայքեր եմ պատրաստում Հայաստանի բիզնեսների համար (EVNWEB)։ Նկատեցի, որ FillHouseDilijan-ը չունի սեփական կայք։ Կարող եմ ուղարկել կարճ տեսանյութ, թե ինչպես է աշխատում հյուրանոցի կայքը՝ ուղիղ ամրագրում առանց Booking-ի միջնորդավճարի, զբաղվածության օրացույց և ադմին։ Գինը՝ 450 000 ֏-ից։ Ցույց տա՞մ, թե ինչպես կլինի ձեզ մոտ։","Здравствуйте! Меня зовут Азат, я делаю сайты для бизнесов в Армении (EVNWEB). Заметил, что у FillHouseDilijan нет своего сайта. Могу прислать короткое видео, как работает сайт отеля: прямая бронь без комиссии Booking, календарь занятости и админка. Цена от 450 000 ֏. Показать, как это будет выглядеть у вас?",,,,
31,3,The Kliver Wine Place,бар,Дилижан,+37494097874,"Բարև Ձեզ։ Ես Ազատն եմ, կայքեր եմ պատրաստում Հայաստանի բիզնեսների համար (EVNWEB)։ Նկատեցի, որ The Kliver Wine Place-ը չունի սեփական կայք։ Կարող եմ ուղարկել կարճ տեսանյութ, թե ինչպես է աշխատում ռեստորանի կայքը՝ մենյու 3 լեզվով, սեղանի ամրագրում և ադմին, որտեղ գները փոխում եք ինքներդ։ Գինը՝ 280 000 ֏-ից։ Ցույց տա՞մ, թե ինչպես կլինի ձեզ մոտ։","Здравствуйте! Меня зовут Азат, я делаю сайты для бизнесов в Армении (EVNWEB). Заметил, что у The Kliver Wine Place нет своего сайта. Могу прислать короткое видео, как работает сайт ресторана: меню на 3 языках, бронь столов и админка, где цены меняете сами. Цена от 280 000 ֏. Показать, как это будет выглядеть у вас?",,,,
31,3,MagHay B&B,гостевой дом,Ванадзор,+37491380305,"Բարև Ձեզ։ Ես Ազատն եմ, կայքեր եմ պատրաստում Հայաստանի բիզնեսների համար (EVNWEB)։ Նկատեցի, որ MagHay B&B-ը չունի սեփական կայք։ Կարող եմ ուղարկել կարճ տեսանյութ, թե ինչպես է աշխատում հյուրանոցի կայքը՝ ուղիղ ամրագրում առանց Booking-ի միջնորդավճարի, զբաղվածության օրացույց և ադմին։ Գինը՝ 450 000 ֏-ից։ Ցույց տա՞մ, թե ինչպես կլինի ձեզ մոտ։","Здравствуйте! Меня зовут Азат, я делаю сайты для бизнесов в Армении (EVNWEB). Заметил, что у MagHay B&B нет своего сайта. Могу прислать короткое видео, как работает сайт отеля: прямая бронь без комиссии Booking, календарь занятости и админка. Цена от 450 000 ֏. Показать, как это будет выглядеть у вас?",,,,
31,3,3+2,гостевой дом,Дилижан,+37477617465,"Բարև Ձեզ։ Ես Ազատն եմ, կայքեր եմ պատրաստում Հայաստանի բիզնեսների համար (EVNWEB)։ Նկատեցի, որ 3+2-ը չունի սեփական կայք։ Կարող եմ ուղարկել կարճ տեսանյութ, թե ինչպես է աշխատում հյուրանոցի կայքը՝ ուղիղ ամրագրում առանց Booking-ի միջնորդավճարի, զբաղվածության օրացույց և ադմին։ Գինը՝ 450 000 ֏-ից։ Ցույց տա՞մ, թե ինչպես կլինի ձեզ մոտ։","Здравствуйте! Меня зовут Азат, я делаю сайты для бизнесов в Армении (EVNWEB). Заметил, что у 3+2 нет своего сайта. Могу прислать короткое видео, как работает сайт отеля: прямая бронь без комиссии Booking, календарь занятости и админка. Цена от 450 000 ֏. Показать, как это будет выглядеть у вас?",,,,
31,3,A Frame Dili Lanj,гостевой дом,Дилижан,+37455132606,"Բարև Ձեզ։ Ես Ազատն եմ, կայքեր եմ պատրաստում Հայաստանի բիզնեսների համար (EVNWEB)։ Նկատեցի, որ A Frame Dili Lanj-ը չունի սեփական կայք։ Կարող եմ ուղարկել կարճ տեսանյութ, թե ինչպես է աշխատում հյուրանոցի կայքը՝ ուղիղ ամրագրում առանց Booking-ի միջնորդավճարի, զբաղվածության օրացույց և ադմին։ Գինը՝ 450 000 ֏-ից։ Ցույց տա՞մ, թե ինչպես կլինի ձեզ մոտ։","Здравствуйте! Меня зовут Азат, я делаю сайты для бизнесов в Армении (EVNWEB). Заметил, что у A Frame Dili Lanj нет своего сайта. Могу прислать короткое видео, как работает сайт отеля: прямая бронь без комиссии Booking, календарь занятости и админка. Цена от 450 000 ֏. Показать, как это будет выглядеть у вас?",,,,
31,3,Ara Cottage House,гостевой дом,Дилижан,+37498616100,"Բարև Ձեզ։ Ես Ազատն եմ, կայքեր եմ պատրաստում Հայաստանի բիզնեսների համար (EVNWEB)։ Նկատեցի, որ Ara Cottage House-ը չունի սեփական կայք։ Կարող եմ ուղարկել կարճ տեսանյութ, թե ինչպես է աշխատում հյուրանոցի կայքը՝ ուղիղ ամրագրում առանց Booking-ի միջնորդավճարի, զբաղվածության օրացույց և ադմին։ Գինը՝ 450 000 ֏-ից։ Ցույց տա՞մ, թե ինչպես կլինի ձեզ մոտ։","Здравствуйте! Меня зовут Азат, я делаю сайты для бизнесов в Армении (EVNWEB). Заметил, что у Ara Cottage House нет своего сайта. Могу прислать короткое видео, как работает сайт отеля: прямая бронь без комиссии Booking, календарь занятости и админка. Цена от 450 000 ֏. Показать, как это будет выглядеть у вас?",,,,
31,3,Areguni,гостевой дом,Дилижан,+37495212390,"Բարև Ձեզ։ Ես Ազատն եմ, կայքեր եմ պատրաստում Հայաստանի բիզնեսների համար (EVNWEB)։ Նկատեցի, որ Areguni-ը չունի սեփական կայք։ Կարող եմ ուղարկել կարճ տեսանյութ, թե ինչպես է աշխատում հյուրանոցի կայքը՝ ուղիղ ամրագրում առանց Booking-ի միջնորդավճարի, զբաղվածության օրացույց և ադմին։ Գինը՝ 450 000 ֏-ից։ Ցույց տա՞մ, թե ինչպես կլինի ձեզ մոտ։","Здравствуйте! Меня зовут Азат, я делаю сайты для бизнесов в Армении (EVNWEB). Заметил, что у Areguni нет своего сайта. Могу прислать короткое видео, как работает сайт отеля: прямая бронь без комиссии Booking, календарь занятости и админка. Цена от 450 000 ֏. Показать, как это будет выглядеть у вас?",,,,
31,3,Ariverev,гостевой дом,Дилижан,+37499939039,"Բարև Ձեզ։ Ես Ազատն եմ, կայքեր եմ պատրաստում Հայաստանի բիզնեսների համար (EVNWEB)։ Նկատեցի, որ Ariverev-ը չունի սեփական կայք։ Կարող եմ ուղարկել կարճ տեսանյութ, թե ինչպես է աշխատում հյուրանոցի կայքը՝ ուղիղ ամրագրում առանց Booking-ի միջնորդավճարի, զբաղվածության օրացույց և ադմին։ Գինը՝ 450 000 ֏-ից։ Ցույց տա՞մ, թե ինչպես կլինի ձեզ մոտ։","Здравствуйте! Меня зовут Азат, я делаю сайты для бизнесов в Армении (EVNWEB). Заметил, что у Ariverev нет своего сайта. Могу прислать короткое видео, как работает сайт отеля: прямая бронь без комиссии Booking, календарь занятости и админка. Цена от 450 000 ֏. Показать, как это будет выглядеть у вас?",,,,
31,3,Armenia B/B,гостевой дом,Дилижан,+37477386339,"Բարև Ձեզ։ Ես Ազատն եմ, կայքեր եմ պատրաստում Հայաստանի բիզնեսների համար (EVNWEB)։ Նկատեցի, որ Armenia B/B-ը չունի սեփական կայք։ Կարող եմ ուղարկել կարճ տեսանյութ, թե ինչպես է աշխատում հյուրանոցի կայքը՝ ուղիղ ամրագրում առանց Booking-ի միջնորդավճարի, զբաղվածության օրացույց և ադմին։ Գինը՝ 450 000 ֏-ից։ Ցույց տա՞մ, թե ինչպես կլինի ձեզ մոտ։","Здравствуйте! Меня зовут Азат, я делаю сайты для бизнесов в Армении (EVNWEB). Заметил, что у Armenia B/B нет своего сайта. Могу прислать короткое видео, как работает сайт отеля: прямая бронь без комиссии Booking, календарь занятости и админка. Цена от 450 000 ֏. Показать, как это будет выглядеть у вас?",,,,
31,3,Asine,гостевой дом,Дилижан,+37493890870,"Բարև Ձեզ։ Ես Ազատն եմ, կայքեր եմ պատրաստում Հայաստանի բիզնեսների համար (EVNWEB)։ Նկատեցի, որ Asine-ը չունի սեփական կայք։ Կարող եմ ուղարկել կարճ տեսանյութ, թե ինչպես է աշխատում հյուրանոցի կայքը՝ ուղիղ ամրագրում առանց Booking-ի միջնորդավճարի, զբաղվածության օրացույց և ադմին։ Գինը՝ 450 000 ֏-ից։ Ցույց տա՞մ, թե ինչպես կլինի ձեզ մոտ։","Здравствуйте! Меня зовут Азат, я делаю сайты для бизнесов в Армении (EVNWEB). Заметил, что у Asine нет своего сайта. Могу прислать короткое видео, как работает сайт отеля: прямая бронь без комиссии Booking, календарь занятости и админка. Цена от 450 000 ֏. Показать, как это будет выглядеть у вас?",,,,
31,3,B&B Araz,гостевой дом,Дилижан,+37494140415,"Բարև Ձեզ։ Ես Ազատն եմ, կայքեր եմ պատրաստում Հայաստանի բիզնեսների համար (EVNWEB)։ Նկատեցի, որ B&B Araz-ը չունի սեփական կայք։ Կարող եմ ուղարկել կարճ տեսանյութ, թե ինչպես է աշխատում հյուրանոցի կայքը՝ ուղիղ ամրագրում առանց Booking-ի միջնորդավճարի, զբաղվածության օրացույց և ադմին։ Գինը՝ 450 000 ֏-ից։ Ցույց տա՞մ, թե ինչպես կլինի ձեզ մոտ։","Здравствуйте! Меня зовут Азат, я делаю сайты для бизнесов в Армении (EVNWEB). Заметил, что у B&B Araz нет своего сайта. Могу прислать короткое видео, как работает сайт отеля: прямая бронь без комиссии Booking, календарь занятости и админка. Цена от 450 000 ֏. Показать, как это будет выглядеть у вас?",,,,
31,3,B&B LUSYA,гостевой дом,Ехегнадзор,+37493227991,"Բարև Ձեզ։ Ես Ազատն եմ, կայքեր եմ պատրաստում Հայաստանի բիզնեսների համար (EVNWEB)։ Նկատեցի, որ B&B LUSYA-ը չունի սեփական կայք։ Կարող եմ ուղարկել կարճ տեսանյութ, թե ինչպես է աշխատում հյուրանոցի կայքը՝ ուղիղ ամրագրում առանց Booking-ի միջնորդավճարի, զբաղվածության օրացույց և ադմին։ Գինը՝ 450 000 ֏-ից։ Ցույց տա՞մ, թե ինչպես կլինի ձեզ մոտ։","Здравствуйте! Меня зовут Азат, я делаю сайты для бизнесов в Армении (EVNWEB). Заметил, что у B&B LUSYA нет своего сайта. Могу прислать короткое видео, как работает сайт отеля: прямая бронь без комиссии Booking, календарь занятости и админка. Цена от 450 000 ֏. Показать, как это будет выглядеть у вас?",,,,
31,3,B&B Yura,гостевой дом,Ехегнадзор,+37493696942,"Բարև Ձեզ։ Ես Ազատն եմ, կայքեր եմ պատրաստում Հայաստանի բիզնեսների համար (EVNWEB)։ Նկատեցի, որ B&B Yura-ը չունի սեփական կայք։ Կարող եմ ուղարկել կարճ տեսանյութ, թե ինչպես է աշխատում հյուրանոցի կայքը՝ ուղիղ ամրագրում առանց Booking-ի միջնորդավճարի, զբաղվածության օրացույց և ադմին։ Գինը՝ 450 000 ֏-ից։ Ցույց տա՞մ, թե ինչպես կլինի ձեզ մոտ։","Здравствуйте! Меня зовут Азат, я делаю сайты для бизнесов в Армении (EVNWEB). Заметил, что у B&B Yura нет своего сайта. Могу прислать короткое видео, как работает сайт отеля: прямая бронь без комиссии Booking, календарь занятости и админка. Цена от 450 000 ֏. Показать, как это будет выглядеть у вас?",,,,
31,3,Bella Vista,гостевой дом,Дилижан,+37494533595,"Բարև Ձեզ։ Ես Ազատն եմ, կայքեր եմ պատրաստում Հայաստանի բիզնեսների համար (EVNWEB)։ Նկատեցի, որ Bella Vista-ը չունի սեփական կայք։ Կարող եմ ուղարկել կարճ տեսանյութ, թե ինչպես է աշխատում հյուրանոցի կայքը՝ ուղիղ ամրագրում առանց Booking-ի միջնորդավճարի, զբաղվածության օրացույց և ադմին։ Գինը՝ 450 000 ֏-ից։ Ցույց տա՞մ, թե ինչպես կլինի ձեզ մոտ։","Здравствуйте! Меня зовут Азат, я делаю сайты для бизнесов в Армении (EVNWEB). Заметил, что у Bella Vista нет своего сайта. Могу прислать короткое видео, как работает сайт отеля: прямая бронь без комиссии Booking, календарь занятости и админка. Цена от 450 000 ֏. Показать, как это будет выглядеть у вас?",,,,
32,3,Casa di Lasky,гостевой дом,Дилижан,+37493046904,"Բարև Ձեզ։ Ես Ազատն եմ, կայքեր եմ պատրաստում Հայաստանի բիզնեսների համար (EVNWEB)։ Նկատեցի, որ Casa di Lasky-ը չունի սեփական կայք։ Կարող եմ ուղարկել կարճ տեսանյութ, թե ինչպես է աշխատում հյուրանոցի կայքը՝ ուղիղ ամրագրում առանց Booking-ի միջնորդավճարի, զբաղվածության օրացույց և ադմին։ Գինը՝ 450 000 ֏-ից։ Ցույց տա՞մ, թե ինչպես կլինի ձեզ մոտ։","Здравствуйте! Меня зовут Азат, я делаю сайты для бизнесов в Армении (EVNWEB). Заметил, что у Casa di Lasky нет своего сайта. Могу прислать короткое видео, как работает сайт отеля: прямая бронь без комиссии Booking, календарь занятости и админка. Цена от 450 000 ֏. Показать, как это будет выглядеть у вас?",,,,
32,3,Chill House,гостевой дом,Дилижан,+37494003366,"Բարև Ձեզ։ Ես Ազատն եմ, կայքեր եմ պատրաստում Հայաստանի բիզնեսների համար (EVNWEB)։ Նկատեցի, որ Chill House-ը չունի սեփական կայք։ Կարող եմ ուղարկել կարճ տեսանյութ, թե ինչպես է աշխատում հյուրանոցի կայքը՝ ուղիղ ամրագրում առանց Booking-ի միջնորդավճարի, զբաղվածության օրացույց և ադմին։ Գինը՝ 450 000 ֏-ից։ Ցույց տա՞մ, թե ինչպես կլինի ձեզ մոտ։","Здравствуйте! Меня зовут Азат, я делаю сайты для бизнесов в Армении (EVNWEB). Заметил, что у Chill House нет своего сайта. Могу прислать короткое видео, как работает сайт отеля: прямая бронь без комиссии Booking, календарь занятости и админка. Цена от 450 000 ֏. Показать, как это будет выглядеть у вас?",,,,
32,3,Dil Hill by Sam,гостевой дом,Дилижан,+37494996699,"Բարև Ձեզ։ Ես Ազատն եմ, կայքեր եմ պատրաստում Հայաստանի բիզնեսների համար (EVNWEB)։ Նկատեցի, որ Dil Hill by Sam-ը չունի սեփական կայք։ Կարող եմ ուղարկել կարճ տեսանյութ, թե ինչպես է աշխատում հյուրանոցի կայքը՝ ուղիղ ամրագրում առանց Booking-ի միջնորդավճարի, զբաղվածության օրացույց և ադմին։ Գինը՝ 450 000 ֏-ից։ Ցույց տա՞մ, թե ինչպես կլինի ձեզ մոտ։","Здравствуйте! Меня зовут Азат, я делаю сайты для бизнесов в Армении (EVNWEB). Заметил, что у Dil Hill by Sam нет своего сайта. Могу прислать короткое видео, как работает сайт отеля: прямая бронь без комиссии Booking, календарь занятости и админка. Цена от 450 000 ֏. Показать, как это будет выглядеть у вас?",,,,
32,3,Dilbo House,гостевой дом,Дилижан,+37493969889,"Բարև Ձեզ։ Ես Ազատն եմ, կայքեր եմ պատրաստում Հայաստանի բիզնեսների համար (EVNWEB)։ Նկատեցի, որ Dilbo House-ը չունի սեփական կայք։ Կարող եմ ուղարկել կարճ տեսանյութ, թե ինչպես է աշխատում հյուրանոցի կայքը՝ ուղիղ ամրագրում առանց Booking-ի միջնորդավճարի, զբաղվածության օրացույց և ադմին։ Գինը՝ 450 000 ֏-ից։ Ցույց տա՞մ, թե ինչպես կլինի ձեզ մոտ։","Здравствуйте! Меня зовут Азат, я делаю сайты для бизнесов в Армении (EVNWEB). Заметил, что у Dilbo House нет своего сайта. Могу прислать короткое видео, как работает сайт отеля: прямая бронь без комиссии Booking, календарь занятости и админка. Цена от 450 000 ֏. Показать, как это будет выглядеть у вас?",,,,
32,3,Dili Angeles,гостевой дом,Дилижан,+37491767649,"Բարև Ձեզ։ Ես Ազատն եմ, կայքեր եմ պատրաստում Հայաստանի բիզնեսների համար (EVNWEB)։ Նկատեցի, որ Dili Angeles-ը չունի սեփական կայք։ Կարող եմ ուղարկել կարճ տեսանյութ, թե ինչպես է աշխատում հյուրանոցի կայքը՝ ուղիղ ամրագրում առանց Booking-ի միջնորդավճարի, զբաղվածության օրացույց և ադմին։ Գինը՝ 450 000 ֏-ից։ Ցույց տա՞մ, թե ինչպես կլինի ձեզ մոտ։","Здравствуйте! Меня зовут Азат, я делаю сайты для бизнесов в Армении (EVNWEB). Заметил, что у Dili Angeles нет своего сайта. Могу прислать короткое видео, как работает сайт отеля: прямая бронь без комиссии Booking, календарь занятости и админка. Цена от 450 000 ֏. Показать, как это будет выглядеть у вас?",,,,
32,3,Dili Drream,гостевой дом,Дилижан,+37441535531,"Բարև Ձեզ։ Ես Ազատն եմ, կայքեր եմ պատրաստում Հայաստանի բիզնեսների համար (EVNWEB)։ Նկատեցի, որ Dili Drream-ը չունի սեփական կայք։ Կարող եմ ուղարկել կարճ տեսանյութ, թե ինչպես է աշխատում հյուրանոցի կայքը՝ ուղիղ ամրագրում առանց Booking-ի միջնորդավճարի, զբաղվածության օրացույց և ադմին։ Գինը՝ 450 000 ֏-ից։ Ցույց տա՞մ, թե ինչպես կլինի ձեզ մոտ։","Здравствуйте! Меня зовут Азат, я делаю сайты для бизнесов в Армении (EVNWEB). Заметил, что у Dili Drream нет своего сайта. Могу прислать короткое видео, как работает сайт отеля: прямая бронь без комиссии Booking, календарь занятости и админка. Цена от 450 000 ֏. Показать, как это будет выглядеть у вас?",,,,
32,3,Dili Moon,гостевой дом,Дилижан,+37443110070,"Բարև Ձեզ։ Ես Ազատն եմ, կայքեր եմ պատրաստում Հայաստանի բիզնեսների համար (EVNWEB)։ Նկատեցի, որ Dili Moon-ը չունի սեփական կայք։ Կարող եմ ուղարկել կարճ տեսանյութ, թե ինչպես է աշխատում հյուրանոցի կայքը՝ ուղիղ ամրագրում առանց Booking-ի միջնորդավճարի, զբաղվածության օրացույց և ադմին։ Գինը՝ 450 000 ֏-ից։ Ցույց տա՞մ, թե ինչպես կլինի ձեզ մոտ։","Здравствуйте! Меня зовут Азат, я делаю сайты для бизнесов в Армении (EVNWEB). Заметил, что у Dili Moon нет своего сайта. Могу прислать короткое видео, как работает сайт отеля: прямая бронь без комиссии Booking, календарь занятости и админка. Цена от 450 000 ֏. Показать, как это будет выглядеть у вас?",,,,
32,3,Dili food,гостевой дом,Дилижан,+37494587275,"Բարև Ձեզ։ Ես Ազատն եմ, կայքեր եմ պատրաստում Հայաստանի բիզնեսների համար (EVNWEB)։ Նկատեցի, որ Dili food-ը չունի սեփական կայք։ Կարող եմ ուղարկել կարճ տեսանյութ, թե ինչպես է աշխատում հյուրանոցի կայքը՝ ուղիղ ամրագրում առանց Booking-ի միջնորդավճարի, զբաղվածության օրացույց և ադմին։ Գինը՝ 450 000 ֏-ից։ Ցույց տա՞մ, թե ինչպես կլինի ձեզ մոտ։","Здравствуйте! Меня зовут Азат, я делаю сайты для бизнесов в Армении (EVNWEB). Заметил, что у Dili food нет своего сайта. Могу прислать короткое видео, как работает сайт отеля: прямая бронь без комиссии Booking, календарь занятости и админка. Цена от 450 000 ֏. Показать, как это будет выглядеть у вас?",,,,
32,3,DiliGarden,гостевой дом,Дилижан,+37444776080,"Բարև Ձեզ։ Ես Ազատն եմ, կայքեր եմ պատրաստում Հայաստանի բիզնեսների համար (EVNWEB)։ Նկատեցի, որ DiliGarden-ը չունի սեփական կայք։ Կարող եմ ուղարկել կարճ տեսանյութ, թե ինչպես է աշխատում հյուրանոցի կայքը՝ ուղիղ ամրագրում առանց Booking-ի միջնորդավճարի, զբաղվածության օրացույց և ադմին։ Գինը՝ 450 000 ֏-ից։ Ցույց տա՞մ, թե ինչպես կլինի ձեզ մոտ։","Здравствуйте! Меня зовут Азат, я делаю сайты для бизнесов в Армении (EVNWEB). Заметил, что у DiliGarden нет своего сайта. Могу прислать короткое видео, как работает сайт отеля: прямая бронь без комиссии Booking, календарь занятости и админка. Цена от 450 000 ֏. Показать, как это будет выглядеть у вас?",,,,
32,3,DilijAnYan,гостевой дом,Дилижан,+37495044330,"Բարև Ձեզ։ Ես Ազատն եմ, կայքեր եմ պատրաստում Հայաստանի բիզնեսների համար (EVNWEB)։ Նկատեցի, որ DilijAnYan-ը չունի սեփական կայք։ Կարող եմ ուղարկել կարճ տեսանյութ, թե ինչպես է աշխատում հյուրանոցի կայքը՝ ուղիղ ամրագրում առանց Booking-ի միջնորդավճարի, զբաղվածության օրացույց և ադմին։ Գինը՝ 450 000 ֏-ից։ Ցույց տա՞մ, թե ինչպես կլինի ձեզ մոտ։","Здравствуйте! Меня зовут Азат, я делаю сайты для бизнесов в Армении (EVNWEB). Заметил, что у DilijAnYan нет своего сайта. Могу прислать короткое видео, как работает сайт отеля: прямая бронь без комиссии Booking, календарь занятости и админка. Цена от 450 000 ֏. Показать, как это будет выглядеть у вас?",,,,
32,3,Dilijan Aqualin Villa,гостевой дом,Дилижан,+37444930088,"Բարև Ձեզ։ Ես Ազատն եմ, կայքեր եմ պատրաստում Հայաստանի բիզնեսների համար (EVNWEB)։ Նկատեցի, որ Dilijan Aqualin Villa-ը չունի սեփական կայք։ Կարող եմ ուղարկել կարճ տեսանյութ, թե ինչպես է աշխատում հյուրանոցի կայքը՝ ուղիղ ամրագրում առանց Booking-ի միջնորդավճարի, զբաղվածության օրացույց և ադմին։ Գինը՝ 450 000 ֏-ից։ Ցույց տա՞մ, թե ինչպես կլինի ձեզ մոտ։","Здравствуйте! Меня зовут Азат, я делаю сайты для бизнесов в Армении (EVNWEB). Заметил, что у Dilijan Aqualin Villa нет своего сайта. Могу прислать короткое видео, как работает сайт отеля: прямая бронь без комиссии Booking, календарь занятости и админка. Цена от 450 000 ֏. Показать, как это будет выглядеть у вас?",,,,
32,3,Dilijan Boutique House,гостевой дом,Дилижан,+37444177899,"Բարև Ձեզ։ Ես Ազատն եմ, կայքեր եմ պատրաստում Հայաստանի բիզնեսների համար (EVNWEB)։ Նկատեցի, որ Dilijan Boutique House-ը չունի սեփական կայք։ Կարող եմ ուղարկել կարճ տեսանյութ, թե ինչպես է աշխատում հյուրանոցի կայքը՝ ուղիղ ամրագրում առանց Booking-ի միջնորդավճարի, զբաղվածության օրացույց և ադմին։ Գինը՝ 450 000 ֏-ից։ Ցույց տա՞մ, թե ինչպես կլինի ձեզ մոտ։","Здравствуйте! Меня зовут Азат, я делаю сайты для бизнесов в Армении (EVNWEB). Заметил, что у Dilijan Boutique House нет своего сайта. Могу прислать короткое видео, как работает сайт отеля: прямая бронь без комиссии Booking, календарь занятости и админка. Цена от 450 000 ֏. Показать, как это будет выглядеть у вас?",,,,
32,3,Dilijan Gold Resort,гостевой дом,Дилижан,+37494457484,"Բարև Ձեզ։ Ես Ազատն եմ, կայքեր եմ պատրաստում Հայաստանի բիզնեսների համար (EVNWEB)։ Նկատեցի, որ Dilijan Gold Resort-ը չունի սեփական կայք։ Կարող եմ ուղարկել կարճ տեսանյութ, թե ինչպես է աշխատում հյուրանոցի կայքը՝ ուղիղ ամրագրում առանց Booking-ի միջնորդավճարի, զբաղվածության օրացույց և ադմին։ Գինը՝ 450 000 ֏-ից։ Ցույց տա՞մ, թե ինչպես կլինի ձեզ մոտ։","Здравствуйте! Меня зовут Азат, я делаю сайты для бизнесов в Армении (EVNWEB). Заметил, что у Dilijan Gold Resort нет своего сайта. Могу прислать короткое видео, как работает сайт отеля: прямая бронь без комиссии Booking, календарь занятости и админка. Цена от 450 000 ֏. Показать, как это будет выглядеть у вас?",,,,
32,3,Dilijan Gold Resort 2,гостевой дом,Дилижан,+37494457484,"Բարև Ձեզ։ Ես Ազատն եմ, կայքեր եմ պատրաստում Հայաստանի բիզնեսների համար (EVNWEB)։ Նկատեցի, որ Dilijan Gold Resort 2-ը չունի սեփական կայք։ Կարող եմ ուղարկել կարճ տեսանյութ, թե ինչպես է աշխատում հյուրանոցի կայքը՝ ուղիղ ամրագրում առանց Booking-ի միջնորդավճարի, զբաղվածության օրացույց և ադմին։ Գինը՝ 450 000 ֏-ից։ Ցույց տա՞մ, թե ինչպես կլինի ձեզ մոտ։","Здравствуйте! Меня зовут Азат, я делаю сайты для бизнесов в Армении (EVNWEB). Заметил, что у Dilijan Gold Resort 2 нет своего сайта. Могу прислать короткое видео, как работает сайт отеля: прямая бронь без комиссии Booking, календарь занятости и админка. Цена от 450 000 ֏. Показать, как это будет выглядеть у вас?",dubl,,,
32,3,Dilijan Gold Resort 3,гостевой дом,Дилижан,+37494457484,"Բարև Ձեզ։ Ես Ազատն եմ, կայքեր եմ պատրաստում Հայաստանի բիզնեսների համար (EVNWEB)։ Նկատեցի, որ Dilijan Gold Resort 3-ը չունի սեփական կայք։ Կարող եմ ուղարկել կարճ տեսանյութ, թե ինչպես է աշխատում հյուրանոցի կայքը՝ ուղիղ ամրագրում առանց Booking-ի միջնորդավճարի, զբաղվածության օրացույց և ադմին։ Գինը՝ 450 000 ֏-ից։ Ցույց տա՞մ, թե ինչպես կլինի ձեզ մոտ։","Здравствуйте! Меня зовут Азат, я делаю сайты для бизнесов в Армении (EVNWEB). Заметил, что у Dilijan Gold Resort 3 нет своего сайта. Могу прислать короткое видео, как работает сайт отеля: прямая бронь без комиссии Booking, календарь занятости и админка. Цена от 450 000 ֏. Показать, как это будет выглядеть у вас?",dubl,,,
32,3,Dilijan Nature Cabin,гостевой дом,Дилижан,+37491198568,"Բարև Ձեզ։ Ես Ազատն եմ, կայքեր եմ պատրաստում Հայաստանի բիզնեսների համար (EVNWEB)։ Նկատեցի, որ Dilijan Nature Cabin-ը չունի սեփական կայք։ Կարող եմ ուղարկել կարճ տեսանյութ, թե ինչպես է աշխատում հյուրանոցի կայքը՝ ուղիղ ամրագրում առանց Booking-ի միջնորդավճարի, զբաղվածության օրացույց և ադմին։ Գինը՝ 450 000 ֏-ից։ Ցույց տա՞մ, թե ինչպես կլինի ձեզ մոտ։","Здравствуйте! Меня зовут Азат, я делаю сайты для бизнесов в Армении (EVNWEB). Заметил, что у Dilijan Nature Cabin нет своего сайта. Могу прислать короткое видео, как работает сайт отеля: прямая бронь без комиссии Booking, календарь занятости и админка. Цена от 450 000 ֏. Показать, как это будет выглядеть у вас?",,,,
32,3,Dilijan One,гостевой дом,Дилижан,+37477722966,"Բարև Ձեզ։ Ես Ազատն եմ, կայքեր եմ պատրաստում Հայաստանի բիզնեսների համար (EVNWEB)։ Նկատեցի, որ Dilijan One-ը չունի սեփական կայք։ Կարող եմ ուղարկել կարճ տեսանյութ, թե ինչպես է աշխատում հյուրանոցի կայքը՝ ուղիղ ամրագրում առանց Booking-ի միջնորդավճարի, զբաղվածության օրացույց և ադմին։ Գինը՝ 450 000 ֏-ից։ Ցույց տա՞մ, թե ինչպես կլինի ձեզ մոտ։","Здравствуйте! Меня зовут Азат, я делаю сайты для бизнесов в Армении (EVNWEB). Заметил, что у Dilijan One нет своего сайта. Могу прислать короткое видео, как работает сайт отеля: прямая бронь без комиссии Booking, календарь занятости и админка. Цена от 450 000 ֏. Показать, как это будет выглядеть у вас?",,,,
32,3,Dilijan Orran,гостевой дом,Дилижан,+37493996055,"Բարև Ձեզ։ Ես Ազատն եմ, կայքեր եմ պատրաստում Հայաստանի բիզնեսների համար (EVNWEB)։ Նկատեցի, որ Dilijan Orran-ը չունի սեփական կայք։ Կարող եմ ուղարկել կարճ տեսանյութ, թե ինչպես է աշխատում հյուրանոցի կայքը՝ ուղիղ ամրագրում առանց Booking-ի միջնորդավճարի, զբաղվածության օրացույց և ադմին։ Գինը՝ 450 000 ֏-ից։ Ցույց տա՞մ, թե ինչպես կլինի ձեզ մոտ։","Здравствуйте! Меня зовут Азат, я делаю сайты для бизнесов в Армении (EVNWEB). Заметил, что у Dilijan Orran нет своего сайта. Могу прислать короткое видео, как работает сайт отеля: прямая бронь без комиссии Booking, календарь занятости и админка. Цена от 450 000 ֏. Показать, как это будет выглядеть у вас?",,,,
32,3,Ditaket Dilijan,гостевой дом,Дилижан,+37499202404,"Բարև Ձեզ։ Ես Ազատն եմ, կայքեր եմ պատրաստում Հայաստանի բիզնեսների համար (EVNWEB)։ Նկատեցի, որ Ditaket Dilijan-ը չունի սեփական կայք։ Կարող եմ ուղարկել կարճ տեսանյութ, թե ինչպես է աշխատում հյուրանոցի կայքը՝ ուղիղ ամրագրում առանց Booking-ի միջնորդավճարի, զբաղվածության օրացույց և ադմին։ Գինը՝ 450 000 ֏-ից։ Ցույց տա՞մ, թե ինչպես կլինի ձեզ մոտ։","Здравствуйте! Меня зовут Азат, я делаю сайты для бизнесов в Армении (EVNWEB). Заметил, что у Ditaket Dilijan нет своего сайта. Могу прислать короткое видео, как работает сайт отеля: прямая бронь без комиссии Booking, календарь занятости и админка. Цена от 450 000 ֏. Показать, как это будет выглядеть у вас?",,,,
32,3,Doctor's House 42,гостевой дом,Дилижан,+37495550992,"Բարև Ձեզ։ Ես Ազատն եմ, կայքեր եմ պատրաստում Հայաստանի բիզնեսների համար (EVNWEB)։ Նկատեցի, որ Doctor's House 42-ը չունի սեփական կայք։ Կարող եմ ուղարկել կարճ տեսանյութ, թե ինչպես է աշխատում հյուրանոցի կայքը՝ ուղիղ ամրագրում առանց Booking-ի միջնորդավճարի, զբաղվածության օրացույց և ադմին։ Գինը՝ 450 000 ֏-ից։ Ցույց տա՞մ, թե ինչպես կլինի ձեզ մոտ։","Здравствуйте! Меня зовут Азат, я делаю сайты для бизнесов в Армении (EVNWEB). Заметил, что у Doctor's House 42 нет своего сайта. Могу прислать короткое видео, как работает сайт отеля: прямая бронь без комиссии Booking, календарь занятости и админка. Цена от 450 000 ֏. Показать, как это будет выглядеть у вас?",,,,
32,3,Down Town,гостевой дом,Ванадзор,+37477020299,"Բարև Ձեզ։ Ես Ազատն եմ, կայքեր եմ պատրաստում Հայաստանի բիզնեսների համար (EVNWEB)։ Նկատեցի, որ Down Town-ը չունի սեփական կայք։ Կարող եմ ուղարկել կարճ տեսանյութ, թե ինչպես է աշխատում հյուրանոցի կայքը՝ ուղիղ ամրագրում առանց Booking-ի միջնորդավճարի, զբաղվածության օրացույց և ադմին։ Գինը՝ 450 000 ֏-ից։ Ցույց տա՞մ, թե ինչպես կլինի ձեզ մոտ։","Здравствуйте! Меня зовут Азат, я делаю сайты для бизнесов в Армении (EVNWEB). Заметил, что у Down Town нет своего сайта. Могу прислать короткое видео, как работает сайт отеля: прямая бронь без комиссии Booking, календарь занятости и админка. Цена от 450 000 ֏. Показать, как это будет выглядеть у вас?",,,,
32,3,Dream Home,гостевой дом,Ванадзор,+37432249199,"Բարև Ձեզ։ Ես Ազատն եմ, կայքեր եմ պատրաստում Հայաստանի բիզնեսների համար (EVNWEB)։ Նկատեցի, որ Dream Home-ը չունի սեփական կայք։ Կարող եմ ուղարկել կարճ տեսանյութ, թե ինչպես է աշխատում հյուրանոցի կայքը՝ ուղիղ ամրագրում առանց Booking-ի միջնորդավճարի, զբաղվածության օրացույց և ադմին։ Գինը՝ 450 000 ֏-ից։ Ցույց տա՞մ, թե ինչպես կլինի ձեզ մոտ։","Здравствуйте! Меня зовут Азат, я делаю сайты для бизнесов в Армении (EVNWEB). Заметил, что у Dream Home нет своего сайта. Могу прислать короткое видео, как работает сайт отеля: прямая бронь без комиссии Booking, календарь занятости и админка. Цена от 450 000 ֏. Показать, как это будет выглядеть у вас?",ne_mobilny,,,
32,3,Eco Cottages,гостевой дом,Дилижан,+37494605665,"Բարև Ձեզ։ Ես Ազատն եմ, կայքեր եմ պատրաստում Հայաստանի բիզնեսների համար (EVNWEB)։ Նկատեցի, որ Eco Cottages-ը չունի սեփական կայք։ Կարող եմ ուղարկել կարճ տեսանյութ, թե ինչպես է աշխատում հյուրանոցի կայքը՝ ուղիղ ամրագրում առանց Booking-ի միջնորդավճարի, զբաղվածության օրացույց և ադմին։ Գինը՝ 450 000 ֏-ից։ Ցույց տա՞մ, թե ինչպես կլինի ձեզ մոտ։","Здравствуйте! Меня зовут Азат, я делаю сайты для бизнесов в Армении (EVNWEB). Заметил, что у Eco Cottages нет своего сайта. Могу прислать короткое видео, как работает сайт отеля: прямая бронь без комиссии Booking, календарь занятости и админка. Цена от 450 000 ֏. Показать, как это будет выглядеть у вас?",,,,
32,3,Ёлка Коттедж,гостевой дом,Дилижан,+37499377070,"Բարև Ձեզ։ Ես Ազատն եմ, կայքեր եմ պատրաստում Հայաստանի բիզնեսների համար (EVNWEB)։ Նկատեցի, որ Ёлка Коттедж-ը չունի սեփական կայք։ Կարող եմ ուղարկել կարճ տեսանյութ, թե ինչպես է աշխատում հյուրանոցի կայքը՝ ուղիղ ամրագրում առանց Booking-ի միջնորդավճարի, զբաղվածության օրացույց և ադմին։ Գինը՝ 450 000 ֏-ից։ Ցույց տա՞մ, թե ինչպես կլինի ձեզ մոտ։","Здравствуйте! Меня зовут Азат, я делаю сайты для бизнесов в Армении (EVNWEB). Заметил, что у Ёлка Коттедж нет своего сайта. Могу прислать короткое видео, как работает сайт отеля: прямая бронь без комиссии Booking, календарь занятости и админка. Цена от 450 000 ֏. Показать, как это будет выглядеть у вас?",,,,
32,3,Family & Friends,гостевой дом,Дилижан,+37477010560,"Բարև Ձեզ։ Ես Ազատն եմ, կայքեր եմ պատրաստում Հայաստանի բիզնեսների համար (EVNWEB)։ Նկատեցի, որ Family & Friends-ը չունի սեփական կայք։ Կարող եմ ուղարկել կարճ տեսանյութ, թե ինչպես է աշխատում հյուրանոցի կայքը՝ ուղիղ ամրագրում առանց Booking-ի միջնորդավճարի, զբաղվածության օրացույց և ադմին։ Գինը՝ 450 000 ֏-ից։ Ցույց տա՞մ, թե ինչպես կլինի ձեզ մոտ։","Здравствуйте! Меня зовут Азат, я делаю сайты для бизнесов в Армении (EVNWEB). Заметил, что у Family & Friends нет своего сайта. Могу прислать короткое видео, как работает сайт отеля: прямая бронь без комиссии Booking, календарь занятости и админка. Цена от 450 000 ֏. Показать, как это будет выглядеть у вас?",,,,
33,3,Fillijan_gallery,гостевой дом,Дилижан,+37498577775,"Բարև Ձեզ։ Ես Ազատն եմ, կայքեր եմ պատրաստում Հայաստանի բիզնեսների համար (EVNWEB)։ Նկատեցի, որ Fillijan_gallery-ը չունի սեփական կայք։ Կարող եմ ուղարկել կարճ տեսանյութ, թե ինչպես է աշխատում հյուրանոցի կայքը՝ ուղիղ ամրագրում առանց Booking-ի միջնորդավճարի, զբաղվածության օրացույց և ադմին։ Գինը՝ 450 000 ֏-ից։ Ցույց տա՞մ, թե ինչպես կլինի ձեզ մոտ։","Здравствуйте! Меня зовут Азат, я делаю сайты для бизнесов в Армении (EVNWEB). Заметил, что у Fillijan_gallery нет своего сайта. Могу прислать короткое видео, как работает сайт отеля: прямая бронь без комиссии Booking, календарь занятости и админка. Цена от 450 000 ֏. Показать, как это будет выглядеть у вас?",dubl,,,
33,3,Frangulyan Rest House,гостевой дом,Дилижан,+37493808270,"Բարև Ձեզ։ Ես Ազատն եմ, կայքեր եմ պատրաստում Հայաստանի բիզնեսների համար (EVNWEB)։ Նկատեցի, որ Frangulyan Rest House-ը չունի սեփական կայք։ Կարող եմ ուղարկել կարճ տեսանյութ, թե ինչպես է աշխատում հյուրանոցի կայքը՝ ուղիղ ամրագրում առանց Booking-ի միջնորդավճարի, զբաղվածության օրացույց և ադմին։ Գինը՝ 450 000 ֏-ից։ Ցույց տա՞մ, թե ինչպես կլինի ձեզ մոտ։","Здравствуйте! Меня зовут Азат, я делаю сайты для бизнесов в Армении (EVNWEB). Заметил, что у Frangulyan Rest House нет своего сайта. Могу прислать короткое видео, как работает сайт отеля: прямая бронь без комиссии Booking, календарь занятости и админка. Цена от 450 000 ֏. Показать, как это будет выглядеть у вас?",,,,
33,3,Gohar Guest House,гостевой дом,Ехегнадзор,+37493826477,"Բարև Ձեզ։ Ես Ազատն եմ, կայքեր եմ պատրաստում Հայաստանի բիզնեսների համար (EVNWEB)։ Նկատեցի, որ Gohar Guest House-ը չունի սեփական կայք։ Կարող եմ ուղարկել կարճ տեսանյութ, թե ինչպես է աշխատում հյուրանոցի կայքը՝ ուղիղ ամրագրում առանց Booking-ի միջնորդավճարի, զբաղվածության օրացույց և ադմին։ Գինը՝ 450 000 ֏-ից։ Ցույց տա՞մ, թե ինչպես կլինի ձեզ մոտ։","Здравствуйте! Меня зовут Азат, я делаю сайты для бизнесов в Армении (EVNWEB). Заметил, что у Gohar Guest House нет своего сайта. Могу прислать короткое видео, как работает сайт отеля: прямая бронь без комиссии Booking, календарь занятости и админка. Цена от 450 000 ֏. Показать, как это будет выглядеть у вас?",,,,
33,3,Gokor,гостевой дом,Дилижан,+37496962660,"Բարև Ձեզ։ Ես Ազատն եմ, կայքեր եմ պատրաստում Հայաստանի բիզնեսների համար (EVNWEB)։ Նկատեցի, որ Gokor-ը չունի սեփական կայք։ Կարող եմ ուղարկել կարճ տեսանյութ, թե ինչպես է աշխատում հյուրանոցի կայքը՝ ուղիղ ամրագրում առանց Booking-ի միջնորդավճարի, զբաղվածության օրացույց և ադմին։ Գինը՝ 450 000 ֏-ից։ Ցույց տա՞մ, թե ինչպես կլինի ձեզ մոտ։","Здравствуйте! Меня зовут Азат, я делаю сайты для бизнесов в Армении (EVNWEB). Заметил, что у Gokor нет своего сайта. Могу прислать короткое видео, как работает сайт отеля: прямая бронь без комиссии Booking, календарь занятости и админка. Цена от 450 000 ֏. Показать, как это будет выглядеть у вас?",,,,
33,3,Gor Guesthouse,гостевой дом,Дилижан,+37494190212,"Բարև Ձեզ։ Ես Ազատն եմ, կայքեր եմ պատրաստում Հայաստանի բիզնեսների համար (EVNWEB)։ Նկատեցի, որ Gor Guesthouse-ը չունի սեփական կայք։ Կարող եմ ուղարկել կարճ տեսանյութ, թե ինչպես է աշխատում հյուրանոցի կայքը՝ ուղիղ ամրագրում առանց Booking-ի միջնորդավճարի, զբաղվածության օրացույց և ադմին։ Գինը՝ 450 000 ֏-ից։ Ցույց տա՞մ, թե ինչպես կլինի ձեզ մոտ։","Здравствуйте! Меня зовут Азат, я делаю сайты для бизнесов в Армении (EVNWEB). Заметил, что у Gor Guesthouse нет своего сайта. Могу прислать короткое видео, как работает сайт отеля: прямая бронь без комиссии Booking, календарь занятости и админка. Цена от 450 000 ֏. Показать, как это будет выглядеть у вас?",,,,
33,3,Green Dilijan B&B,гостевой дом,Дилижан,+37441367778,"Բարև Ձեզ։ Ես Ազատն եմ, կայքեր եմ պատրաստում Հայաստանի բիզնեսների համար (EVNWEB)։ Նկատեցի, որ Green Dilijan B&B-ը չունի սեփական կայք։ Կարող եմ ուղարկել կարճ տեսանյութ, թե ինչպես է աշխատում հյուրանոցի կայքը՝ ուղիղ ամրագրում առանց Booking-ի միջնորդավճարի, զբաղվածության օրացույց և ադմին։ Գինը՝ 450 000 ֏-ից։ Ցույց տա՞մ, թե ինչպես կլինի ձեզ մոտ։","Здравствуйте! Меня зовут Азат, я делаю сайты для бизнесов в Армении (EVNWEB). Заметил, что у Green Dilijan B&B нет своего сайта. Могу прислать короткое видео, как работает сайт отеля: прямая бронь без комиссии Booking, календарь занятости и админка. Цена от 450 000 ֏. Показать, как это будет выглядеть у вас?",,,,
33,3,Green Garden / Paloma Inn,гостевой дом,Дилижан,+37494636656,"Բարև Ձեզ։ Ես Ազատն եմ, կայքեր եմ պատրաստում Հայաստանի բիզնեսների համար (EVNWEB)։ Նկատեցի, որ Green Garden / Paloma Inn-ը չունի սեփական կայք։ Կարող եմ ուղարկել կարճ տեսանյութ, թե ինչպես է աշխատում հյուրանոցի կայքը՝ ուղիղ ամրագրում առանց Booking-ի միջնորդավճարի, զբաղվածության օրացույց և ադմին։ Գինը՝ 450 000 ֏-ից։ Ցույց տա՞մ, թե ինչպես կլինի ձեզ մոտ։","Здравствуйте! Меня зовут Азат, я делаю сайты для бизнесов в Армении (EVNWEB). Заметил, что у Green Garden / Paloma Inn нет своего сайта. Могу прислать короткое видео, как работает сайт отеля: прямая бронь без комиссии Booking, календарь занятости и админка. Цена от 450 000 ֏. Показать, как это будет выглядеть у вас?",,,,
33,3,Green Park,гостевой дом,Дилижан,+37498681637,"Բարև Ձեզ։ Ես Ազատն եմ, կայքեր եմ պատրաստում Հայաստանի բիզնեսների համար (EVNWEB)։ Նկատեցի, որ Green Park-ը չունի սեփական կայք։ Կարող եմ ուղարկել կարճ տեսանյութ, թե ինչպես է աշխատում հյուրանոցի կայքը՝ ուղիղ ամրագրում առանց Booking-ի միջնորդավճարի, զբաղվածության օրացույց և ադմին։ Գինը՝ 450 000 ֏-ից։ Ցույց տա՞մ, թե ինչպես կլինի ձեզ մոտ։","Здравствуйте! Меня зовут Азат, я делаю сайты для бизнесов в Армении (EVNWEB). Заметил, что у Green Park нет своего сайта. Могу прислать короткое видео, как работает сайт отеля: прямая бронь без комиссии Booking, календарь занятости и админка. Цена от 450 000 ֏. Показать, как это будет выглядеть у вас?",,,,
33,3,Guesthouse Nataly,гостевой дом,Ехегнадзор,+37494979989,"Բարև Ձեզ։ Ես Ազատն եմ, կայքեր եմ պատրաստում Հայաստանի բիզնեսների համար (EVNWEB)։ Նկատեցի, որ Guesthouse Nataly-ը չունի սեփական կայք։ Կարող եմ ուղարկել կարճ տեսանյութ, թե ինչպես է աշխատում հյուրանոցի կայքը՝ ուղիղ ամրագրում առանց Booking-ի միջնորդավճարի, զբաղվածության օրացույց և ադմին։ Գինը՝ 450 000 ֏-ից։ Ցույց տա՞մ, թե ինչպես կլինի ձեզ մոտ։","Здравствуйте! Меня зовут Азат, я делаю сайты для бизнесов в Армении (EVNWEB). Заметил, что у Guesthouse Nataly нет своего сайта. Могу прислать короткое видео, как работает сайт отеля: прямая бронь без комиссии Booking, календарь занятости и админка. Цена от 450 000 ֏. Показать, как это будет выглядеть у вас?",,,,
33,3,Home Jan Dilijan,гостевой дом,Дилижан,+37493396292,"Բարև Ձեզ։ Ես Ազատն եմ, կայքեր եմ պատրաստում Հայաստանի բիզնեսների համար (EVNWEB)։ Նկատեցի, որ Home Jan Dilijan-ը չունի սեփական կայք։ Կարող եմ ուղարկել կարճ տեսանյութ, թե ինչպես է աշխատում հյուրանոցի կայքը՝ ուղիղ ամրագրում առանց Booking-ի միջնորդավճարի, զբաղվածության օրացույց և ադմին։ Գինը՝ 450 000 ֏-ից։ Ցույց տա՞մ, թե ինչպես կլինի ձեզ մոտ։","Здравствуйте! Меня зовут Азат, я делаю сайты для бизнесов в Армении (EVNWEB). Заметил, что у Home Jan Dilijan нет своего сайта. Могу прислать короткое видео, как работает сайт отеля: прямая бронь без комиссии Booking, календарь занятости и админка. Цена от 450 000 ֏. Показать, как это будет выглядеть у вас?",,,,
33,3,Jans,гостевой дом,Дилижан,+37499887709,"Բարև Ձեզ։ Ես Ազատն եմ, կայքեր եմ պատրաստում Հայաստանի բիզնեսների համար (EVNWEB)։ Նկատեցի, որ Jans-ը չունի սեփական կայք։ Կարող եմ ուղարկել կարճ տեսանյութ, թե ինչպես է աշխատում հյուրանոցի կայքը՝ ուղիղ ամրագրում առանց Booking-ի միջնորդավճարի, զբաղվածության օրացույց և ադմին։ Գինը՝ 450 000 ֏-ից։ Ցույց տա՞մ, թե ինչպես կլինի ձեզ մոտ։","Здравствуйте! Меня зовут Азат, я делаю сайты для бизнесов в Армении (EVNWEB). Заметил, что у Jans нет своего сайта. Могу прислать короткое видео, как работает сайт отеля: прямая бронь без комиссии Booking, календарь занятости и админка. Цена от 450 000 ֏. Показать, как это будет выглядеть у вас?",,,,
33,3,Jermatun,гостевой дом,Дилижан,+37441252526,"Բարև Ձեզ։ Ես Ազատն եմ, կայքեր եմ պատրաստում Հայաստանի բիզնեսների համար (EVNWEB)։ Նկատեցի, որ Jermatun-ը չունի սեփական կայք։ Կարող եմ ուղարկել կարճ տեսանյութ, թե ինչպես է աշխատում հյուրանոցի կայքը՝ ուղիղ ամրագրում առանց Booking-ի միջնորդավճարի, զբաղվածության օրացույց և ադմին։ Գինը՝ 450 000 ֏-ից։ Ցույց տա՞մ, թե ինչպես կլինի ձեզ մոտ։","Здравствуйте! Меня зовут Азат, я делаю сайты для бизнесов в Армении (EVNWEB). Заметил, что у Jermatun нет своего сайта. Могу прислать короткое видео, как работает сайт отеля: прямая бронь без комиссии Booking, календарь занятости и админка. Цена от 450 000 ֏. Показать, как это будет выглядеть у вас?",,,,
33,3,Kangar 37,гостевой дом,Дилижан,+37477570402,"Բարև Ձեզ։ Ես Ազատն եմ, կայքեր եմ պատրաստում Հայաստանի բիզնեսների համար (EVNWEB)։ Նկատեցի, որ Kangar 37-ը չունի սեփական կայք։ Կարող եմ ուղարկել կարճ տեսանյութ, թե ինչպես է աշխատում հյուրանոցի կայքը՝ ուղիղ ամրագրում առանց Booking-ի միջնորդավճարի, զբաղվածության օրացույց և ադմին։ Գինը՝ 450 000 ֏-ից։ Ցույց տա՞մ, թե ինչպես կլինի ձեզ մոտ։","Здравствуйте! Меня зовут Азат, я делаю сайты для бизнесов в Армении (EVNWEB). Заметил, что у Kangar 37 нет своего сайта. Могу прислать короткое видео, как работает сайт отеля: прямая бронь без комиссии Booking, календарь занятости и админка. Цена от 450 000 ֏. Показать, как это будет выглядеть у вас?",,,,
33,3,Karine B&B,гостевой дом,Ехегнадзор,+37494600647,"Բարև Ձեզ։ Ես Ազատն եմ, կայքեր եմ պատրաստում Հայաստանի բիզնեսների համար (EVNWEB)։ Նկատեցի, որ Karine B&B-ը չունի սեփական կայք։ Կարող եմ ուղարկել կարճ տեսանյութ, թե ինչպես է աշխատում հյուրանոցի կայքը՝ ուղիղ ամրագրում առանց Booking-ի միջնորդավճարի, զբաղվածության օրացույց և ադմին։ Գինը՝ 450 000 ֏-ից։ Ցույց տա՞մ, թե ինչպես կլինի ձեզ մոտ։","Здравствуйте! Меня зовут Азат, я делаю сайты для бизнесов в Армении (EVNWEB). Заметил, что у Karine B&B нет своего сайта. Могу прислать короткое видео, как работает сайт отеля: прямая бронь без комиссии Booking, календарь занятости и админка. Цена от 450 000 ֏. Показать, как это будет выглядеть у вас?",,,,
33,3,Legato House,гостевой дом,Дилижан,+37491353010,"Բարև Ձեզ։ Ես Ազատն եմ, կայքեր եմ պատրաստում Հայաստանի բիզնեսների համար (EVNWEB)։ Նկատեցի, որ Legato House-ը չունի սեփական կայք։ Կարող եմ ուղարկել կարճ տեսանյութ, թե ինչպես է աշխատում հյուրանոցի կայքը՝ ուղիղ ամրագրում առանց Booking-ի միջնորդավճարի, զբաղվածության օրացույց և ադմին։ Գինը՝ 450 000 ֏-ից։ Ցույց տա՞մ, թե ինչպես կլինի ձեզ մոտ։","Здравствуйте! Меня зовут Азат, я делаю сайты для бизнесов в Армении (EVNWEB). Заметил, что у Legato House нет своего сайта. Могу прислать короткое видео, как работает сайт отеля: прямая бронь без комиссии Booking, календарь занятости и админка. Цена от 450 000 ֏. Показать, как это будет выглядеть у вас?",,,,
33,3,Lilith b&b,гостевой дом,Ехегнадзор,+37494338806,"Բարև Ձեզ։ Ես Ազատն եմ, կայքեր եմ պատրաստում Հայաստանի բիզնեսների համար (EVNWEB)։ Նկատեցի, որ Lilith b&b-ը չունի սեփական կայք։ Կարող եմ ուղարկել կարճ տեսանյութ, թե ինչպես է աշխատում հյուրանոցի կայքը՝ ուղիղ ամրագրում առանց Booking-ի միջնորդավճարի, զբաղվածության օրացույց և ադմին։ Գինը՝ 450 000 ֏-ից։ Ցույց տա՞մ, թե ինչպես կլինի ձեզ մոտ։","Здравствуйте! Меня зовут Азат, я делаю сайты для бизнесов в Армении (EVNWEB). Заметил, что у Lilith b&b нет своего сайта. Могу прислать короткое видео, как работает сайт отеля: прямая бронь без комиссии Booking, календарь занятости и админка. Цена от 450 000 ֏. Показать, как это будет выглядеть у вас?",,,,
33,3,Lori,гостевой дом,Ванадзор,+37493202055,"Բարև Ձեզ։ Ես Ազատն եմ, կայքեր եմ պատրաստում Հայաստանի բիզնեսների համար (EVNWEB)։ Նկատեցի, որ Lori-ը չունի սեփական կայք։ Կարող եմ ուղարկել կարճ տեսանյութ, թե ինչպես է աշխատում հյուրանոցի կայքը՝ ուղիղ ամրագրում առանց Booking-ի միջնորդավճարի, զբաղվածության օրացույց և ադմին։ Գինը՝ 450 000 ֏-ից։ Ցույց տա՞մ, թե ինչպես կլինի ձեզ մոտ։","Здравствуйте! Меня зовут Азат, я делаю сайты для бизнесов в Армении (EVNWEB). Заметил, что у Lori нет своего сайта. Могу прислать короткое видео, как работает сайт отеля: прямая бронь без комиссии Booking, календарь занятости и админка. Цена от 450 000 ֏. Показать, как это будет выглядеть у вас?",,,,
33,3,Lyova Mejlumyan B&B,гостевой дом,Горис,+37428422298,"Բարև Ձեզ։ Ես Ազատն եմ, կայքեր եմ պատրաստում Հայաստանի բիզնեսների համար (EVNWEB)։ Նկատեցի, որ Lyova Mejlumyan B&B-ը չունի սեփական կայք։ Կարող եմ ուղարկել կարճ տեսանյութ, թե ինչպես է աշխատում հյուրանոցի կայքը՝ ուղիղ ամրագրում առանց Booking-ի միջնորդավճարի, զբաղվածության օրացույց և ադմին։ Գինը՝ 450 000 ֏-ից։ Ցույց տա՞մ, թե ինչպես կլինի ձեզ մոտ։","Здравствуйте! Меня зовут Азат, я делаю сайты для бизнесов в Армении (EVNWEB). Заметил, что у Lyova Mejlumyan B&B нет своего сайта. Могу прислать короткое видео, как работает сайт отеля: прямая бронь без комиссии Booking, календарь занятости и админка. Цена от 450 000 ֏. Показать, как это будет выглядеть у вас?",ne_mobilny,,,
33,3,My Home B&B,гостевой дом,Гюмри,+37493113376,"Բարև Ձեզ։ Ես Ազատն եմ, կայքեր եմ պատրաստում Հայաստանի բիզնեսների համար (EVNWEB)։ Նկատեցի, որ My Home B&B-ը չունի սեփական կայք։ Կարող եմ ուղարկել կարճ տեսանյութ, թե ինչպես է աշխատում հյուրանոցի կայքը՝ ուղիղ ամրագրում առանց Booking-ի միջնորդավճարի, զբաղվածության օրացույց և ադմին։ Գինը՝ 450 000 ֏-ից։ Ցույց տա՞մ, թե ինչպես կլինի ձեզ մոտ։","Здравствуйте! Меня зовут Азат, я делаю сайты для бизнесов в Армении (EVNWEB). Заметил, что у My Home B&B нет своего сайта. Могу прислать короткое видео, как работает сайт отеля: прямая бронь без комиссии Booking, календарь занятости и админка. Цена от 450 000 ֏. Показать, как это будет выглядеть у вас?",,,,
33,3,MaRu House,гостевой дом,Дилижан,+37496520020,"Բարև Ձեզ։ Ես Ազատն եմ, կայքեր եմ պատրաստում Հայաստանի բիզնեսների համար (EVNWEB)։ Նկատեցի, որ MaRu House-ը չունի սեփական կայք։ Կարող եմ ուղարկել կարճ տեսանյութ, թե ինչպես է աշխատում հյուրանոցի կայքը՝ ուղիղ ամրագրում առանց Booking-ի միջնորդավճարի, զբաղվածության օրացույց և ադմին։ Գինը՝ 450 000 ֏-ից։ Ցույց տա՞մ, թե ինչպես կլինի ձեզ մոտ։","Здравствуйте! Меня зовут Азат, я делаю сайты для бизнесов в Армении (EVNWEB). Заметил, что у MaRu House нет своего сайта. Могу прислать короткое видео, как работает сайт отеля: прямая бронь без комиссии Booking, календарь занятости и админка. Цена от 450 000 ֏. Показать, как это будет выглядеть у вас?",,,,
33,3,Magic Dilijan,гостевой дом,Дилижан,+37455222527,"Բարև Ձեզ։ Ես Ազատն եմ, կայքեր եմ պատրաստում Հայաստանի բիզնեսների համար (EVNWEB)։ Նկատեցի, որ Magic Dilijan-ը չունի սեփական կայք։ Կարող եմ ուղարկել կարճ տեսանյութ, թե ինչպես է աշխատում հյուրանոցի կայքը՝ ուղիղ ամրագրում առանց Booking-ի միջնորդավճարի, զբաղվածության օրացույց և ադմին։ Գինը՝ 450 000 ֏-ից։ Ցույց տա՞մ, թե ինչպես կլինի ձեզ մոտ։","Здравствуйте! Меня зовут Азат, я делаю сайты для бизнесов в Армении (EVNWEB). Заметил, что у Magic Dilijan нет своего сайта. Могу прислать короткое видео, как работает сайт отеля: прямая бронь без комиссии Booking, календарь занятости и админка. Цена от 450 000 ֏. Показать, как это будет выглядеть у вас?",,,,
33,3,Magnit B&B,гостевой дом,Дилижан,+37493224725,"Բարև Ձեզ։ Ես Ազատն եմ, կայքեր եմ պատրաստում Հայաստանի բիզնեսների համար (EVNWEB)։ Նկատեցի, որ Magnit B&B-ը չունի սեփական կայք։ Կարող եմ ուղարկել կարճ տեսանյութ, թե ինչպես է աշխատում հյուրանոցի կայքը՝ ուղիղ ամրագրում առանց Booking-ի միջնորդավճարի, զբաղվածության օրացույց և ադմին։ Գինը՝ 450 000 ֏-ից։ Ցույց տա՞մ, թե ինչպես կլինի ձեզ մոտ։","Здравствуйте! Меня зовут Азат, я делаю сайты для бизнесов в Армении (EVNWEB). Заметил, что у Magnit B&B нет своего сайта. Могу прислать короткое видео, как работает сайт отеля: прямая бронь без комиссии Booking, календарь занятости и админка. Цена от 450 000 ֏. Показать, как это будет выглядеть у вас?",,,,
33,3,Mer Toon,гостевой дом,Дилижан,+37499223060,"Բարև Ձեզ։ Ես Ազատն եմ, կայքեր եմ պատրաստում Հայաստանի բիզնեսների համար (EVNWEB)։ Նկատեցի, որ Mer Toon-ը չունի սեփական կայք։ Կարող եմ ուղարկել կարճ տեսանյութ, թե ինչպես է աշխատում հյուրանոցի կայքը՝ ուղիղ ամրագրում առանց Booking-ի միջնորդավճարի, զբաղվածության օրացույց և ադմին։ Գինը՝ 450 000 ֏-ից։ Ցույց տա՞մ, թե ինչպես կլինի ձեզ մոտ։","Здравствуйте! Меня зовут Азат, я делаю сайты для бизнесов в Армении (EVNWEB). Заметил, что у Mer Toon нет своего сайта. Могу прислать короткое видео, как работает сайт отеля: прямая бронь без комиссии Booking, календарь занятости и админка. Цена от 450 000 ֏. Показать, как это будет выглядеть у вас?",,,,
33,3,MilSar,гостевой дом,Дилижан,+37496909999,"Բարև Ձեզ։ Ես Ազատն եմ, կայքեր եմ պատրաստում Հայաստանի բիզնեսների համար (EVNWEB)։ Նկատեցի, որ MilSar-ը չունի սեփական կայք։ Կարող եմ ուղարկել կարճ տեսանյութ, թե ինչպես է աշխատում հյուրանոցի կայքը՝ ուղիղ ամրագրում առանց Booking-ի միջնորդավճարի, զբաղվածության օրացույց և ադմին։ Գինը՝ 450 000 ֏-ից։ Ցույց տա՞մ, թե ինչպես կլինի ձեզ մոտ։","Здравствуйте! Меня зовут Азат, я делаю сайты для бизнесов в Армении (EVNWEB). Заметил, что у MilSar нет своего сайта. Могу прислать короткое видео, как работает сайт отеля: прямая бронь без комиссии Booking, календарь занятости и админка. Цена от 450 000 ֏. Показать, как это будет выглядеть у вас?",,,,
33,3,Miracle View,гостевой дом,Дилижан,+37499663333,"Բարև Ձեզ։ Ես Ազատն եմ, կայքեր եմ պատրաստում Հայաստանի բիզնեսների համար (EVNWEB)։ Նկատեցի, որ Miracle View-ը չունի սեփական կայք։ Կարող եմ ուղարկել կարճ տեսանյութ, թե ինչպես է աշխատում հյուրանոցի կայքը՝ ուղիղ ամրագրում առանց Booking-ի միջնորդավճարի, զբաղվածության օրացույց և ադմին։ Գինը՝ 450 000 ֏-ից։ Ցույց տա՞մ, թե ինչպես կլինի ձեզ մոտ։","Здравствуйте! Меня зовут Азат, я делаю сайты для бизнесов в Армении (EVNWEB). Заметил, что у Miracle View нет своего сайта. Могу прислать короткое видео, как работает сайт отеля: прямая бронь без комиссии Booking, календарь занятости и админка. Цена от 450 000 ֏. Показать, как это будет выглядеть у вас?",,,,
34,3,Noor Dilijan,гостевой дом,Дилижан,+37491803090,"Բարև Ձեզ։ Ես Ազատն եմ, կայքեր եմ պատրաստում Հայաստանի բիզնեսների համար (EVNWEB)։ Նկատեցի, որ Noor Dilijan-ը չունի սեփական կայք։ Կարող եմ ուղարկել կարճ տեսանյութ, թե ինչպես է աշխատում հյուրանոցի կայքը՝ ուղիղ ամրագրում առանց Booking-ի միջնորդավճարի, զբաղվածության օրացույց և ադմին։ Գինը՝ 450 000 ֏-ից։ Ցույց տա՞մ, թե ինչպես կլինի ձեզ մոտ։","Здравствуйте! Меня зовут Азат, я делаю сайты для бизнесов в Армении (EVNWEB). Заметил, что у Noor Dilijan нет своего сайта. Могу прислать короткое видео, как работает сайт отеля: прямая бронь без комиссии Booking, календарь занятости и админка. Цена от 450 000 ֏. Показать, как это будет выглядеть у вас?",,,,
34,3,Noy B&B,гостевой дом,Ванадзор,+37493749702,"Բարև Ձեզ։ Ես Ազատն եմ, կայքեր եմ պատրաստում Հայաստանի բիզնեսների համար (EVNWEB)։ Նկատեցի, որ Noy B&B-ը չունի սեփական կայք։ Կարող եմ ուղարկել կարճ տեսանյութ, թե ինչպես է աշխատում հյուրանոցի կայքը՝ ուղիղ ամրագրում առանց Booking-ի միջնորդավճարի, զբաղվածության օրացույց և ադմին։ Գինը՝ 450 000 ֏-ից։ Ցույց տա՞մ, թե ինչպես կլինի ձեզ մոտ։","Здравствуйте! Меня зовут Азат, я делаю сайты для бизнесов в Армении (EVNWEB). Заметил, что у Noy B&B нет своего сайта. Могу прислать короткое видео, как работает сайт отеля: прямая бронь без комиссии Booking, календарь занятости и админка. Цена от 450 000 ֏. Показать, как это будет выглядеть у вас?",,,,
34,3,Nushka's Place,гостевой дом,Дилижан,+37441347194,"Բարև Ձեզ։ Ես Ազատն եմ, կայքեր եմ պատրաստում Հայաստանի բիզնեսների համար (EVNWEB)։ Նկատեցի, որ Nushka's Place-ը չունի սեփական կայք։ Կարող եմ ուղարկել կարճ տեսանյութ, թե ինչպես է աշխատում հյուրանոցի կայքը՝ ուղիղ ամրագրում առանց Booking-ի միջնորդավճարի, զբաղվածության օրացույց և ադմին։ Գինը՝ 450 000 ֏-ից։ Ցույց տա՞մ, թե ինչպես կլինի ձեզ մոտ։","Здравствуйте! Меня зовут Азат, я делаю сайты для бизнесов в Армении (EVNWEB). Заметил, что у Nushka's Place нет своего сайта. Могу прислать короткое видео, как работает сайт отеля: прямая бронь без комиссии Booking, календарь занятости и админка. Цена от 450 000 ֏. Показать, как это будет выглядеть у вас?",,,,
34,3,Ojakh,гостевой дом,Дилижан,+37493443582,"Բարև Ձեզ։ Ես Ազատն եմ, կայքեր եմ պատրաստում Հայաստանի բիզնեսների համար (EVNWEB)։ Նկատեցի, որ Ojakh-ը չունի սեփական կայք։ Կարող եմ ուղարկել կարճ տեսանյութ, թե ինչպես է աշխատում հյուրանոցի կայքը՝ ուղիղ ամրագրում առանց Booking-ի միջնորդավճարի, զբաղվածության օրացույց և ադմին։ Գինը՝ 450 000 ֏-ից։ Ցույց տա՞մ, թե ինչպես կլինի ձեզ մոտ։","Здравствуйте! Меня зовут Азат, я делаю сайты для бизнесов в Армении (EVNWEB). Заметил, что у Ojakh нет своего сайта. Могу прислать короткое видео, как работает сайт отеля: прямая бронь без комиссии Booking, календарь занятости и админка. Цена от 450 000 ֏. Показать, как это будет выглядеть у вас?",,,,
34,3,One in Dilijan,гостевой дом,Дилижан,+37499872999,"Բարև Ձեզ։ Ես Ազատն եմ, կայքեր եմ պատրաստում Հայաստանի բիզնեսների համար (EVNWEB)։ Նկատեցի, որ One in Dilijan-ը չունի սեփական կայք։ Կարող եմ ուղարկել կարճ տեսանյութ, թե ինչպես է աշխատում հյուրանոցի կայքը՝ ուղիղ ամրագրում առանց Booking-ի միջնորդավճարի, զբաղվածության օրացույց և ադմին։ Գինը՝ 450 000 ֏-ից։ Ցույց տա՞մ, թե ինչպես կլինի ձեզ մոտ։","Здравствуйте! Меня зовут Азат, я делаю сайты для бизнесов в Армении (EVNWEB). Заметил, что у One in Dilijan нет своего сайта. Могу прислать короткое видео, как работает сайт отеля: прямая бронь без комиссии Booking, календарь занятости и админка. Цена от 450 000 ֏. Показать, как это будет выглядеть у вас?",,,,
34,3,Panorama Dilijan,гостевой дом,Дилижан,+37498324447,"Բարև Ձեզ։ Ես Ազատն եմ, կայքեր եմ պատրաստում Հայաստանի բիզնեսների համար (EVNWEB)։ Նկատեցի, որ Panorama Dilijan-ը չունի սեփական կայք։ Կարող եմ ուղարկել կարճ տեսանյութ, թե ինչպես է աշխատում հյուրանոցի կայքը՝ ուղիղ ամրագրում առանց Booking-ի միջնորդավճարի, զբաղվածության օրացույց և ադմին։ Գինը՝ 450 000 ֏-ից։ Ցույց տա՞մ, թե ինչպես կլինի ձեզ մոտ։","Здравствуйте! Меня зовут Азат, я делаю сайты для бизнесов в Армении (EVNWEB). Заметил, что у Panorama Dilijan нет своего сайта. Могу прислать короткое видео, как работает сайт отеля: прямая бронь без комиссии Booking, календарь занятости и админка. Цена от 450 000 ֏. Показать, как это будет выглядеть у вас?",,,,
34,3,Paxlava,гостевой дом,Дилижан,+37499414555,"Բարև Ձեզ։ Ես Ազատն եմ, կայքեր եմ պատրաստում Հայաստանի բիզնեսների համար (EVNWEB)։ Նկատեցի, որ Paxlava-ը չունի սեփական կայք։ Կարող եմ ուղարկել կարճ տեսանյութ, թե ինչպես է աշխատում հյուրանոցի կայքը՝ ուղիղ ամրագրում առանց Booking-ի միջնորդավճարի, զբաղվածության օրացույց և ադմին։ Գինը՝ 450 000 ֏-ից։ Ցույց տա՞մ, թե ինչպես կլինի ձեզ մոտ։","Здравствуйте! Меня зовут Азат, я делаю сайты для бизнесов в Армении (EVNWEB). Заметил, что у Paxlava нет своего сайта. Могу прислать короткое видео, как работает сайт отеля: прямая бронь без комиссии Booking, календарь занятости и админка. Цена от 450 000 ֏. Показать, как это будет выглядеть у вас?",,,,
34,3,Petit Dilijan,гостевой дом,Дилижан,+37455192882,"Բարև Ձեզ։ Ես Ազատն եմ, կայքեր եմ պատրաստում Հայաստանի բիզնեսների համար (EVNWEB)։ Նկատեցի, որ Petit Dilijan-ը չունի սեփական կայք։ Կարող եմ ուղարկել կարճ տեսանյութ, թե ինչպես է աշխատում հյուրանոցի կայքը՝ ուղիղ ամրագրում առանց Booking-ի միջնորդավճարի, զբաղվածության օրացույց և ադմին։ Գինը՝ 450 000 ֏-ից։ Ցույց տա՞մ, թե ինչպես կլինի ձեզ մոտ։","Здравствуйте! Меня зовут Азат, я делаю сайты для бизнесов в Армении (EVNWEB). Заметил, что у Petit Dilijan нет своего сайта. Могу прислать короткое видео, как работает сайт отеля: прямая бронь без комиссии Booking, календарь занятости и админка. Цена от 450 000 ֏. Показать, как это будет выглядеть у вас?",,,,
34,3,Raisa,гостевой дом,Дилижан,+37499094564,"Բարև Ձեզ։ Ես Ազատն եմ, կայքեր եմ պատրաստում Հայաստանի բիզնեսների համար (EVNWEB)։ Նկատեցի, որ Raisa-ը չունի սեփական կայք։ Կարող եմ ուղարկել կարճ տեսանյութ, թե ինչպես է աշխատում հյուրանոցի կայքը՝ ուղիղ ամրագրում առանց Booking-ի միջնորդավճարի, զբաղվածության օրացույց և ադմին։ Գինը՝ 450 000 ֏-ից։ Ցույց տա՞մ, թե ինչպես կլինի ձեզ մոտ։","Здравствуйте! Меня зовут Азат, я делаю сайты для бизнесов в Армении (EVNWEB). Заметил, что у Raisa нет своего сайта. Могу прислать короткое видео, как работает сайт отеля: прямая бронь без комиссии Booking, календарь занятости и админка. Цена от 450 000 ֏. Показать, как это будет выглядеть у вас?",,,,
34,3,RedRose,гостевой дом,Дилижан,+37477462644,"Բարև Ձեզ։ Ես Ազատն եմ, կայքեր եմ պատրաստում Հայաստանի բիզնեսների համար (EVNWEB)։ Նկատեցի, որ RedRose-ը չունի սեփական կայք։ Կարող եմ ուղարկել կարճ տեսանյութ, թե ինչպես է աշխատում հյուրանոցի կայքը՝ ուղիղ ամրագրում առանց Booking-ի միջնորդավճարի, զբաղվածության օրացույց և ադմին։ Գինը՝ 450 000 ֏-ից։ Ցույց տա՞մ, թե ինչպես կլինի ձեզ մոտ։","Здравствуйте! Меня зовут Азат, я делаю сайты для бизнесов в Армении (EVNWEB). Заметил, что у RedRose нет своего сайта. Могу прислать короткое видео, как работает сайт отеля: прямая бронь без комиссии Booking, календарь занятости и админка. Цена от 450 000 ֏. Показать, как это будет выглядеть у вас?",,,,
34,3,Rent House Dilijan,гостевой дом,Дилижан,+37433543543,"Բարև Ձեզ։ Ես Ազատն եմ, կայքեր եմ պատրաստում Հայաստանի բիզնեսների համար (EVNWEB)։ Նկատեցի, որ Rent House Dilijan-ը չունի սեփական կայք։ Կարող եմ ուղարկել կարճ տեսանյութ, թե ինչպես է աշխատում հյուրանոցի կայքը՝ ուղիղ ամրագրում առանց Booking-ի միջնորդավճարի, զբաղվածության օրացույց և ադմին։ Գինը՝ 450 000 ֏-ից։ Ցույց տա՞մ, թե ինչպես կլինի ձեզ մոտ։","Здравствуйте! Меня зовут Азат, я делаю сайты для бизнесов в Армении (EVNWEB). Заметил, что у Rent House Dilijan нет своего сайта. Могу прислать короткое видео, как работает сайт отеля: прямая бронь без комиссии Booking, календарь занятости и админка. Цена от 450 000 ֏. Показать, как это будет выглядеть у вас?",,,,
34,3,Reserve Dilijan,гостевой дом,Дилижан,+37491335560,"Բարև Ձեզ։ Ես Ազատն եմ, կայքեր եմ պատրաստում Հայաստանի բիզնեսների համար (EVNWEB)։ Նկատեցի, որ Reserve Dilijan-ը չունի սեփական կայք։ Կարող եմ ուղարկել կարճ տեսանյութ, թե ինչպես է աշխատում հյուրանոցի կայքը՝ ուղիղ ամրագրում առանց Booking-ի միջնորդավճարի, զբաղվածության օրացույց և ադմին։ Գինը՝ 450 000 ֏-ից։ Ցույց տա՞մ, թե ինչպես կլինի ձեզ մոտ։","Здравствуйте! Меня зовут Азат, я делаю сайты для бизнесов в Армении (EVNWEB). Заметил, что у Reserve Dilijan нет своего сайта. Могу прислать короткое видео, как работает сайт отеля: прямая бронь без комиссии Booking, календарь занятости и админка. Цена от 450 000 ֏. Показать, как это будет выглядеть у вас?",,,,
34,3,Roses,гостевой дом,Дилижан,+37491278789,"Բարև Ձեզ։ Ես Ազատն եմ, կայքեր եմ պատրաստում Հայաստանի բիզնեսների համար (EVNWEB)։ Նկատեցի, որ Roses-ը չունի սեփական կայք։ Կարող եմ ուղարկել կարճ տեսանյութ, թե ինչպես է աշխատում հյուրանոցի կայքը՝ ուղիղ ամրագրում առանց Booking-ի միջնորդավճարի, զբաղվածության օրացույց և ադմին։ Գինը՝ 450 000 ֏-ից։ Ցույց տա՞մ, թե ինչպես կլինի ձեզ մոտ։","Здравствуйте! Меня зовут Азат, я делаю сайты для бизнесов в Армении (EVNWEB). Заметил, что у Roses нет своего сайта. Могу прислать короткое видео, как работает сайт отеля: прямая бронь без комиссии Booking, календарь занятости и админка. Цена от 450 000 ֏. Показать, как это будет выглядеть у вас?",,,,
34,3,Ruzan b&b,гостевой дом,Ехегнадзор,+37494692363,"Բարև Ձեզ։ Ես Ազատն եմ, կայքեր եմ պատրաստում Հայաստանի բիզնեսների համար (EVNWEB)։ Նկատեցի, որ Ruzan b&b-ը չունի սեփական կայք։ Կարող եմ ուղարկել կարճ տեսանյութ, թե ինչպես է աշխատում հյուրանոցի կայքը՝ ուղիղ ամրագրում առանց Booking-ի միջնորդավճարի, զբաղվածության օրացույց և ադմին։ Գինը՝ 450 000 ֏-ից։ Ցույց տա՞մ, թե ինչպես կլինի ձեզ մոտ։","Здравствуйте! Меня зовут Азат, я делаю сайты для бизнесов в Армении (EVNWEB). Заметил, что у Ruzan b&b нет своего сайта. Могу прислать короткое видео, как работает сайт отеля: прямая бронь без комиссии Booking, календарь занятости и админка. Цена от 450 000 ֏. Показать, как это будет выглядеть у вас?",,,,
34,3,SD House,гостевой дом,Дилижан,+37499718719,"Բարև Ձեզ։ Ես Ազատն եմ, կայքեր եմ պատրաստում Հայաստանի բիզնեսների համար (EVNWEB)։ Նկատեցի, որ SD House-ը չունի սեփական կայք։ Կարող եմ ուղարկել կարճ տեսանյութ, թե ինչպես է աշխատում հյուրանոցի կայքը՝ ուղիղ ամրագրում առանց Booking-ի միջնորդավճարի, զբաղվածության օրացույց և ադմին։ Գինը՝ 450 000 ֏-ից։ Ցույց տա՞մ, թե ինչպես կլինի ձեզ մոտ։","Здравствуйте! Меня зовут Азат, я делаю сайты для бизнесов в Армении (EVNWEB). Заметил, что у SD House нет своего сайта. Могу прислать короткое видео, как работает сайт отеля: прямая бронь без комиссии Booking, календарь занятости и админка. Цена от 450 000 ֏. Показать, как это будет выглядеть у вас?",,,,
34,3,Shamakhyan 10/3,гостевой дом,Дилижан,+37455888815,"Բարև Ձեզ։ Ես Ազատն եմ, կայքեր եմ պատրաստում Հայաստանի բիզնեսների համար (EVNWEB)։ Նկատեցի, որ Shamakhyan 10/3-ը չունի սեփական կայք։ Կարող եմ ուղարկել կարճ տեսանյութ, թե ինչպես է աշխատում հյուրանոցի կայքը՝ ուղիղ ամրագրում առանց Booking-ի միջնորդավճարի, զբաղվածության օրացույց և ադմին։ Գինը՝ 450 000 ֏-ից։ Ցույց տա՞մ, թե ինչպես կլինի ձեզ մոտ։","Здравствуйте! Меня зовут Азат, я делаю сайты для бизнесов в Армении (EVNWEB). Заметил, что у Shamakhyan 10/3 нет своего сайта. Могу прислать короткое видео, как работает сайт отеля: прямая бронь без комиссии Booking, календарь занятости и админка. Цена от 450 000 ֏. Показать, как это будет выглядеть у вас?",,,,
34,3,Shamoni,гостевой дом,Дилижан,+37477795201,"Բարև Ձեզ։ Ես Ազատն եմ, կայքեր եմ պատրաստում Հայաստանի բիզնեսների համար (EVNWEB)։ Նկատեցի, որ Shamoni-ը չունի սեփական կայք։ Կարող եմ ուղարկել կարճ տեսանյութ, թե ինչպես է աշխատում հյուրանոցի կայքը՝ ուղիղ ամրագրում առանց Booking-ի միջնորդավճարի, զբաղվածության օրացույց և ադմին։ Գինը՝ 450 000 ֏-ից։ Ցույց տա՞մ, թե ինչպես կլինի ձեզ մոտ։","Здравствуйте! Меня зовут Азат, я делаю сайты для бизнесов в Армении (EVNWEB). Заметил, что у Shamoni нет своего сайта. Могу прислать короткое видео, как работает сайт отеля: прямая бронь без комиссии Booking, календарь занятости и админка. Цена от 450 000 ֏. Показать, как это будет выглядеть у вас?",,,,
34,3,Shushan B&B,гостевой дом,Ехегнадзор,+37477072341,"Բարև Ձեզ։ Ես Ազատն եմ, կայքեր եմ պատրաստում Հայաստանի բիզնեսների համար (EVNWEB)։ Նկատեցի, որ Shushan B&B-ը չունի սեփական կայք։ Կարող եմ ուղարկել կարճ տեսանյութ, թե ինչպես է աշխատում հյուրանոցի կայքը՝ ուղիղ ամրագրում առանց Booking-ի միջնորդավճարի, զբաղվածության օրացույց և ադմին։ Գինը՝ 450 000 ֏-ից։ Ցույց տա՞մ, թե ինչպես կլինի ձեզ մոտ։","Здравствуйте! Меня зовут Азат, я делаю сайты для бизнесов в Армении (EVNWEB). Заметил, что у Shushan B&B нет своего сайта. Могу прислать короткое видео, как работает сайт отеля: прямая бронь без комиссии Booking, календарь занятости и админка. Цена от 450 000 ֏. Показать, как это будет выглядеть у вас?",,,,
34,3,Sunny Lodge Dilijan,гостевой дом,Дилижан,+37499486065,"Բարև Ձեզ։ Ես Ազատն եմ, կայքեր եմ պատրաստում Հայաստանի բիզնեսների համար (EVNWEB)։ Նկատեցի, որ Sunny Lodge Dilijan-ը չունի սեփական կայք։ Կարող եմ ուղարկել կարճ տեսանյութ, թե ինչպես է աշխատում հյուրանոցի կայքը՝ ուղիղ ամրագրում առանց Booking-ի միջնորդավճարի, զբաղվածության օրացույց և ադմին։ Գինը՝ 450 000 ֏-ից։ Ցույց տա՞մ, թե ինչպես կլինի ձեզ մոտ։","Здравствуйте! Меня зовут Азат, я делаю сайты для бизнесов в Армении (EVNWEB). Заметил, что у Sunny Lodge Dilijan нет своего сайта. Могу прислать короткое видео, как работает сайт отеля: прямая бронь без комиссии Booking, календарь занятости и админка. Цена от 450 000 ֏. Показать, как это будет выглядеть у вас?",,,,
34,3,Tanik Dilijan,гостевой дом,Дилижан,+37493703553,"Բարև Ձեզ։ Ես Ազատն եմ, կայքեր եմ պատրաստում Հայաստանի բիզնեսների համար (EVNWEB)։ Նկատեցի, որ Tanik Dilijan-ը չունի սեփական կայք։ Կարող եմ ուղարկել կարճ տեսանյութ, թե ինչպես է աշխատում հյուրանոցի կայքը՝ ուղիղ ամրագրում առանց Booking-ի միջնորդավճարի, զբաղվածության օրացույց և ադմին։ Գինը՝ 450 000 ֏-ից։ Ցույց տա՞մ, թե ինչպես կլինի ձեզ մոտ։","Здравствуйте! Меня зовут Азат, я делаю сайты для бизнесов в Армении (EVNWEB). Заметил, что у Tanik Dilijan нет своего сайта. Могу прислать короткое видео, как работает сайт отеля: прямая бронь без комиссии Booking, календарь занятости и админка. Цена от 450 000 ֏. Показать, как это будет выглядеть у вас?",,,,
34,3,Thalia Garden,гостевой дом,Дилижан,+37477055830,"Բարև Ձեզ։ Ես Ազատն եմ, կայքեր եմ պատրաստում Հայաստանի բիզնեսների համար (EVNWEB)։ Նկատեցի, որ Thalia Garden-ը չունի սեփական կայք։ Կարող եմ ուղարկել կարճ տեսանյութ, թե ինչպես է աշխատում հյուրանոցի կայքը՝ ուղիղ ամրագրում առանց Booking-ի միջնորդավճարի, զբաղվածության օրացույց և ադմին։ Գինը՝ 450 000 ֏-ից։ Ցույց տա՞մ, թե ինչպես կլինի ձեզ մոտ։","Здравствуйте! Меня зовут Азат, я делаю сайты для бизнесов в Армении (EVNWEB). Заметил, что у Thalia Garden нет своего сайта. Могу прислать короткое видео, как работает сайт отеля: прямая бронь без комиссии Booking, календарь занятости и админка. Цена от 450 000 ֏. Показать, как это будет выглядеть у вас?",,,,
34,3,Tiroent's,гостевой дом,Гюмри,+37494712024,"Բարև Ձեզ։ Ես Ազատն եմ, կայքեր եմ պատրաստում Հայաստանի բիզնեսների համար (EVNWEB)։ Նկատեցի, որ Tiroent's-ը չունի սեփական կայք։ Կարող եմ ուղարկել կարճ տեսանյութ, թե ինչպես է աշխատում հյուրանոցի կայքը՝ ուղիղ ամրագրում առանց Booking-ի միջնորդավճարի, զբաղվածության օրացույց և ադմին։ Գինը՝ 450 000 ֏-ից։ Ցույց տա՞մ, թե ինչպես կլինի ձեզ մոտ։","Здравствуйте! Меня зовут Азат, я делаю сайты для бизнесов в Армении (EVNWEB). Заметил, что у Tiroent's нет своего сайта. Могу прислать короткое видео, как работает сайт отеля: прямая бронь без комиссии Booking, календарь занятости и админка. Цена от 450 000 ֏. Показать, как это будет выглядеть у вас?",,,,
34,3,UNO-Dili,гостевой дом,Дилижан,+37477110853,"Բարև Ձեզ։ Ես Ազատն եմ, կայքեր եմ պատրաստում Հայաստանի բիզնեսների համար (EVNWEB)։ Նկատեցի, որ UNO-Dili-ը չունի սեփական կայք։ Կարող եմ ուղարկել կարճ տեսանյութ, թե ինչպես է աշխատում հյուրանոցի կայքը՝ ուղիղ ամրագրում առանց Booking-ի միջնորդավճարի, զբաղվածության օրացույց և ադմին։ Գինը՝ 450 000 ֏-ից։ Ցույց տա՞մ, թե ինչպես կլինի ձեզ մոտ։","Здравствуйте! Меня зовут Азат, я делаю сайты для бизнесов в Армении (EVNWEB). Заметил, что у UNO-Dili нет своего сайта. Могу прислать короткое видео, как работает сайт отеля: прямая бронь без комиссии Booking, календарь занятости и админка. Цена от 450 000 ֏. Показать, как это будет выглядеть у вас?",,,,
34,3,USSR Guesthouseuss,гостевой дом,Севан,+37498697759,"Բարև Ձեզ։ Ես Ազատն եմ, կայքեր եմ պատրաստում Հայաստանի բիզնեսների համար (EVNWEB)։ Նկատեցի, որ USSR Guesthouseuss-ը չունի սեփական կայք։ Կարող եմ ուղարկել կարճ տեսանյութ, թե ինչպես է աշխատում հյուրանոցի կայքը՝ ուղիղ ամրագրում առանց Booking-ի միջնորդավճարի, զբաղվածության օրացույց և ադմին։ Գինը՝ 450 000 ֏-ից։ Ցույց տա՞մ, թե ինչպես կլինի ձեզ մոտ։","Здравствуйте! Меня зовут Азат, я делаю сайты для бизнесов в Армении (EVNWEB). Заметил, что у USSR Guesthouseuss нет своего сайта. Могу прислать короткое видео, как работает сайт отеля: прямая бронь без комиссии Booking, календарь занятости и админка. Цена от 450 000 ֏. Показать, как это будет выглядеть у вас?",,,,
34,3,Vardazarians,гостевой дом,Дилижан,+37455666009,"Բարև Ձեզ։ Ես Ազատն եմ, կայքեր եմ պատրաստում Հայաստանի բիզնեսների համար (EVNWEB)։ Նկատեցի, որ Vardazarians-ը չունի սեփական կայք։ Կարող եմ ուղարկել կարճ տեսանյութ, թե ինչպես է աշխատում հյուրանոցի կայքը՝ ուղիղ ամրագրում առանց Booking-ի միջնորդավճարի, զբաղվածության օրացույց և ադմին։ Գինը՝ 450 000 ֏-ից։ Ցույց տա՞մ, թե ինչպես կլինի ձեզ մոտ։","Здравствуйте! Меня зовут Азат, я делаю сайты для бизнесов в Армении (EVNWEB). Заметил, что у Vardazarians нет своего сайта. Могу прислать короткое видео, как работает сайт отеля: прямая бронь без комиссии Booking, календарь занятости и админка. Цена от 450 000 ֏. Показать, как это будет выглядеть у вас?",,,,
35,3,Verev,гостевой дом,Дилижан,+37477300892,"Բարև Ձեզ։ Ես Ազատն եմ, կայքեր եմ պատրաստում Հայաստանի բիզնեսների համար (EVNWEB)։ Նկատեցի, որ Verev-ը չունի սեփական կայք։ Կարող եմ ուղարկել կարճ տեսանյութ, թե ինչպես է աշխատում հյուրանոցի կայքը՝ ուղիղ ամրագրում առանց Booking-ի միջնորդավճարի, զբաղվածության օրացույց և ադմին։ Գինը՝ 450 000 ֏-ից։ Ցույց տա՞մ, թե ինչպես կլինի ձեզ մոտ։","Здравствуйте! Меня зовут Азат, я делаю сайты для бизнесов в Армении (EVNWEB). Заметил, что у Verev нет своего сайта. Могу прислать короткое видео, как работает сайт отеля: прямая бронь без комиссии Booking, календарь занятости и админка. Цена от 450 000 ֏. Показать, как это будет выглядеть у вас?",,,,
35,3,Villa Bianca,гостевой дом,Дилижан,+37455888798,"Բարև Ձեզ։ Ես Ազատն եմ, կայքեր եմ պատրաստում Հայաստանի բիզնեսների համար (EVNWEB)։ Նկատեցի, որ Villa Bianca-ը չունի սեփական կայք։ Կարող եմ ուղարկել կարճ տեսանյութ, թե ինչպես է աշխատում հյուրանոցի կայքը՝ ուղիղ ամրագրում առանց Booking-ի միջնորդավճարի, զբաղվածության օրացույց և ադմին։ Գինը՝ 450 000 ֏-ից։ Ցույց տա՞մ, թե ինչպես կլինի ձեզ մոտ։","Здравствуйте! Меня зовут Азат, я делаю сайты для бизнесов в Армении (EVNWEB). Заметил, что у Villa Bianca нет своего сайта. Могу прислать короткое видео, как работает сайт отеля: прямая бронь без комиссии Booking, календарь занятости и админка. Цена от 450 000 ֏. Показать, как это будет выглядеть у вас?",,,,
35,3,Yegegnadzor b&b network,гостевой дом,Ехегнадзор,+37477024837,"Բարև Ձեզ։ Ես Ազատն եմ, կայքեր եմ պատրաստում Հայաստանի բիզնեսների համար (EVNWEB)։ Նկատեցի, որ Yegegnadzor b&b network-ը չունի սեփական կայք։ Կարող եմ ուղարկել կարճ տեսանյութ, թե ինչպես է աշխատում հյուրանոցի կայքը՝ ուղիղ ամրագրում առանց Booking-ի միջնորդավճարի, զբաղվածության օրացույց և ադմին։ Գինը՝ 450 000 ֏-ից։ Ցույց տա՞մ, թե ինչպես կլինի ձեզ մոտ։","Здравствуйте! Меня зовут Азат, я делаю сайты для бизнесов в Армении (EVNWEB). Заметил, что у Yegegnadzor b&b network нет своего сайта. Могу прислать короткое видео, как работает сайт отеля: прямая бронь без комиссии Booking, календарь занятости и админка. Цена от 450 000 ֏. Показать, как это будет выглядеть у вас?",,,,
35,3,Anar,гостевой дом,Ванадзор,+37493761177,"Բարև Ձեզ։ Ես Ազատն եմ, կայքեր եմ պատրաստում Հայաստանի բիզնեսների համար (EVNWEB)։ Նկատեցի, որ Anar-ը չունի սեփական կայք։ Կարող եմ ուղարկել կարճ տեսանյութ, թե ինչպես է աշխատում հյուրանոցի կայքը՝ ուղիղ ամրագրում առանց Booking-ի միջնորդավճարի, զբաղվածության օրացույց և ադմին։ Գինը՝ 450 000 ֏-ից։ Ցույց տա՞մ, թե ինչպես կլինի ձեզ մոտ։","Здравствуйте! Меня зовут Азат, я делаю сайты для бизнесов в Армении (EVNWEB). Заметил, что у Anar нет своего сайта. Могу прислать короткое видео, как работает сайт отеля: прямая бронь без комиссии Booking, календарь занятости и админка. Цена от 450 000 ֏. Показать, как это будет выглядеть у вас?",,,,
35,3,Arami House,гостевой дом,Дилижан,+37455100133,"Բարև Ձեզ։ Ես Ազատն եմ, կայքեր եմ պատրաստում Հայաստանի բիզնեսների համար (EVNWEB)։ Նկատեցի, որ Arami House-ը չունի սեփական կայք։ Կարող եմ ուղարկել կարճ տեսանյութ, թե ինչպես է աշխատում հյուրանոցի կայքը՝ ուղիղ ամրագրում առանց Booking-ի միջնորդավճարի, զբաղվածության օրացույց և ադմին։ Գինը՝ 450 000 ֏-ից։ Ցույց տա՞մ, թե ինչպես կլինի ձեզ մոտ։","Здравствуйте! Меня зовут Азат, я делаю сайты для бизнесов в Армении (EVNWEB). Заметил, что у Arami House нет своего сайта. Могу прислать короткое видео, как работает сайт отеля: прямая бронь без комиссии Booking, календарь занятости и админка. Цена от 450 000 ֏. Показать, как это будет выглядеть у вас?",,,,
35,3,Daravand,гостевой дом,Дилижан,+37491420965,"Բարև Ձեզ։ Ես Ազատն եմ, կայքեր եմ պատրաստում Հայաստանի բիզնեսների համար (EVNWEB)։ Նկատեցի, որ Daravand-ը չունի սեփական կայք։ Կարող եմ ուղարկել կարճ տեսանյութ, թե ինչպես է աշխատում հյուրանոցի կայքը՝ ուղիղ ամրագրում առանց Booking-ի միջնորդավճարի, զբաղվածության օրացույց և ադմին։ Գինը՝ 450 000 ֏-ից։ Ցույց տա՞մ, թե ինչպես կլինի ձեզ մոտ։","Здравствуйте! Меня зовут Азат, я делаю сайты для бизнесов в Армении (EVNWEB). Заметил, что у Daravand нет своего сайта. Могу прислать короткое видео, как работает сайт отеля: прямая бронь без комиссии Booking, календарь занятости и админка. Цена от 450 000 ֏. Показать, как это будет выглядеть у вас?",,,,
35,3,Kirovi tun,гостевой дом,Дилижан,+37498444409,"Բարև Ձեզ։ Ես Ազատն եմ, կայքեր եմ պատրաստում Հայաստանի բիզնեսների համար (EVNWEB)։ Նկատեցի, որ Kirovi tun-ը չունի սեփական կայք։ Կարող եմ ուղարկել կարճ տեսանյութ, թե ինչպես է աշխատում հյուրանոցի կայքը՝ ուղիղ ամրագրում առանց Booking-ի միջնորդավճարի, զբաղվածության օրացույց և ադմին։ Գինը՝ 450 000 ֏-ից։ Ցույց տա՞մ, թե ինչպես կլինի ձեզ մոտ։","Здравствуйте! Меня зовут Азат, я делаю сайты для бизнесов в Армении (EVNWEB). Заметил, что у Kirovi tun нет своего сайта. Могу прислать короткое видео, как работает сайт отеля: прямая бронь без комиссии Booking, календарь занятости и админка. Цена от 450 000 ֏. Показать, как это будет выглядеть у вас?",,,,
35,3,Matsak & Mesrop,гостевой дом,Дилижан,+37494698949,"Բարև Ձեզ։ Ես Ազատն եմ, կայքեր եմ պատրաստում Հայաստանի բիզնեսների համար (EVNWEB)։ Նկատեցի, որ Matsak & Mesrop-ը չունի սեփական կայք։ Կարող եմ ուղարկել կարճ տեսանյութ, թե ինչպես է աշխատում հյուրանոցի կայքը՝ ուղիղ ամրագրում առանց Booking-ի միջնորդավճարի, զբաղվածության օրացույց և ադմին։ Գինը՝ 450 000 ֏-ից։ Ցույց տա՞մ, թե ինչպես կլինի ձեզ մոտ։","Здравствуйте! Меня зовут Азат, я делаю сайты для бизнесов в Армении (EVNWEB). Заметил, что у Matsak & Mesrop нет своего сайта. Могу прислать короткое видео, как работает сайт отеля: прямая бронь без комиссии Booking, календарь занятости и админка. Цена от 450 000 ֏. Показать, как это будет выглядеть у вас?",,,,
35,3,Nur,гостевой дом,Гюмри,+37477282885,"Բարև Ձեզ։ Ես Ազատն եմ, կայքեր եմ պատրաստում Հայաստանի բիզնեսների համար (EVNWEB)։ Նկատեցի, որ Nur-ը չունի սեփական կայք։ Կարող եմ ուղարկել կարճ տեսանյութ, թե ինչպես է աշխատում հյուրանոցի կայքը՝ ուղիղ ամրագրում առանց Booking-ի միջնորդավճարի, զբաղվածության օրացույց և ադմին։ Գինը՝ 450 000 ֏-ից։ Ցույց տա՞մ, թե ինչպես կլինի ձեզ մոտ։","Здравствуйте! Меня зовут Азат, я делаю сайты для бизнесов в Армении (EVNWEB). Заметил, что у Nur нет своего сайта. Могу прислать короткое видео, как работает сайт отеля: прямая бронь без комиссии Booking, календарь занятости и админка. Цена от 450 000 ֏. Показать, как это будет выглядеть у вас?",,,,
35,3,Nran hatik,гостевой дом,Дилижан,+37493697858,"Բարև Ձեզ։ Ես Ազատն եմ, կայքեր եմ պատրաստում Հայաստանի բիզնեսների համար (EVNWEB)։ Նկատեցի, որ Nran hatik-ը չունի սեփական կայք։ Կարող եմ ուղարկել կարճ տեսանյութ, թե ինչպես է աշխատում հյուրանոցի կայքը՝ ուղիղ ամրագրում առանց Booking-ի միջնորդավճարի, զբաղվածության օրացույց և ադմին։ Գինը՝ 450 000 ֏-ից։ Ցույց տա՞մ, թե ինչպես կլինի ձեզ մոտ։","Здравствуйте! Меня зовут Азат, я делаю сайты для бизнесов в Армении (EVNWEB). Заметил, что у Nran hatik нет своего сайта. Могу прислать короткое видео, как работает сайт отеля: прямая бронь без комиссии Booking, календарь занятости и админка. Цена от 450 000 ֏. Показать, как это будет выглядеть у вас?",dubl,,,
35,3,Rest Land Dilijan,гостевой дом,Дилижан,+37443104646,"Բարև Ձեզ։ Ես Ազատն եմ, կայքեր եմ պատրաստում Հայաստանի բիզնեսների համար (EVNWEB)։ Նկատեցի, որ Rest Land Dilijan-ը չունի սեփական կայք։ Կարող եմ ուղարկել կարճ տեսանյութ, թե ինչպես է աշխատում հյուրանոցի կայքը՝ ուղիղ ամրագրում առանց Booking-ի միջնորդավճարի, զբաղվածության օրացույց և ադմին։ Գինը՝ 450 000 ֏-ից։ Ցույց տա՞մ, թե ինչպես կլինի ձեզ մոտ։","Здравствуйте! Меня зовут Азат, я делаю сайты для бизнесов в Армении (EVNWEB). Заметил, что у Rest Land Dilijan нет своего сайта. Могу прислать короткое видео, как работает сайт отеля: прямая бронь без комиссии Booking, календарь занятости и админка. Цена от 450 000 ֏. Показать, как это будет выглядеть у вас?",,,,
35,3,Seno,гостевой дом,Дилижан,+37493758595,"Բարև Ձեզ։ Ես Ազատն եմ, կայքեր եմ պատրաստում Հայաստանի բիզնեսների համար (EVNWEB)։ Նկատեցի, որ Seno-ը չունի սեփական կայք։ Կարող եմ ուղարկել կարճ տեսանյութ, թե ինչպես է աշխատում հյուրանոցի կայքը՝ ուղիղ ամրագրում առանց Booking-ի միջնորդավճարի, զբաղվածության օրացույց և ադմին։ Գինը՝ 450 000 ֏-ից։ Ցույց տա՞մ, թե ինչպես կլինի ձեզ մոտ։","Здравствуйте! Меня зовут Азат, я делаю сайты для бизнесов в Армении (EVNWEB). Заметил, что у Seno нет своего сайта. Могу прислать короткое видео, как работает сайт отеля: прямая бронь без комиссии Booking, календарь занятости и админка. Цена от 450 000 ֏. Показать, как это будет выглядеть у вас?",,,,
35,3,Quiet Corner,гостевой дом,Дилижан,+37477999808,"Բարև Ձեզ։ Ես Ազատն եմ, կայքեր եմ պատրաստում Հայաստանի բիզնեսների համար (EVNWEB)։ Նկատեցի, որ Quiet Corner-ը չունի սեփական կայք։ Կարող եմ ուղարկել կարճ տեսանյութ, թե ինչպես է աշխատում հյուրանոցի կայքը՝ ուղիղ ամրագրում առանց Booking-ի միջնորդավճարի, զբաղվածության օրացույց և ադմին։ Գինը՝ 450 000 ֏-ից։ Ցույց տա՞մ, թե ինչպես կլինի ձեզ մոտ։","Здравствуйте! Меня зовут Азат, я делаю сайты для бизнесов в Армении (EVNWEB). Заметил, что у Quiet Corner нет своего сайта. Могу прислать короткое видео, как работает сайт отеля: прямая бронь без комиссии Booking, календарь занятости и админка. Цена от 450 000 ֏. Показать, как это будет выглядеть у вас?",,,,
35,3,Arm Food Lab,кафе,Дилижан,+37491073733,"Բարև Ձեզ։ Ես Ազատն եմ, կայքեր եմ պատրաստում Հայաստանի բիզնեսների համար (EVNWEB)։ Նկատեցի, որ Arm Food Lab-ը չունի սեփական կայք։ Կարող եմ ուղարկել կարճ տեսանյութ, թե ինչպես է աշխատում ռեստորանի կայքը՝ մենյու 3 լեզվով, սեղանի ամրագրում և ադմին, որտեղ գները փոխում եք ինքներդ։ Գինը՝ 280 000 ֏-ից։ Ցույց տա՞մ, թե ինչպես կլինի ձեզ մոտ։","Здравствуйте! Меня зовут Азат, я делаю сайты для бизнесов в Армении (EVNWEB). Заметил, что у Arm Food Lab нет своего сайта. Могу прислать короткое видео, как работает сайт ресторана: меню на 3 языках, бронь столов и админка, где цены меняете сами. Цена от 280 000 ֏. Показать, как это будет выглядеть у вас?",,,,
35,3,Bohem Studio-Teahouse,кафе,Севан,+37455662119,"Բարև Ձեզ։ Ես Ազատն եմ, կայքեր եմ պատրաստում Հայաստանի բիզնեսների համար (EVNWEB)։ Նկատեցի, որ Bohem Studio-Teahouse-ը չունի սեփական կայք։ Կարող եմ ուղարկել կարճ տեսանյութ, թե ինչպես է աշխատում ռեստորանի կայքը՝ մենյու 3 լեզվով, սեղանի ամրագրում և ադմին, որտեղ գները փոխում եք ինքներդ։ Գինը՝ 280 000 ֏-ից։ Ցույց տա՞մ, թե ինչպես կլինի ձեզ մոտ։","Здравствуйте! Меня зовут Азат, я делаю сайты для бизнесов в Армении (EVNWEB). Заметил, что у Bohem Studio-Teahouse нет своего сайта. Могу прислать короткое видео, как работает сайт ресторана: меню на 3 языках, бронь столов и админка, где цены меняете сами. Цена от 280 000 ֏. Показать, как это будет выглядеть у вас?",,,,
35,3,Cafe #2,кафе,Дилижан,+37460700805,"Բարև Ձեզ։ Ես Ազատն եմ, կայքեր եմ պատրաստում Հայաստանի բիզնեսների համար (EVNWEB)։ Նկատեցի, որ Cafe #2-ը չունի սեփական կայք։ Կարող եմ ուղարկել կարճ տեսանյութ, թե ինչպես է աշխատում ռեստորանի կայքը՝ մենյու 3 լեզվով, սեղանի ամրագրում և ադմին, որտեղ գները փոխում եք ինքներդ։ Գինը՝ 280 000 ֏-ից։ Ցույց տա՞մ, թե ինչպես կլինի ձեզ մոտ։","Здравствуйте! Меня зовут Азат, я делаю сайты для бизнесов в Армении (EVNWEB). Заметил, что у Cafe #2 нет своего сайта. Могу прислать короткое видео, как работает сайт ресторана: меню на 3 языках, бронь столов и админка, где цены меняете сами. Цена от 280 000 ֏. Показать, как это будет выглядеть у вас?",ne_mobilny,,,
35,3,Madera,кафе,Ванадзор,+37498822234,"Բարև Ձեզ։ Ես Ազատն եմ, կայքեր եմ պատրաստում Հայաստանի բիզնեսների համար (EVNWEB)։ Նկատեցի, որ Madera-ը չունի սեփական կայք։ Կարող եմ ուղարկել կարճ տեսանյութ, թե ինչպես է աշխատում ռեստորանի կայքը՝ մենյու 3 լեզվով, սեղանի ամրագրում և ադմին, որտեղ գները փոխում եք ինքներդ։ Գինը՝ 280 000 ֏-ից։ Ցույց տա՞մ, թե ինչպես կլինի ձեզ մոտ։","Здравствуйте! Меня зовут Азат, я делаю сайты для бизнесов в Армении (EVNWEB). Заметил, что у Madera нет своего сайта. Могу прислать короткое видео, как работает сайт ресторана: меню на 3 языках, бронь столов и админка, где цены меняете сами. Цена от 280 000 ֏. Показать, как это будет выглядеть у вас?",,,,
35,3,Mame Bakery,кафе,Дилижан,+37433058888,"Բարև Ձեզ։ Ես Ազատն եմ, կայքեր եմ պատրաստում Հայաստանի բիզնեսների համար (EVNWEB)։ Նկատեցի, որ Mame Bakery-ը չունի սեփական կայք։ Կարող եմ ուղարկել կարճ տեսանյութ, թե ինչպես է աշխատում ռեստորանի կայքը՝ մենյու 3 լեզվով, սեղանի ամրագրում և ադմին, որտեղ գները փոխում եք ինքներդ։ Գինը՝ 280 000 ֏-ից։ Ցույց տա՞մ, թե ինչպես կլինի ձեզ մոտ։","Здравствуйте! Меня зовут Азат, я делаю сайты для бизнесов в Армении (EVNWEB). Заметил, что у Mame Bakery нет своего сайта. Могу прислать короткое видео, как работает сайт ресторана: меню на 3 языках, бронь столов и админка, где цены меняете сами. Цена от 280 000 ֏. Показать, как это будет выглядеть у вас?",,,,
35,3,Meghvik,кафе,Ехегнадзор,+37441780790,"Բարև Ձեզ։ Ես Ազատն եմ, կայքեր եմ պատրաստում Հայաստանի բիզնեսների համար (EVNWEB)։ Նկատեցի, որ Meghvik-ը չունի սեփական կայք։ Կարող եմ ուղարկել կարճ տեսանյութ, թե ինչպես է աշխատում ռեստորանի կայքը՝ մենյու 3 լեզվով, սեղանի ամրագրում և ադմին, որտեղ գները փոխում եք ինքներդ։ Գինը՝ 280 000 ֏-ից։ Ցույց տա՞մ, թե ինչպես կլինի ձեզ մոտ։","Здравствуйте! Меня зовут Азат, я делаю сайты для бизнесов в Армении (EVNWEB). Заметил, что у Meghvik нет своего сайта. Могу прислать короткое видео, как работает сайт ресторана: меню на 3 языках, бронь столов и админка, где цены меняете сами. Цена от 280 000 ֏. Показать, как это будет выглядеть у вас?",,,,
35,3,Picasso,кафе,Дилижан,+37491999780,"Բարև Ձեզ։ Ես Ազատն եմ, կայքեր եմ պատրաստում Հայաստանի բիզնեսների համար (EVNWEB)։ Նկատեցի, որ Picasso-ը չունի սեփական կայք։ Կարող եմ ուղարկել կարճ տեսանյութ, թե ինչպես է աշխատում ռեստորանի կայքը՝ մենյու 3 լեզվով, սեղանի ամրագրում և ադմին, որտեղ գները փոխում եք ինքներդ։ Գինը՝ 280 000 ֏-ից։ Ցույց տա՞մ, թե ինչպես կլինի ձեզ մոտ։","Здравствуйте! Меня зовут Азат, я делаю сайты для бизнесов в Армении (EVNWEB). Заметил, что у Picasso нет своего сайта. Могу прислать короткое видео, как работает сайт ресторана: меню на 3 языках, бронь столов и админка, где цены меняете сами. Цена от 280 000 ֏. Показать, как это будет выглядеть у вас?",,,,
35,3,Piccola,кафе,Дилижан,+37444621112,"Բարև Ձեզ։ Ես Ազատն եմ, կայքեր եմ պատրաստում Հայաստանի բիզնեսների համար (EVNWEB)։ Նկատեցի, որ Piccola-ը չունի սեփական կայք։ Կարող եմ ուղարկել կարճ տեսանյութ, թե ինչպես է աշխատում ռեստորանի կայքը՝ մենյու 3 լեզվով, սեղանի ամրագրում և ադմին, որտեղ գները փոխում եք ինքներդ։ Գինը՝ 280 000 ֏-ից։ Ցույց տա՞մ, թե ինչպես կլինի ձեզ մոտ։","Здравствуйте! Меня зовут Азат, я делаю сайты для бизнесов в Армении (EVNWEB). Заметил, что у Piccola нет своего сайта. Могу прислать короткое видео, как работает сайт ресторана: меню на 3 языках, бронь столов и админка, где цены меняете сами. Цена от 280 000 ֏. Показать, как это будет выглядеть у вас?",,,,
35,3,Prince Cafe,кафе,Горис,+37498463467,"Բարև Ձեզ։ Ես Ազատն եմ, կայքեր եմ պատրաստում Հայաստանի բիզնեսների համար (EVNWEB)։ Նկատեցի, որ Prince Cafe-ը չունի սեփական կայք։ Կարող եմ ուղարկել կարճ տեսանյութ, թե ինչպես է աշխատում ռեստորանի կայքը՝ մենյու 3 լեզվով, սեղանի ամրագրում և ադմին, որտեղ գները փոխում եք ինքներդ։ Գինը՝ 280 000 ֏-ից։ Ցույց տա՞մ, թե ինչպես կլինի ձեզ մոտ։","Здравствуйте! Меня зовут Азат, я делаю сайты для бизнесов в Армении (EVNWEB). Заметил, что у Prince Cafe нет своего сайта. Могу прислать короткое видео, как работает сайт ресторана: меню на 3 языках, бронь столов и админка, где цены меняете сами. Цена от 280 000 ֏. Показать, как это будет выглядеть у вас?",,,,
35,3,Rolls,кафе,Дилижан,+37499800880,"Բարև Ձեզ։ Ես Ազատն եմ, կայքեր եմ պատրաստում Հայաստանի բիզնեսների համար (EVNWEB)։ Նկատեցի, որ Rolls-ը չունի սեփական կայք։ Կարող եմ ուղարկել կարճ տեսանյութ, թե ինչպես է աշխատում ռեստորանի կայքը՝ մենյու 3 լեզվով, սեղանի ամրագրում և ադմին, որտեղ գները փոխում եք ինքներդ։ Գինը՝ 280 000 ֏-ից։ Ցույց տա՞մ, թե ինչպես կլինի ձեզ մոտ։","Здравствуйте! Меня зовут Азат, я делаю сайты для бизнесов в Армении (EVNWEB). Заметил, что у Rolls нет своего сайта. Могу прислать короткое видео, как работает сайт ресторана: меню на 3 языках, бронь столов и админка, где цены меняете сами. Цена от 280 000 ֏. Показать, как это будет выглядеть у вас?",,,,
35,3,Shamam's Macarons,кафе,Ванадзор,+37493788083,"Բարև Ձեզ։ Ես Ազատն եմ, կայքեր եմ պատրաստում Հայաստանի բիզնեսների համար (EVNWEB)։ Նկատեցի, որ Shamam's Macarons-ը չունի սեփական կայք։ Կարող եմ ուղարկել կարճ տեսանյութ, թե ինչպես է աշխատում ռեստորանի կայքը՝ մենյու 3 լեզվով, սեղանի ամրագրում և ադմին, որտեղ գները փոխում եք ինքներդ։ Գինը՝ 280 000 ֏-ից։ Ցույց տա՞մ, թե ինչպես կլինի ձեզ մոտ։","Здравствуйте! Меня зовут Азат, я делаю сайты для бизнесов в Армении (EVNWEB). Заметил, что у Shamam's Macarons нет своего сайта. Могу прислать короткое видео, как работает сайт ресторана: меню на 3 языках, бронь столов и админка, где цены меняете сами. Цена от 280 000 ֏. Показать, как это будет выглядеть у вас?",,,,
35,3,The Viewpoint café,кафе,Ванадзор,+37433808069,"Բարև Ձեզ։ Ես Ազատն եմ, կայքեր եմ պատրաստում Հայաստանի բիզնեսների համար (EVNWEB)։ Նկատեցի, որ The Viewpoint café-ը չունի սեփական կայք։ Կարող եմ ուղարկել կարճ տեսանյութ, թե ինչպես է աշխատում ռեստորանի կայքը՝ մենյու 3 լեզվով, սեղանի ամրագրում և ադմին, որտեղ գները փոխում եք ինքներդ։ Գինը՝ 280 000 ֏-ից։ Ցույց տա՞մ, թե ինչպես կլինի ձեզ մոտ։","Здравствуйте! Меня зовут Азат, я делаю сайты для бизнесов в Армении (EVNWEB). Заметил, что у The Viewpoint café нет своего сайта. Могу прислать короткое видео, как работает сайт ресторана: меню на 3 языках, бронь столов и админка, где цены меняете сами. Цена от 280 000 ֏. Показать, как это будет выглядеть у вас?",,,,
36,3,Aregak,кафе,Гюмри,+37498441088,"Բարև Ձեզ։ Ես Ազատն եմ, կայքեր եմ պատրաստում Հայաստանի բիզնեսների համար (EVNWEB)։ Նկատեցի, որ Aregak-ը չունի սեփական կայք։ Կարող եմ ուղարկել կարճ տեսանյութ, թե ինչպես է աշխատում ռեստորանի կայքը՝ մենյու 3 լեզվով, սեղանի ամրագրում և ադմին, որտեղ գները փոխում եք ինքներդ։ Գինը՝ 280 000 ֏-ից։ Ցույց տա՞մ, թե ինչպես կլինի ձեզ մոտ։","Здравствуйте! Меня зовут Азат, я делаю сайты для бизнесов в Армении (EVNWEB). Заметил, что у Aregak нет своего сайта. Могу прислать короткое видео, как работает сайт ресторана: меню на 3 языках, бронь столов и админка, где цены меняете сами. Цена от 280 000 ֏. Показать, как это будет выглядеть у вас?",,,,
36,3,Bolors,кафе,Дилижан,+37494989622,"Բարև Ձեզ։ Ես Ազատն եմ, կայքեր եմ պատրաստում Հայաստանի բիզնեսների համար (EVNWEB)։ Նկատեցի, որ Bolors-ը չունի սեփական կայք։ Կարող եմ ուղարկել կարճ տեսանյութ, թե ինչպես է աշխատում ռեստորանի կայքը՝ մենյու 3 լեզվով, սեղանի ամրագրում և ադմին, որտեղ գները փոխում եք ինքներդ։ Գինը՝ 280 000 ֏-ից։ Ցույց տա՞մ, թե ինչպես կլինի ձեզ մոտ։","Здравствуйте! Меня зовут Азат, я делаю сайты для бизнесов в Армении (EVNWEB). Заметил, что у Bolors нет своего сайта. Могу прислать короткое видео, как работает сайт ресторана: меню на 3 языках, бронь столов и админка, где цены меняете сами. Цена от 280 000 ֏. Показать, как это будет выглядеть у вас?",,,,
36,3,Msho Tun,кафе,Дилижан,+37477445063,"Բարև Ձեզ։ Ես Ազատն եմ, կայքեր եմ պատրաստում Հայաստանի բիզնեսների համար (EVNWEB)։ Նկատեցի, որ Msho Tun-ը չունի սեփական կայք։ Կարող եմ ուղարկել կարճ տեսանյութ, թե ինչպես է աշխատում ռեստորանի կայքը՝ մենյու 3 լեզվով, սեղանի ամրագրում և ադմին, որտեղ գները փոխում եք ինքներդ։ Գինը՝ 280 000 ֏-ից։ Ցույց տա՞մ, թե ինչպես կլինի ձեզ մոտ։","Здравствуйте! Меня зовут Азат, я делаю сайты для бизнесов в Армении (EVNWEB). Заметил, что у Msho Tun нет своего сайта. Могу прислать короткое видео, как работает сайт ресторана: меню на 3 языках, бронь столов и админка, где цены меняете сами. Цена от 280 000 ֏. Показать, как это будет выглядеть у вас?",,,,
36,3,Chichkhan,кафе,Гюмри,+37433668998,"Բարև Ձեզ։ Ես Ազատն եմ, կայքեր եմ պատրաստում Հայաստանի բիզնեսների համար (EVNWEB)։ Նկատեցի, որ Chichkhan-ը չունի սեփական կայք։ Կարող եմ ուղարկել կարճ տեսանյութ, թե ինչպես է աշխատում ռեստորանի կայքը՝ մենյու 3 լեզվով, սեղանի ամրագրում և ադմին, որտեղ գները փոխում եք ինքներդ։ Գինը՝ 280 000 ֏-ից։ Ցույց տա՞մ, թե ինչպես կլինի ձեզ մոտ։","Здравствуйте! Меня зовут Азат, я делаю сайты для бизнесов в Армении (EVNWEB). Заметил, что у Chichkhan нет своего сайта. Могу прислать короткое видео, как работает сайт ресторана: меню на 3 языках, бронь столов и админка, где цены меняете сами. Цена от 280 000 ֏. Показать, как это будет выглядеть у вас?",,,,
36,3,Piano,кафе,Гюмри,+37493901666,"Բարև Ձեզ։ Ես Ազատն եմ, կայքեր եմ պատրաստում Հայաստանի բիզնեսների համար (EVNWEB)։ Նկատեցի, որ Piano-ը չունի սեփական կայք։ Կարող եմ ուղարկել կարճ տեսանյութ, թե ինչպես է աշխատում ռեստորանի կայքը՝ մենյու 3 լեզվով, սեղանի ամրագրում և ադմին, որտեղ գները փոխում եք ինքներդ։ Գինը՝ 280 000 ֏-ից։ Ցույց տա՞մ, թե ինչպես կլինի ձեզ մոտ։","Здравствуйте! Меня зовут Азат, я делаю сайты для бизнесов в Армении (EVNWEB). Заметил, что у Piano нет своего сайта. Могу прислать короткое видео, как работает сайт ресторана: меню на 3 языках, бронь столов и админка, где цены меняете сами. Цена от 280 000 ֏. Показать, как это будет выглядеть у вас?",,,,
36,3,Rob's home,кафе,Гюмри,+37477198917,"Բարև Ձեզ։ Ես Ազատն եմ, կայքեր եմ պատրաստում Հայաստանի բիզնեսների համար (EVNWEB)։ Նկատեցի, որ Rob's home-ը չունի սեփական կայք։ Կարող եմ ուղարկել կարճ տեսանյութ, թե ինչպես է աշխատում ռեստորանի կայքը՝ մենյու 3 լեզվով, սեղանի ամրագրում և ադմին, որտեղ գները փոխում եք ինքներդ։ Գինը՝ 280 000 ֏-ից։ Ցույց տա՞մ, թե ինչպես կլինի ձեզ մոտ։","Здравствуйте! Меня зовут Азат, я делаю сайты для бизнесов в Армении (EVNWEB). Заметил, что у Rob's home нет своего сайта. Могу прислать короткое видео, как работает сайт ресторана: меню на 3 языках, бронь столов и админка, где цены меняете сами. Цена от 280 000 ֏. Показать, как это будет выглядеть у вас?",,,,
36,3,Vinum,кафе,Цахкадзор,+37499919901,"Բարև Ձեզ։ Ես Ազատն եմ, կայքեր եմ պատրաստում Հայաստանի բիզնեսների համար (EVNWEB)։ Նկատեցի, որ Vinum-ը չունի սեփական կայք։ Կարող եմ ուղարկել կարճ տեսանյութ, թե ինչպես է աշխատում ռեստորանի կայքը՝ մենյու 3 լեզվով, սեղանի ամրագրում և ադմին, որտեղ գները փոխում եք ինքներդ։ Գինը՝ 280 000 ֏-ից։ Ցույց տա՞մ, թե ինչպես կլինի ձեզ մոտ։","Здравствуйте! Меня зовут Азат, я делаю сайты для бизнесов в Армении (EVNWEB). Заметил, что у Vinum нет своего сайта. Могу прислать короткое видео, как работает сайт ресторана: меню на 3 языках, бронь столов и админка, где цены меняете сами. Цена от 280 000 ֏. Показать, как это будет выглядеть у вас?",,,,
36,3,Gyumri Medical Center,клиника,Гюмри,+37431230311,"Բարև Ձեզ։ Ես Ազատն եմ, կայքեր եմ պատրաստում Հայաստանի բիզնեսների համար (EVNWEB)։ Նկատեցի, որ Gyumri Medical Center-ը չունի սեփական կայք։ Կարող եմ ուղարկել կարճ տեսանյութ, թե ինչպես է աշխատում կլինիկայի կայքը՝ բժիշկների էջեր, գներ և առցանց գրանցում։ Գինը՝ 280 000 ֏-ից։ Ցույց տա՞մ, թե ինչպես կլինի ձեզ մոտ։","Здравствуйте! Меня зовут Азат, я делаю сайты для бизнесов в Армении (EVNWEB). Заметил, что у Gyumri Medical Center нет своего сайта. Могу прислать короткое видео, как работает сайт клиники: страницы врачей, цены и онлайн-запись. Цена от 280 000 ֏. Показать, как это будет выглядеть у вас?",ne_mobilny,,,
36,3,Enrico Mattei Polyclinic,клиника,Гюмри,+37431233178,"Բարև Ձեզ։ Ես Ազատն եմ, կայքեր եմ պատրաստում Հայաստանի բիզնեսների համար (EVNWEB)։ Նկատեցի, որ Enrico Mattei Polyclinic-ը չունի սեփական կայք։ Կարող եմ ուղարկել կարճ տեսանյութ, թե ինչպես է աշխատում կլինիկայի կայքը՝ բժիշկների էջեր, գներ և առցանց գրանցում։ Գինը՝ 280 000 ֏-ից։ Ցույց տա՞մ, թե ինչպես կլինի ձեզ մոտ։","Здравствуйте! Меня зовут Азат, я делаю сайты для бизнесов в Армении (EVNWEB). Заметил, что у Enrico Mattei Polyclinic нет своего сайта. Могу прислать короткое видео, как работает сайт клиники: страницы врачей, цены и онлайн-запись. Цена от 280 000 ֏. Показать, как это будет выглядеть у вас?",ne_mobilny,,,
36,3,Black and Gold,мотель,Горис,+37493000577,"Բարև Ձեզ։ Ես Ազատն եմ, կայքեր եմ պատրաստում Հայաստանի բիզնեսների համար (EVNWEB)։ Նկատեցի, որ Black and Gold-ը չունի սեփական կայք։ Կարող եմ ուղարկել կարճ տեսանյութ, թե ինչպես է աշխատում հյուրանոցի կայքը՝ ուղիղ ամրագրում առանց Booking-ի միջնորդավճարի, զբաղվածության օրացույց և ադմին։ Գինը՝ 450 000 ֏-ից։ Ցույց տա՞մ, թե ինչպես կլինի ձեզ մոտ։","Здравствуйте! Меня зовут Азат, я делаю сайты для бизнесов в Армении (EVNWEB). Заметил, что у Black and Gold нет своего сайта. Могу прислать короткое видео, как работает сайт отеля: прямая бронь без комиссии Booking, календарь занятости и админка. Цена от 450 000 ֏. Показать, как это будет выглядеть у вас?",,,,
36,3,Abgar,мотель,Дилижан,+37477541155,"Բարև Ձեզ։ Ես Ազատն եմ, կայքեր եմ պատրաստում Հայաստանի բիզնեսների համար (EVNWEB)։ Նկատեցի, որ Abgar-ը չունի սեփական կայք։ Կարող եմ ուղարկել կարճ տեսանյութ, թե ինչպես է աշխատում հյուրանոցի կայքը՝ ուղիղ ամրագրում առանց Booking-ի միջնորդավճարի, զբաղվածության օրացույց և ադմին։ Գինը՝ 450 000 ֏-ից։ Ցույց տա՞մ, թե ինչպես կլինի ձեզ մոտ։","Здравствуйте! Меня зовут Азат, я делаю сайты для бизнесов в Армении (EVNWEB). Заметил, что у Abgar нет своего сайта. Могу прислать короткое видео, как работает сайт отеля: прямая бронь без комиссии Booking, календарь занятости и админка. Цена от 450 000 ֏. Показать, как это будет выглядеть у вас?",,,,
36,3,Гостиница Золотой Абрикос,отель,Гюмри,+37431263777,"Բարև Ձեզ։ Ես Ազատն եմ, կայքեր եմ պատրաստում Հայաստանի բիզնեսների համար (EVNWEB)։ Նկատեցի, որ Гостиница Золотой Абрикос-ը չունի սեփական կայք։ Կարող եմ ուղարկել կարճ տեսանյութ, թե ինչպես է աշխատում հյուրանոցի կայքը՝ ուղիղ ամրագրում առանց Booking-ի միջնորդավճարի, զբաղվածության օրացույց և ադմին։ Գինը՝ 450 000 ֏-ից։ Ցույց տա՞մ, թե ինչպես կլինի ձեզ մոտ։","Здравствуйте! Меня зовут Азат, я делаю сайты для бизнесов в Армении (EVNWEB). Заметил, что у Гостиница Золотой Абрикос нет своего сайта. Могу прислать короткое видео, как работает сайт отеля: прямая бронь без комиссии Booking, календарь занятости и админка. Цена от 450 000 ֏. Показать, как это будет выглядеть у вас?",ne_mobilny,,,
36,3,Saya Hotel,отель,Цахкадзор,+37494960590,"Բարև Ձեզ։ Ես Ազատն եմ, կայքեր եմ պատրաստում Հայաստանի բիզնեսների համար (EVNWEB)։ Նկատեցի, որ Saya Hotel-ը չունի սեփական կայք։ Կարող եմ ուղարկել կարճ տեսանյութ, թե ինչպես է աշխատում հյուրանոցի կայքը՝ ուղիղ ամրագրում առանց Booking-ի միջնորդավճարի, զբաղվածության օրացույց և ադմին։ Գինը՝ 450 000 ֏-ից։ Ցույց տա՞մ, թե ինչպես կլինի ձեզ մոտ։","Здравствуйте! Меня зовут Азат, я делаю сайты для бизнесов в Армении (EVNWEB). Заметил, что у Saya Hotel нет своего сайта. Могу прислать короткое видео, как работает сайт отеля: прямая бронь без комиссии Booking, календарь занятости и админка. Цена от 450 000 ֏. Показать, как это будет выглядеть у вас?",,,,
36,3,Van Hotel,отель,Севан,+37491346116,"Բարև Ձեզ։ Ես Ազատն եմ, կայքեր եմ պատրաստում Հայաստանի բիզնեսների համար (EVNWEB)։ Նկատեցի, որ Van Hotel-ը չունի սեփական կայք։ Կարող եմ ուղարկել կարճ տեսանյութ, թե ինչպես է աշխատում հյուրանոցի կայքը՝ ուղիղ ամրագրում առանց Booking-ի միջնորդավճարի, զբաղվածության օրացույց և ադմին։ Գինը՝ 450 000 ֏-ից։ Ցույց տա՞մ, թե ինչպես կլինի ձեզ մոտ։","Здравствуйте! Меня зовут Азат, я делаю сайты для бизнесов в Армении (EVNWEB). Заметил, что у Van Hotel нет своего сайта. Могу прислать короткое видео, как работает сайт отеля: прямая бронь без комиссии Booking, календарь занятости и админка. Цена от 450 000 ֏. Показать, как это будет выглядеть у вас?",,,,
36,3,Ariana Family,отель,Дилижан,+37491519890,"Բարև Ձեզ։ Ես Ազատն եմ, կայքեր եմ պատրաստում Հայաստանի բիզնեսների համար (EVNWEB)։ Նկատեցի, որ Ariana Family-ը չունի սեփական կայք։ Կարող եմ ուղարկել կարճ տեսանյութ, թե ինչպես է աշխատում հյուրանոցի կայքը՝ ուղիղ ամրագրում առանց Booking-ի միջնորդավճարի, զբաղվածության օրացույց և ադմին։ Գինը՝ 450 000 ֏-ից։ Ցույց տա՞մ, թե ինչպես կլինի ձեզ մոտ։","Здравствуйте! Меня зовут Азат, я делаю сайты для бизнесов в Армении (EVNWEB). Заметил, что у Ariana Family нет своего сайта. Могу прислать короткое видео, как работает сайт отеля: прямая бронь без комиссии Booking, календарь занятости и админка. Цена от 450 000 ֏. Показать, как это будет выглядеть у вас?",,,,
36,3,Armenita,отель,Дилижан,+37494821010,"Բարև Ձեզ։ Ես Ազատն եմ, կայքեր եմ պատրաստում Հայաստանի բիզնեսների համար (EVNWEB)։ Նկատեցի, որ Armenita-ը չունի սեփական կայք։ Կարող եմ ուղարկել կարճ տեսանյութ, թե ինչպես է աշխատում հյուրանոցի կայքը՝ ուղիղ ամրագրում առանց Booking-ի միջնորդավճարի, զբաղվածության օրացույց և ադմին։ Գինը՝ 450 000 ֏-ից։ Ցույց տա՞մ, թե ինչպես կլինի ձեզ մոտ։","Здравствуйте! Меня зовут Азат, я делаю сайты для бизнесов в Армении (EVNWEB). Заметил, что у Armenita нет своего сайта. Могу прислать короткое видео, как работает сайт отеля: прямая бронь без комиссии Booking, календарь занятости и админка. Цена от 450 000 ֏. Показать, как это будет выглядеть у вас?",,,,
36,3,Asour,отель,Горис,+37494003617,"Բարև Ձեզ։ Ես Ազատն եմ, կայքեր եմ պատրաստում Հայաստանի բիզնեսների համար (EVNWEB)։ Նկատեցի, որ Asour-ը չունի սեփական կայք։ Կարող եմ ուղարկել կարճ տեսանյութ, թե ինչպես է աշխատում հյուրանոցի կայքը՝ ուղիղ ամրագրում առանց Booking-ի միջնորդավճարի, զբաղվածության օրացույց և ադմին։ Գինը՝ 450 000 ֏-ից։ Ցույց տա՞մ, թե ինչպես կլինի ձեզ մոտ։","Здравствуйте! Меня зовут Азат, я делаю сайты для бизнесов в Армении (EVNWEB). Заметил, что у Asour нет своего сайта. Могу прислать короткое видео, как работает сайт отеля: прямая бронь без комиссии Booking, календарь занятости и админка. Цена от 450 000 ֏. Показать, как это будет выглядеть у вас?",,,,
36,3,AuRoom,отель,Ванадзор,+37443044011,"Բարև Ձեզ։ Ես Ազատն եմ, կայքեր եմ պատրաստում Հայաստանի բիզնեսների համար (EVNWEB)։ Նկատեցի, որ AuRoom-ը չունի սեփական կայք։ Կարող եմ ուղարկել կարճ տեսանյութ, թե ինչպես է աշխատում հյուրանոցի կայքը՝ ուղիղ ամրագրում առանց Booking-ի միջնորդավճարի, զբաղվածության օրացույց և ադմին։ Գինը՝ 450 000 ֏-ից։ Ցույց տա՞մ, թե ինչպես կլինի ձեզ մոտ։","Здравствуйте! Меня зовут Азат, я делаю сайты для бизнесов в Армении (EVNWEB). Заметил, что у AuRoom нет своего сайта. Могу прислать короткое видео, как работает сайт отеля: прямая бронь без комиссии Booking, календарь занятости и админка. Цена от 450 000 ֏. Показать, как это будет выглядеть у вас?",,,,
36,3,Bond House Dilijan,отель,Дилижан,+37477367007,"Բարև Ձեզ։ Ես Ազատն եմ, կայքեր եմ պատրաստում Հայաստանի բիզնեսների համար (EVNWEB)։ Նկատեցի, որ Bond House Dilijan-ը չունի սեփական կայք։ Կարող եմ ուղարկել կարճ տեսանյութ, թե ինչպես է աշխատում հյուրանոցի կայքը՝ ուղիղ ամրագրում առանց Booking-ի միջնորդավճարի, զբաղվածության օրացույց և ադմին։ Գինը՝ 450 000 ֏-ից։ Ցույց տա՞մ, թե ինչպես կլինի ձեզ մոտ։","Здравствуйте! Меня зовут Азат, я делаю сайты для бизнесов в Армении (EVNWEB). Заметил, что у Bond House Dilijan нет своего сайта. Могу прислать короткое видео, как работает сайт отеля: прямая бронь без комиссии Booking, календарь занятости и админка. Цена от 450 000 ֏. Показать, как это будет выглядеть у вас?",,,,
36,3,Casanova Inn,отель,Дилижан,+37433131300,"Բարև Ձեզ։ Ես Ազատն եմ, կայքեր եմ պատրաստում Հայաստանի բիզնեսների համար (EVNWEB)։ Նկատեցի, որ Casanova Inn-ը չունի սեփական կայք։ Կարող եմ ուղարկել կարճ տեսանյութ, թե ինչպես է աշխատում հյուրանոցի կայքը՝ ուղիղ ամրագրում առանց Booking-ի միջնորդավճարի, զբաղվածության օրացույց և ադմին։ Գինը՝ 450 000 ֏-ից։ Ցույց տա՞մ, թե ինչպես կլինի ձեզ մոտ։","Здравствуйте! Меня зовут Азат, я делаю сайты для бизнесов в Армении (EVNWEB). Заметил, что у Casanova Inn нет своего сайта. Могу прислать короткое видео, как работает сайт отеля: прямая бронь без комиссии Booking, календарь занятости и админка. Цена от 450 000 ֏. Показать, как это будет выглядеть у вас?",,,,
36,3,Chalet Dilijan,отель,Дилижан,+37460718080,"Բարև Ձեզ։ Ես Ազատն եմ, կայքեր եմ պատրաստում Հայաստանի բիզնեսների համար (EVNWEB)։ Նկատեցի, որ Chalet Dilijan-ը չունի սեփական կայք։ Կարող եմ ուղարկել կարճ տեսանյութ, թե ինչպես է աշխատում հյուրանոցի կայքը՝ ուղիղ ամրագրում առանց Booking-ի միջնորդավճարի, զբաղվածության օրացույց և ադմին։ Գինը՝ 450 000 ֏-ից։ Ցույց տա՞մ, թե ինչպես կլինի ձեզ մոտ։","Здравствуйте! Меня зовут Азат, я делаю сайты для бизнесов в Армении (EVNWEB). Заметил, что у Chalet Dilijan нет своего сайта. Могу прислать короткое видео, как работает сайт отеля: прямая бронь без комиссии Booking, календарь занятости и админка. Цена от 450 000 ֏. Показать, как это будет выглядеть у вас?",ne_mobilny,,,
36,3,Cottage Chalet And Tours,отель,Дилижан,+37477590404,"Բարև Ձեզ։ Ես Ազատն եմ, կայքեր եմ պատրաստում Հայաստանի բիզնեսների համար (EVNWEB)։ Նկատեցի, որ Cottage Chalet And Tours-ը չունի սեփական կայք։ Կարող եմ ուղարկել կարճ տեսանյութ, թե ինչպես է աշխատում հյուրանոցի կայքը՝ ուղիղ ամրագրում առանց Booking-ի միջնորդավճարի, զբաղվածության օրացույց և ադմին։ Գինը՝ 450 000 ֏-ից։ Ցույց տա՞մ, թե ինչպես կլինի ձեզ մոտ։","Здравствуйте! Меня зовут Азат, я делаю сайты для бизнесов в Армении (EVNWEB). Заметил, что у Cottage Chalet And Tours нет своего сайта. Могу прислать короткое видео, как работает сайт отеля: прямая бронь без комиссии Booking, календарь занятости и админка. Цена от 450 000 ֏. Показать, как это будет выглядеть у вас?",,,,
36,3,Cron Hotels Armenia,отель,Дилижан,+37433235050,"Բարև Ձեզ։ Ես Ազատն եմ, կայքեր եմ պատրաստում Հայաստանի բիզնեսների համար (EVNWEB)։ Նկատեցի, որ Cron Hotels Armenia-ը չունի սեփական կայք։ Կարող եմ ուղարկել կարճ տեսանյութ, թե ինչպես է աշխատում հյուրանոցի կայքը՝ ուղիղ ամրագրում առանց Booking-ի միջնորդավճարի, զբաղվածության օրացույց և ադմին։ Գինը՝ 450 000 ֏-ից։ Ցույց տա՞մ, թե ինչպես կլինի ձեզ մոտ։","Здравствуйте! Меня зовут Азат, я делаю сайты для бизнесов в Армении (EVNWEB). Заметил, что у Cron Hotels Armenia нет своего сайта. Могу прислать короткое видео, как работает сайт отеля: прямая бронь без комиссии Booking, календарь занятости и админка. Цена от 450 000 ֏. Показать, как это будет выглядеть у вас?",dubl,,,
36,3,Diligence,отель,Дилижан,+37494407761,"Բարև Ձեզ։ Ես Ազատն եմ, կայքեր եմ պատրաստում Հայաստանի բիզնեսների համար (EVNWEB)։ Նկատեցի, որ Diligence-ը չունի սեփական կայք։ Կարող եմ ուղարկել կարճ տեսանյութ, թե ինչպես է աշխատում հյուրանոցի կայքը՝ ուղիղ ամրագրում առանց Booking-ի միջնորդավճարի, զբաղվածության օրացույց և ադմին։ Գինը՝ 450 000 ֏-ից։ Ցույց տա՞մ, թե ինչպես կլինի ձեզ մոտ։","Здравствуйте! Меня зовут Азат, я делаю сайты для бизнесов в Армении (EVNWEB). Заметил, что у Diligence нет своего сайта. Могу прислать короткое видео, как работает сайт отеля: прямая бронь без комиссии Booking, календарь занятости и админка. Цена от 450 000 ֏. Показать, как это будет выглядеть у вас?",,,,
36,3,Dilijan Bellevue,отель,Дилижан,+37443224393,"Բարև Ձեզ։ Ես Ազատն եմ, կայքեր եմ պատրաստում Հայաստանի բիզնեսների համար (EVNWEB)։ Նկատեցի, որ Dilijan Bellevue-ը չունի սեփական կայք։ Կարող եմ ուղարկել կարճ տեսանյութ, թե ինչպես է աշխատում հյուրանոցի կայքը՝ ուղիղ ամրագրում առանց Booking-ի միջնորդավճարի, զբաղվածության օրացույց և ադմին։ Գինը՝ 450 000 ֏-ից։ Ցույց տա՞մ, թե ինչպես կլինի ձեզ մոտ։","Здравствуйте! Меня зовут Азат, я делаю сайты для бизнесов в Армении (EVNWEB). Заметил, что у Dilijan Bellevue нет своего сайта. Могу прислать короткое видео, как работает сайт отеля: прямая бронь без комиссии Booking, календарь занятости и админка. Цена от 450 000 ֏. Показать, как это будет выглядеть у вас?",,,,
37,3,Dilijan Old Center,отель,Дилижан,+37494247706,"Բարև Ձեզ։ Ես Ազատն եմ, կայքեր եմ պատրաստում Հայաստանի բիզնեսների համար (EVNWEB)։ Նկատեցի, որ Dilijan Old Center-ը չունի սեփական կայք։ Կարող եմ ուղարկել կարճ տեսանյութ, թե ինչպես է աշխատում հյուրանոցի կայքը՝ ուղիղ ամրագրում առանց Booking-ի միջնորդավճարի, զբաղվածության օրացույց և ադմին։ Գինը՝ 450 000 ֏-ից։ Ցույց տա՞մ, թե ինչպես կլինի ձեզ մոտ։","Здравствуйте! Меня зовут Азат, я делаю сайты для бизнесов в Армении (EVNWEB). Заметил, что у Dilijan Old Center нет своего сайта. Могу прислать короткое видео, как работает сайт отеля: прямая бронь без комиссии Booking, календарь занятости и админка. Цена от 450 000 ֏. Показать, как это будет выглядеть у вас?",,,,
37,3,HarMar Hotel,отель,Горис,+37441609090,"Բարև Ձեզ։ Ես Ազատն եմ, կայքեր եմ պատրաստում Հայաստանի բիզնեսների համար (EVNWEB)։ Նկատեցի, որ HarMar Hotel-ը չունի սեփական կայք։ Կարող եմ ուղարկել կարճ տեսանյութ, թե ինչպես է աշխատում հյուրանոցի կայքը՝ ուղիղ ամրագրում առանց Booking-ի միջնորդավճարի, զբաղվածության օրացույց և ադմին։ Գինը՝ 450 000 ֏-ից։ Ցույց տա՞մ, թե ինչպես կլինի ձեզ մոտ։","Здравствуйте! Меня зовут Азат, я делаю сайты для бизнесов в Армении (EVNWEB). Заметил, что у HarMar Hotel нет своего сайта. Могу прислать короткое видео, как работает сайт отеля: прямая бронь без комиссии Booking, календарь занятости и админка. Цена от 450 000 ֏. Показать, как это будет выглядеть у вас?",,,,
37,3,Hotel Gladzor,отель,Ехегнадзор,+37428125165,"Բարև Ձեզ։ Ես Ազատն եմ, կայքեր եմ պատրաստում Հայաստանի բիզնեսների համար (EVNWEB)։ Նկատեցի, որ Hotel Gladzor-ը չունի սեփական կայք։ Կարող եմ ուղարկել կարճ տեսանյութ, թե ինչպես է աշխատում հյուրանոցի կայքը՝ ուղիղ ամրագրում առանց Booking-ի միջնորդավճարի, զբաղվածության օրացույց և ադմին։ Գինը՝ 450 000 ֏-ից։ Ցույց տա՞մ, թե ինչպես կլինի ձեզ մոտ։","Здравствуйте! Меня зовут Азат, я делаю сайты для бизнесов в Армении (EVNWEB). Заметил, что у Hotel Gladzor нет своего сайта. Могу прислать короткое видео, как работает сайт отеля: прямая бронь без комиссии Booking, календарь занятости и админка. Цена от 450 000 ֏. Показать, как это будет выглядеть у вас?",ne_mobilny,,,
37,3,Hotel Lara,отель,Горис,+37494820212,"Բարև Ձեզ։ Ես Ազատն եմ, կայքեր եմ պատրաստում Հայաստանի բիզնեսների համար (EVNWEB)։ Նկատեցի, որ Hotel Lara-ը չունի սեփական կայք։ Կարող եմ ուղարկել կարճ տեսանյութ, թե ինչպես է աշխատում հյուրանոցի կայքը՝ ուղիղ ամրագրում առանց Booking-ի միջնորդավճարի, զբաղվածության օրացույց և ադմին։ Գինը՝ 450 000 ֏-ից։ Ցույց տա՞մ, թե ինչպես կլինի ձեզ մոտ։","Здравствуйте! Меня зовут Азат, я делаю сайты для бизнесов в Армении (EVNWEB). Заметил, что у Hotel Lara нет своего сайта. Могу прислать короткое видео, как работает сайт отеля: прямая бронь без комиссии Booking, календарь занятости и админка. Цена от 450 000 ֏. Показать, как это будет выглядеть у вас?",,,,
37,3,Kambuz,отель,Севан,+37477108064,"Բարև Ձեզ։ Ես Ազատն եմ, կայքեր եմ պատրաստում Հայաստանի բիզնեսների համար (EVNWEB)։ Նկատեցի, որ Kambuz-ը չունի սեփական կայք։ Կարող եմ ուղարկել կարճ տեսանյութ, թե ինչպես է աշխատում հյուրանոցի կայքը՝ ուղիղ ամրագրում առանց Booking-ի միջնորդավճարի, զբաղվածության օրացույց և ադմին։ Գինը՝ 450 000 ֏-ից։ Ցույց տա՞մ, թե ինչպես կլինի ձեզ մոտ։","Здравствуйте! Меня зовут Азат, я делаю сайты для бизнесов в Армении (EVNWEB). Заметил, что у Kambuz нет своего сайта. Могу прислать короткое видео, как работает сайт отеля: прямая бронь без комиссии Booking, календарь занятости и админка. Цена от 450 000 ֏. Показать, как это будет выглядеть у вас?",,,,
37,3,Koriz Garden,отель,Дилижан,+37499032388,"Բարև Ձեզ։ Ես Ազատն եմ, կայքեր եմ պատրաստում Հայաստանի բիզնեսների համար (EVNWEB)։ Նկատեցի, որ Koriz Garden-ը չունի սեփական կայք։ Կարող եմ ուղարկել կարճ տեսանյութ, թե ինչպես է աշխատում հյուրանոցի կայքը՝ ուղիղ ամրագրում առանց Booking-ի միջնորդավճարի, զբաղվածության օրացույց և ադմին։ Գինը՝ 450 000 ֏-ից։ Ցույց տա՞մ, թե ինչպես կլինի ձեզ մոտ։","Здравствуйте! Меня зовут Азат, я делаю сайты для бизнесов в Армении (EVNWEB). Заметил, что у Koriz Garden нет своего сайта. Могу прислать короткое видео, как работает сайт отеля: прямая бронь без комиссии Booking, календарь занятости и админка. Цена от 450 000 ֏. Показать, как это будет выглядеть у вас?",,,,
37,3,Kyores,отель,Горис,+37428430012,"Բարև Ձեզ։ Ես Ազատն եմ, կայքեր եմ պատրաստում Հայաստանի բիզնեսների համար (EVNWEB)։ Նկատեցի, որ Kyores-ը չունի սեփական կայք։ Կարող եմ ուղարկել կարճ տեսանյութ, թե ինչպես է աշխատում հյուրանոցի կայքը՝ ուղիղ ամրագրում առանց Booking-ի միջնորդավճարի, զբաղվածության օրացույց և ադմին։ Գինը՝ 450 000 ֏-ից։ Ցույց տա՞մ, թե ինչպես կլինի ձեզ մոտ։","Здравствуйте! Меня зовут Азат, я делаю сайты для бизнесов в Армении (EVNWEB). Заметил, что у Kyores нет своего сайта. Могу прислать короткое видео, как работает сайт отеля: прямая бронь без комиссии Booking, календарь занятости и админка. Цена от 450 000 ֏. Показать, как это будет выглядеть у вас?",ne_mobilny,,,
37,3,Lake Side,отель,Дилижан,+37455136136,"Բարև Ձեզ։ Ես Ազատն եմ, կայքեր եմ պատրաստում Հայաստանի բիզնեսների համար (EVNWEB)։ Նկատեցի, որ Lake Side-ը չունի սեփական կայք։ Կարող եմ ուղարկել կարճ տեսանյութ, թե ինչպես է աշխատում հյուրանոցի կայքը՝ ուղիղ ամրագրում առանց Booking-ի միջնորդավճարի, զբաղվածության օրացույց և ադմին։ Գինը՝ 450 000 ֏-ից։ Ցույց տա՞մ, թե ինչպես կլինի ձեզ մոտ։","Здравствуйте! Меня зовут Азат, я делаю сайты для бизнесов в Армении (EVNWEB). Заметил, что у Lake Side нет своего сайта. Могу прислать короткое видео, как работает сайт отеля: прямая бронь без комиссии Booking, календарь занятости и админка. Цена от 450 000 ֏. Показать, как это будет выглядеть у вас?",,,,
37,3,Mira,отель,Горис,+37428424880,"Բարև Ձեզ։ Ես Ազատն եմ, կայքեր եմ պատրաստում Հայաստանի բիզնեսների համար (EVNWEB)։ Նկատեցի, որ Mira-ը չունի սեփական կայք։ Կարող եմ ուղարկել կարճ տեսանյութ, թե ինչպես է աշխատում հյուրանոցի կայքը՝ ուղիղ ամրագրում առանց Booking-ի միջնորդավճարի, զբաղվածության օրացույց և ադմին։ Գինը՝ 450 000 ֏-ից։ Ցույց տա՞մ, թե ինչպես կլինի ձեզ մոտ։","Здравствуйте! Меня зовут Азат, я делаю сайты для бизнесов в Армении (EVNWEB). Заметил, что у Mira нет своего сайта. Могу прислать короткое видео, как работает сайт отеля: прямая бронь без комиссии Booking, календарь занятости и админка. Цена от 450 000 ֏. Показать, как это будет выглядеть у вас?",ne_mobilny,,,
37,3,Popock,отель,Дилижан,+37493486882,"Բարև Ձեզ։ Ես Ազատն եմ, կայքեր եմ պատրաստում Հայաստանի բիզնեսների համար (EVNWEB)։ Նկատեցի, որ Popock-ը չունի սեփական կայք։ Կարող եմ ուղարկել կարճ տեսանյութ, թե ինչպես է աշխատում հյուրանոցի կայքը՝ ուղիղ ամրագրում առանց Booking-ի միջնորդավճարի, զբաղվածության օրացույց և ադմին։ Գինը՝ 450 000 ֏-ից։ Ցույց տա՞մ, թե ինչպես կլինի ձեզ մոտ։","Здравствуйте! Меня зовут Азат, я делаю сайты для бизнесов в Армении (EVNWEB). Заметил, что у Popock нет своего сайта. Могу прислать короткое видео, как работает сайт отеля: прямая бронь без комиссии Booking, календарь занятости и админка. Цена от 450 000 ֏. Показать, как это будет выглядеть у вас?",,,,
37,3,Royal,отель,Горис,+37494320203,"Բարև Ձեզ։ Ես Ազատն եմ, կայքեր եմ պատրաստում Հայաստանի բիզնեսների համար (EVNWEB)։ Նկատեցի, որ Royal-ը չունի սեփական կայք։ Կարող եմ ուղարկել կարճ տեսանյութ, թե ինչպես է աշխատում հյուրանոցի կայքը՝ ուղիղ ամրագրում առանց Booking-ի միջնորդավճարի, զբաղվածության օրացույց և ադմին։ Գինը՝ 450 000 ֏-ից։ Ցույց տա՞մ, թե ինչպես կլինի ձեզ մոտ։","Здравствуйте! Меня зовут Азат, я делаю сайты для бизнесов в Армении (EVNWEB). Заметил, что у Royal нет своего сайта. Могу прислать короткое видео, как работает сайт отеля: прямая бронь без комиссии Booking, календарь занятости и админка. Цена от 450 000 ֏. Показать, как это будет выглядеть у вас?",,,,
37,3,Royal Rest,отель,Дилижан,+37493010355,"Բարև Ձեզ։ Ես Ազատն եմ, կայքեր եմ պատրաստում Հայաստանի բիզնեսների համար (EVNWEB)։ Նկատեցի, որ Royal Rest-ը չունի սեփական կայք։ Կարող եմ ուղարկել կարճ տեսանյութ, թե ինչպես է աշխատում հյուրանոցի կայքը՝ ուղիղ ամրագրում առանց Booking-ի միջնորդավճարի, զբաղվածության օրացույց և ադմին։ Գինը՝ 450 000 ֏-ից։ Ցույց տա՞մ, թե ինչպես կլինի ձեզ մոտ։","Здравствуйте! Меня зовут Азат, я делаю сайты для бизнесов в Армении (EVNWEB). Заметил, что у Royal Rest нет своего сайта. Могу прислать короткое видео, как работает сайт отеля: прямая бронь без комиссии Booking, календарь занятости и админка. Цена от 450 000 ֏. Показать, как это будет выглядеть у вас?",,,,
37,3,Sayat-Nova,отель,Дилижан,+37495131173,"Բարև Ձեզ։ Ես Ազատն եմ, կայքեր եմ պատրաստում Հայաստանի բիզնեսների համար (EVNWEB)։ Նկատեցի, որ Sayat-Nova-ը չունի սեփական կայք։ Կարող եմ ուղարկել կարճ տեսանյութ, թե ինչպես է աշխատում հյուրանոցի կայքը՝ ուղիղ ամրագրում առանց Booking-ի միջնորդավճարի, զբաղվածության օրացույց և ադմին։ Գինը՝ 450 000 ֏-ից։ Ցույց տա՞մ, թե ինչպես կլինի ձեզ մոտ։","Здравствуйте! Меня зовут Азат, я делаю сайты для бизнесов в Армении (EVNWEB). Заметил, что у Sayat-Nova нет своего сайта. Могу прислать короткое видео, как работает сайт отеля: прямая бронь без комиссии Booking, календарь занятости и админка. Цена от 450 000 ֏. Показать, как это будет выглядеть у вас?",,,,
37,3,Sevan 3,отель,Севан,+37455859575,"Բարև Ձեզ։ Ես Ազատն եմ, կայքեր եմ պատրաստում Հայաստանի բիզնեսների համար (EVNWEB)։ Նկատեցի, որ Sevan 3-ը չունի սեփական կայք։ Կարող եմ ուղարկել կարճ տեսանյութ, թե ինչպես է աշխատում հյուրանոցի կայքը՝ ուղիղ ամրագրում առանց Booking-ի միջնորդավճարի, զբաղվածության օրացույց և ադմին։ Գինը՝ 450 000 ֏-ից։ Ցույց տա՞մ, թե ինչպես կլինի ձեզ մոտ։","Здравствуйте! Меня зовут Азат, я делаю сайты для бизнесов в Армении (EVNWEB). Заметил, что у Sevan 3 нет своего сайта. Могу прислать короткое видео, как работает сайт отеля: прямая бронь без комиссии Booking, календарь занятости и админка. Цена от 450 000 ֏. Показать, как это будет выглядеть у вас?",,,,
37,3,Verinn Apart Hotel,отель,Дилижан,+37498244422,"Բարև Ձեզ։ Ես Ազատն եմ, կայքեր եմ պատրաստում Հայաստանի բիզնեսների համար (EVNWEB)։ Նկատեցի, որ Verinn Apart Hotel-ը չունի սեփական կայք։ Կարող եմ ուղարկել կարճ տեսանյութ, թե ինչպես է աշխատում հյուրանոցի կայքը՝ ուղիղ ամրագրում առանց Booking-ի միջնորդավճարի, զբաղվածության օրացույց և ադմին։ Գինը՝ 450 000 ֏-ից։ Ցույց տա՞մ, թե ինչպես կլինի ձեզ մոտ։","Здравствуйте! Меня зовут Азат, я делаю сайты для бизнесов в Армении (EVNWEB). Заметил, что у Verinn Apart Hotel нет своего сайта. Могу прислать короткое видео, как работает сайт отеля: прямая бронь без комиссии Booking, календарь занятости и админка. Цена от 450 000 ֏. Показать, как это будет выглядеть у вас?",,,,
37,3,Гостиница Воскеблюр,отель,Гюмри,+077646494031258124,"Բարև Ձեզ։ Ես Ազատն եմ, կայքեր եմ պատրաստում Հայաստանի բիզնեսների համար (EVNWEB)։ Նկատեցի, որ Гостиница Воскеблюр-ը չունի սեփական կայք։ Կարող եմ ուղարկել կարճ տեսանյութ, թե ինչպես է աշխատում հյուրանոցի կայքը՝ ուղիղ ամրագրում առանց Booking-ի միջնորդավճարի, զբաղվածության օրացույց և ադմին։ Գինը՝ 450 000 ֏-ից։ Ցույց տա՞մ, թե ինչպես կլինի ձեզ մոտ։","Здравствуйте! Меня зовут Азат, я делаю сайты для бизнесов в Армении (EVNWEB). Заметил, что у Гостиница Воскеблюр нет своего сайта. Могу прислать короткое видео, как работает сайт отеля: прямая бронь без комиссии Booking, календарь занятости и админка. Цена от 450 000 ֏. Показать, как это будет выглядеть у вас?",ne_mobilny,,,
37,3,Anush,отель,Джермук,+37494444908,"Բարև Ձեզ։ Ես Ազատն եմ, կայքեր եմ պատրաստում Հայաստանի բիզնեսների համար (EVNWEB)։ Նկատեցի, որ Anush-ը չունի սեփական կայք։ Կարող եմ ուղարկել կարճ տեսանյութ, թե ինչպես է աշխատում հյուրանոցի կայքը՝ ուղիղ ամրագրում առանց Booking-ի միջնորդավճարի, զբաղվածության օրացույց և ադմին։ Գինը՝ 450 000 ֏-ից։ Ցույց տա՞մ, թե ինչպես կլինի ձեզ մոտ։","Здравствуйте! Меня зовут Азат, я делаю сайты для бизнесов в Армении (EVNWEB). Заметил, что у Anush нет своего сайта. Могу прислать короткое видео, как работает сайт отеля: прямая бронь без комиссии Booking, календарь занятости и админка. Цена от 450 000 ֏. Показать, как это будет выглядеть у вас?",,,,
37,3,Ashot Erkat,отель,Севан,+37433500043,"Բարև Ձեզ։ Ես Ազատն եմ, կայքեր եմ պատրաստում Հայաստանի բիզնեսների համար (EVNWEB)։ Նկատեցի, որ Ashot Erkat-ը չունի սեփական կայք։ Կարող եմ ուղարկել կարճ տեսանյութ, թե ինչպես է աշխատում հյուրանոցի կայքը՝ ուղիղ ամրագրում առանց Booking-ի միջնորդավճարի, զբաղվածության օրացույց և ադմին։ Գինը՝ 450 000 ֏-ից։ Ցույց տա՞մ, թե ինչպես կլինի ձեզ մոտ։","Здравствуйте! Меня зовут Азат, я делаю сайты для бизнесов в Армении (EVNWEB). Заметил, что у Ashot Erkat нет своего сайта. Могу прислать короткое видео, как работает сайт отеля: прямая бронь без комиссии Booking, календарь занятости и админка. Цена от 450 000 ֏. Показать, как это будет выглядеть у вас?",,,,
37,3,Argishti,отель,Ванадзор,+37432242556,"Բարև Ձեզ։ Ես Ազատն եմ, կայքեր եմ պատրաստում Հայաստանի բիզնեսների համար (EVNWEB)։ Նկատեցի, որ Argishti-ը չունի սեփական կայք։ Կարող եմ ուղարկել կարճ տեսանյութ, թե ինչպես է աշխատում հյուրանոցի կայքը՝ ուղիղ ամրագրում առանց Booking-ի միջնորդավճարի, զբաղվածության օրացույց և ադմին։ Գինը՝ 450 000 ֏-ից։ Ցույց տա՞մ, թե ինչպես կլինի ձեզ մոտ։","Здравствуйте! Меня зовут Азат, я делаю сайты для бизнесов в Армении (EVNWEB). Заметил, что у Argishti нет своего сайта. Могу прислать короткое видео, как работает сайт отеля: прямая бронь без комиссии Booking, календарь занятости и админка. Цена от 450 000 ֏. Показать, как это будет выглядеть у вас?",ne_mobilny,,,
37,3,Bexlu,отель,Севан,+37493900036,"Բարև Ձեզ։ Ես Ազատն եմ, կայքեր եմ պատրաստում Հայաստանի բիզնեսների համար (EVNWEB)։ Նկատեցի, որ Bexlu-ը չունի սեփական կայք։ Կարող եմ ուղարկել կարճ տեսանյութ, թե ինչպես է աշխատում հյուրանոցի կայքը՝ ուղիղ ամրագրում առանց Booking-ի միջնորդավճարի, զբաղվածության օրացույց և ադմին։ Գինը՝ 450 000 ֏-ից։ Ցույց տա՞մ, թե ինչպես կլինի ձեզ մոտ։","Здравствуйте! Меня зовут Азат, я делаю сайты для бизнесов в Армении (EVNWEB). Заметил, что у Bexlu нет своего сайта. Могу прислать короткое видео, как работает сайт отеля: прямая бронь без комиссии Booking, календарь занятости и админка. Цена от 450 000 ֏. Показать, как это будет выглядеть у вас?",,,,
37,3,Gyumri Hotel,отель,Гюмри,+37431239444,"Բարև Ձեզ։ Ես Ազատն եմ, կայքեր եմ պատրաստում Հայաստանի բիզնեսների համար (EVNWEB)։ Նկատեցի, որ Gyumri Hotel-ը չունի սեփական կայք։ Կարող եմ ուղարկել կարճ տեսանյութ, թե ինչպես է աշխատում հյուրանոցի կայքը՝ ուղիղ ամրագրում առանց Booking-ի միջնորդավճարի, զբաղվածության օրացույց և ադմին։ Գինը՝ 450 000 ֏-ից։ Ցույց տա՞մ, թե ինչպես կլինի ձեզ մոտ։","Здравствуйте! Меня зовут Азат, я делаю сайты для бизнесов в Армении (EVNWEB). Заметил, что у Gyumri Hotel нет своего сайта. Могу прислать короткое видео, как работает сайт отеля: прямая бронь без комиссии Booking, календарь занятости и админка. Цена от 450 000 ֏. Показать, как это будет выглядеть у вас?",ne_mobilny,,,
37,3,Goris,отель,Горис,+37428430003,"Բարև Ձեզ։ Ես Ազատն եմ, կայքեր եմ պատրաստում Հայաստանի բիզնեսների համար (EVNWEB)։ Նկատեցի, որ Goris-ը չունի սեփական կայք։ Կարող եմ ուղարկել կարճ տեսանյութ, թե ինչպես է աշխատում հյուրանոցի կայքը՝ ուղիղ ամրագրում առանց Booking-ի միջնորդավճարի, զբաղվածության օրացույց և ադմին։ Գինը՝ 450 000 ֏-ից։ Ցույց տա՞մ, թե ինչպես կլինի ձեզ մոտ։","Здравствуйте! Меня зовут Азат, я делаю сайты для бизнесов в Армении (EVNWEB). Заметил, что у Goris нет своего сайта. Могу прислать короткое видео, как работает сайт отеля: прямая бронь без комиссии Booking, календарь занятости и админка. Цена от 450 000 ֏. Показать, как это будет выглядеть у вас?",ne_mobilny,,,
37,3,Gugarq,отель,Ванадзор,+37432241519,"Բարև Ձեզ։ Ես Ազատն եմ, կայքեր եմ պատրաստում Հայաստանի բիզնեսների համար (EVNWEB)։ Նկատեցի, որ Gugarq-ը չունի սեփական կայք։ Կարող եմ ուղարկել կարճ տեսանյութ, թե ինչպես է աշխատում հյուրանոցի կայքը՝ ուղիղ ամրագրում առանց Booking-ի միջնորդավճարի, զբաղվածության օրացույց և ադմին։ Գինը՝ 450 000 ֏-ից։ Ցույց տա՞մ, թե ինչպես կլինի ձեզ մոտ։","Здравствуйте! Меня зовут Азат, я делаю сайты для бизнесов в Армении (EVNWEB). Заметил, что у Gugarq нет своего сайта. Могу прислать короткое видео, как работает сайт отеля: прямая бронь без комиссии Booking, календарь занятости и админка. Цена от 450 000 ֏. Показать, как это будет выглядеть у вас?",ne_mobilny,,,
37,3,GreenWood,отель,Дилижан,+37493416811,"Բարև Ձեզ։ Ես Ազատն եմ, կայքեր եմ պատրաստում Հայաստանի բիզնեսների համար (EVNWEB)։ Նկատեցի, որ GreenWood-ը չունի սեփական կայք։ Կարող եմ ուղարկել կարճ տեսանյութ, թե ինչպես է աշխատում հյուրանոցի կայքը՝ ուղիղ ամրագրում առանց Booking-ի միջնորդավճարի, զբաղվածության օրացույց և ադմին։ Գինը՝ 450 000 ֏-ից։ Ցույց տա՞մ, թե ինչպես կլինի ձեզ մոտ։","Здравствуйте! Меня зовут Азат, я делаю сайты для бизнесов в Армении (EVNWEB). Заметил, что у GreenWood нет своего сайта. Могу прислать короткое видео, как работает сайт отеля: прямая бронь без комиссии Booking, календарь занятости и админка. Цена от 450 000 ֏. Показать, как это будет выглядеть у вас?",,,,
37,3,Writres Rest House,отель,Севан,+37493306904,"Բարև Ձեզ։ Ես Ազատն եմ, կայքեր եմ պատրաստում Հայաստանի բիզնեսների համար (EVNWEB)։ Նկատեցի, որ Writres Rest House-ը չունի սեփական կայք։ Կարող եմ ուղարկել կարճ տեսանյութ, թե ինչպես է աշխատում հյուրանոցի կայքը՝ ուղիղ ամրագրում առանց Booking-ի միջնորդավճարի, զբաղվածության օրացույց և ադմին։ Գինը՝ 450 000 ֏-ից։ Ցույց տա՞մ, թե ինչպես կլինի ձեզ մոտ։","Здравствуйте! Меня зовут Азат, я делаю сайты для бизнесов в Армении (EVNWEB). Заметил, что у Writres Rest House нет своего сайта. Могу прислать короткое видео, как работает сайт отеля: прямая бронь без комиссии Booking, календарь занятости и админка. Цена от 450 000 ֏. Показать, как это будет выглядеть у вас?",,,,
38,3,Kama Hotel,отель,Гюмри,+37455301208,"Բարև Ձեզ։ Ես Ազատն եմ, կայքեր եմ պատրաստում Հայաստանի բիզնեսների համար (EVNWEB)։ Նկատեցի, որ Kama Hotel-ը չունի սեփական կայք։ Կարող եմ ուղարկել կարճ տեսանյութ, թե ինչպես է աշխատում հյուրանոցի կայքը՝ ուղիղ ամրագրում առանց Booking-ի միջնորդավճարի, զբաղվածության օրացույց և ադմին։ Գինը՝ 450 000 ֏-ից։ Ցույց տա՞մ, թե ինչպես կլինի ձեզ մոտ։","Здравствуйте! Меня зовут Азат, я делаю сайты для бизнесов в Армении (EVNWEB). Заметил, что у Kama Hotel нет своего сайта. Могу прислать короткое видео, как работает сайт отеля: прямая бронь без комиссии Booking, календарь занятости и админка. Цена от 450 000 ֏. Показать, как это будет выглядеть у вас?",,,,
38,3,Hakobi Mot,отель,Севан,+37496212127,"Բարև Ձեզ։ Ես Ազատն եմ, կայքեր եմ պատրաստում Հայաստանի բիզնեսների համար (EVNWEB)։ Նկատեցի, որ Hakobi Mot-ը չունի սեփական կայք։ Կարող եմ ուղարկել կարճ տեսանյութ, թե ինչպես է աշխատում հյուրանոցի կայքը՝ ուղիղ ամրագրում առանց Booking-ի միջնորդավճարի, զբաղվածության օրացույց և ադմին։ Գինը՝ 450 000 ֏-ից։ Ցույց տա՞մ, թե ինչպես կլինի ձեզ մոտ։","Здравствуйте! Меня зовут Азат, я делаю сайты для бизнесов в Армении (EVNWEB). Заметил, что у Hakobi Mot нет своего сайта. Могу прислать короткое видео, как работает сайт отеля: прямая бронь без комиссии Booking, календарь занятости и админка. Цена от 450 000 ֏. Показать, как это будет выглядеть у вас?",,,,
38,3,Hermes,отель,Ванадзор,+37455500047,"Բարև Ձեզ։ Ես Ազատն եմ, կայքեր եմ պատրաստում Հայաստանի բիզնեսների համար (EVNWEB)։ Նկատեցի, որ Hermes-ը չունի սեփական կայք։ Կարող եմ ուղարկել կարճ տեսանյութ, թե ինչպես է աշխատում հյուրանոցի կայքը՝ ուղիղ ամրագրում առանց Booking-ի միջնորդավճարի, զբաղվածության օրացույց և ադմին։ Գինը՝ 450 000 ֏-ից։ Ցույց տա՞մ, թե ինչպես կլինի ձեզ մոտ։","Здравствуйте! Меня зовут Азат, я делаю сайты для бизнесов в Армении (EVNWEB). Заметил, что у Hermes нет своего сайта. Могу прислать короткое видео, как работает сайт отеля: прямая бронь без комиссии Booking, календарь занятости и админка. Цена от 450 000 ֏. Показать, как это будет выглядеть у вас?",,,,
38,3,Guest House Forte,отель,Джермук,+37428721814,"Բարև Ձեզ։ Ես Ազատն եմ, կայքեր եմ պատրաստում Հայաստանի բիզնեսների համար (EVNWEB)։ Նկատեցի, որ Guest House Forte-ը չունի սեփական կայք։ Կարող եմ ուղարկել կարճ տեսանյութ, թե ինչպես է աշխատում հյուրանոցի կայքը՝ ուղիղ ամրագրում առանց Booking-ի միջնորդավճարի, զբաղվածության օրացույց և ադմին։ Գինը՝ 450 000 ֏-ից։ Ցույց տա՞մ, թե ինչպես կլինի ձեզ մոտ։","Здравствуйте! Меня зовут Азат, я делаю сайты для бизнесов в Армении (EVNWEB). Заметил, что у Guest House Forte нет своего сайта. Могу прислать короткое видео, как работает сайт отеля: прямая бронь без комиссии Booking, календарь занятости и админка. Цена от 450 000 ֏. Показать, как это будет выглядеть у вас?",ne_mobilny,,,
38,3,Mimino,отель,Дилижан,+37494046011,"Բարև Ձեզ։ Ես Ազատն եմ, կայքեր եմ պատրաստում Հայաստանի բիզնեսների համար (EVNWEB)։ Նկատեցի, որ Mimino-ը չունի սեփական կայք։ Կարող եմ ուղարկել կարճ տեսանյութ, թե ինչպես է աշխատում հյուրանոցի կայքը՝ ուղիղ ամրագրում առանց Booking-ի միջնորդավճարի, զբաղվածության օրացույց և ադմին։ Գինը՝ 450 000 ֏-ից։ Ցույց տա՞մ, թե ինչպես կլինի ձեզ մոտ։","Здравствуйте! Меня зовут Азат, я делаю сайты для бизнесов в Армении (EVNWEB). Заметил, что у Mimino нет своего сайта. Могу прислать короткое видео, как работает сайт отеля: прямая бронь без комиссии Booking, календарь занятости и админка. Цена от 450 000 ֏. Показать, как это будет выглядеть у вас?",,,,
38,3,Mirhav,отель,Горис,+37428424612,"Բարև Ձեզ։ Ես Ազատն եմ, կայքեր եմ պատրաստում Հայաստանի բիզնեսների համար (EVNWEB)։ Նկատեցի, որ Mirhav-ը չունի սեփական կայք։ Կարող եմ ուղարկել կարճ տեսանյութ, թե ինչպես է աշխատում հյուրանոցի կայքը՝ ուղիղ ամրագրում առանց Booking-ի միջնորդավճարի, զբաղվածության օրացույց և ադմին։ Գինը՝ 450 000 ֏-ից։ Ցույց տա՞մ, թե ինչպես կլինի ձեզ մոտ։","Здравствуйте! Меня зовут Азат, я делаю сайты для бизнесов в Армении (EVNWEB). Заметил, что у Mirhav нет своего сайта. Могу прислать короткое видео, как работает сайт отеля: прямая бронь без комиссии Booking, календарь занятости и админка. Цена от 450 000 ֏. Показать, как это будет выглядеть у вас?",ne_mobilny,,,
38,3,Yasaman Sevan,отель,Севан,+37498014052,"Բարև Ձեզ։ Ես Ազատն եմ, կայքեր եմ պատրաստում Հայաստանի բիզնեսների համար (EVNWEB)։ Նկատեցի, որ Yasaman Sevan-ը չունի սեփական կայք։ Կարող եմ ուղարկել կարճ տեսանյութ, թե ինչպես է աշխատում հյուրանոցի կայքը՝ ուղիղ ամրագրում առանց Booking-ի միջնորդավճարի, զբաղվածության օրացույց և ադմին։ Գինը՝ 450 000 ֏-ից։ Ցույց տա՞մ, թե ինչպես կլինի ձեզ մոտ։","Здравствуйте! Меня зовут Азат, я делаю сайты для бизнесов в Армении (EVNWEB). Заметил, что у Yasaman Sevan нет своего сайта. Могу прислать короткое видео, как работает сайт отеля: прямая бронь без комиссии Booking, календарь занятости и админка. Цена от 450 000 ֏. Показать, как это будет выглядеть у вас?",,,,
38,3,Hotel Russia,отель,Цахкадзор,+37498061919,"Բարև Ձեզ։ Ես Ազատն եմ, կայքեր եմ պատրաստում Հայաստանի բիզնեսների համար (EVNWEB)։ Նկատեցի, որ Hotel Russia-ը չունի սեփական կայք։ Կարող եմ ուղարկել կարճ տեսանյութ, թե ինչպես է աշխատում հյուրանոցի կայքը՝ ուղիղ ամրագրում առանց Booking-ի միջնորդավճարի, զբաղվածության օրացույց և ադմին։ Գինը՝ 450 000 ֏-ից։ Ցույց տա՞մ, թե ինչպես կլինի ձեզ մոտ։","Здравствуйте! Меня зовут Азат, я делаю сайты для бизнесов в Армении (EVNWEB). Заметил, что у Hotel Russia нет своего сайта. Могу прислать короткое видео, как работает сайт отеля: прямая бронь без комиссии Booking, календарь занятости и админка. Цена от 450 000 ֏. Показать, как это будет выглядеть у вас?",,,,
38,3,Vanatur Hotel,отель,Гюмри,+37431250464,"Բարև Ձեզ։ Ես Ազատն եմ, կայքեր եմ պատրաստում Հայաստանի բիզնեսների համար (EVNWEB)։ Նկատեցի, որ Vanatur Hotel-ը չունի սեփական կայք։ Կարող եմ ուղարկել կարճ տեսանյութ, թե ինչպես է աշխատում հյուրանոցի կայքը՝ ուղիղ ամրագրում առանց Booking-ի միջնորդավճարի, զբաղվածության օրացույց և ադմին։ Գինը՝ 450 000 ֏-ից։ Ցույց տա՞մ, թե ինչպես կլինի ձեզ մոտ։","Здравствуйте! Меня зовут Азат, я делаю сайты для бизнесов в Армении (EVNWEB). Заметил, что у Vanatur Hotel нет своего сайта. Могу прислать короткое видео, как работает сайт отеля: прямая бронь без комиссии Booking, календарь занятости и админка. Цена от 450 000 ֏. Показать, как это будет выглядеть у вас?",ne_mobilny,,,
38,3,A.N.G. Perfect Hall,парикмахерская,Дилижан,+37494020343,"Բարև Ձեզ։ Ես Ազատն եմ, կայքեր եմ պատրաստում Հայաստանի բիզնեսների համար (EVNWEB)։ Նկատեցի, որ A.N.G. Perfect Hall-ը չունի սեփական կայք։ Կարող եմ ուղարկել կարճ տեսանյութ, թե ինչպես է աշխատում սրահի կայքը՝ առցանց գրանցում վարպետների մոտ և գրաֆիկ ադմինում։ Գինը՝ 150 000 ֏-ից։ Ցույց տա՞մ, թե ինչպես կլինի ձեզ մոտ։","Здравствуйте! Меня зовут Азат, я делаю сайты для бизнесов в Армении (EVNWEB). Заметил, что у A.N.G. Perfect Hall нет своего сайта. Могу прислать короткое видео, как работает сайт салона: онлайн-запись к мастерам и расписание в админке. Цена от 150 000 ֏. Показать, как это будет выглядеть у вас?",,,,
38,3,Mr. Haroyan,парикмахерская,Дилижан,+37477076716,"Բարև Ձեզ։ Ես Ազատն եմ, կայքեր եմ պատրաստում Հայաստանի բիզնեսների համար (EVNWEB)։ Նկատեցի, որ Mr. Haroyan-ը չունի սեփական կայք։ Կարող եմ ուղարկել կարճ տեսանյութ, թե ինչպես է աշխատում սրահի կայքը՝ առցանց գրանցում վարպետների մոտ և գրաֆիկ ադմինում։ Գինը՝ 150 000 ֏-ից։ Ցույց տա՞մ, թե ինչպես կլինի ձեզ մոտ։","Здравствуйте! Меня зовут Азат, я делаю сайты для бизнесов в Армении (EVNWEB). Заметил, что у Mr. Haroyan нет своего сайта. Могу прислать короткое видео, как работает сайт салона: онлайн-запись к мастерам и расписание в админке. Цена от 150 000 ֏. Показать, как это будет выглядеть у вас?",,,,
38,3,salon svetlana,парикмахерская,Гюмри,+37494718849,"Բարև Ձեզ։ Ես Ազատն եմ, կայքեր եմ պատրաստում Հայաստանի բիզնեսների համար (EVNWEB)։ Նկատեցի, որ salon svetlana-ը չունի սեփական կայք։ Կարող եմ ուղարկել կարճ տեսանյութ, թե ինչպես է աշխատում սրահի կայքը՝ առցանց գրանցում վարպետների մոտ և գրաֆիկ ադմինում։ Գինը՝ 150 000 ֏-ից։ Ցույց տա՞մ, թե ինչպես կլինի ձեզ մոտ։","Здравствуйте! Меня зовут Азат, я делаю сайты для бизнесов в Армении (EVNWEB). Заметил, что у salon svetlana нет своего сайта. Могу прислать короткое видео, как работает сайт салона: онлайн-запись к мастерам и расписание в админке. Цена от 150 000 ֏. Показать, как это будет выглядеть у вас?",,,,
38,3,Artush's,парикмахерская,Гюмри,+37493238319,"Բարև Ձեզ։ Ես Ազատն եմ, կայքեր եմ պատրաստում Հայաստանի բիզնեսների համար (EVNWEB)։ Նկատեցի, որ Artush's-ը չունի սեփական կայք։ Կարող եմ ուղարկել կարճ տեսանյութ, թե ինչպես է աշխատում սրահի կայքը՝ առցանց գրանցում վարպետների մոտ և գրաֆիկ ադմինում։ Գինը՝ 150 000 ֏-ից։ Ցույց տա՞մ, թե ինչպես կլինի ձեզ մոտ։","Здравствуйте! Меня зовут Азат, я делаю сайты для бизнесов в Армении (EVNWEB). Заметил, что у Artush's нет своего сайта. Могу прислать короткое видео, как работает сайт салона: онлайн-запись к мастерам и расписание в админке. Цена от 150 000 ֏. Показать, как это будет выглядеть у вас?",,,,
38,3,Tatiana,парикмахерская,Дилижан,+37494734771,"Բարև Ձեզ։ Ես Ազատն եմ, կայքեր եմ պատրաստում Հայաստանի բիզնեսների համար (EVNWEB)։ Նկատեցի, որ Tatiana-ը չունի սեփական կայք։ Կարող եմ ուղարկել կարճ տեսանյութ, թե ինչպես է աշխատում սրահի կայքը՝ առցանց գրանցում վարպետների մոտ և գրաֆիկ ադմինում։ Գինը՝ 150 000 ֏-ից։ Ցույց տա՞մ, թե ինչպես կլինի ձեզ մոտ։","Здравствуйте! Меня зовут Азат, я делаю сайты для бизнесов в Армении (EVNWEB). Заметил, что у Tatiana нет своего сайта. Могу прислать короткое видео, как работает сайт салона: онлайн-запись к мастерам и расписание в админке. Цена от 150 000 ֏. Показать, как это будет выглядеть у вас?",,,,
38,3,National Pizzeria,ресторан,Цахкадзор,+37493126156,"Բարև Ձեզ։ Ես Ազատն եմ, կայքեր եմ պատրաստում Հայաստանի բիզնեսների համար (EVNWEB)։ Նկատեցի, որ National Pizzeria-ը չունի սեփական կայք։ Կարող եմ ուղարկել կարճ տեսանյութ, թե ինչպես է աշխատում ռեստորանի կայքը՝ մենյու 3 լեզվով, սեղանի ամրագրում և ադմին, որտեղ գները փոխում եք ինքներդ։ Գինը՝ 280 000 ֏-ից։ Ցույց տա՞մ, թե ինչպես կլինի ձեզ մոտ։","Здравствуйте! Меня зовут Азат, я делаю сайты для бизнесов в Армении (EVNWEB). Заметил, что у National Pizzeria нет своего сайта. Могу прислать короткое видео, как работает сайт ресторана: меню на 3 языках, бронь столов и админка, где цены меняете сами. Цена от 280 000 ֏. Показать, как это будет выглядеть у вас?",,,,
38,3,шашлычный двор,ресторан,Гюмри,+37431259999,"Բարև Ձեզ։ Ես Ազատն եմ, կայքեր եմ պատրաստում Հայաստանի բիզնեսների համար (EVNWEB)։ Նկատեցի, որ шашлычный двор-ը չունի սեփական կայք։ Կարող եմ ուղարկել կարճ տեսանյութ, թե ինչպես է աշխատում ռեստորանի կայքը՝ մենյու 3 լեզվով, սեղանի ամրագրում և ադմին, որտեղ գները փոխում եք ինքներդ։ Գինը՝ 280 000 ֏-ից։ Ցույց տա՞մ, թե ինչպես կլինի ձեզ մոտ։","Здравствуйте! Меня зовут Азат, я делаю сайты для бизнесов в Армении (EVNWEB). Заметил, что у шашлычный двор нет своего сайта. Могу прислать короткое видео, как работает сайт ресторана: меню на 3 языках, бронь столов и админка, где цены меняете сами. Цена от 280 000 ֏. Показать, как это будет выглядеть у вас?",ne_mobilny,,,
38,3,Armenita,ресторан,Дилижан,+37494821010,"Բարև Ձեզ։ Ես Ազատն եմ, կայքեր եմ պատրաստում Հայաստանի բիզնեսների համար (EVNWEB)։ Նկատեցի, որ Armenita-ը չունի սեփական կայք։ Կարող եմ ուղարկել կարճ տեսանյութ, թե ինչպես է աշխատում ռեստորանի կայքը՝ մենյու 3 լեզվով, սեղանի ամրագրում և ադմին, որտեղ գները փոխում եք ինքներդ։ Գինը՝ 280 000 ֏-ից։ Ցույց տա՞մ, թե ինչպես կլինի ձեզ մոտ։","Здравствуйте! Меня зовут Азат, я делаю сайты для бизнесов в Армении (EVNWEB). Заметил, что у Armenita нет своего сайта. Могу прислать короткое видео, как работает сайт ресторана: меню на 3 языках, бронь столов и админка, где цены меняете сами. Цена от 280 000 ֏. Показать, как это будет выглядеть у вас?",dubl,,,
38,3,Cabinet,ресторан,Дилижан,+37444774433,"Բարև Ձեզ։ Ես Ազատն եմ, կայքեր եմ պատրաստում Հայաստանի բիզնեսների համար (EVNWEB)։ Նկատեցի, որ Cabinet-ը չունի սեփական կայք։ Կարող եմ ուղարկել կարճ տեսանյութ, թե ինչպես է աշխատում ռեստորանի կայքը՝ մենյու 3 լեզվով, սեղանի ամրագրում և ադմին, որտեղ գները փոխում եք ինքներդ։ Գինը՝ 280 000 ֏-ից։ Ցույց տա՞մ, թե ինչպես կլինի ձեզ մոտ։","Здравствуйте! Меня зовут Азат, я делаю сайты для бизнесов в Армении (EVNWEB). Заметил, что у Cabinet нет своего сайта. Могу прислать короткое видео, как работает сайт ресторана: меню на 3 языках, бронь столов и админка, где цены меняете сами. Цена от 280 000 ֏. Показать, как это будет выглядеть у вас?",,,,
38,3,Cruise,ресторан,Гюмри,+37495501133,"Բարև Ձեզ։ Ես Ազատն եմ, կայքեր եմ պատրաստում Հայաստանի բիզնեսների համար (EVNWEB)։ Նկատեցի, որ Cruise-ը չունի սեփական կայք։ Կարող եմ ուղարկել կարճ տեսանյութ, թե ինչպես է աշխատում ռեստորանի կայքը՝ մենյու 3 լեզվով, սեղանի ամրագրում և ադմին, որտեղ գները փոխում եք ինքներդ։ Գինը՝ 280 000 ֏-ից։ Ցույց տա՞մ, թե ինչպես կլինի ձեզ մոտ։","Здравствуйте! Меня зовут Азат, я делаю сайты для бизнесов в Армении (EVNWEB). Заметил, что у Cruise нет своего сайта. Могу прислать короткое видео, как работает сайт ресторана: меню на 3 языках, бронь столов и админка, где цены меняете сами. Цена от 280 000 ֏. Показать, как это будет выглядеть у вас?",,,,
38,3,DVV,ресторан,Горис,+37496999777,"Բարև Ձեզ։ Ես Ազատն եմ, կայքեր եմ պատրաստում Հայաստանի բիզնեսների համար (EVNWEB)։ Նկատեցի, որ DVV-ը չունի սեփական կայք։ Կարող եմ ուղարկել կարճ տեսանյութ, թե ինչպես է աշխատում ռեստորանի կայքը՝ մենյու 3 լեզվով, սեղանի ամրագրում և ադմին, որտեղ գները փոխում եք ինքներդ։ Գինը՝ 280 000 ֏-ից։ Ցույց տա՞մ, թե ինչպես կլինի ձեզ մոտ։","Здравствуйте! Меня зовут Азат, я делаю сайты для бизнесов в Армении (EVNWEB). Заметил, что у DVV нет своего сайта. Могу прислать короткое видео, как работает сайт ресторана: меню на 3 языках, бронь столов и админка, где цены меняете сами. Цена от 280 000 ֏. Показать, как это будет выглядеть у вас?",,,,
38,3,Dili JanPizza,ресторан,Дилижан,+37477617166,"Բարև Ձեզ։ Ես Ազատն եմ, կայքեր եմ պատրաստում Հայաստանի բիզնեսների համար (EVNWEB)։ Նկատեցի, որ Dili JanPizza-ը չունի սեփական կայք։ Կարող եմ ուղարկել կարճ տեսանյութ, թե ինչպես է աշխատում ռեստորանի կայքը՝ մենյու 3 լեզվով, սեղանի ամրագրում և ադմին, որտեղ գները փոխում եք ինքներդ։ Գինը՝ 280 000 ֏-ից։ Ցույց տա՞մ, թե ինչպես կլինի ձեզ մոտ։","Здравствуйте! Меня зовут Азат, я делаю сайты для бизнесов в Армении (EVNWEB). Заметил, что у Dili JanPizza нет своего сайта. Могу прислать короткое видео, как работает сайт ресторана: меню на 3 языках, бронь столов и админка, где цены меняете сами. Цена от 280 000 ֏. Показать, как это будет выглядеть у вас?",,,,
38,3,Dilijan Resort,ресторан,Дилижан,+37455047755,"Բարև Ձեզ։ Ես Ազատն եմ, կայքեր եմ պատրաստում Հայաստանի բիզնեսների համար (EVNWEB)։ Նկատեցի, որ Dilijan Resort-ը չունի սեփական կայք։ Կարող եմ ուղարկել կարճ տեսանյութ, թե ինչպես է աշխատում ռեստորանի կայքը՝ մենյու 3 լեզվով, սեղանի ամրագրում և ադմին, որտեղ գները փոխում եք ինքներդ։ Գինը՝ 280 000 ֏-ից։ Ցույց տա՞մ, թե ինչպես կլինի ձեզ մոտ։","Здравствуйте! Меня зовут Азат, я делаю сайты для бизнесов в Армении (EVNWEB). Заметил, что у Dilijan Resort нет своего сайта. Могу прислать короткое видео, как работает сайт ресторана: меню на 3 языках, бронь столов и админка, где цены меняете сами. Цена от 280 000 ֏. Показать, как это будет выглядеть у вас?",,,,
38,3,Edem,ресторан,Ванадзор,+37499073555,"Բարև Ձեզ։ Ես Ազատն եմ, կայքեր եմ պատրաստում Հայաստանի բիզնեսների համար (EVNWEB)։ Նկատեցի, որ Edem-ը չունի սեփական կայք։ Կարող եմ ուղարկել կարճ տեսանյութ, թե ինչպես է աշխատում ռեստորանի կայքը՝ մենյու 3 լեզվով, սեղանի ամրագրում և ադմին, որտեղ գները փոխում եք ինքներդ։ Գինը՝ 280 000 ֏-ից։ Ցույց տա՞մ, թե ինչպես կլինի ձեզ մոտ։","Здравствуйте! Меня зовут Азат, я делаю сайты для бизнесов в Армении (EVNWEB). Заметил, что у Edem нет своего сайта. Могу прислать короткое видео, как работает сайт ресторана: меню на 3 языках, бронь столов и админка, где цены меняете сами. Цена от 280 000 ֏. Показать, как это будет выглядеть у вас?",,,,
38,3,Hatsi,ресторан,Дилижан,+37433305555,"Բարև Ձեզ։ Ես Ազատն եմ, կայքեր եմ պատրաստում Հայաստանի բիզնեսների համար (EVNWEB)։ Նկատեցի, որ Hatsi-ը չունի սեփական կայք։ Կարող եմ ուղարկել կարճ տեսանյութ, թե ինչպես է աշխատում ռեստորանի կայքը՝ մենյու 3 լեզվով, սեղանի ամրագրում և ադմին, որտեղ գները փոխում եք ինքներդ։ Գինը՝ 280 000 ֏-ից։ Ցույց տա՞մ, թե ինչպես կլինի ձեզ մոտ։","Здравствуйте! Меня зовут Азат, я делаю сайты для бизнесов в Армении (EVNWEB). Заметил, что у Hatsi нет своего сайта. Могу прислать короткое видео, как работает сайт ресторана: меню на 3 языках, бронь столов и админка, где цены меняете сами. Цена от 280 000 ֏. Показать, как это будет выглядеть у вас?",,,,
38,3,Haveli,ресторан,Дилижан,+37493891027,"Բարև Ձեզ։ Ես Ազատն եմ, կայքեր եմ պատրաստում Հայաստանի բիզնեսների համար (EVNWEB)։ Նկատեցի, որ Haveli-ը չունի սեփական կայք։ Կարող եմ ուղարկել կարճ տեսանյութ, թե ինչպես է աշխատում ռեստորանի կայքը՝ մենյու 3 լեզվով, սեղանի ամրագրում և ադմին, որտեղ գները փոխում եք ինքներդ։ Գինը՝ 280 000 ֏-ից։ Ցույց տա՞մ, թե ինչպես կլինի ձեզ մոտ։","Здравствуйте! Меня зовут Азат, я делаю сайты для бизнесов в Армении (EVNWEB). Заметил, что у Haveli нет своего сайта. Могу прислать короткое видео, как работает сайт ресторана: меню на 3 языках, бронь столов и админка, где цены меняете сами. Цена от 280 000 ֏. Показать, как это будет выглядеть у вас?",,,,
39,3,Imtoon Gastroliving,ресторан,Дилижан,+37455561354,"Բարև Ձեզ։ Ես Ազատն եմ, կայքեր եմ պատրաստում Հայաստանի բիզնեսների համար (EVNWEB)։ Նկատեցի, որ Imtoon Gastroliving-ը չունի սեփական կայք։ Կարող եմ ուղարկել կարճ տեսանյութ, թե ինչպես է աշխատում ռեստորանի կայքը՝ մենյու 3 լեզվով, սեղանի ամրագրում և ադմին, որտեղ գները փոխում եք ինքներդ։ Գինը՝ 280 000 ֏-ից։ Ցույց տա՞մ, թե ինչպես կլինի ձեզ մոտ։","Здравствуйте! Меня зовут Азат, я делаю сайты для бизнесов в Армении (EVNWEB). Заметил, что у Imtoon Gastroliving нет своего сайта. Могу прислать короткое видео, как работает сайт ресторана: меню на 3 языках, бронь столов и админка, где цены меняете сами. Цена от 280 000 ֏. Показать, как это будет выглядеть у вас?",,,,
39,3,Inferis,ресторан,Гюмри,+37494000195,"Բարև Ձեզ։ Ես Ազատն եմ, կայքեր եմ պատրաստում Հայաստանի բիզնեսների համար (EVNWEB)։ Նկատեցի, որ Inferis-ը չունի սեփական կայք։ Կարող եմ ուղարկել կարճ տեսանյութ, թե ինչպես է աշխատում ռեստորանի կայքը՝ մենյու 3 լեզվով, սեղանի ամրագրում և ադմին, որտեղ գները փոխում եք ինքներդ։ Գինը՝ 280 000 ֏-ից։ Ցույց տա՞մ, թե ինչպես կլինի ձեզ մոտ։","Здравствуйте! Меня зовут Азат, я делаю сайты для бизнесов в Армении (EVNWEB). Заметил, что у Inferis нет своего сайта. Могу прислать короткое видео, как работает сайт ресторана: меню на 3 языках, бронь столов и админка, где цены меняете сами. Цена от 280 000 ֏. Показать, как это будет выглядеть у вас?",,,,
39,3,Ivani,ресторан,Дилижан,+37495013013,"Բարև Ձեզ։ Ես Ազատն եմ, կայքեր եմ պատրաստում Հայաստանի բիզնեսների համար (EVNWEB)։ Նկատեցի, որ Ivani-ը չունի սեփական կայք։ Կարող եմ ուղարկել կարճ տեսանյութ, թե ինչպես է աշխատում ռեստորանի կայքը՝ մենյու 3 լեզվով, սեղանի ամրագրում և ադմին, որտեղ գները փոխում եք ինքներդ։ Գինը՝ 280 000 ֏-ից։ Ցույց տա՞մ, թե ինչպես կլինի ձեզ մոտ։","Здравствуйте! Меня зовут Азат, я делаю сайты для бизнесов в Армении (EVNWEB). Заметил, что у Ivani нет своего сайта. Могу прислать короткое видео, как работает сайт ресторана: меню на 3 языках, бронь столов и админка, где цены меняете сами. Цена от 280 000 ֏. Показать, как это будет выглядеть у вас?",,,,
39,3,Le Petit Cafe,ресторан,Севан,+37493334553,"Բարև Ձեզ։ Ես Ազատն եմ, կայքեր եմ պատրաստում Հայաստանի բիզնեսների համար (EVNWEB)։ Նկատեցի, որ Le Petit Cafe-ը չունի սեփական կայք։ Կարող եմ ուղարկել կարճ տեսանյութ, թե ինչպես է աշխատում ռեստորանի կայքը՝ մենյու 3 լեզվով, սեղանի ամրագրում և ադմին, որտեղ գները փոխում եք ինքներդ։ Գինը՝ 280 000 ֏-ից։ Ցույց տա՞մ, թե ինչպես կլինի ձեզ մոտ։","Здравствуйте! Меня зовут Азат, я делаю сайты для бизнесов в Армении (EVNWEB). Заметил, что у Le Petit Cafe нет своего сайта. Могу прислать короткое видео, как работает сайт ресторана: меню на 3 языках, бронь столов и админка, где цены меняете сами. Цена от 280 000 ֏. Показать, как это будет выглядеть у вас?",,,,
39,3,Little Dili,ресторан,Дилижан,+37477100096,"Բարև Ձեզ։ Ես Ազատն եմ, կայքեր եմ պատրաստում Հայաստանի բիզնեսների համար (EVNWEB)։ Նկատեցի, որ Little Dili-ը չունի սեփական կայք։ Կարող եմ ուղարկել կարճ տեսանյութ, թե ինչպես է աշխատում ռեստորանի կայքը՝ մենյու 3 լեզվով, սեղանի ամրագրում և ադմին, որտեղ գները փոխում եք ինքներդ։ Գինը՝ 280 000 ֏-ից։ Ցույց տա՞մ, թե ինչպես կլինի ձեզ մոտ։","Здравствуйте! Меня зовут Азат, я делаю сайты для бизнесов в Армении (EVNWEB). Заметил, что у Little Dili нет своего сайта. Могу прислать короткое видео, как работает сайт ресторана: меню на 3 языках, бронь столов и админка, где цены меняете сами. Цена от 280 000 ֏. Показать, как это будет выглядеть у вас?",,,,
39,3,Masoor семейный ресторан,ресторан,Ванадзор,+37460515515,"Բարև Ձեզ։ Ես Ազատն եմ, կայքեր եմ պատրաստում Հայաստանի բիզնեսների համար (EVNWEB)։ Նկատեցի, որ Masoor семейный ресторан-ը չունի սեփական կայք։ Կարող եմ ուղարկել կարճ տեսանյութ, թե ինչպես է աշխատում ռեստորանի կայքը՝ մենյու 3 լեզվով, սեղանի ամրագրում և ադմին, որտեղ գները փոխում եք ինքներդ։ Գինը՝ 280 000 ֏-ից։ Ցույց տա՞մ, թե ինչպես կլինի ձեզ մոտ։","Здравствуйте! Меня зовут Азат, я делаю сайты для бизнесов в Армении (EVNWEB). Заметил, что у Masoor семейный ресторан нет своего сайта. Могу прислать короткое видео, как работает сайт ресторана: меню на 3 языках, бронь столов и админка, где цены меняете сами. Цена от 280 000 ֏. Показать, как это будет выглядеть у вас?",ne_mobilny,,,
39,3,Merhatsy,ресторан,Гюмри,+37444200301,"Բարև Ձեզ։ Ես Ազատն եմ, կայքեր եմ պատրաստում Հայաստանի բիզնեսների համար (EVNWEB)։ Նկատեցի, որ Merhatsy-ը չունի սեփական կայք։ Կարող եմ ուղարկել կարճ տեսանյութ, թե ինչպես է աշխատում ռեստորանի կայքը՝ մենյու 3 լեզվով, սեղանի ամրագրում և ադմին, որտեղ գները փոխում եք ինքներդ։ Գինը՝ 280 000 ֏-ից։ Ցույց տա՞մ, թե ինչպես կլինի ձեզ մոտ։","Здравствуйте! Меня зовут Азат, я делаю сайты для бизнесов в Армении (EVNWEB). Заметил, что у Merhatsy нет своего сайта. Могу прислать короткое видео, как работает сайт ресторана: меню на 3 языках, бронь столов и админка, где цены меняете сами. Цена от 280 000 ֏. Показать, как это будет выглядеть у вас?",,,,
39,3,Mirans,ресторан,Севан,+37496677067,"Բարև Ձեզ։ Ես Ազատն եմ, կայքեր եմ պատրաստում Հայաստանի բիզնեսների համար (EVNWEB)։ Նկատեցի, որ Mirans-ը չունի սեփական կայք։ Կարող եմ ուղարկել կարճ տեսանյութ, թե ինչպես է աշխատում ռեստորանի կայքը՝ մենյու 3 լեզվով, սեղանի ամրագրում և ադմին, որտեղ գները փոխում եք ինքներդ։ Գինը՝ 280 000 ֏-ից։ Ցույց տա՞մ, թե ինչպես կլինի ձեզ մոտ։","Здравствуйте! Меня зовут Азат, я делаю сайты для бизнесов в Армении (EVNWEB). Заметил, что у Mirans нет своего сайта. Могу прислать короткое видео, как работает сайт ресторана: меню на 3 языках, бронь столов и админка, где цены меняете сами. Цена от 280 000 ֏. Показать, как это будет выглядеть у вас?",,,,
39,3,Monet,ресторан,Дилижан,+37441999052,"Բարև Ձեզ։ Ես Ազատն եմ, կայքեր եմ պատրաստում Հայաստանի բիզնեսների համար (EVNWEB)։ Նկատեցի, որ Monet-ը չունի սեփական կայք։ Կարող եմ ուղարկել կարճ տեսանյութ, թե ինչպես է աշխատում ռեստորանի կայքը՝ մենյու 3 լեզվով, սեղանի ամրագրում և ադմին, որտեղ գները փոխում եք ինքներդ։ Գինը՝ 280 000 ֏-ից։ Ցույց տա՞մ, թե ինչպես կլինի ձեզ մոտ։","Здравствуйте! Меня зовут Азат, я делаю сайты для бизнесов в Армении (EVNWEB). Заметил, что у Monet нет своего сайта. Могу прислать короткое видео, как работает сайт ресторана: меню на 3 языках, бронь столов и админка, где цены меняете сами. Цена от 280 000 ֏. Показать, как это будет выглядеть у вас?",,,,
39,3,Muraz,ресторан,Дилижан,+37477707059,"Բարև Ձեզ։ Ես Ազատն եմ, կայքեր եմ պատրաստում Հայաստանի բիզնեսների համար (EVNWEB)։ Նկատեցի, որ Muraz-ը չունի սեփական կայք։ Կարող եմ ուղարկել կարճ տեսանյութ, թե ինչպես է աշխատում ռեստորանի կայքը՝ մենյու 3 լեզվով, սեղանի ամրագրում և ադմին, որտեղ գները փոխում եք ինքներդ։ Գինը՝ 280 000 ֏-ից։ Ցույց տա՞մ, թե ինչպես կլինի ձեզ մոտ։","Здравствуйте! Меня зовут Азат, я делаю сайты для бизнесов в Армении (EVNWEB). Заметил, что у Muraz нет своего сайта. Могу прислать короткое видео, как работает сайт ресторана: меню на 3 языках, бронь столов и админка, где цены меняете сами. Цена от 280 000 ֏. Показать, как это будет выглядеть у вас?",,,,
39,3,Orsetto,ресторан,Севан,+37498800037,"Բարև Ձեզ։ Ես Ազատն եմ, կայքեր եմ պատրաստում Հայաստանի բիզնեսների համար (EVNWEB)։ Նկատեցի, որ Orsetto-ը չունի սեփական կայք։ Կարող եմ ուղարկել կարճ տեսանյութ, թե ինչպես է աշխատում ռեստորանի կայքը՝ մենյու 3 լեզվով, սեղանի ամրագրում և ադմին, որտեղ գները փոխում եք ինքներդ։ Գինը՝ 280 000 ֏-ից։ Ցույց տա՞մ, թե ինչպես կլինի ձեզ մոտ։","Здравствуйте! Меня зовут Азат, я делаю сайты для бизнесов в Армении (EVNWEB). Заметил, что у Orsetto нет своего сайта. Могу прислать короткое видео, как работает сайт ресторана: меню на 3 языках, бронь столов и админка, где цены меняете сами. Цена от 280 000 ֏. Показать, как это будет выглядеть у вас?",,,,
39,3,Red forest,ресторан,Дилижан,+37499466046,"Բարև Ձեզ։ Ես Ազատն եմ, կայքեր եմ պատրաստում Հայաստանի բիզնեսների համար (EVNWEB)։ Նկատեցի, որ Red forest-ը չունի սեփական կայք։ Կարող եմ ուղարկել կարճ տեսանյութ, թե ինչպես է աշխատում ռեստորանի կայքը՝ մենյու 3 լեզվով, սեղանի ամրագրում և ադմին, որտեղ գները փոխում եք ինքներդ։ Գինը՝ 280 000 ֏-ից։ Ցույց տա՞մ, թե ինչպես կլինի ձեզ մոտ։","Здравствуйте! Меня зовут Азат, я делаю сайты для бизнесов в Армении (EVNWEB). Заметил, что у Red forest нет своего сайта. Могу прислать короткое видео, как работает сайт ресторана: меню на 3 языках, бронь столов и админка, где цены меняете сами. Цена от 280 000 ֏. Показать, как это будет выглядеть у вас?",,,,
39,3,Shara,ресторан,Гюмри,+37431235563,"Բարև Ձեզ։ Ես Ազատն եմ, կայքեր եմ պատրաստում Հայաստանի բիզնեսների համար (EVNWEB)։ Նկատեցի, որ Shara-ը չունի սեփական կայք։ Կարող եմ ուղարկել կարճ տեսանյութ, թե ինչպես է աշխատում ռեստորանի կայքը՝ մենյու 3 լեզվով, սեղանի ամրագրում և ադմին, որտեղ գները փոխում եք ինքներդ։ Գինը՝ 280 000 ֏-ից։ Ցույց տա՞մ, թե ինչպես կլինի ձեզ մոտ։","Здравствуйте! Меня зовут Азат, я делаю сайты для бизнесов в Армении (EVNWEB). Заметил, что у Shara нет своего сайта. Могу прислать короткое видео, как работает сайт ресторана: меню на 3 языках, бронь столов и админка, где цены меняете сами. Цена от 280 000 ֏. Показать, как это будет выглядеть у вас?",ne_mobilny,,,
39,3,The Place,ресторан,Дилижан,+37455136136,"Բարև Ձեզ։ Ես Ազատն եմ, կայքեր եմ պատրաստում Հայաստանի բիզնեսների համար (EVNWEB)։ Նկատեցի, որ The Place-ը չունի սեփական կայք։ Կարող եմ ուղարկել կարճ տեսանյութ, թե ինչպես է աշխատում ռեստորանի կայքը՝ մենյու 3 լեզվով, սեղանի ամրագրում և ադմին, որտեղ գները փոխում եք ինքներդ։ Գինը՝ 280 000 ֏-ից։ Ցույց տա՞մ, թե ինչպես կլինի ձեզ մոտ։","Здравствуйте! Меня зовут Азат, я делаю сайты для бизнесов в Армении (EVNWEB). Заметил, что у The Place нет своего сайта. Могу прислать короткое видео, как работает сайт ресторана: меню на 3 языках, бронь столов и админка, где цены меняете сами. Цена от 280 000 ֏. Показать, как это будет выглядеть у вас?",dubl,,,
39,3,barev cafe,ресторан,Севан,+37493500816,"Բարև Ձեզ։ Ես Ազատն եմ, կայքեր եմ պատրաստում Հայաստանի բիզնեսների համար (EVNWEB)։ Նկատեցի, որ barev cafe-ը չունի սեփական կայք։ Կարող եմ ուղարկել կարճ տեսանյութ, թե ինչպես է աշխատում ռեստորանի կայքը՝ մենյու 3 լեզվով, սեղանի ամրագրում և ադմին, որտեղ գները փոխում եք ինքներդ։ Գինը՝ 280 000 ֏-ից։ Ցույց տա՞մ, թե ինչպես կլինի ձեզ մոտ։","Здравствуйте! Меня зовут Азат, я делаю сайты для бизнесов в Армении (EVNWEB). Заметил, что у barev cafe нет своего сайта. Могу прислать короткое видео, как работает сайт ресторана: меню на 3 языках, бронь столов и админка, где цены меняете сами. Цена от 280 000 ֏. Показать, как это будет выглядеть у вас?",,,,
39,3,maki sushi,ресторан,Гюмри,+37493991139,"Բարև Ձեզ։ Ես Ազատն եմ, կայքեր եմ պատրաստում Հայաստանի բիզնեսների համար (EVNWEB)։ Նկատեցի, որ maki sushi-ը չունի սեփական կայք։ Կարող եմ ուղարկել կարճ տեսանյութ, թե ինչպես է աշխատում ռեստորանի կայքը՝ մենյու 3 լեզվով, սեղանի ամրագրում և ադմին, որտեղ գները փոխում եք ինքներդ։ Գինը՝ 280 000 ֏-ից։ Ցույց տա՞մ, թե ինչպես կլինի ձեզ մոտ։","Здравствуйте! Меня зовут Азат, я делаю сайты для бизнесов в Армении (EVNWEB). Заметил, что у maki sushi нет своего сайта. Могу прислать короткое видео, как работает сайт ресторана: меню на 3 языках, бронь столов и админка, где цены меняете сами. Цена от 280 000 ֏. Показать, как это будет выглядеть у вас?",,,,
39,3,Բիստրո,ресторан,Гюмри,+37431238383,"Բարև Ձեզ։ Ես Ազատն եմ, կայքեր եմ պատրաստում Հայաստանի բիզնեսների համար (EVNWEB)։ Նկատեցի, որ Բիստրո-ը չունի սեփական կայք։ Կարող եմ ուղարկել կարճ տեսանյութ, թե ինչպես է աշխատում ռեստորանի կայքը՝ մենյու 3 լեզվով, սեղանի ամրագրում և ադմին, որտեղ գները փոխում եք ինքներդ։ Գինը՝ 280 000 ֏-ից։ Ցույց տա՞մ, թե ինչպես կլինի ձեզ մոտ։","Здравствуйте! Меня зовут Азат, я делаю сайты для бизнесов в Армении (EVNWEB). Заметил, что у Բիստրո нет своего сайта. Могу прислать короткое видео, как работает сайт ресторана: меню на 3 языках, бронь столов и админка, где цены меняете сами. Цена от 280 000 ֏. Показать, как это будет выглядеть у вас?",ne_mobilny,,,
39,3,Canteen of Writres Rest House,ресторан,Севан,+37495750003,"Բարև Ձեզ։ Ես Ազատն եմ, կայքեր եմ պատրաստում Հայաստանի բիզնեսների համար (EVNWEB)։ Նկատեցի, որ Canteen of Writres Rest House-ը չունի սեփական կայք։ Կարող եմ ուղարկել կարճ տեսանյութ, թե ինչպես է աշխատում ռեստորանի կայքը՝ մենյու 3 լեզվով, սեղանի ամրագրում և ադմին, որտեղ գները փոխում եք ինքներդ։ Գինը՝ 280 000 ֏-ից։ Ցույց տա՞մ, թե ինչպես կլինի ձեզ մոտ։","Здравствуйте! Меня зовут Азат, я делаю сайты для бизнесов в Армении (EVNWEB). Заметил, что у Canteen of Writres Rest House нет своего сайта. Могу прислать короткое видео, как работает сайт ресторана: меню на 3 языках, бронь столов и админка, где цены меняете сами. Цена от 280 000 ֏. Показать, как это будет выглядеть у вас?",,,,
39,3,Dili Dzor,ресторан,Дилижан,+37493025752,"Բարև Ձեզ։ Ես Ազատն եմ, կայքեր եմ պատրաստում Հայաստանի բիզնեսների համար (EVNWEB)։ Նկատեցի, որ Dili Dzor-ը չունի սեփական կայք։ Կարող եմ ուղարկել կարճ տեսանյութ, թե ինչպես է աշխատում ռեստորանի կայքը՝ մենյու 3 լեզվով, սեղանի ամրագրում և ադմին, որտեղ գները փոխում եք ինքներդ։ Գինը՝ 280 000 ֏-ից։ Ցույց տա՞մ, թե ինչպես կլինի ձեզ մոտ։","Здравствуйте! Меня зовут Азат, я делаю сайты для бизнесов в Армении (EVNWEB). Заметил, что у Dili Dzor нет своего сайта. Могу прислать короткое видео, как работает сайт ресторана: меню на 3 языках, бронь столов и админка, где цены меняете сами. Цена от 280 000 ֏. Показать, как это будет выглядеть у вас?",,,,
39,3,Ishkhan,ресторан,Севан,+37493616655,"Բարև Ձեզ։ Ես Ազատն եմ, կայքեր եմ պատրաստում Հայաստանի բիզնեսների համար (EVNWEB)։ Նկատեցի, որ Ishkhan-ը չունի սեփական կայք։ Կարող եմ ուղարկել կարճ տեսանյութ, թե ինչպես է աշխատում ռեստորանի կայքը՝ մենյու 3 լեզվով, սեղանի ամրագրում և ադմին, որտեղ գները փոխում եք ինքներդ։ Գինը՝ 280 000 ֏-ից։ Ցույց տա՞մ, թե ինչպես կլինի ձեզ մոտ։","Здравствуйте! Меня зовут Азат, я делаю сайты для бизнесов в Армении (EVNWEB). Заметил, что у Ishkhan нет своего сайта. Могу прислать короткое видео, как работает сайт ресторана: меню на 3 языках, бронь столов и админка, где цены меняете сами. Цена от 280 000 ֏. Показать, как это будет выглядеть у вас?",,,,
39,3,Lusabac,ресторан,Севан,+37499106031,"Բարև Ձեզ։ Ես Ազատն եմ, կայքեր եմ պատրաստում Հայաստանի բիզնեսների համար (EVNWEB)։ Նկատեցի, որ Lusabac-ը չունի սեփական կայք։ Կարող եմ ուղարկել կարճ տեսանյութ, թե ինչպես է աշխատում ռեստորանի կայքը՝ մենյու 3 լեզվով, սեղանի ամրագրում և ադմին, որտեղ գները փոխում եք ինքներդ։ Գինը՝ 280 000 ֏-ից։ Ցույց տա՞մ, թե ինչպես կլինի ձեզ մոտ։","Здравствуйте! Меня зовут Азат, я делаю сайты для бизнесов в Армении (EVNWEB). Заметил, что у Lusabac нет своего сайта. Могу прислать короткое видео, как работает сайт ресторана: меню на 3 языках, бронь столов и админка, где цены меняете сами. Цена от 280 000 ֏. Показать, как это будет выглядеть у вас?",,,,
39,3,Kharkish,ресторан,Севан,+37477803135,"Բարև Ձեզ։ Ես Ազատն եմ, կայքեր եմ պատրաստում Հայաստանի բիզնեսների համար (EVNWEB)։ Նկատեցի, որ Kharkish-ը չունի սեփական կայք։ Կարող եմ ուղարկել կարճ տեսանյութ, թե ինչպես է աշխատում ռեստորանի կայքը՝ մենյու 3 լեզվով, սեղանի ամրագրում և ադմին, որտեղ գները փոխում եք ինքներդ։ Գինը՝ 280 000 ֏-ից։ Ցույց տա՞մ, թե ինչպես կլինի ձեզ մոտ։","Здравствуйте! Меня зовут Азат, я делаю сайты для бизнесов в Армении (EVNWEB). Заметил, что у Kharkish нет своего сайта. Могу прислать короткое видео, как работает сайт ресторана: меню на 3 языках, бронь столов и админка, где цены меняете сами. Цена от 280 000 ֏. Показать, как это будет выглядеть у вас?",,,,
39,3,Ker u Sus,ресторан,Дилижан,+37443751028,"Բարև Ձեզ։ Ես Ազատն եմ, կայքեր եմ պատրաստում Հայաստանի բիզնեսների համար (EVNWEB)։ Նկատեցի, որ Ker u Sus-ը չունի սեփական կայք։ Կարող եմ ուղարկել կարճ տեսանյութ, թե ինչպես է աշխատում ռեստորանի կայքը՝ մենյու 3 լեզվով, սեղանի ամրագրում և ադմին, որտեղ գները փոխում եք ինքներդ։ Գինը՝ 280 000 ֏-ից։ Ցույց տա՞մ, թե ինչպես կլինի ձեզ մոտ։","Здравствуйте! Меня зовут Азат, я делаю сайты для бизнесов в Армении (EVNWEB). Заметил, что у Ker u Sus нет своего сайта. Могу прислать короткое видео, как работает сайт ресторана: меню на 3 языках, бронь столов и админка, где цены меняете сами. Цена от 280 000 ֏. Показать, как это будет выглядеть у вас?",,,,
39,3,Hayetsi,ресторан,Севан,+37493576399,"Բարև Ձեզ։ Ես Ազատն եմ, կայքեր եմ պատրաստում Հայաստանի բիզնեսների համար (EVNWEB)։ Նկատեցի, որ Hayetsi-ը չունի սեփական կայք։ Կարող եմ ուղարկել կարճ տեսանյութ, թե ինչպես է աշխատում ռեստորանի կայքը՝ մենյու 3 լեզվով, սեղանի ամրագրում և ադմին, որտեղ գները փոխում եք ինքներդ։ Գինը՝ 280 000 ֏-ից։ Ցույց տա՞մ, թե ինչպես կլինի ձեզ մոտ։","Здравствуйте! Меня зовут Азат, я делаю сайты для бизнесов в Армении (EVNWEB). Заметил, что у Hayetsi нет своего сайта. Могу прислать короткое видео, как работает сайт ресторана: меню на 3 языках, бронь столов и админка, где цены меняете сами. Цена от 280 000 ֏. Показать, как это будет выглядеть у вас?",,,,
39,3,Yasaman Sevan,ресторан,Севан,+37498014052,"Բարև Ձեզ։ Ես Ազատն եմ, կայքեր եմ պատրաստում Հայաստանի բիզնեսների համար (EVNWEB)։ Նկատեցի, որ Yasaman Sevan-ը չունի սեփական կայք։ Կարող եմ ուղարկել կարճ տեսանյութ, թե ինչպես է աշխատում ռեստորանի կայքը՝ մենյու 3 լեզվով, սեղանի ամրագրում և ադմին, որտեղ գները փոխում եք ինքներդ։ Գինը՝ 280 000 ֏-ից։ Ցույց տա՞մ, թե ինչպես կլինի ձեզ մոտ։","Здравствуйте! Меня зовут Азат, я делаю сайты для бизнесов в Армении (EVNWEB). Заметил, что у Yasaman Sevan нет своего сайта. Могу прислать короткое видео, как работает сайт ресторана: меню на 3 языках, бронь столов и админка, где цены меняете сами. Цена от 280 000 ֏. Показать, как это будет выглядеть у вас?",dubl,,,
40,3,Nairi,ресторан,Ванадзор,+37496630333,"Բարև Ձեզ։ Ես Ազատն եմ, կայքեր եմ պատրաստում Հայաստանի բիզնեսների համար (EVNWEB)։ Նկատեցի, որ Nairi-ը չունի սեփական կայք։ Կարող եմ ուղարկել կարճ տեսանյութ, թե ինչպես է աշխատում ռեստորանի կայքը՝ մենյու 3 լեզվով, սեղանի ամրագրում և ադմին, որտեղ գները փոխում եք ինքներդ։ Գինը՝ 280 000 ֏-ից։ Ցույց տա՞մ, թե ինչպես կլինի ձեզ մոտ։","Здравствуйте! Меня зовут Азат, я делаю сайты для бизнесов в Армении (EVNWEB). Заметил, что у Nairi нет своего сайта. Могу прислать короткое видео, как работает сайт ресторана: меню на 3 языках, бронь столов и админка, где цены меняете сами. Цена от 280 000 ֏. Показать, как это будет выглядеть у вас?",,,,
40,3,Semoyi mot / Collette,ресторан,Севан,+37441778899,"Բարև Ձեզ։ Ես Ազատն եմ, կայքեր եմ պատրաստում Հայաստանի բիզնեսների համար (EVNWEB)։ Նկատեցի, որ Semoyi mot / Collette-ը չունի սեփական կայք։ Կարող եմ ուղարկել կարճ տեսանյութ, թե ինչպես է աշխատում ռեստորանի կայքը՝ մենյու 3 լեզվով, սեղանի ամրագրում և ադմին, որտեղ գները փոխում եք ինքներդ։ Գինը՝ 280 000 ֏-ից։ Ցույց տա՞մ, թե ինչպես կլինի ձեզ մոտ։","Здравствуйте! Меня зовут Азат, я делаю сайты для бизнесов в Армении (EVNWEB). Заметил, что у Semoyi mot / Collette нет своего сайта. Могу прислать короткое видео, как работает сайт ресторана: меню на 3 языках, бронь столов и админка, где цены меняете сами. Цена от 280 000 ֏. Показать, как это будет выглядеть у вас?",,,,
40,3,Vanatur Restaurant,ресторан,Гюмри,+37431250714,"Բարև Ձեզ։ Ես Ազատն եմ, կայքեր եմ պատրաստում Հայաստանի բիզնեսների համար (EVNWEB)։ Նկատեցի, որ Vanatur Restaurant-ը չունի սեփական կայք։ Կարող եմ ուղարկել կարճ տեսանյութ, թե ինչպես է աշխատում ռեստորանի կայքը՝ մենյու 3 լեզվով, սեղանի ամրագրում և ադմին, որտեղ գները փոխում եք ինքներդ։ Գինը՝ 280 000 ֏-ից։ Ցույց տա՞մ, թե ինչպես կլինի ձեզ մոտ։","Здравствуйте! Меня зовут Азат, я делаю сайты для бизнесов в Армении (EVNWEB). Заметил, что у Vanatur Restaurant нет своего сайта. Могу прислать короткое видео, как работает сайт ресторана: меню на 3 языках, бронь столов и админка, где цены меняете сами. Цена от 280 000 ֏. Показать, как это будет выглядеть у вас?",ne_mobilny,,,
40,3,At Vardges,ресторан,Севан,+37455616060,"Բարև Ձեզ։ Ես Ազատն եմ, կայքեր եմ պատրաստում Հայաստանի բիզնեսների համար (EVNWEB)։ Նկատեցի, որ At Vardges-ը չունի սեփական կայք։ Կարող եմ ուղարկել կարճ տեսանյութ, թե ինչպես է աշխատում ռեստորանի կայքը՝ մենյու 3 լեզվով, սեղանի ամրագրում և ադմին, որտեղ գները փոխում եք ինքներդ։ Գինը՝ 280 000 ֏-ից։ Ցույց տա՞մ, թե ինչպես կլինի ձեզ մոտ։","Здравствуйте! Меня зовут Азат, я делаю сайты для бизнесов в Армении (EVNWEB). Заметил, что у At Vardges нет своего сайта. Могу прислать короткое видео, как работает сайт ресторана: меню на 3 языках, бронь столов и админка, где цены меняете сами. Цена от 280 000 ֏. Показать, как это будет выглядеть у вас?",,,,
40,3,Toon Armeni,ресторан,Дилижан,+37498787899,"Բարև Ձեզ։ Ես Ազատն եմ, կայքեր եմ պատրաստում Հայաստանի բիզնեսների համար (EVNWEB)։ Նկատեցի, որ Toon Armeni-ը չունի սեփական կայք։ Կարող եմ ուղարկել կարճ տեսանյութ, թե ինչպես է աշխատում ռեստորանի կայքը՝ մենյու 3 լեզվով, սեղանի ամրագրում և ադմին, որտեղ գները փոխում եք ինքներդ։ Գինը՝ 280 000 ֏-ից։ Ցույց տա՞մ, թե ինչպես կլինի ձեզ մոտ։","Здравствуйте! Меня зовут Азат, я делаю сайты для бизнесов в Армении (EVNWEB). Заметил, что у Toon Armeni нет своего сайта. Могу прислать короткое видео, как работает сайт ресторана: меню на 3 языках, бронь столов и админка, где цены меняете сами. Цена от 280 000 ֏. Показать, как это будет выглядеть у вас?",,,,
40,3,Carahunge,ресторан,Дилижан,+37443220003,"Բարև Ձեզ։ Ես Ազատն եմ, կայքեր եմ պատրաստում Հայաստանի բիզնեսների համար (EVNWEB)։ Նկատեցի, որ Carahunge-ը չունի սեփական կայք։ Կարող եմ ուղարկել կարճ տեսանյութ, թե ինչպես է աշխատում ռեստորանի կայքը՝ մենյու 3 լեզվով, սեղանի ամրագրում և ադմին, որտեղ գները փոխում եք ինքներդ։ Գինը՝ 280 000 ֏-ից։ Ցույց տա՞մ, թե ինչպես կլինի ձեզ մոտ։","Здравствуйте! Меня зовут Азат, я делаю сайты для бизнесов в Армении (EVNWEB). Заметил, что у Carahunge нет своего сайта. Могу прислать короткое видео, как работает сайт ресторана: меню на 3 языках, бронь столов и админка, где цены меняете сами. Цена от 280 000 ֏. Показать, как это будет выглядеть у вас?",,,,
40,3,Faeton,ресторан,Гюмри,+37498102010,"Բարև Ձեզ։ Ես Ազատն եմ, կայքեր եմ պատրաստում Հայաստանի բիզնեսների համար (EVNWEB)։ Նկատեցի, որ Faeton-ը չունի սեփական կայք։ Կարող եմ ուղարկել կարճ տեսանյութ, թե ինչպես է աշխատում ռեստորանի կայքը՝ մենյու 3 լեզվով, սեղանի ամրագրում և ադմին, որտեղ գները փոխում եք ինքներդ։ Գինը՝ 280 000 ֏-ից։ Ցույց տա՞մ, թե ինչպես կլինի ձեզ մոտ։","Здравствуйте! Меня зовут Азат, я делаю сайты для бизнесов в Армении (EVNWEB). Заметил, что у Faeton нет своего сайта. Могу прислать короткое видео, как работает сайт ресторана: меню на 3 языках, бронь столов и админка, где цены меняете сами. Цена от 280 000 ֏. Показать, как это будет выглядеть у вас?",,,,
40,3,Adel,салон красоты,Ванадзор,+37494049535,"Բարև Ձեզ։ Ես Ազատն եմ, կայքեր եմ պատրաստում Հայաստանի բիզնեսների համար (EVNWEB)։ Նկատեցի, որ Adel-ը չունի սեփական կայք։ Կարող եմ ուղարկել կարճ տեսանյութ, թե ինչպես է աշխատում սրահի կայքը՝ առցանց գրանցում վարպետների մոտ և գրաֆիկ ադմինում։ Գինը՝ 150 000 ֏-ից։ Ցույց տա՞մ, թե ինչպես կլինի ձեզ մոտ։","Здравствуйте! Меня зовут Азат, я делаю сайты для бизнесов в Армении (EVNWEB). Заметил, что у Adel нет своего сайта. Могу прислать короткое видео, как работает сайт салона: онлайн-запись к мастерам и расписание в админке. Цена от 150 000 ֏. Показать, как это будет выглядеть у вас?",,,,
40,3,Dili&Jani,салон красоты,Дилижан,+37491643355,"Բարև Ձեզ։ Ես Ազատն եմ, կայքեր եմ պատրաստում Հայաստանի բիզնեսների համար (EVNWEB)։ Նկատեցի, որ Dili&Jani-ը չունի սեփական կայք։ Կարող եմ ուղարկել կարճ տեսանյութ, թե ինչպես է աշխատում սրահի կայքը՝ առցանց գրանցում վարպետների մոտ և գրաֆիկ ադմինում։ Գինը՝ 150 000 ֏-ից։ Ցույց տա՞մ, թե ինչպես կլինի ձեզ մոտ։","Здравствуйте! Меня зовут Азат, я делаю сайты для бизнесов в Армении (EVNWEB). Заметил, что у Dili&Jani нет своего сайта. Могу прислать короткое видео, как работает сайт салона: онлайн-запись к мастерам и расписание в админке. Цена от 150 000 ֏. Показать, как это будет выглядеть у вас?",,,,
40,3,In Beauty,салон красоты,Гюмри,+37477728771,"Բարև Ձեզ։ Ես Ազատն եմ, կայքեր եմ պատրաստում Հայաստանի բիզնեսների համար (EVNWEB)։ Նկատեցի, որ In Beauty-ը չունի սեփական կայք։ Կարող եմ ուղարկել կարճ տեսանյութ, թե ինչպես է աշխատում սրահի կայքը՝ առցանց գրանցում վարպետների մոտ և գրաֆիկ ադմինում։ Գինը՝ 150 000 ֏-ից։ Ցույց տա՞մ, թե ինչպես կլինի ձեզ մոտ։","Здравствуйте! Меня зовут Азат, я делаю сайты для бизнесов в Армении (EVNWEB). Заметил, что у In Beauty нет своего сайта. Могу прислать короткое видео, как работает сайт салона: онлайн-запись к мастерам и расписание в админке. Цена от 150 000 ֏. Показать, как это будет выглядеть у вас?",,,,
40,3,Lili Dili,салон красоты,Дилижан,+37441151463,"Բարև Ձեզ։ Ես Ազատն եմ, կայքեր եմ պատրաստում Հայաստանի բիզնեսների համար (EVNWEB)։ Նկատեցի, որ Lili Dili-ը չունի սեփական կայք։ Կարող եմ ուղարկել կարճ տեսանյութ, թե ինչպես է աշխատում սրահի կայքը՝ առցանց գրանցում վարպետների մոտ և գրաֆիկ ադմինում։ Գինը՝ 150 000 ֏-ից։ Ցույց տա՞մ, թե ինչպես կլինի ձեզ մոտ։","Здравствуйте! Меня зовут Азат, я делаю сайты для бизнесов в Армении (EVNWEB). Заметил, что у Lili Dili нет своего сайта. Могу прислать короткое видео, как работает сайт салона: онлайн-запись к мастерам и расписание в админке. Цена от 150 000 ֏. Показать, как это будет выглядеть у вас?",,,,
40,3,SK Beauty,салон красоты,Дилижан,+37499057596,"Բարև Ձեզ։ Ես Ազատն եմ, կայքեր եմ պատրաստում Հայաստանի բիզնեսների համար (EVNWEB)։ Նկատեցի, որ SK Beauty-ը չունի սեփական կայք։ Կարող եմ ուղարկել կարճ տեսանյութ, թե ինչպես է աշխատում սրահի կայքը՝ առցանց գրանցում վարպետների մոտ և գրաֆիկ ադմինում։ Գինը՝ 150 000 ֏-ից։ Ցույց տա՞մ, թե ինչպես կլինի ձեզ մոտ։","Здравствуйте! Меня зовут Азат, я делаю сайты для бизнесов в Армении (EVNWEB). Заметил, что у SK Beauty нет своего сайта. Могу прислать короткое видео, как работает сайт салона: онлайн-запись к мастерам и расписание в админке. Цена от 150 000 ֏. Показать, как это будет выглядеть у вас?",,,,
40,3,hair'izma,салон красоты,Дилижан,+37433039966,"Բարև Ձեզ։ Ես Ազատն եմ, կայքեր եմ պատրաստում Հայաստանի բիզնեսների համար (EVNWEB)։ Նկատեցի, որ hair'izma-ը չունի սեփական կայք։ Կարող եմ ուղարկել կարճ տեսանյութ, թե ինչպես է աշխատում սրահի կայքը՝ առցանց գրանցում վարպետների մոտ և գրաֆիկ ադմինում։ Գինը՝ 150 000 ֏-ից։ Ցույց տա՞մ, թե ինչպես կլինի ձեզ մոտ։","Здравствуйте! Меня зовут Азат, я делаю сайты для бизнесов в Армении (EVNWEB). Заметил, что у hair'izma нет своего сайта. Могу прислать короткое видео, как работает сайт салона: онлайн-запись к мастерам и расписание в админке. Цена от 150 000 ֏. Показать, как это будет выглядеть у вас?",,,,
40,3,universal.1,салон красоты,Дилижан,+37444010290,"Բարև Ձեզ։ Ես Ազատն եմ, կայքեր եմ պատրաստում Հայաստանի բիզնեսների համար (EVNWEB)։ Նկատեցի, որ universal.1-ը չունի սեփական կայք։ Կարող եմ ուղարկել կարճ տեսանյութ, թե ինչպես է աշխատում սրահի կայքը՝ առցանց գրանցում վարպետների մոտ և գրաֆիկ ադմինում։ Գինը՝ 150 000 ֏-ից։ Ցույց տա՞մ, թե ինչպես կլինի ձեզ մոտ։","Здравствуйте! Меня зовут Азат, я делаю сайты для бизнесов в Армении (EVNWEB). Заметил, что у universal.1 нет своего сайта. Могу прислать короткое видео, как работает сайт салона: онлайн-запись к мастерам и расписание в админке. Цена от 150 000 ֏. Показать, как это будет выглядеть у вас?",,,,
40,3,Lili,салон красоты,Дилижан,+37494400393,"Բարև Ձեզ։ Ես Ազատն եմ, կայքեր եմ պատրաստում Հայաստանի բիզնեսների համար (EVNWEB)։ Նկատեցի, որ Lili-ը չունի սեփական կայք։ Կարող եմ ուղարկել կարճ տեսանյութ, թե ինչպես է աշխատում սրահի կայքը՝ առցանց գրանցում վարպետների մոտ և գրաֆիկ ադմինում։ Գինը՝ 150 000 ֏-ից։ Ցույց տա՞մ, թե ինչպես կլինի ձեզ մոտ։","Здравствуйте! Меня зовут Азат, я делаю сайты для бизнесов в Армении (EVNWEB). Заметил, что у Lili нет своего сайта. Могу прислать короткое видео, как работает сайт салона: онлайн-запись к мастерам и расписание в админке. Цена от 150 000 ֏. Показать, как это будет выглядеть у вас?",,,,
40,3,Remi,салон красоты,Ванадзор,+37498126669,"Բարև Ձեզ։ Ես Ազատն եմ, կայքեր եմ պատրաստում Հայաստանի բիզնեսների համար (EVNWEB)։ Նկատեցի, որ Remi-ը չունի սեփական կայք։ Կարող եմ ուղարկել կարճ տեսանյութ, թե ինչպես է աշխատում սրահի կայքը՝ առցանց գրանցում վարպետների մոտ և գրաֆիկ ադմինում։ Գինը՝ 150 000 ֏-ից։ Ցույց տա՞մ, թե ինչպես կլինի ձեզ մոտ։","Здравствуйте! Меня зовут Азат, я делаю сайты для бизнесов в Армении (EVNWEB). Заметил, что у Remi нет своего сайта. Могу прислать короткое видео, как работает сайт салона: онлайн-запись к мастерам и расписание в админке. Цена от 150 000 ֏. Показать, как это будет выглядеть у вас?",,,,
40,3,ArtDent,стоматология,Дилижан,+37499113969,"Բարև Ձեզ։ Ես Ազատն եմ, կայքեր եմ պատրաստում Հայաստանի բիզնեսների համար (EVNWEB)։ Նկատեցի, որ ArtDent-ը չունի սեփական կայք։ Կարող եմ ուղարկել կարճ տեսանյութ, թե ինչպես է աշխատում կլինիկայի կայքը՝ բժիշկների էջեր, գներ և առցանց գրանցում։ Գինը՝ 280 000 ֏-ից։ Ցույց տա՞մ, թե ինչպես կլինի ձեզ մոտ։","Здравствуйте! Меня зовут Азат, я делаю сайты для бизнесов в Армении (EVNWEB). Заметил, что у ArtDent нет своего сайта. Могу прислать короткое видео, как работает сайт клиники: страницы врачей, цены и онлайн-запись. Цена от 280 000 ֏. Показать, как это будет выглядеть у вас?",,,,
40,3,Sargsyan,стоматология,Дилижан,+37495181807,"Բարև Ձեզ։ Ես Ազատն եմ, կայքեր եմ պատրաստում Հայաստանի բիզնեսների համար (EVNWEB)։ Նկատեցի, որ Sargsyan-ը չունի սեփական կայք։ Կարող եմ ուղարկել կարճ տեսանյութ, թե ինչպես է աշխատում կլինիկայի կայքը՝ բժիշկների էջեր, գներ և առցանց գրանցում։ Գինը՝ 280 000 ֏-ից։ Ցույց տա՞մ, թե ինչպես կլինի ձեզ մոտ։","Здравствуйте! Меня зовут Азат, я делаю сайты для бизнесов в Армении (EVNWEB). Заметил, что у Sargsyan нет своего сайта. Могу прислать короткое видео, как работает сайт клиники: страницы врачей, цены и онлайн-запись. Цена от 280 000 ֏. Показать, как это будет выглядеть у вас?",,,,
40,3,Mush Dent,стоматология,Ванадзор,+37491797946,"Բարև Ձեզ։ Ես Ազատն եմ, կայքեր եմ պատրաստում Հայաստանի բիզնեսների համար (EVNWEB)։ Նկատեցի, որ Mush Dent-ը չունի սեփական կայք։ Կարող եմ ուղարկել կարճ տեսանյութ, թե ինչպես է աշխատում կլինիկայի կայքը՝ բժիշկների էջեր, գներ և առցանց գրանցում։ Գինը՝ 280 000 ֏-ից։ Ցույց տա՞մ, թե ինչպես կլինի ձեզ մոտ։","Здравствуйте! Меня зовут Азат, я делаю сайты для бизнесов в Армении (EVNWEB). Заметил, что у Mush Dent нет своего сайта. Могу прислать короткое видео, как работает сайт клиники: страницы врачей, цены и онлайн-запись. Цена от 280 000 ֏. Показать, как это будет выглядеть у вас?",,,,
40,3,Stoma-Dent,стоматология,Гюмри,+37491417089,"Բարև Ձեզ։ Ես Ազատն եմ, կայքեր եմ պատրաստում Հայաստանի բիզնեսների համար (EVNWEB)։ Նկատեցի, որ Stoma-Dent-ը չունի սեփական կայք։ Կարող եմ ուղարկել կարճ տեսանյութ, թե ինչպես է աշխատում կլինիկայի կայքը՝ բժիշկների էջեր, գներ և առցանց գրանցում։ Գինը՝ 280 000 ֏-ից։ Ցույց տա՞մ, թե ինչպես կլինի ձեզ մոտ։","Здравствуйте! Меня зовут Азат, я делаю сайты для бизнесов в Армении (EVNWEB). Заметил, что у Stoma-Dent нет своего сайта. Могу прислать короткое видео, как работает сайт клиники: страницы врачей, цены и онлайн-запись. Цена от 280 000 ֏. Показать, как это будет выглядеть у вас?",,,,
40,3,Diana,супермаркет,Дилижан,+37494090550,"Բարև Ձեզ։ Ես Ազատն եմ, կայքեր եմ պատրաստում Հայաստանի բիզնեսների համար (EVNWEB)։ Նկատեցի, որ Diana-ը չունի սեփական կայք։ Կարող եմ ուղարկել կարճ տեսանյութ, թե ինչպես է աշխատում խանութի կայքը՝ առցանց պատվերներ, մնացորդներ և պիտանելիության ժամկետներ։ Գինը՝ 400 000 ֏-ից։ Ցույց տա՞մ, թե ինչպես կլինի ձեզ մոտ։","Здравствуйте! Меня зовут Азат, я делаю сайты для бизнесов в Армении (EVNWEB). Заметил, что у Diana нет своего сайта. Могу прислать короткое видео, как работает сайт магазина: онлайн-заказы, остатки и сроки годности. Цена от 400 000 ֏. Показать, как это будет выглядеть у вас?",,,,
40,3,New City,супермаркет,Дилижан,+37493407003,"Բարև Ձեզ։ Ես Ազատն եմ, կայքեր եմ պատրաստում Հայաստանի բիզնեսների համար (EVNWEB)։ Նկատեցի, որ New City-ը չունի սեփական կայք։ Կարող եմ ուղարկել կարճ տեսանյութ, թե ինչպես է աշխատում խանութի կայքը՝ առցանց պատվերներ, մնացորդներ և պիտանելիության ժամկետներ։ Գինը՝ 400 000 ֏-ից։ Ցույց տա՞մ, թե ինչպես կլինի ձեզ մոտ։","Здравствуйте! Меня зовут Азат, я делаю сайты для бизнесов в Армении (EVNWEB). Заметил, что у New City нет своего сайта. Могу прислать короткое видео, как работает сайт магазина: онлайн-заказы, остатки и сроки годности. Цена от 400 000 ֏. Показать, как это будет выглядеть у вас?",,,,
40,3,Norma-Terzyan,супермаркет,Гюмри,+37431250063,"Բարև Ձեզ։ Ես Ազատն եմ, կայքեր եմ պատրաստում Հայաստանի բիզնեսների համար (EVNWEB)։ Նկատեցի, որ Norma-Terzyan-ը չունի սեփական կայք։ Կարող եմ ուղարկել կարճ տեսանյութ, թե ինչպես է աշխատում խանութի կայքը՝ առցանց պատվերներ, մնացորդներ և պիտանելիության ժամկետներ։ Գինը՝ 400 000 ֏-ից։ Ցույց տա՞մ, թե ինչպես կլինի ձեզ մոտ։","Здравствуйте! Меня зовут Азат, я делаю сайты для бизнесов в Армении (EVNWEB). Заметил, что у Norma-Terzyan нет своего сайта. Могу прислать короткое видео, как работает сайт магазина: онлайн-заказы, остатки и сроки годности. Цена от 400 000 ֏. Показать, как это будет выглядеть у вас?",ne_mobilny,,,
40,3,Inna,супермаркет,Дилижан,+37477714027,"Բարև Ձեզ։ Ես Ազատն եմ, կայքեր եմ պատրաստում Հայաստանի բիզնեսների համար (EVNWEB)։ Նկատեցի, որ Inna-ը չունի սեփական կայք։ Կարող եմ ուղարկել կարճ տեսանյութ, թե ինչպես է աշխատում խանութի կայքը՝ առցանց պատվերներ, մնացորդներ և պիտանելիության ժամկետներ։ Գինը՝ 400 000 ֏-ից։ Ցույց տա՞մ, թե ինչպես կլինի ձեզ մոտ։","Здравствуйте! Меня зовут Азат, я делаю сайты для бизнесов в Армении (EVNWEB). Заметил, что у Inna нет своего сайта. Могу прислать короткое видео, как работает сайт магазина: онлайн-заказы, остатки и сроки годности. Цена от 400 000 ֏. Показать, как это будет выглядеть у вас?",,,,
40,3,Pahest,супермаркет,Ванадзор,+37498716706,"Բարև Ձեզ։ Ես Ազատն եմ, կայքեր եմ պատրաստում Հայաստանի բիզնեսների համար (EVNWEB)։ Նկատեցի, որ Pahest-ը չունի սեփական կայք։ Կարող եմ ուղարկել կարճ տեսանյութ, թե ինչպես է աշխատում խանութի կայքը՝ առցանց պատվերներ, մնացորդներ և պիտանելիության ժամկետներ։ Գինը՝ 400 000 ֏-ից։ Ցույց տա՞մ, թե ինչպես կլինի ձեզ մոտ։","Здравствуйте! Меня зовут Азат, я делаю сайты для бизнесов в Армении (EVNWEB). Заметил, что у Pahest нет своего сайта. Могу прислать короткое видео, как работает сайт магазина: онлайн-заказы, остатки и сроки годности. Цена от 400 000 ֏. Показать, как это будет выглядеть у вас?",,,,
41,3,Tigran Mets,супермаркет,Дилижан,+37477757023,"Բարև Ձեզ։ Ես Ազատն եմ, կայքեր եմ պատրաստում Հայաստանի բիզնեսների համար (EVNWEB)։ Նկատեցի, որ Tigran Mets-ը չունի սեփական կայք։ Կարող եմ ուղարկել կարճ տեսանյութ, թե ինչպես է աշխատում խանութի կայքը՝ առցանց պատվերներ, մնացորդներ և պիտանելիության ժամկետներ։ Գինը՝ 400 000 ֏-ից։ Ցույց տա՞մ, թե ինչպես կլինի ձեզ մոտ։","Здравствуйте! Меня зовут Азат, я делаю сайты для бизнесов в Армении (EVNWEB). Заметил, что у Tigran Mets нет своего сайта. Могу прислать короткое видео, как работает сайт магазина: онлайн-заказы, остатки и сроки годности. Цена от 400 000 ֏. Показать, как это будет выглядеть у вас?",,,,
41,3,Nrneni Travel,турагентство,Ванадзор,+37477232391,"Բարև Ձեզ։ Ես Ազատն եմ, կայքեր եմ պատրաստում Հայաստանի բիզնեսների համար (EVNWEB)։ Նկատեցի, որ Nrneni Travel-ը չունի սեփական կայք։ Կարող եմ ուղարկել կարճ տեսանյութ, թե ինչպես է աշխատում տուրիստական ընկերության կայքը՝ տուրերի կատալոգ 3 լեզվով և առցանց հայտեր։ Գինը՝ 150 000 ֏-ից։ Ցույց տա՞մ, թե ինչպես կլինի ձեզ մոտ։","Здравствуйте! Меня зовут Азат, я делаю сайты для бизнесов в Армении (EVNWEB). Заметил, что у Nrneni Travel нет своего сайта. Могу прислать короткое видео, как работает сайт турагентства: каталог туров на 3 языках и заявки онлайн. Цена от 150 000 ֏. Показать, как это будет выглядеть у вас?",,,,
41,3,Kilikia Bistro,фастфуд,Гюмри,+37431248878,"Բարև Ձեզ։ Ես Ազատն եմ, կայքեր եմ պատրաստում Հայաստանի բիզնեսների համար (EVNWEB)։ Նկատեցի, որ Kilikia Bistro-ը չունի սեփական կայք։ Կարող եմ ուղարկել կարճ տեսանյութ, թե ինչպես է աշխատում ռեստորանի կայքը՝ մենյու 3 լեզվով, սեղանի ամրագրում և ադմին, որտեղ գները փոխում եք ինքներդ։ Գինը՝ 280 000 ֏-ից։ Ցույց տա՞մ, թե ինչպես կլինի ձեզ մոտ։","Здравствуйте! Меня зовут Азат, я делаю сайты для бизнесов в Армении (EVNWEB). Заметил, что у Kilikia Bistro нет своего сайта. Могу прислать короткое видео, как работает сайт ресторана: меню на 3 языках, бронь столов и админка, где цены меняете сами. Цена от 280 000 ֏. Показать, как это будет выглядеть у вас?",ne_mobilny,,,
41,3,5x5,фастфуд,Гюмри,+37498144455,"Բարև Ձեզ։ Ես Ազատն եմ, կայքեր եմ պատրաստում Հայաստանի բիզնեսների համար (EVNWEB)։ Նկատեցի, որ 5x5-ը չունի սեփական կայք։ Կարող եմ ուղարկել կարճ տեսանյութ, թե ինչպես է աշխատում ռեստորանի կայքը՝ մենյու 3 լեզվով, սեղանի ամրագրում և ադմին, որտեղ գները փոխում եք ինքներդ։ Գինը՝ 280 000 ֏-ից։ Ցույց տա՞մ, թե ինչպես կլինի ձեզ մոտ։","Здравствуйте! Меня зовут Азат, я делаю сайты для бизнесов в Армении (EVNWEB). Заметил, что у 5x5 нет своего сайта. Могу прислать короткое видео, как работает сайт ресторана: меню на 3 языках, бронь столов и админка, где цены меняете сами. Цена от 280 000 ֏. Показать, как это будет выглядеть у вас?",,,,
41,3,Boom,фастфуд,Гюмри,+37498914144,"Բարև Ձեզ։ Ես Ազատն եմ, կայքեր եմ պատրաստում Հայաստանի բիզնեսների համար (EVNWEB)։ Նկատեցի, որ Boom-ը չունի սեփական կայք։ Կարող եմ ուղարկել կարճ տեսանյութ, թե ինչպես է աշխատում ռեստորանի կայքը՝ մենյու 3 լեզվով, սեղանի ամրագրում և ադմին, որտեղ գները փոխում եք ինքներդ։ Գինը՝ 280 000 ֏-ից։ Ցույց տա՞մ, թե ինչպես կլինի ձեզ մոտ։","Здравствуйте! Меня зовут Азат, я делаю сайты для бизнесов в Армении (EVNWEB). Заметил, что у Boom нет своего сайта. Могу прислать короткое видео, как работает сайт ресторана: меню на 3 языках, бронь столов и админка, где цены меняете сами. Цена от 280 000 ֏. Показать, как это будет выглядеть у вас?",,,,
41,3,Davas Food,фастфуд,Ванадзор,+37493577944,"Բարև Ձեզ։ Ես Ազատն եմ, կայքեր եմ պատրաստում Հայաստանի բիզնեսների համար (EVNWEB)։ Նկատեցի, որ Davas Food-ը չունի սեփական կայք։ Կարող եմ ուղարկել կարճ տեսանյութ, թե ինչպես է աշխատում ռեստորանի կայքը՝ մենյու 3 լեզվով, սեղանի ամրագրում և ադմին, որտեղ գները փոխում եք ինքներդ։ Գինը՝ 280 000 ֏-ից։ Ցույց տա՞մ, թե ինչպես կլինի ձեզ մոտ։","Здравствуйте! Меня зовут Азат, я делаю сайты для бизнесов в Армении (EVNWEB). Заметил, что у Davas Food нет своего сайта. Могу прислать короткое видео, как работает сайт ресторана: меню на 3 языках, бронь столов и админка, где цены меняете сами. Цена от 280 000 ֏. Показать, как это будет выглядеть у вас?",,,,
41,3,Family,фастфуд,Ванадзор,+37494500222,"Բարև Ձեզ։ Ես Ազատն եմ, կայքեր եմ պատրաստում Հայաստանի բիզնեսների համար (EVNWEB)։ Նկատեցի, որ Family-ը չունի սեփական կայք։ Կարող եմ ուղարկել կարճ տեսանյութ, թե ինչպես է աշխատում ռեստորանի կայքը՝ մենյու 3 լեզվով, սեղանի ամրագրում և ադմին, որտեղ գները փոխում եք ինքներդ։ Գինը՝ 280 000 ֏-ից։ Ցույց տա՞մ, թե ինչպես կլինի ձեզ մոտ։","Здравствуйте! Меня зовут Азат, я делаю сайты для бизнесов в Армении (EVNWEB). Заметил, что у Family нет своего сайта. Могу прислать короткое видео, как работает сайт ресторана: меню на 3 языках, бронь столов и админка, где цены меняете сами. Цена от 280 000 ֏. Показать, как это будет выглядеть у вас?",,,,
41,3,Haceni Food,фастфуд,Гюмри,+37498610197,"Բարև Ձեզ։ Ես Ազատն եմ, կայքեր եմ պատրաստում Հայաստանի բիզնեսների համար (EVNWEB)։ Նկատեցի, որ Haceni Food-ը չունի սեփական կայք։ Կարող եմ ուղարկել կարճ տեսանյութ, թե ինչպես է աշխատում ռեստորանի կայքը՝ մենյու 3 լեզվով, սեղանի ամրագրում և ադմին, որտեղ գները փոխում եք ինքներդ։ Գինը՝ 280 000 ֏-ից։ Ցույց տա՞մ, թե ինչպես կլինի ձեզ մոտ։","Здравствуйте! Меня зовут Азат, я делаю сайты для бизнесов в Армении (EVNWEB). Заметил, что у Haceni Food нет своего сайта. Могу прислать короткое видео, как работает сайт ресторана: меню на 3 языках, бронь столов и админка, где цены меняете сами. Цена от 280 000 ֏. Показать, как это будет выглядеть у вас?",,,,
41,3,M & S,фастфуд,Гюмри,+37494646363,"Բարև Ձեզ։ Ես Ազատն եմ, կայքեր եմ պատրաստում Հայաստանի բիզնեսների համար (EVNWEB)։ Նկատեցի, որ M & S-ը չունի սեփական կայք։ Կարող եմ ուղարկել կարճ տեսանյութ, թե ինչպես է աշխատում ռեստորանի կայքը՝ մենյու 3 լեզվով, սեղանի ամրագրում և ադմին, որտեղ գները փոխում եք ինքներդ։ Գինը՝ 280 000 ֏-ից։ Ցույց տա՞մ, թե ինչպես կլինի ձեզ մոտ։","Здравствуйте! Меня зовут Азат, я делаю сайты для бизнесов в Армении (EVNWEB). Заметил, что у M & S нет своего сайта. Могу прислать короткое видео, как работает сайт ресторана: меню на 3 языках, бронь столов и админка, где цены меняете сами. Цена от 280 000 ֏. Показать, как это будет выглядеть у вас?",,,,
41,3,Mr. Shaurma,фастфуд,Дилижан,+37443300800,"Բարև Ձեզ։ Ես Ազատն եմ, կայքեր եմ պատրաստում Հայաստանի բիզնեսների համար (EVNWEB)։ Նկատեցի, որ Mr. Shaurma-ը չունի սեփական կայք։ Կարող եմ ուղարկել կարճ տեսանյութ, թե ինչպես է աշխատում ռեստորանի կայքը՝ մենյու 3 լեզվով, սեղանի ամրագրում և ադմին, որտեղ գները փոխում եք ինքներդ։ Գինը՝ 280 000 ֏-ից։ Ցույց տա՞մ, թե ինչպես կլինի ձեզ մոտ։","Здравствуйте! Меня зовут Азат, я делаю сайты для бизнесов в Армении (EVNWEB). Заметил, что у Mr. Shaurma нет своего сайта. Могу прислать короткое видео, как работает сайт ресторана: меню на 3 языках, бронь столов и админка, где цены меняете сами. Цена от 280 000 ֏. Показать, как это будет выглядеть у вас?",,,,
41,3,Mrs Gyros,фастфуд,Гюмри,+37477250603,"Բարև Ձեզ։ Ես Ազատն եմ, կայքեր եմ պատրաստում Հայաստանի բիզնեսների համար (EVNWEB)։ Նկատեցի, որ Mrs Gyros-ը չունի սեփական կայք։ Կարող եմ ուղարկել կարճ տեսանյութ, թե ինչպես է աշխատում ռեստորանի կայքը՝ մենյու 3 լեզվով, սեղանի ամրագրում և ադմին, որտեղ գները փոխում եք ինքներդ։ Գինը՝ 280 000 ֏-ից։ Ցույց տա՞մ, թե ինչպես կլինի ձեզ մոտ։","Здравствуйте! Меня зовут Азат, я делаю сайты для бизнесов в Армении (EVNWEB). Заметил, что у Mrs Gyros нет своего сайта. Могу прислать короткое видео, как работает сайт ресторана: меню на 3 языках, бронь столов и админка, где цены меняете сами. Цена от 280 000 ֏. Показать, как это будет выглядеть у вас?",,,,
41,3,Shame Burgers,фастфуд,Дилижан,+37491902095,"Բարև Ձեզ։ Ես Ազատն եմ, կայքեր եմ պատրաստում Հայաստանի բիզնեսների համար (EVNWEB)։ Նկատեցի, որ Shame Burgers-ը չունի սեփական կայք։ Կարող եմ ուղարկել կարճ տեսանյութ, թե ինչպես է աշխատում ռեստորանի կայքը՝ մենյու 3 լեզվով, սեղանի ամրագրում և ադմին, որտեղ գները փոխում եք ինքներդ։ Գինը՝ 280 000 ֏-ից։ Ցույց տա՞մ, թե ինչպես կլինի ձեզ մոտ։","Здравствуйте! Меня зовут Азат, я делаю сайты для бизнесов в Армении (EVNWEB). Заметил, что у Shame Burgers нет своего сайта. Могу прислать короткое видео, как работает сайт ресторана: меню на 3 языках, бронь столов и админка, где цены меняете сами. Цена от 280 000 ֏. Показать, как это будет выглядеть у вас?",,,,
41,3,ShaurmOK,фастфуд,Дилижан,+37491212515,"Բարև Ձեզ։ Ես Ազատն եմ, կայքեր եմ պատրաստում Հայաստանի բիզնեսների համար (EVNWEB)։ Նկատեցի, որ ShaurmOK-ը չունի սեփական կայք։ Կարող եմ ուղարկել կարճ տեսանյութ, թե ինչպես է աշխատում ռեստորանի կայքը՝ մենյու 3 լեզվով, սեղանի ամրագրում և ադմին, որտեղ գները փոխում եք ինքներդ։ Գինը՝ 280 000 ֏-ից։ Ցույց տա՞մ, թե ինչպես կլինի ձեզ մոտ։","Здравствуйте! Меня зовут Азат, я делаю сайты для бизнесов в Армении (EVNWEB). Заметил, что у ShaurmOK нет своего сайта. Могу прислать короткое видео, как работает сайт ресторана: меню на 3 языках, бронь столов и админка, где цены меняете сами. Цена от 280 000 ֏. Показать, как это будет выглядеть у вас?",,,,
41,3,gyros original,фастфуд,Гюмри,+37494521284,"Բարև Ձեզ։ Ես Ազատն եմ, կայքեր եմ պատրաստում Հայաստանի բիզնեսների համար (EVNWEB)։ Նկատեցի, որ gyros original-ը չունի սեփական կայք։ Կարող եմ ուղարկել կարճ տեսանյութ, թե ինչպես է աշխատում ռեստորանի կայքը՝ մենյու 3 լեզվով, սեղանի ամրագրում և ադմին, որտեղ գները փոխում եք ինքներդ։ Գինը՝ 280 000 ֏-ից։ Ցույց տա՞մ, թե ինչպես կլինի ձեզ մոտ։","Здравствуйте! Меня зовут Азат, я делаю сайты для бизнесов в Армении (EVNWEB). Заметил, что у gyros original нет своего сайта. Могу прислать короткое видео, как работает сайт ресторана: меню на 3 языках, бронь столов и админка, где цены меняете сами. Цена от 280 000 ֏. Показать, как это будет выглядеть у вас?",,,,
41,3,бистро,фастфуд,Гюмри,+37495488288,"Բարև Ձեզ։ Ես Ազատն եմ, կայքեր եմ պատրաստում Հայաստանի բիզնեսների համար (EVNWEB)։ Նկատեցի, որ бистро-ը չունի սեփական կայք։ Կարող եմ ուղարկել կարճ տեսանյութ, թե ինչպես է աշխատում ռեստորանի կայքը՝ մենյու 3 լեզվով, սեղանի ամրագրում և ադմին, որտեղ գները փոխում եք ինքներդ։ Գինը՝ 280 000 ֏-ից։ Ցույց տա՞մ, թե ինչպես կլինի ձեզ մոտ։","Здравствуйте! Меня зовут Азат, я делаю сайты для бизнесов в Армении (EVNWEB). Заметил, что у бистро нет своего сайта. Могу прислать короткое видео, как работает сайт ресторана: меню на 3 языках, бронь столов и админка, где цены меняете сами. Цена от 280 000 ֏. Показать, как это будет выглядеть у вас?",,,,
41,3,Ժամհարովի մոտ,фастфуд,Ванадзор,+37477202125,"Բարև Ձեզ։ Ես Ազատն եմ, կայքեր եմ պատրաստում Հայաստանի բիզնեսների համար (EVNWEB)։ Նկատեցի, որ Ժամհարովի մոտ-ը չունի սեփական կայք։ Կարող եմ ուղարկել կարճ տեսանյութ, թե ինչպես է աշխատում ռեստորանի կայքը՝ մենյու 3 լեզվով, սեղանի ամրագրում և ադմին, որտեղ գները փոխում եք ինքներդ։ Գինը՝ 280 000 ֏-ից։ Ցույց տա՞մ, թե ինչպես կլինի ձեզ մոտ։","Здравствуйте! Меня зовут Азат, я делаю сайты для бизнесов в Армении (EVNWEB). Заметил, что у Ժամհարովի մոտ нет своего сайта. Могу прислать короткое видео, как работает сайт ресторана: меню на 3 языках, бронь столов и админка, где цены меняете сами. Цена от 280 000 ֏. Показать, как это будет выглядеть у вас?",,,,
41,3,Lahmajo,фастфуд,Ванадзор,+37495220990,"Բարև Ձեզ։ Ես Ազատն եմ, կայքեր եմ պատրաստում Հայաստանի բիզնեսների համար (EVNWEB)։ Նկատեցի, որ Lahmajo-ը չունի սեփական կայք։ Կարող եմ ուղարկել կարճ տեսանյութ, թե ինչպես է աշխատում ռեստորանի կայքը՝ մենյու 3 լեզվով, սեղանի ամրագրում և ադմին, որտեղ գները փոխում եք ինքներդ։ Գինը՝ 280 000 ֏-ից։ Ցույց տա՞մ, թե ինչպես կլինի ձեզ մոտ։","Здравствуйте! Меня зовут Азат, я делаю сайты для бизнесов в Армении (EVNWEB). Заметил, что у Lahmajo нет своего сайта. Могу прислать короткое видео, как работает сайт ресторана: меню на 3 языках, бронь столов и админка, где цены меняете сами. Цена от 280 000 ֏. Показать, как это будет выглядеть у вас?",,,,
41,3,Tasty corner,фастфуд,Дилижан,+37477188299,"Բարև Ձեզ։ Ես Ազատն եմ, կայքեր եմ պատրաստում Հայաստանի բիզնեսների համար (EVNWEB)։ Նկատեցի, որ Tasty corner-ը չունի սեփական կայք։ Կարող եմ ուղարկել կարճ տեսանյութ, թե ինչպես է աշխատում ռեստորանի կայքը՝ մենյու 3 լեզվով, սեղանի ամրագրում և ադմին, որտեղ գները փոխում եք ինքներդ։ Գինը՝ 280 000 ֏-ից։ Ցույց տա՞մ, թե ինչպես կլինի ձեզ մոտ։","Здравствуйте! Меня зовут Азат, я делаю сайты для бизнесов в Армении (EVNWEB). Заметил, что у Tasty corner нет своего сайта. Могу прислать короткое видео, как работает сайт ресторана: меню на 3 языках, бронь столов и админка, где цены меняете сами. Цена от 280 000 ֏. Показать, как это будет выглядеть у вас?",,,,
41,3,Pirajok,фастфуд,Ванадзор,+37491288286,"Բարև Ձեզ։ Ես Ազատն եմ, կայքեր եմ պատրաստում Հայաստանի բիզնեսների համար (EVNWEB)։ Նկատեցի, որ Pirajok-ը չունի սեփական կայք։ Կարող եմ ուղարկել կարճ տեսանյութ, թե ինչպես է աշխատում ռեստորանի կայքը՝ մենյու 3 լեզվով, սեղանի ամրագրում և ադմին, որտեղ գները փոխում եք ինքներդ։ Գինը՝ 280 000 ֏-ից։ Ցույց տա՞մ, թե ինչպես կլինի ձեզ մոտ։","Здравствуйте! Меня зовут Азат, я делаю сайты для бизнесов в Армении (EVNWEB). Заметил, что у Pirajok нет своего сайта. Могу прислать короткое видео, как работает сайт ресторана: меню на 3 языках, бронь столов и админка, где цены меняете сами. Цена от 280 000 ֏. Показать, как это будет выглядеть у вас?",,,,
41,3,Pirajok,фастфуд,Ванадзор,+37499488788,"Բարև Ձեզ։ Ես Ազատն եմ, կայքեր եմ պատրաստում Հայաստանի բիզնեսների համար (EVNWEB)։ Նկատեցի, որ Pirajok-ը չունի սեփական կայք։ Կարող եմ ուղարկել կարճ տեսանյութ, թե ինչպես է աշխատում ռեստորանի կայքը՝ մենյու 3 լեզվով, սեղանի ամրագրում և ադմին, որտեղ գները փոխում եք ինքներդ։ Գինը՝ 280 000 ֏-ից։ Ցույց տա՞մ, թե ինչպես կլինի ձեզ մոտ։","Здравствуйте! Меня зовут Азат, я делаю сайты для бизнесов в Армении (EVNWEB). Заметил, что у Pirajok нет своего сайта. Могу прислать короткое видео, как работает сайт ресторана: меню на 3 языках, бронь столов и админка, где цены меняете сами. Цена от 280 000 ֏. Показать, как это будет выглядеть у вас?",,,,
41,3,11+1 by TUMO,хостел,Дилижан,+37441221112,"Բարև Ձեզ։ Ես Ազատն եմ, կայքեր եմ պատրաստում Հայաստանի բիզնեսների համար (EVNWEB)։ Նկատեցի, որ 11+1 by TUMO-ը չունի սեփական կայք։ Կարող եմ ուղարկել կարճ տեսանյութ, թե ինչպես է աշխատում հյուրանոցի կայքը՝ ուղիղ ամրագրում առանց Booking-ի միջնորդավճարի, զբաղվածության օրացույց և ադմին։ Գինը՝ 450 000 ֏-ից։ Ցույց տա՞մ, թե ինչպես կլինի ձեզ մոտ։","Здравствуйте! Меня зовут Азат, я делаю сайты для бизнесов в Армении (EVNWEB). Заметил, что у 11+1 by TUMO нет своего сайта. Могу прислать короткое видео, как работает сайт отеля: прямая бронь без комиссии Booking, календарь занятости и админка. Цена от 450 000 ֏. Показать, как это будет выглядеть у вас?",,,,
41,3,Andranik B&B,хостел,Горис,+37493631654,"Բարև Ձեզ։ Ես Ազատն եմ, կայքեր եմ պատրաստում Հայաստանի բիզնեսների համար (EVNWEB)։ Նկատեցի, որ Andranik B&B-ը չունի սեփական կայք։ Կարող եմ ուղարկել կարճ տեսանյութ, թե ինչպես է աշխատում հյուրանոցի կայքը՝ ուղիղ ամրագրում առանց Booking-ի միջնորդավճարի, զբաղվածության օրացույց և ադմին։ Գինը՝ 450 000 ֏-ից։ Ցույց տա՞մ, թե ինչպես կլինի ձեզ մոտ։","Здравствуйте! Меня зовут Азат, я делаю сайты для бизнесов в Армении (EVNWEB). Заметил, что у Andranik B&B нет своего сайта. Могу прислать короткое видео, как работает сайт отеля: прямая бронь без комиссии Booking, календарь занятости и админка. Цена от 450 000 ֏. Показать, как это будет выглядеть у вас?",,,,
41,3,La Casa Dilijan,хостел,Дилижан,+37477282826,"Բարև Ձեզ։ Ես Ազատն եմ, կայքեր եմ պատրաստում Հայաստանի բիզնեսների համար (EVNWEB)։ Նկատեցի, որ La Casa Dilijan-ը չունի սեփական կայք։ Կարող եմ ուղարկել կարճ տեսանյութ, թե ինչպես է աշխատում հյուրանոցի կայքը՝ ուղիղ ամրագրում առանց Booking-ի միջնորդավճարի, զբաղվածության օրացույց և ադմին։ Գինը՝ 450 000 ֏-ից։ Ցույց տա՞մ, թե ինչպես կլինի ձեզ մոտ։","Здравствуйте! Меня зовут Азат, я делаю сайты для бизнесов в Армении (EVNWEB). Заметил, что у La Casa Dilijan нет своего сайта. Могу прислать короткое видео, как работает сайт отеля: прямая бронь без комиссии Booking, календарь занятости и админка. Цена от 450 000 ֏. Показать, как это будет выглядеть у вас?",,,,
41,3,Lake Sevan Hostel,хостел,Севан,+37477688894,"Բարև Ձեզ։ Ես Ազատն եմ, կայքեր եմ պատրաստում Հայաստանի բիզնեսների համար (EVNWEB)։ Նկատեցի, որ Lake Sevan Hostel-ը չունի սեփական կայք։ Կարող եմ ուղարկել կարճ տեսանյութ, թե ինչպես է աշխատում հյուրանոցի կայքը՝ ուղիղ ամրագրում առանց Booking-ի միջնորդավճարի, զբաղվածության օրացույց և ադմին։ Գինը՝ 450 000 ֏-ից։ Ցույց տա՞մ, թե ինչպես կլինի ձեզ մոտ։","Здравствуйте! Меня зовут Азат, я делаю сайты для бизнесов в Армении (EVNWEB). Заметил, что у Lake Sevan Hostel нет своего сайта. Могу прислать короткое видео, как работает сайт отеля: прямая бронь без комиссии Booking, календарь занятости и админка. Цена от 450 000 ֏. Показать, как это будет выглядеть у вас?",,,,
41,3,Rossi Rest House,хостел,Дилижан,+37491748174,"Բարև Ձեզ։ Ես Ազատն եմ, կայքեր եմ պատրաստում Հայաստանի բիզնեսների համար (EVNWEB)։ Նկատեցի, որ Rossi Rest House-ը չունի սեփական կայք։ Կարող եմ ուղարկել կարճ տեսանյութ, թե ինչպես է աշխատում հյուրանոցի կայքը՝ ուղիղ ամրագրում առանց Booking-ի միջնորդավճարի, զբաղվածության օրացույց և ադմին։ Գինը՝ 450 000 ֏-ից։ Ցույց տա՞մ, թե ինչպես կլինի ձեզ մոտ։","Здравствуйте! Меня зовут Азат, я делаю сайты для бизнесов в Армении (EVNWEB). Заметил, что у Rossi Rest House нет своего сайта. Могу прислать короткое видео, как работает сайт отеля: прямая бронь без комиссии Booking, календарь занятости и админка. Цена от 450 000 ֏. Показать, как это будет выглядеть у вас?",,,,
42,3,Aragats Hostel,хостел,Гюмри,+37495242525,"Բարև Ձեզ։ Ես Ազատն եմ, կայքեր եմ պատրաստում Հայաստանի բիզնեսների համար (EVNWEB)։ Նկատեցի, որ Aragats Hostel-ը չունի սեփական կայք։ Կարող եմ ուղարկել կարճ տեսանյութ, թե ինչպես է աշխատում հյուրանոցի կայքը՝ ուղիղ ամրագրում առանց Booking-ի միջնորդավճարի, զբաղվածության օրացույց և ադմին։ Գինը՝ 450 000 ֏-ից։ Ցույց տա՞մ, թե ինչպես կլինի ձեզ մոտ։","Здравствуйте! Меня зовут Азат, я делаю сайты для бизнесов в Армении (EVNWEB). Заметил, что у Aragats Hostel нет своего сайта. Могу прислать короткое видео, как работает сайт отеля: прямая бронь без комиссии Booking, календарь занятости и админка. Цена от 450 000 ֏. Показать, как это будет выглядеть у вас?",,,,
42,3,Dream House & Hostel,хостел,Севан,+37495222012,"Բարև Ձեզ։ Ես Ազատն եմ, կայքեր եմ պատրաստում Հայաստանի բիզնեսների համար (EVNWEB)։ Նկատեցի, որ Dream House & Hostel-ը չունի սեփական կայք։ Կարող եմ ուղարկել կարճ տեսանյութ, թե ինչպես է աշխատում հյուրանոցի կայքը՝ ուղիղ ամրագրում առանց Booking-ի միջնորդավճարի, զբաղվածության օրացույց և ադմին։ Գինը՝ 450 000 ֏-ից։ Ցույց տա՞մ, թե ինչպես կլինի ձեզ մոտ։","Здравствуйте! Меня зовут Азат, я делаю сайты для бизнесов в Армении (EVNWEB). Заметил, что у Dream House & Hostel нет своего сайта. Могу прислать короткое видео, как работает сайт отеля: прямая бронь без комиссии Booking, календарь занятости и админка. Цена от 450 000 ֏. Показать, как это будет выглядеть у вас?",,,,
42,3,Hay Home,хостел,Ехегнадзор,+374400368,"Բարև Ձեզ։ Ես Ազատն եմ, կայքեր եմ պատրաստում Հայաստանի բիզնեսների համար (EVNWEB)։ Նկատեցի, որ Hay Home-ը չունի սեփական կայք։ Կարող եմ ուղարկել կարճ տեսանյութ, թե ինչպես է աշխատում հյուրանոցի կայքը՝ ուղիղ ամրագրում առանց Booking-ի միջնորդավճարի, զբաղվածության օրացույց և ադմին։ Գինը՝ 450 000 ֏-ից։ Ցույց տա՞մ, թե ինչպես կլինի ձեզ մոտ։","Здравствуйте! Меня зовут Азат, я делаю сайты для бизнесов в Армении (EVNWEB). Заметил, что у Hay Home нет своего сайта. Могу прислать короткое видео, как работает сайт отеля: прямая бронь без комиссии Booking, календарь занятости и админка. Цена от 450 000 ֏. Показать, как это будет выглядеть у вас?",ne_mobilny,,,
