google_id,name,category,niche,city,address,phone,website,instagram,facebook,telegram,whatsapp,viber,other_social,rating,reviews,status,hours,lat,lon,link,query
0x406abd11cea7c551:0x20d9bebaa251e0a9,"""FULL GAS""",Auto machine shop,автосервис,Ереван,"4 Sisakyan St, Yerevan 0099, Armenia",,,,,,,,,5.0,,open,,40.1920927,44.4682487,https://www.google.com/maps/place/%22FULL+GAS%22/data=!4m7!3m6!1s0x406abd11cea7c551:0x20d9bebaa251e0a9!8m2!3d40.1920927!4d44.4682487!16s%2Fg%2F11kz584pn4!19sChIJUcWnzhG9akARqeBRorq-2SA,"car repair in Malatia-Sebastia, Yerevan"
0x406abd58ce34aa01:0x79ee04e37ecf993a,/avtodiagnostik/centr,Auto repair shop,автосервис,Ереван,"39/1 2axyusagorcneri, Yerevan 0018, Armenia",,,,,,,,,,,open,,40.1659012,44.5200611,https://www.google.com/maps/place/%2Favtodiagnostik%2Fcentr/data=!4m7!3m6!1s0x406abd58ce34aa01:0x79ee04e37ecf993a!8m2!3d40.1659012!4d44.5200611!16s%2Fg%2F11rylkw4gv!19sChIJAao0zli9akAROpnPfuME7nk,"car repair in Kentron, Yerevan"
0x406abf815748022f:0x9a69fc69be6f4458,101 Ավտոսերվիզ,Auto repair shop,автосервис,Ереван,"5C94+848, Փարաքար, Yerevan 116, Armenia",,,,,,,,,,,open,,40.1682988,44.4053332,https://www.google.com/maps/place/101+%D4%B1%D5%BE%D5%BF%D5%B8%D5%BD%D5%A5%D6%80%D5%BE%D5%AB%D5%A6/data=!4m7!3m6!1s0x406abf815748022f:0x9a69fc69be6f4458!8m2!3d40.1682988!4d44.4053332!16s%2Fg%2F11sk0y_fm9!19sChIJLwJIV4G_akARWERvvmn8aZo,"car repair in Malatia-Sebastia, Yerevan"
0x406abd0031474c0b:0xf2883fcf50661289,7speed car repair,Transportation service,автосервис,Ереван,"7 H. Arghutyan str., Yerevan, Armenia",,,,,,,,,,,open,,40.2120117,44.5103126,https://www.google.com/maps/place/7speed+car+repair/data=!4m7!3m6!1s0x406abd0031474c0b:0xf2883fcf50661289!8m2!3d40.2120117!4d44.5103126!16s%2Fg%2F11nq0160cw!19sChIJC0xHMQC9akARiRJmUM8_iPI,"car repair in Arabkir, Yerevan"
0x406abdf7a13d9689:0x7a333ae954efe8db,999+1 car sevice avtodeg spasarakum,Car repair and maintenance service,автосервис,Ереван,"5GX3+WR2, Yerevan, Armenia",+37455262610,,,,,,,,,,open,,40.1997657,44.504523,https://www.google.com/maps/place/999%2B1+car+sevice+avtodeg+spasarakum/data=!4m7!3m6!1s0x406abdf7a13d9689:0x7a333ae954efe8db!8m2!3d40.1997657!4d44.504523!16s%2Fg%2F11flmg73xh!19sChIJiZY9ofe9akAR2-jvVOk6M3o,"car repair in Kentron, Yerevan"
0x406ab91613061a4f:0xc8f8ae0c82abb09a,"A K A Truck, Van & Bus Service",Auto body shop,автосервис,Ереван,"50/1 ARCAXI, Yerevan 0007, Armenia",+37443585823,,,,,,,,5.0,,open,,40.1195789,44.5030146,"https://www.google.com/maps/place/A+K+A+Truck,+Van+%26+Bus+Service/data=!4m7!3m6!1s0x406ab91613061a4f:0xc8f8ae0c82abb09a!8m2!3d40.1195789!4d44.5030146!16s%2Fg%2F11jlqhj5mg!19sChIJTxoGExa5akARmrCrggyu-Mg","car repair in Shengavit, Yerevan"
0x406aa3005d287a3d:0xcb29920847823266,AC GARAGE,Auto repair shop,автосервис,Ереван,"19, 12 Bagrevand St, Yerevan, Armenia",+37494886444,,,,,,,,5.0,,open,,40.1936287,44.5905819,https://www.google.com/maps/place/AC+GARAGE/data=!4m7!3m6!1s0x406aa3005d287a3d:0xcb29920847823266!8m2!3d40.1936287!4d44.5905819!16s%2Fg%2F11z8stthgb!19sChIJPXooXQCjakARZjKCRwiSKcs,"car repair in Nor Nork, Yerevan"
0x406abd47703fffd5:0xa45471e276355ebd,AM-Cat,Auto repair shop,автосервис,Ереван,"40.185893, 44.439043, Yerevan 0001, Armenia",+37477317490,,,,,,,,5.0,,open,,40.1587832,44.430449,https://www.google.com/maps/place/AM-Cat/data=!4m7!3m6!1s0x406abd47703fffd5:0xa45471e276355ebd!8m2!3d40.1587832!4d44.430449!16s%2Fg%2F11v66l9kd8!19sChIJ1f8_cEe9akARvV41duJxVKQ,"car repair in Malatia-Sebastia, Yerevan"
0x406abd368bbe14a1:0x4375e55d517da254,AMB Ավտոպահեստամասերի խանութ,Auto parts store,автосервис,Ереван,"6G48+7F9, Komitas Passing, Yerevan, Armenia",+37410241024,,,,,,,,4.8,,open,,40.2056524,44.5162368,https://www.google.com/maps/place/AMB+%D4%B1%D5%BE%D5%BF%D5%B8%D5%BA%D5%A1%D5%B0%D5%A5%D5%BD%D5%BF%D5%A1%D5%B4%D5%A1%D5%BD%D5%A5%D6%80%D5%AB+%D5%AD%D5%A1%D5%B6%D5%B8%D6%82%D5%A9/data=!4m7!3m6!1s0x406abd368bbe14a1:0x4375e55d517da254!8m2!3d40.2056524!4d44.5162368!16s%2Fg%2F1q66sx47j!19sChIJoRS-iza9akARVKJ9UV3ldUM,"car repair in Arabkir, Yerevan"
0x406abd42f4af5cf7:0xb9efea205bb236a4,AS SERVICE,Auto repair shop,автосервис,Ереван,"12/4 Gyurjyan Street, Yerevan, Armenia",+37455602200,,,,,,,,5.0,,open,,40.1896884,44.5579976,https://www.google.com/maps/place/AS+SERVICE/data=!4m7!3m6!1s0x406abd42f4af5cf7:0xb9efea205bb236a4!8m2!3d40.1896884!4d44.5579976!16s%2Fg%2F11kwrdy6x4!19sChIJ91yv9EK9akARpDayWyDq77k,"car repair in Nor Nork, Yerevan"
0x406abb006113d549:0x93bd17a8674cecd1,AUTOBOX,Car repair and maintenance service,автосервис,Ереван,"106a Davit-Bek St, Yerevan, Armenia",,,,,,,,,4.8,,open,,40.150892,44.5338436,https://www.google.com/maps/place/AUTOBOX/data=!4m7!3m6!1s0x406abb006113d549:0x93bd17a8674cecd1!8m2!3d40.150892!4d44.5338436!16s%2Fg%2F11zjwvs5b4!19sChIJSdUTYQC7akAR0exMZ6gXvZM,"car repair in Erebuni, Yerevan"
0x406abd5cf6a0cdd5:0xd438939067bdae0a,AVTOFAR,Car repair and maintenance service,автосервис,Ереван,"1, 28 Gogol St, Yerevan, Armenia",+37494900305,,,,,,,,5.0,,open,,40.1987596,44.5399335,https://www.google.com/maps/place/AVTOFAR/data=!4m7!3m6!1s0x406abd5cf6a0cdd5:0xd438939067bdae0a!8m2!3d40.1987596!4d44.5399335!16s%2Fg%2F11h2gl6tr1!19sChIJ1c2g9ly9akARCq69Z5CTONQ,"car repair in Nor Nork, Yerevan"
0x406abc1799ab7363:0x55ee934dd84d3944,AVTOMAT KAROBKA SPASARKUM VERANOROGUM,Mechanic,автосервис,Ереван,"Վերին Շենգավիթ 1փող 31տուն, Yerevan, Armenia",+37496963030,,,,,,,,4.5,,open,,40.1529341,44.4921164,https://www.google.com/maps/place/AVTOMAT+KAROBKA+SPASARKUM+VERANOROGUM/data=!4m7!3m6!1s0x406abc1799ab7363:0x55ee934dd84d3944!8m2!3d40.1529341!4d44.4921164!16s%2Fg%2F11dz_pnsfp!19sChIJY3OrmRe8akARRDlN2E2T7lU,"car repair in Shengavit, Yerevan"
0x406abb8875ced493:0x91c00846b5ae8f11,AVTOSERVICE,Auto repair shop,автосервис,Ереван,"97 Ayvazovskiy St, Yerevan, Armenia",,,,,,,,,5.0,,open,,40.1354241,44.5295791,https://www.google.com/maps/place/AVTOSERVICE/data=!4m7!3m6!1s0x406abb8875ced493:0x91c00846b5ae8f11!8m2!3d40.1354241!4d44.5295791!16s%2Fg%2F11sd6_r0jz!19sChIJk9TOdYi7akAREY-utUYIwJE,"car repair in Erebuni, Yerevan"
0x406abd56f37a1c1b:0xb1d94c8d1e28ea9c,Adis service,Auto repair shop,автосервис,Ереван,"davitashen 3th 6/1, Yerevan, Armenia",+37455230023,,,,,,,,,,open,,40.2151764,44.4912551,https://www.google.com/maps/place/Adis+service/data=!4m7!3m6!1s0x406abd56f37a1c1b:0xb1d94c8d1e28ea9c!8m2!3d40.2151764!4d44.4912551!16s%2Fg%2F11p1klcs96!19sChIJGxx681a9akARnOooHo1M2bE,"car repair in Arabkir, Yerevan"
0x406abd99d9f4f5a1:0x2a275556e57bb215,American autoservice,Auto repair shop,автосервис,Ереван,"5F4C+MH6, Yerevan, Armenia",+37491776852,,,,,,,,4.2,,open,,40.1566667,44.471389,https://www.google.com/maps/place/American+autoservice/data=!4m7!3m6!1s0x406abd99d9f4f5a1:0x2a275556e57bb215!8m2!3d40.1566667!4d44.471389!16s%2Fg%2F11j3ryh75d!19sChIJofX02Zm9akARFbJ75VZVJyo,"car repair in Kentron, Yerevan"
0x406abf0007f74045:0xeb630ddb03b18e3a,Amg_detailing.am,Auto repair shop,автосервис,Ереван,"5C78+7FW, Parakar, Armenia",,,,,,,,,5.0,,open,,40.162962,44.4168167,https://www.google.com/maps/place/Amg_detailing.am/data=!4m7!3m6!1s0x406abf0007f74045:0xeb630ddb03b18e3a!8m2!3d40.162962!4d44.4168167!16s%2Fg%2F11m64qgb83!19sChIJRUD3BwC_akAROo6xA9sNY-s,"car repair in Malatia-Sebastia, Yerevan"
0x406abd4d1f38047d:0x76a9339c74675a24,Apar,Auto repair shop,автосервис,Ереван,"5F85+7H8, Sebastia St, Yerevan 0015, Armenia",,,,,,,,,,,open,,40.1649902,44.4584963,https://www.google.com/maps/place/Apar/data=!4m7!3m6!1s0x406abd4d1f38047d:0x76a9339c74675a24!8m2!3d40.1649902!4d44.4584963!16s%2Fg%2F11st7crsdp!19sChIJfQQ4H029akARJFpndJwzqXY,"car repair in Malatia-Sebastia, Yerevan"
0x406abd0001b48a03:0x3654c171beb555f6,Aqua Print Armenia,Auto repair shop,автосервис,Ереван,"1 2nd St, Yerevan 0026, Armenia",,,,,,,,,5.0,,open,,40.1527388,44.4955096,https://www.google.com/maps/place/Aqua+Print+Armenia/data=!4m7!3m6!1s0x406abd0001b48a03:0x3654c171beb555f6!8m2!3d40.1527388!4d44.4955096!16s%2Fg%2F11y3n7qv_q!19sChIJA4q0AQC9akAR9lW1vnHBVDY,"car repair in Shengavit, Yerevan"
0x406abc4db94fd60d:0x5d10bdbb0b8d87f9,Ar&Ti,Auto repair shop,автосервис,Ереван,"6 Admiral Isakov Ave, Yerevan, Armenia",+37477677070,,,,,,,,4.0,,open,,40.1713809,44.4907275,https://www.google.com/maps/place/Ar%26Ti/data=!4m7!3m6!1s0x406abc4db94fd60d:0x5d10bdbb0b8d87f9!8m2!3d40.1713809!4d44.4907275!16s%2Fg%2F1tx_4vmp!19sChIJDdZPuU28akAR-YeNC7u9EF0,"car repair in Kentron, Yerevan"
0x406abd8b51efc981:0xcad913a32748199d,Arbi Service,Mechanic,автосервис,Ереван,"41 4th St, Yerevan 0010, Armenia",+37491171807,,,,,,,,,,open,,40.2115211,44.4835038,https://www.google.com/maps/place/Arbi+Service/data=!4m7!3m6!1s0x406abd8b51efc981:0xcad913a32748199d!8m2!3d40.2115211!4d44.4835038!16s%2Fg%2F11nqfcsvkf!19sChIJgcnvUYu9akARnRlIJ6MT2co,"car repair in Arabkir, Yerevan"
0x406aa3692eb9fb69:0x6afbbc759991485a,ArmAr Autoservice,Auto repair shop,автосервис,Ереван,"179/2 Tsarav Aghbyur St, Yerevan, Armenia",+37491419165,,,,,,,,5.0,,open,,40.2155087,44.5617542,https://www.google.com/maps/place/ArmAr+Autoservice/data=!4m7!3m6!1s0x406aa3692eb9fb69:0x6afbbc759991485a!8m2!3d40.2155087!4d44.5617542!16s%2Fg%2F11shc5sqw9!19sChIJafu5LmmjakARWkiRmXW8-2o,"car repair in Nor Nork, Yerevan"
0x406abd006314495b:0x9d2850f473b2eec,Art Auto,Auto repair shop,автосервис,Ереван,"128 12th Street, Yerevan, Armenia",,,,,,,,,5.0,,open,,40.1748525,44.4652454,https://www.google.com/maps/place/Art+Auto/data=!4m7!3m6!1s0x406abd006314495b:0x9d2850f473b2eec!8m2!3d40.1748525!4d44.4652454!16s%2Fg%2F11z9vyzgch!19sChIJW0kUYwC9akAR7C47Rw-F0gk,"car repair in Malatia-Sebastia, Yerevan"
0x406a972ae8dd6b0b:0x5e4a1b29359e51be,Artur Arhestanoc,Auto repair shop,автосервис,Ереван,"5CWF+84H, Yerevan, Armenia",,,,,,,,,,,open,,40.195372,44.4236597,https://www.google.com/maps/place/Artur+Arhestanoc/data=!4m7!3m6!1s0x406a972ae8dd6b0b:0x5e4a1b29359e51be!8m2!3d40.195372!4d44.4236597!16s%2Fg%2F11scs9lsmv!19sChIJC2vd6CqXakARvlGeNSkbSl4,"car repair in Malatia-Sebastia, Yerevan"
0x406aa325031fbce3:0xc65270ffd3aba479,Artur Sorsumatyan,Auto painting,автосервис,Ереван,"86/10 Fanarjyan St, Yerevan 0017, Armenia",+37498771726,,,,,,,,5.0,,open,,40.2128542,44.5445384,https://www.google.com/maps/place/Artur+Sorsumatyan/data=!4m7!3m6!1s0x406aa325031fbce3:0xc65270ffd3aba479!8m2!3d40.2128542!4d44.5445384!16s%2Fg%2F11xlg8l9nm!19sChIJ47wfAyWjakAReaSr0_9wUsY,"car repair in Nor Nork, Yerevan"
0x406abd756eb5eb3d:0x43f2381f32b8810e,Ashhh,Auto repair shop,автосервис,Ереван,"5CMH+F5F, Yerevan, Armenia",,,,,,,,,,,open,,40.1836724,44.4280233,https://www.google.com/maps/place/Ashhh/data=!4m7!3m6!1s0x406abd756eb5eb3d:0x43f2381f32b8810e!8m2!3d40.1836724!4d44.4280233!16s%2Fg%2F11l6sn6pwy!19sChIJPeu1bnW9akARDoG4Mh848kM,"car repair in Malatia-Sebastia, Yerevan"
0x406abde2184395ab:0x9ba5e410ff465763,Auto Chip Tuning,Auto electrical service,автосервис,Ереван,"Yerevan 0054, Armenia",+37455206005,,,,,,,,5.0,,open,,40.2167354,44.4937919,https://www.google.com/maps/place/Auto+Chip+Tuning/data=!4m7!3m6!1s0x406abde2184395ab:0x9ba5e410ff465763!8m2!3d40.2167354!4d44.4937919!16s%2Fg%2F11f65bt_ym!19sChIJq5VDGOK9akARY1dG_xDkpZs,"car repair in Arabkir, Yerevan"
0x406abd007dce473b:0xfb09a7cdceb35f33,Auto Comfort Centre,Auto electrical service,автосервис,Ереван,"6F4R+9XP, Sevkareci Saqo St, Yerevan, Armenia",+37491490497,,,,,,,,5.0,,open,,40.2058966,44.4925023,https://www.google.com/maps/place/Auto+Comfort+Centre/data=!4m7!3m6!1s0x406abd007dce473b:0xfb09a7cdceb35f33!8m2!3d40.2058966!4d44.4925023!16s%2Fg%2F11mrf165n7!19sChIJO0fOfQC9akARM1-zzs2nCfs,"car repair in Kentron, Yerevan"
0x406aa35ca2fe556f:0xd7963676064b62ee,Auto Condition,Auto parts market,автосервис,Ереван,"8, 16 Kocharyan St, Yerevan 0056, Armenia",+37499255655,,,,,,,,5.0,,open,,40.1914218,44.5646097,https://www.google.com/maps/place/Auto+Condition/data=!4m7!3m6!1s0x406aa35ca2fe556f:0xd7963676064b62ee!8m2!3d40.1914218!4d44.5646097!16s%2Fg%2F11sss9xyqw!19sChIJb1X-olyjakAR7mJLBnY2ltc,"car repair in Nor Nork, Yerevan"
0xac76bc1ccbb9e9a3:0x170d4c0c5a818784,Auto Diagnostics & Repair Ավտոէլեկտրիկ դիագնոստիկաr,Car repair and maintenance service,автосервис,Ереван,"17 Pavstos Buzand St, Yerevan 0002, Armenia",+37477992662,,,,,,,,5.0,,open,,40.179988,44.5113775,https://www.google.com/maps/place/Auto+Diagnostics+%26+Repair+%D4%B1%D5%BE%D5%BF%D5%B8%D5%A7%D5%AC%D5%A5%D5%AF%D5%BF%D6%80%D5%AB%D5%AF+%D5%A4%D5%AB%D5%A1%D5%A3%D5%B6%D5%B8%D5%BD%D5%BF%D5%AB%D5%AF%D5%A1r/data=!4m7!3m6!1s0xac76bc1ccbb9e9a3:0x170d4c0c5a818784!8m2!3d40.179988!4d44.5113775!16s%2Fg%2F11t6jcccj0!19sChIJo-m5yxy8dqwRhIeBWgxMDRc,"car repair in Kentron, Yerevan"
0x406abd718ada83ad:0xd21dd3bc9c2dbcea,Auto Electric and Car Repair Services,Car repair and maintenance service,автосервис,Ереван,"Hayast street 40.176787, 44.489820, Yerevan, Armenia",+37493414188,,,,,,,,5.0,,open,,40.1767612,44.4898469,https://www.google.com/maps/place/Auto+Electric+and+Car+Repair+Services/data=!4m7!3m6!1s0x406abd718ada83ad:0xd21dd3bc9c2dbcea!8m2!3d40.1767612!4d44.4898469!16s%2Fg%2F11ldj4mcs3!19sChIJrYPainG9akAR6rwtnLzTHdI,"car repair in Kentron, Yerevan"
0x406abd00c746abcd:0x71b28d5396c9f8c4,Auto Home Ավտոպահեստամասեր,Auto parts store,автосервис,Ереван,"2 Kievyan St, Yerevan 0028, Armenia",+37493001133,,,,,,,,5.0,,open,,40.1929318,44.4850534,https://www.google.com/maps/place/Auto+Home+%D4%B1%D5%BE%D5%BF%D5%B8%D5%BA%D5%A1%D5%B0%D5%A5%D5%BD%D5%BF%D5%A1%D5%B4%D5%A1%D5%BD%D5%A5%D6%80/data=!4m7!3m6!1s0x406abd00c746abcd:0x71b28d5396c9f8c4!8m2!3d40.1929318!4d44.4850534!16s%2Fg%2F11f658ycnn!19sChIJzatGxwC9akARxPjJllONsnE,"car repair in Kentron, Yerevan"
0x406aa30e07f4f243:0xf544480b085b42a5,Auto Oil Yerevan,Auto repair shop,автосервис,Ереван,"8, 16 Kocharyan St, Yerevan, Armenia",+37499255655,,,,,,,,5.0,,open,,40.1915556,44.5647688,https://www.google.com/maps/place/Auto+Oil+Yerevan/data=!4m7!3m6!1s0x406aa30e07f4f243:0xf544480b085b42a5!8m2!3d40.1915556!4d44.5647688!16s%2Fg%2F11g3hv8h5c!19sChIJQ_L0Bw6jakARpUJbCAtIRPU,"car repair in Kentron, Yerevan"
0x406abd00769deb71:0x56d3ecd942240d9f,Auto Parts Toyota/Lexus,Auto repair shop,автосервис,Ереван,"155, 5 Sebastia St, Yerevan, Armenia",,,,,,,,,,,open,,40.1649922,44.4618887,https://www.google.com/maps/place/Auto+Parts+Toyota%2FLexus/data=!4m7!3m6!1s0x406abd00769deb71:0x56d3ecd942240d9f!8m2!3d40.1649922!4d44.4618887!16s%2Fg%2F11zh6rs7nx!19sChIJceuddgC9akARnw0kQtns01Y,"car repair in Kentron, Yerevan"
0x406abd26ad530edb:0x83d2ed899238059a,Auto Plus,Car battery store,автосервис,Ереван,"163 Charents St, Yerevan, Armenia",+37494501810,,,,,,,,5.0,,open,,40.1696729,44.5243497,https://www.google.com/maps/place/Auto+Plus/data=!4m7!3m6!1s0x406abd26ad530edb:0x83d2ed899238059a!8m2!3d40.1696729!4d44.5243497!16s%2Fg%2F11snf6sy6_!19sChIJ2w5TrSa9akARmgU4kont0oM,"car repair in Kentron, Yerevan"
0x406abde7007930e3:0x7600d22276f31555,Auto Power Car Service and Spare parts,Auto electrical service,автосервис,Ереван,"5G2F+5C6, Davit-Bek St, Yerevan, Armenia",+37499447770,,,,,,,,,,open,,40.1504244,44.5235243,https://www.google.com/maps/place/Auto+Power+Car+Service+and+Spare+parts/data=!4m7!3m6!1s0x406abde7007930e3:0x7600d22276f31555!8m2!3d40.1504244!4d44.5235243!16s%2Fg%2F11h_3mx9jx!19sChIJ4zB5AOe9akARVRXzdiLSAHY,"car repair in Kentron, Yerevan"
0x406abd4f4c064851:0x5835e408422b4947,Auto Service,Auto repair shop,автосервис,Ереван,"6G34+222, Hrachya Kochar St, Yerevan, Armenia",,,,,,,,,5.0,,open,,40.2025112,44.505001,https://www.google.com/maps/place/Auto+Service/data=!4m7!3m6!1s0x406abd4f4c064851:0x5835e408422b4947!8m2!3d40.2025112!4d44.505001!16s%2Fg%2F11j67dt634!19sChIJUUgGTE-9akARR0krQgjkNVg,"car repair in Arabkir, Yerevan"
0x406aa3d031f2a871:0x46dd746969eff65e,"Auto maintenance service, mechanic",Car repair and maintenance service,автосервис,Ереван,"11, 1 Nver Safaryan St, Yerevan, Armenia",+37499313315,,,,,,,,5.0,,open,,40.2157111,44.5865474,"https://www.google.com/maps/place/Auto+maintenance+service,+mechanic/data=!4m7!3m6!1s0x406aa3d031f2a871:0x46dd746969eff65e!8m2!3d40.2157111!4d44.5865474!16s%2Fg%2F11l6x165kq!19sChIJcajyMdCjakARXvbvaWl03UY","car repair in Nor Nork, Yerevan"
0x406abde6a6fd7db9:0xd4ee057f70f225e3,Auto parts and oil change,Auto parts store,автосервис,Ереван,"0034, 115 Gusan Sheram Street, Yerevan 0034, Armenia",+37493865089,,,,,,,,5.0,,open,,40.1739968,44.4375689,https://www.google.com/maps/place/Auto+parts+and+oil+change/data=!4m7!3m6!1s0x406abde6a6fd7db9:0xd4ee057f70f225e3!8m2!3d40.1739968!4d44.4375689!16s%2Fg%2F11cnx5_yv7!19sChIJuX39pua9akAR4yXycH8F7tQ,"car repair in Malatia-Sebastia, Yerevan"
0x406abde5be61c051:0x3afdee8997f403ac,Auto parts store,Auto parts store,автосервис,Ереван,"105 Gusan Sheram Street, Yerevan, Armenia",+37477070408,,,,,,,,5.0,,open,,40.1762566,44.4387064,https://www.google.com/maps/place/Auto+parts+store/data=!4m7!3m6!1s0x406abde5be61c051:0x3afdee8997f403ac!8m2!3d40.1762566!4d44.4387064!16s%2Fg%2F11cn0641xy!19sChIJUcBhvuW9akARrAP0l4nu_To,"car repair in Malatia-Sebastia, Yerevan"
0x406abd002659596d:0xbb5a0e4261d7a731,Auto services,Auto restoration service,автосервис,Ереван,"21 Sevan Street, Yerevan, Armenia",,,,,,,,,,,open,,40.1514082,44.503785,https://www.google.com/maps/place/Auto+services/data=!4m7!3m6!1s0x406abd002659596d:0xbb5a0e4261d7a731!8m2!3d40.1514082!4d44.503785!16s%2Fg%2F11ydv6kc5_!19sChIJbVlZJgC9akARMafXYUIOWrs,"car repair in Kentron, Yerevan"
0x406abd69f82b12a3:0xd0c9ec321dd99384,Auto servis,Auto machine shop,автосервис,Ереван,"Без названия https://maps.app.goo.gl/hwA6XEZKts5FTtMv8, Yerevan, Armenia",+37493230700,,,,,,,,5.0,,open,,40.1789723,44.437576,https://www.google.com/maps/place/Auto+servis/data=!4m7!3m6!1s0x406abd69f82b12a3:0xd0c9ec321dd99384!8m2!3d40.1789723!4d44.437576!16s%2Fg%2F11kbl6msv3!19sChIJoxIr-Gm9akARhJPZHTLsydA,"car repair in Kentron, Yerevan"
0x406abd002e3e1459:0xa221abcdcf53d89f,Auto stop,Auto repair shop,автосервис,Ереван,"5G3F+G9F, Yerevan, Armenia",,,,,,,,,5.0,,open,,40.1532041,44.5237423,https://www.google.com/maps/place/Auto+stop/data=!4m7!3m6!1s0x406abd002e3e1459:0xa221abcdcf53d89f!8m2!3d40.1532041!4d44.5237423!16s%2Fg%2F11n9ffxdh3!19sChIJWRQ-LgC9akARn9hTz82rIaI,"car repair in Erebuni, Yerevan"
0x406abff6be52cba1:0x3cc0bcbb5ac517d0,AutoService,Auto repair shop,автосервис,Ереван,"41/7 Sharur St, Yerevan 0043, Armenia",+37499090786,,,,,,,,5.0,,open,,40.1359447,44.4563801,https://www.google.com/maps/place/AutoService/data=!4m7!3m6!1s0x406abff6be52cba1:0x3cc0bcbb5ac517d0!8m2!3d40.1359447!4d44.4563801!16s%2Fg%2F11ks08mxqk!19sChIJoctSvva_akAR0BfFWru8wDw,"car repair in Shengavit, Yerevan"
0x406abd519a6d6903:0xec6642f4794b228e,Autodiagnostika Smart Garage,Auto repair shop,автосервис,Ереван,"Parakar, Armenia",+37499252200,,,,,,,,5.0,,open,,40.1658613,44.416462,https://www.google.com/maps/place/Autodiagnostika+Smart+Garage/data=!4m7!3m6!1s0x406abd519a6d6903:0xec6642f4794b228e!8m2!3d40.1658613!4d44.416462!16s%2Fg%2F11s493dkp9!19sChIJA2ltmlG9akARjiJLefRCZuw,"car repair in Shengavit, Yerevan"
0x406abd91f80693e5:0xefe796262fa83a46,Autodoc+,Auto repair shop,автосервис,Ереван,"18 Frunze St, Yerevan 0061, Armenia",,,,,,,,,5.0,,open,,40.1470609,44.4942549,https://www.google.com/maps/place/Autodoc%2B/data=!4m7!3m6!1s0x406abd91f80693e5:0xefe796262fa83a46!8m2!3d40.1470609!4d44.4942549!16s%2Fg%2F11stj00ks8!19sChIJ5ZMG-JG9akARRjqoLyaW5-8,"car repair in Shengavit, Yerevan"
0x406abd00568941a9:0x553123540f5c7446,Autoelectric,Auto repair shop,автосервис,Ереван,"13, 4 Ohanov St, Yerevan, Armenia",,,,,,,,,,,open,,40.1798347,44.4517365,https://www.google.com/maps/place/Autoelectric/data=!4m7!3m6!1s0x406abd00568941a9:0x553123540f5c7446!8m2!3d40.1798347!4d44.4517365!16s%2Fg%2F11z5_p71jy!19sChIJqUGJVgC9akARRnRcD1QjMVU,"car repair in Malatia-Sebastia, Yerevan"
0x406abd003ee7730b:0xa06830333d161a9,Autoelectric ԱվտոԷլեկտրիկ Автоэлектрик Avtoelektrik,Auto electrical service,автосервис,Ереван,"149 Sebastia St, Yerevan, Armenia",+37441500606,,,,,,,,4.6,,open,,40.1666827,44.4583607,https://www.google.com/maps/place/Autoelectric+%D4%B1%D5%BE%D5%BF%D5%B8%D4%B7%D5%AC%D5%A5%D5%AF%D5%BF%D6%80%D5%AB%D5%AF+%D0%90%D0%B2%D1%82%D0%BE%D1%8D%D0%BB%D0%B5%D0%BA%D1%82%D1%80%D0%B8%D0%BA+Avtoelektrik/data=!4m7!3m6!1s0x406abd003ee7730b:0xa06830333d161a9!8m2!3d40.1666827!4d44.4583607!16s%2Fg%2F11z478297q!19sChIJC3PnPgC9akARqWHRMwODBgo,"car repair in Shengavit, Yerevan"
0x406abdbf90e97ef7:0x62461b593c769e79,Autoelektrik 13,Car repair and maintenance service,автосервис,Ереван,"Yerevan, Armenia",+37498059939,,,,,,,,5.0,,open,,40.1667585,44.4488092,https://www.google.com/maps/place/Autoelektrik+13/data=!4m7!3m6!1s0x406abdbf90e97ef7:0x62461b593c769e79!8m2!3d40.1667585!4d44.4488092!16s%2Fg%2F11zh8s73v8!19sChIJ937pkL-9akAReZ52PFkbRmI,"car repair in Malatia-Sebastia, Yerevan"
0x406abf0001768143:0x218f70f8227f37df,Autogarage,Auto repair shop,автосервис,Ереван,"4FMP+4X4, Yerevan, Armenia",,,,,,,,,5.0,,open,,40.1327692,44.4874567,https://www.google.com/maps/place/Autogarage/data=!4m7!3m6!1s0x406abf0001768143:0x218f70f8227f37df!8m2!3d40.1327692!4d44.4874567!16s%2Fg%2F11xd137298!19sChIJQ4F2AQC_akAR3zd_IvhwjyE,"car repair in Shengavit, Yerevan"
0x406abfa612b1d52d:0x18506dbcebc40ac3,Autojan LLC,Auto machine shop,автосервис,Ереван,"32 Admiral Isakov Ave, Yerevan 0082, Armenia",+37444520101,,,,,,,,,,open,,40.1582384,44.4504717,https://www.google.com/maps/place/Autojan+LLC/data=!4m7!3m6!1s0x406abfa612b1d52d:0x18506dbcebc40ac3!8m2!3d40.1582384!4d44.4504717!16s%2Fg%2F11w_h61r5s!19sChIJLdWxEqa_akARwwrE67xtUBg,"car repair in Malatia-Sebastia, Yerevan"
0x406abd9cf55e993d:0xb780a23e74ab295c,Autoline,Auto parts store,автосервис,Ереван,"Leningradyan St, Yerevan, Armenia",+37411399199,,,,,,,,4.5,,open,,40.19125,44.4663946,https://www.google.com/maps/place/Autoline/data=!4m7!3m6!1s0x406abd9cf55e993d:0xb780a23e74ab295c!8m2!3d40.19125!4d44.4663946!16s%2Fg%2F11b6ppcfn8!19sChIJPZle9Zy9akARXCmrdD6igLc,"car repair in Kentron, Yerevan"
0x406abd002262abe3:0x317f7b648af8a2c6,Autoservice,Auto repair shop,автосервис,Ереван,"23 Leningradyan St, Yerevan, Armenia",,,,,,,,,,,open,,40.1905323,44.4695508,https://www.google.com/maps/place/Autoservice/data=!4m7!3m6!1s0x406abd002262abe3:0x317f7b648af8a2c6!8m2!3d40.1905323!4d44.4695508!16s%2Fg%2F11z7mgz2ns!19sChIJ46tiIgC9akARxqL4imR7fzE,"car repair in Malatia-Sebastia, Yerevan"
0x406abbe6940655c5:0xab41ade46bdd26c2,Autoservice Erebuni,Auto machine shop,автосервис,Ереван,"4GMF+86X, Yerevan, Armenia",+37493557262,,,,,,,,,,open,,40.1333559,44.5230993,https://www.google.com/maps/place/Autoservice+Erebuni/data=!4m7!3m6!1s0x406abbe6940655c5:0xab41ade46bdd26c2!8m2!3d40.1333559!4d44.5230993!16s%2Fg%2F11f3187hl4!19sChIJxVUGlOa7akARwibda-StQas,"car repair in Erebuni, Yerevan"
0x406a97fe4bdecdad:0xff17da0b25e3ae09,Aviva Armenia,CNG fitment center,автосервис,Ереван,"30 building, Yerevan 0054, Armenia",+37494123400,,,,,,,,4.6,,open,,40.2197118,44.4944275,https://www.google.com/maps/place/Aviva+Armenia/data=!4m7!3m6!1s0x406a97fe4bdecdad:0xff17da0b25e3ae09!8m2!3d40.2197118!4d44.4944275!16s%2Fg%2F11gfnfnw5c!19sChIJrc3eS_6XakARCa7jJQvaF_8,"car repair in Arabkir, Yerevan"
0x406abdddfce87635:0x4dc9130eb2f8da4d,Avo parts,Auto parts store,автосервис,Ереван,"5FHR+28J, Ayas St, Yerevan, Armenia",+37455443432,,,,,,,,5.0,,open,,40.1779132,44.490778,https://www.google.com/maps/place/Avo+parts/data=!4m7!3m6!1s0x406abdddfce87635:0x4dc9130eb2f8da4d!8m2!3d40.1779132!4d44.490778!16s%2Fg%2F11l6gk6kq7!19sChIJNXbo_N29akARTdr4sg4TyU0,"car repair in Kentron, Yerevan"
0x406aa3cf7e50fa19:0xd68a258d84397462,Avto.texspasarkum,Auto repair shop,автосервис,Ереван,"5HRC+J22, Gyulikevkhyan St, Yerevan, Armenia",+37477850470,,,,,,,,5.0,,open,,40.1915105,44.5700077,https://www.google.com/maps/place/Avto.texspasarkum/data=!4m7!3m6!1s0x406aa3cf7e50fa19:0xd68a258d84397462!8m2!3d40.1915105!4d44.5700077!16s%2Fg%2F11ss57mw3z!19sChIJGfpQfs-jakARYnQ5hI0litY,"car repair in Nor Nork, Yerevan"
0x406abd7b80b60f39:0xdc29cfc0f32ca383,AvtoLend_AutoService,Auto repair shop,автосервис,Ереван,"121/6 Armenak Armenakyan St, Yerevan 0010, Armenia",+37494654717,,,,,,,,5.0,,open,,40.1878972,44.5351165,https://www.google.com/maps/place/AvtoLend_AutoService/data=!4m7!3m6!1s0x406abd7b80b60f39:0xdc29cfc0f32ca383!8m2!3d40.1878972!4d44.5351165!16s%2Fg%2F11zynmr9j5!19sChIJOQ-2gHu9akARg6Ms88DPKdw,"car repair in Kentron, Yerevan"
0x406abd115b8323e3:0x1d1be95a58edffa,Avtopahestamaser,Auto parts store,автосервис,Ереван,"12 Leo St, Yerevan 0002, Armenia",+37496500120,,,,,,,,5.0,,open,,40.1794134,44.5024366,https://www.google.com/maps/place/Avtopahestamaser/data=!4m7!3m6!1s0x406abd115b8323e3:0x1d1be95a58edffa!8m2!3d40.1794134!4d44.5024366!16s%2Fg%2F11nmsjvzxc!19sChIJ4yODWxG9akAR-t-OpZW-0QE,"car repair in Kentron, Yerevan"
0x406ab968cce7225f:0xd8992db3d2efb3cb,Ayntap,Auto repair shop,автосервис,Ереван,"10 H8, Yerevan 0803, Armenia",,,,,,,,,4.6,,open,,40.1059933,44.4707515,https://www.google.com/maps/place/Ayntap/data=!4m7!3m6!1s0x406ab968cce7225f:0xd8992db3d2efb3cb!8m2!3d40.1059933!4d44.4707515!16s%2Fg%2F11l2_b12rz!19sChIJXyLnzGi5akARy7Pv0rMtmdg,"car repair in Shengavit, Yerevan"
0x406abb3993c28b6d:0xee75429458ac82ea,BM Electronics,Auto repair shop,автосервис,Ереван,"113, Yerevan 0020, Armenia",+37491109513,,,,,,,,1.0,,open,,40.1415276,44.5325945,https://www.google.com/maps/place/BM+Electronics/data=!4m7!3m6!1s0x406abb3993c28b6d:0xee75429458ac82ea!8m2!3d40.1415276!4d44.5325945!16s%2Fg%2F11tfz53vb8!19sChIJbYvCkzm7akAR6oKsWJRCde4,"car repair in Erebuni, Yerevan"
0x406abf003e53f3e3:0x7cd3ab54743a1861,BMW LIFE,Auto repair shop,автосервис,Ереван,"5C6M+8JX, Parakar, Armenia",,,,,,,,,5.0,,open,,40.161224,44.4341783,https://www.google.com/maps/place/BMW+LIFE/data=!4m7!3m6!1s0x406abf003e53f3e3:0x7cd3ab54743a1861!8m2!3d40.161224!4d44.4341783!16s%2Fg%2F11nr6gjd4v!19sChIJ4_NTPgC_akARYRg6dFSr03w,"car repair in Malatia-Sebastia, Yerevan"
0x406abd00452a6073:0xab2e109204110aeb,BMW jri pomp & termostatner,Auto body parts supplier,автосервис,Ереван,"5FXH+J2C, Abelian St, Yerevan, Armenia",+37455804566,,,,,,,,,,open,,40.199058,44.477511,https://www.google.com/maps/place/BMW+jri+pomp+%26+termostatner/data=!4m7!3m6!1s0x406abd00452a6073:0xab2e109204110aeb!8m2!3d40.199058!4d44.477511!16s%2Fg%2F11yp0t9w1f!19sChIJc2AqRQC9akAR6woRBJIQLqs,"car repair in Arabkir, Yerevan"
0x406abd221353453b:0xc246c7b71b49237d,BMW service(Ando),Car repair and maintenance service,автосервис,Ереван,"23 Chekhov St, Yerevan, Armenia",,,,,,,,,,,open,,40.1523391,44.4800229,https://www.google.com/maps/place/BMW+service%28Ando%29/data=!4m7!3m6!1s0x406abd221353453b:0xc246c7b71b49237d!8m2!3d40.1523391!4d44.4800229!16s%2Fg%2F11py_wwdfd!19sChIJO0VTEyK9akARfSNJG7fHRsI,"car repair in Kentron, Yerevan"
0x406abd4daf2be2d3:0xdbc4301bacfe9e62,BMWARM,Car repair and maintenance service,автосервис,Ереван,"Դավթաշեն Եղվարդի խճուղի 118/1 Eghvard, 118/1 highway, Yerevan 0054, Armenia",+37455959515,,,,,,,,5.0,,open,,40.2147207,44.4934939,https://www.google.com/maps/place/BMWARM/data=!4m7!3m6!1s0x406abd4daf2be2d3:0xdbc4301bacfe9e62!8m2!3d40.2147207!4d44.4934939!16s%2Fg%2F11d_yz85wz!19sChIJ0-Irr029akARYp7-rBswxNs,"car repair in Arabkir, Yerevan"
0x406aa30015585729:0x545736d792129ee0,Best Garage,Car repair and maintenance service,автосервис,Ереван,"5HPF+F3J, Yerevan, Armenia",,,,,,,,,,,open,,40.1862194,44.5726477,https://www.google.com/maps/place/Best+Garage/data=!4m7!3m6!1s0x406aa30015585729:0x545736d792129ee0!8m2!3d40.1862194!4d44.5726477!16s%2Fg%2F11zj_kflbx!19sChIJKVdYFQCjakAR4J4Sktc2V1Q,"car repair in Nor Nork, Yerevan"
0x406aa300751d2897:0xe1427faf27329b1a,Bodyshop,Auto repair shop,автосервис,Ереван,"3 Raynis St, Yerevan, Armenia",,,,,,,,,,,open,,40.2015539,44.5474287,https://www.google.com/maps/place/Bodyshop/data=!4m7!3m6!1s0x406aa300751d2897:0xe1427faf27329b1a!8m2!3d40.2015539!4d44.5474287!16s%2Fg%2F11x5cydxwb!19sChIJlygddQCjakARGpsyJ69_QuE,"car repair in Nor Nork, Yerevan"
0x406aa3aed328f46f:0x4e3f74c4d6bd9a73,C.Ars Tuning,Auto body shop,автосервис,Ереван,"43/2 Myasnikyan Ave, Yerevan, Armenia",+37491311223,,,,,,,,,,open,,40.1952749,44.5441026,https://www.google.com/maps/place/C.Ars+Tuning/data=!4m7!3m6!1s0x406aa3aed328f46f:0x4e3f74c4d6bd9a73!8m2!3d40.1952749!4d44.5441026!16s%2Fg%2F11yl7wm8pk!19sChIJb_Qo066jakARc5q91sR0P04,"car repair in Kentron, Yerevan"
0x406abd0038c56c95:0x2f2a6001283db6ed,CNG gas station,CNG fitment center,автосервис,Ереван,"6F8V+3J7, Yeghvard Hwy, Yerevan 0054, Armenia",,,,,,,,,,,open,,40.2153902,44.4943332,https://www.google.com/maps/place/CNG+gas+station/data=!4m7!3m6!1s0x406abd0038c56c95:0x2f2a6001283db6ed!8m2!3d40.2153902!4d44.4943332!16s%2Fg%2F11ylpxlgm5!19sChIJlWzFOAC9akAR7bY9KAFgKi8,"car repair in Arabkir, Yerevan"
0x406aa3a0d877a685:0xa6eace397da47b32,CVT Center,Auto repair shop,автосервис,Ереван,"37/38 Z.Sarkavagi, Yerevan 0091, Armenia",+37494379993,,,,,,,,5.0,,open,,40.2186496,44.5379712,https://www.google.com/maps/place/CVT+Center/data=!4m7!3m6!1s0x406aa3a0d877a685:0xa6eace397da47b32!8m2!3d40.2186496!4d44.5379712!16s%2Fg%2F11v18xs7nq!19sChIJhaZ32KCjakARMnukfTnO6qY,"car repair in Nor Nork, Yerevan"
0x406aa300081a6107:0x5ec69938c70ed6ad,Car Air conditioning repair,Car repair and maintenance service,автосервис,Ереван,"6H87+R4Q, Yerevan, Armenia",+37498343331,,,,,,,,,,open,,40.2170976,44.562847,https://www.google.com/maps/place/Car+Air+conditioning+repair/data=!4m7!3m6!1s0x406aa300081a6107:0x5ec69938c70ed6ad!8m2!3d40.2170976!4d44.562847!16s%2Fg%2F11zbp572xp!19sChIJB2EaCACjakARrdYOxziZxl4,"car repair in Nor Nork, Yerevan"
0x406abd0007185e89:0x5722cb6baac6d5ba,Car Clinic,Auto repair shop,автосервис,Ереван,"1 Kurghinian St, Yerevan, Armenia",+37477780087,,,,,,,,5.0,,open,,40.1679814,44.4670093,https://www.google.com/maps/place/Car+Clinic/data=!4m7!3m6!1s0x406abd0007185e89:0x5722cb6baac6d5ba!8m2!3d40.1679814!4d44.4670093!16s%2Fg%2F11nvjh9_jz!19sChIJiV4YBwC9akARutXGqmvLIlc,"car repair in Malatia-Sebastia, Yerevan"
0x406abd0069904efb:0x3bcf309a39a6851c,Car Doc,Auto electrical service,автосервис,Ереван,"Nar Dos 73, 73A Nar-Dos St, Yerevan 0012, Armenia",+37441553776,,,,,,,,,,open,,40.167197,44.5192515,https://www.google.com/maps/place/Car+Doc/data=!4m7!3m6!1s0x406abd0069904efb:0x3bcf309a39a6851c!8m2!3d40.167197!4d44.5192515!16s%2Fg%2F11m6qrxg7k!19sChIJ-06QaQC9akARHIWmOZowzzs,"car repair in Kentron, Yerevan"
0x406aa2b46adfd247:0x68367583b8f4fd93,Car Electronic Master,Car repair and maintenance service,автосервис,Ереван,"14, 11 Nikoghayos Adonts St, Yerevan 0014, Armenia",+37494435915,,,,,,,,5.0,,open,,40.2107812,44.5260734,https://www.google.com/maps/place/Car+Electronic+Master/data=!4m7!3m6!1s0x406aa2b46adfd247:0x68367583b8f4fd93!8m2!3d40.2107812!4d44.5260734!16s%2Fg%2F11g73593b6!19sChIJR9LfarSiakARk_30uIN1Nmg,"car repair in Arabkir, Yerevan"
0x406aa3a0b86d3837:0xcb49fb644ef575a3,Car Expert,Auto repair shop,автосервис,Ереван,"1-in nrb.1-in Qanaqera 39/1 1-ին նրբ. 1-ին Քանաքեռա, 39/1 Канакера, Yerevan, Armenia",+37498500003,,,,,,,,,,open,,40.2155514,44.531601,https://www.google.com/maps/place/Car+Expert/data=!4m7!3m6!1s0x406aa3a0b86d3837:0xcb49fb644ef575a3!8m2!3d40.2155514!4d44.531601!16s%2Fg%2F11lzs3g2w6!19sChIJNzhtuKCjakARo3X1TmT7Scs,"car repair in Arabkir, Yerevan"
0x406abde41e184401:0xf7bc7bde28c42ca6,Car Repair and Maintenance,Car repair and maintenance service,автосервис,Ереван,"0034, 115 Gusan Sheram Street, Yerevan 0034, Armenia",,,,,,,,,5.0,,open,,40.1741959,44.4375745,https://www.google.com/maps/place/Car+Repair+and+Maintenance/data=!4m7!3m6!1s0x406abde41e184401:0xf7bc7bde28c42ca6!8m2!3d40.1741959!4d44.4375745!16s%2Fg%2F11cn0638yd!19sChIJAUQYHuS9akARpizEKN57vPc,"car repair in Shengavit, Yerevan"
0x406abdea033fffff:0x72b6b261ee21b63a,Car Service,Cars,автосервис,Ереван,"5FG2+MPX, Yerevan, Armenia",,,,,,,,,,,open,,40.176726,44.4518489,https://www.google.com/maps/place/Car+Service/data=!4m7!3m6!1s0x406abdea033fffff:0x72b6b261ee21b63a!8m2!3d40.176726!4d44.4518489!16s%2Fg%2F11txv1wgh3!19sChIJ__8_A-q9akAROrYh7mGytnI,"car repair in Malatia-Sebastia, Yerevan"
0x406abdd5f6726531:0xda0d9fffe68433ca,Car electric,Car repair and maintenance service,автосервис,Ереван,"6G36+QG8, Yerevan, Armenia",+37455162233,,,,,,,,5.0,,open,,40.2044071,44.5113149,https://www.google.com/maps/place/Car+electric/data=!4m7!3m6!1s0x406abdd5f6726531:0xda0d9fffe68433ca!8m2!3d40.2044071!4d44.5113149!16s%2Fg%2F11hzkf4sj2!19sChIJMWVy9tW9akARyjOE5v-fDdo,"car repair in Arabkir, Yerevan"
0x406aa30030c00fa1:0x6c9b0cd816bf9b7d,Car plus service,Auto repair shop,автосервис,Ереван,"7, 3 Acharyan St, Yerevan, Armenia",,,,,,,,,5.0,,open,,40.215287,44.5621914,https://www.google.com/maps/place/Car+plus+service/data=!4m7!3m6!1s0x406aa30030c00fa1:0x6c9b0cd816bf9b7d!8m2!3d40.215287!4d44.5621914!16s%2Fg%2F11mrsbykr6!19sChIJoQ_AMACjakARfZu_FtgMm2w,"car repair in Kentron, Yerevan"
0x406abd000f9dac1b:0x75ac808197456717,Car service,Auto restoration service,автосервис,Ереван,"5G23+CF7, Sevan Street, Yerevan, Armenia",,,,,,,,,,,open,,40.1510258,44.5036731,https://www.google.com/maps/place/Car+service/data=!4m7!3m6!1s0x406abd000f9dac1b:0x75ac808197456717!8m2!3d40.1510258!4d44.5036731!16s%2Fg%2F11xfbq2yx0!19sChIJG6ydDwC9akARF2dFl4GArHU,"car repair in Kentron, Yerevan"
0x406aa300373c06dd:0x14cb840efdd7f612,Car tyre service,Car repair and maintenance service,автосервис,Ереван,"6G2V+HCM, Rubinyants St, Yerevan, Armenia",+37443343000,,,,,,,,5.0,,open,,40.2013555,44.54331,https://www.google.com/maps/place/Car+tyre+service/data=!4m7!3m6!1s0x406aa300373c06dd:0x14cb840efdd7f612!8m2!3d40.2013555!4d44.54331!16s%2Fg%2F11y3w2vwmj!19sChIJ3QY8NwCjakAREvbX_Q6EyxQ,"car repair in Kentron, Yerevan"
0x406abd0130be59bd:0x139e2b1786d1f51f,Cararat Garage,Auto repair shop,автосервис,Ереван,"Նար-Դոս 36ա, Yerevan, Armenia",+37495396166,,,,,,,,5.0,,open,,40.1655452,44.517511,https://www.google.com/maps/place/Cararat+Garage/data=!4m7!3m6!1s0x406abd0130be59bd:0x139e2b1786d1f51f!8m2!3d40.1655452!4d44.517511!16s%2Fg%2F11rq8dz69n!19sChIJvVm-MAG9akARH_XRhhcrnhM,"car repair in Kentron, Yerevan"
0x406abdd7a64a242b:0x37c2ed6650e570a,Carlos,Auto repair shop,автосервис,Ереван,"7/1 Hovsep Arghutian St, Yerevan 0015, Armenia",+37491010166,,,,,,,,,,open,,40.2137881,44.5081118,https://www.google.com/maps/place/Carlos/data=!4m7!3m6!1s0x406abdd7a64a242b:0x37c2ed6650e570a!8m2!3d40.2137881!4d44.5081118!16s%2Fg%2F11zf9gmnk_!19sChIJKyRKpte9akARClcOZdYufAM,"car repair in Arabkir, Yerevan"
0x406abdc96bf72a47:0x6a0b854bd56e76a8,"Carmagic Ավտոտեխսպասարկում, Avtotexspasarkum",Oil change service,автосервис,Ереван,"144 Bashinjaghyan St, Yerevan, Armenia",+37494199904,,,,,,,,5.0,,open,,40.2009559,44.46885,"https://www.google.com/maps/place/Carmagic+%D4%B1%D5%BE%D5%BF%D5%B8%D5%BF%D5%A5%D5%AD%D5%BD%D5%BA%D5%A1%D5%BD%D5%A1%D6%80%D5%AF%D5%B8%D6%82%D5%B4,+Avtotexspasarkum/data=!4m7!3m6!1s0x406abdc96bf72a47:0x6a0b854bd56e76a8!8m2!3d40.2009559!4d44.46885!16s%2Fg%2F11vpggq8sy!19sChIJRyr3a8m9akARqHZu1UuFC2o","car repair in Kentron, Yerevan"
0x406abd002f7d86f5:0x5ec45703245ffb6b,Cars Wheel ring repair shop,Car repair and maintenance service,автосервис,Ереван,"15, 3 Գրիբոյեդով, Yerevan 0051, Armenia",,,,,,,,,,,open,,40.2093877,44.5138134,https://www.google.com/maps/place/Cars+Wheel+ring+repair+shop/data=!4m7!3m6!1s0x406abd002f7d86f5:0x5ec45703245ffb6b!8m2!3d40.2093877!4d44.5138134!16s%2Fg%2F11vwnlr_yt!19sChIJ9YZ9LwC9akARa_tfJANXxF4,"car repair in Arabkir, Yerevan"
0x406a97007559c52f:0xc1cb027b9206c007,Castrol Service Armenia,Oil change service,автосервис,Ереван,"1 Mazmanian St, Yerevan, Armenia",+37491540530,,,,,,,,4.7,,open,,40.2094492,44.4639227,https://www.google.com/maps/place/Castrol+Service+Armenia/data=!4m7!3m6!1s0x406a97007559c52f:0xc1cb027b9206c007!8m2!3d40.2094492!4d44.4639227!16s%2Fg%2F11whwm115s!19sChIJL8VZdQCXakARB8AGknsCy8E,"car repair in Arabkir, Yerevan"
0x406abd00079a155b:0xf56c9909490adcd5,Castrol Service | GTM Motors,Oil change service,автосервис,Ереван,"228 Hrachya Kochar St, Yerevan 0051, Armenia",+37443997733,,,,,,,,5.0,,open,,40.203483,44.507694,https://www.google.com/maps/place/Castrol+Service+%7C+GTM+Motors/data=!4m7!3m6!1s0x406abd00079a155b:0xf56c9909490adcd5!8m2!3d40.203483!4d44.507694!16s%2Fg%2F11n3yvn3sv!19sChIJWxWaBwC9akAR1dwKSQmZbPU,"car repair in Kentron, Yerevan"
0x406abd005d193325:0x4e7405334a405f59,Castrol Service | Nairi Zaryan 32/2,Oil change service,автосервис,Ереван,"6G36+QG8, Yerevan, Armenia",+37493280804,,,,,,,,5.0,,open,,40.2044163,44.5112003,https://www.google.com/maps/place/Castrol+Service+%7C+Nairi+Zaryan+32%2F2/data=!4m7!3m6!1s0x406abd005d193325:0x4e7405334a405f59!8m2!3d40.2044163!4d44.5112003!16s%2Fg%2F11ywfh01z0!19sChIJJTMZXQC9akARWV9ASjMFdE4,"car repair in Kentron, Yerevan"
0x406abcfb49ad7f73:0xfcefb8b07bab0d38,Coolcar,Wheel store,автосервис,Ереван,"0001, 3 Abovyan St, Yerevan 0001, Armenia",,,,,,,,,5.0,,open,,40.1810332,44.5154375,https://www.google.com/maps/place/Coolcar/data=!4m7!3m6!1s0x406abcfb49ad7f73:0xfcefb8b07bab0d38!8m2!3d40.1810332!4d44.5154375!16s%2Fg%2F11cn9hq9c9!19sChIJc3-tSfu8akAROA2re7C47_w,"car repair in Kentron, Yerevan"
0x406abd8f022a8dbd:0x5ac3c028d3fd9c76,Dark Lab,Auto repair shop,автосервис,Ереван,"Artem, 17/5 Mikoyan St, Yerevan, Armenia",+37443666614,,,,,,,,,,open,,40.1818355,44.5779648,https://www.google.com/maps/place/Dark+Lab/data=!4m7!3m6!1s0x406abd8f022a8dbd:0x5ac3c028d3fd9c76!8m2!3d40.1818355!4d44.5779648!16s%2Fg%2F11vz27tvm3!19sChIJvY0qAo-9akARdpz90yjAw1o,"car repair in Nor Nork, Yerevan"
0x406abb7345fb28c3:0x8448abfcffff6ed,Davo BMW,Auto repair shop,автосервис,Ереван,"Khaghagh Don St, Yerevan, Armenia",+37491909002,,,,,,,,5.0,,open,,40.1301225,44.5330343,https://www.google.com/maps/place/Davo+BMW/data=!4m7!3m6!1s0x406abb7345fb28c3:0x8448abfcffff6ed!8m2!3d40.1301225!4d44.5330343!16s%2Fg%2F11stvgrxz7!19sChIJwyj7RXO7akAR7fb_z7-KRAg,"car repair in Erebuni, Yerevan"
0x406abb005eef1b63:0xf2ae75d18e1030d2,Dero mot,Auto repair shop,автосервис,Ереван,"4GHM+626, Yerevan, Armenia",,,,,,,,,,,open,,40.1275941,44.5320906,https://www.google.com/maps/place/Dero+mot/data=!4m7!3m6!1s0x406abb005eef1b63:0xf2ae75d18e1030d2!8m2!3d40.1275941!4d44.5320906!16s%2Fg%2F11z61wrl49!19sChIJYxvvXgC7akAR0jAQjtF1rvI,"car repair in Erebuni, Yerevan"
0x406abb001ed250d7:0xa0c11238c0b451f6,Deroyi mot,Auto repair shop,автосервис,Ереван,"23 Ayvazovskiy St, Yerevan, Armenia",,,,,,,,,,,open,,40.1347248,44.5252695,https://www.google.com/maps/place/Deroyi+mot/data=!4m7!3m6!1s0x406abb001ed250d7:0xa0c11238c0b451f6!8m2!3d40.1347248!4d44.5252695!16s%2Fg%2F11zg3wfp8b!19sChIJ11DSHgC7akAR9lG0wDgSwaA,"car repair in Erebuni, Yerevan"
0x406abdb3fe4ad1b1:0x7f4e9cb94a831762,Detailing Service by Saroyants,Auto body shop,автосервис,Ереван,"29 Vahram Papazyan St, Yerevan 0012, Armenia",+37491774440,,,,,,,,,,open,,40.208737,44.4990084,https://www.google.com/maps/place/Detailing+Service+by+Saroyants/data=!4m7!3m6!1s0x406abdb3fe4ad1b1:0x7f4e9cb94a831762!8m2!3d40.208737!4d44.4990084!16s%2Fg%2F11k_4zx9vn!19sChIJsdFK_rO9akARYheDSrmcTn8,"car repair in Arabkir, Yerevan"
0x406abd944d62f13d:0x3225fe4d0f5e1910,Diag Service,Auto repair shop,автосервис,Ереван,"Вардан Ачемян, Yerevan 0005, Armenia",+37491413593,,,,,,,,5.0,,open,,40.1529725,44.5138035,https://www.google.com/maps/place/Diag+Service/data=!4m7!3m6!1s0x406abd944d62f13d:0x3225fe4d0f5e1910!8m2!3d40.1529725!4d44.5138035!16s%2Fg%2F11spkdct82!19sChIJPfFiTZS9akAREBleD03-JTI,"car repair in Erebuni, Yerevan"
0x406abcb40c9f87dd:0x5f0ccfb9608e4385,Diag.am,Car repair and maintenance service,автосервис,Ереван,"5HP7+52C, Yerevan, Armenia",+37494981111,,,,,,,,4.7,,open,,40.1854329,44.562514,https://www.google.com/maps/place/Diag.am/data=!4m7!3m6!1s0x406abcb40c9f87dd:0x5f0ccfb9608e4385!8m2!3d40.1854329!4d44.562514!16s%2Fg%2F11g8vsb7l3!19sChIJ3YefDLS8akARhUOOYLnPDF8,"car repair in Nor Nork, Yerevan"
0x406abda703abf7eb:0xf1e44f52b9a5e61c,Diagnostic & Auto Electrical,Auto tune up service,автосервис,Ереван,"Gilinka 6, Tigran Mets Ave, Yerevan, Armenia",+37496628072,,,,,,,,,,open,,40.1602392,44.5106935,https://www.google.com/maps/place/Diagnostic+%26+Auto+Electrical/data=!4m7!3m6!1s0x406abda703abf7eb:0xf1e44f52b9a5e61c!8m2!3d40.1602392!4d44.5106935!16s%2Fg%2F11xlgzs3c9!19sChIJ6_erA6e9akARHOaluVJP5PE,"car repair in Kentron, Yerevan"
0x406abd609ec22125:0xce0cb4920a337061,Diagnostics Avtoelektrik,Auto repair shop,автосервис,Ереван,"5FQ5+QHG, Ara Sargsyan St, Yerevan, Armenia",+37496076600,,,,,,,,5.0,,open,,40.1894425,44.4589648,https://www.google.com/maps/place/Diagnostics+Avtoelektrik/data=!4m7!3m6!1s0x406abd609ec22125:0xce0cb4920a337061!8m2!3d40.1894425!4d44.4589648!16s%2Fg%2F11s1gs11wp!19sChIJJSHCnmC9akARYXAzCpK0DM4,"car repair in Arabkir, Yerevan"
0x406abde596164f73:0xb4f0e213ba1ceb53,Digitronic,CNG fitment center,автосервис,Ереван,"98, 8 Gusan Sheram Street, Yerevan, Armenia",+37493278801,,,,,,,,5.0,,open,,40.1769311,44.4352739,https://www.google.com/maps/place/Digitronic/data=!4m7!3m6!1s0x406abde596164f73:0xb4f0e213ba1ceb53!8m2!3d40.1769311!4d44.4352739!16s%2Fg%2F11hcfqbvlg!19sChIJc08WluW9akARU-scuhPi8LQ,"car repair in Malatia-Sebastia, Yerevan"
0x406abd007a743613:0x3aaa18a1843aa681,Doctor Truck,Auto repair shop,автосервис,Ереван,"150 Sebastia St, Yerevan, Armenia",+37433101506,,,,,,,,,,open,,40.1641802,44.4621567,https://www.google.com/maps/place/Doctor+Truck/data=!4m7!3m6!1s0x406abd007a743613:0x3aaa18a1843aa681!8m2!3d40.1641802!4d44.4621567!16s%2Fg%2F11xgnztvtw!19sChIJEzZ0egC9akARgaY6hKEYqjo,"car repair in Malatia-Sebastia, Yerevan"
0x406aa30057ba77d7:0xaa03f0592aaaa6ca,Dzox pchox,Auto repair shop,автосервис,Ереван,"5HWP+H47, Bagrevand St, Yerevan, Armenia",,,,,,,,,5.0,,open,,40.1975433,44.5856183,https://www.google.com/maps/place/Dzox+pchox/data=!4m7!3m6!1s0x406aa30057ba77d7:0xaa03f0592aaaa6ca!8m2!3d40.1975433!4d44.5856183!16s%2Fg%2F11vr26h8ww!19sChIJ13e6VwCjakARyqaqKlnwA6o,"car repair in Nor Nork, Yerevan"
0x406abdb894f6ebff:0x8259875f0e1186a,EV PARTS,Car repair and maintenance service,автосервис,Ереван,"2 Gusan Sheram Street, Yerevan, Armenia",+37477566773,,,,,,,,,,open,,40.1782282,44.443311,https://www.google.com/maps/place/EV+PARTS/data=!4m7!3m6!1s0x406abdb894f6ebff:0x8259875f0e1186a!8m2!3d40.1782282!4d44.443311!16s%2Fg%2F11stpvt1_p!19sChIJ_-v2lLi9akARahjh8HWYJQg,"car repair in Malatia-Sebastia, Yerevan"
0x406abb4d61945fc9:0x921d67b678f4b9a3,Eldrive Service,Auto repair shop,автосервис,Ереван,"20/7 Davit-Bek St, Yerevan 0038, Armenia",+37494271515,,,,,,,,5.0,,open,,40.1519129,44.5352653,https://www.google.com/maps/place/Eldrive+Service/data=!4m7!3m6!1s0x406abb4d61945fc9:0x921d67b678f4b9a3!8m2!3d40.1519129!4d44.5352653!16s%2Fg%2F11zc_9h1lb!19sChIJyV-UYU27akARo7n0eLZnHZI,"car repair in Erebuni, Yerevan"
0x406abdaa9f0db3eb:0x910112a805522aac,Electric Cars Armenia,Auto painting,автосервис,Ереван,"10 Vazgen Sargsyan St, Yerevan 0010, Armenia",+37499233209,,,,,,,,,,open,,40.1761004,44.5111214,https://www.google.com/maps/place/Electric+Cars+Armenia/data=!4m7!3m6!1s0x406abdaa9f0db3eb:0x910112a805522aac!8m2!3d40.1761004!4d44.5111214!16s%2Fg%2F11k4_cm1j5!19sChIJ67MNn6q9akARrCpSBagSAZE,"car repair in Kentron, Yerevan"
0x406abd0d6a50d75d:0x82f28d249726338f,Electric Karen,Auto repair shop,автосервис,Ереван,"5FVQ+8H6, Kievian d/st, Yerevan, Armenia",+37477561383,,,,,,,,4.9,,open,,40.193287,44.4888848,https://www.google.com/maps/place/Electric+Karen/data=!4m7!3m6!1s0x406abd0d6a50d75d:0x82f28d249726338f!8m2!3d40.193287!4d44.4888848!16s%2Fg%2F11c6_bpk6v!19sChIJXddQag29akARjzMmlySN8oI,"car repair in Kentron, Yerevan"
0x406abf55dfa12d25:0x761aa3320fd5807b,Elite bus,Auto repair shop,автосервис,Ереван,"76 Shirak St, Yerevan, Armenia",,,,,,,,,,,open,,40.1451735,44.44506,https://www.google.com/maps/place/Elite+bus/data=!4m7!3m6!1s0x406abf55dfa12d25:0x761aa3320fd5807b!8m2!3d40.1451735!4d44.44506!16s%2Fg%2F11ksnv5jb6!19sChIJJS2h31W_akARe4DVDzKjGnY,"car repair in Malatia-Sebastia, Yerevan"
0x406abce7b69b3053:0xfe227c2536baa827,English Trade House,Auto repair shop,автосервис,Ереван,"4 Charents St, Yerevan 0025, Armenia",+37410554129,,,,,,,,4.2,,open,,40.1841193,44.5265901,https://www.google.com/maps/place/English+Trade+House/data=!4m7!3m6!1s0x406abce7b69b3053:0xfe227c2536baa827!8m2!3d40.1841193!4d44.5265901!16s%2Fg%2F113hkmtsw!19sChIJUzCbtue8akARJ6i6NiV8Iv4,"car repair in Kentron, Yerevan"
0x406abd86d5adee8f:0x5ddad3c911524090,Eva kovrik Armenia,Auto repair shop,автосервис,Ереван,"102, 40 Andranik Zoravar St, Yerevan, Armenia",,,,,,,,,4.0,,open,,40.1660767,44.4423492,https://www.google.com/maps/place/Eva+kovrik+Armenia/data=!4m7!3m6!1s0x406abd86d5adee8f:0x5ddad3c911524090!8m2!3d40.1660767!4d44.4423492!16s%2Fg%2F11vj4y3k0c!19sChIJj-6t1Ya9akARkEBSEcnT2l0,"car repair in Malatia-Sebastia, Yerevan"
0x406abd007b7223fd:0x9275f2e7b7f2c3eb,Fstar,Auto repair shop,автосервис,Ереван,"4FRV+MR4, Arshakunyats Ave, Yerevan, Armenia",,,,,,,,,5.0,,open,,40.1420161,44.4944515,https://www.google.com/maps/place/Fstar/data=!4m7!3m6!1s0x406abd007b7223fd:0x9275f2e7b7f2c3eb!8m2!3d40.1420161!4d44.4944515!16s%2Fg%2F11xzbwpmsy!19sChIJ_SNyewC9akAR68Pyt-fydZI,"car repair in Shengavit, Yerevan"
0x406abdc6073fdb21:0xf58d0d066a8f33aa,G&G Motors,Auto repair shop,автосервис,Ереван,"15/8 Сундукян, Yerevan 0054, Armenia",+37494848434,,,,,,,,3.0,,open,,40.19956,44.5004037,https://www.google.com/maps/place/G%26G+Motors/data=!4m7!3m6!1s0x406abdc6073fdb21:0xf58d0d066a8f33aa!8m2!3d40.19956!4d44.5004037!16s%2Fg%2F11l362lss2!19sChIJIds_B8a9akARqjOPagYNjfU,"car repair in Arabkir, Yerevan"
0x406abd0009f33907:0x1d072c1f93d88bb,G&L oil,Auto repair shop,автосервис,Ереван,"62, 10 Ohanov St, Yerevan, Armenia",+37477733320,,,,,,,,,,open,,40.1792566,44.452164,https://www.google.com/maps/place/G%26L+oil/data=!4m7!3m6!1s0x406abd0009f33907:0x1d072c1f93d88bb!8m2!3d40.1792566!4d44.452164!16s%2Fg%2F11mcql__cj!19sChIJBznzCQC9akARu4g9-cFy0AE,"car repair in Malatia-Sebastia, Yerevan"
0x406abdab9415d0c1:0x8b19b52466f6f8bc,G-Energy,Car repair and maintenance service,автосервис,Ереван,"5FHR+J9P, Tsitsernakaberd Hwy, Yerevan, Armenia",,,,,,,,,,,open,,40.1790827,44.4909631,https://www.google.com/maps/place/G-Energy/data=!4m7!3m6!1s0x406abdab9415d0c1:0x8b19b52466f6f8bc!8m2!3d40.1790827!4d44.4909631!16s%2Fg%2F11c1rflk0w!19sChIJwdAVlKu9akARvPj2ZiS1GYs,"car repair in Kentron, Yerevan"
0x406aa354f4c995dd:0x50da2672002eaf86,GBD autoservice ГБД автосервис,Auto repair shop,автосервис,Ереван,"32/1 Duryan St, Yerevan, Armenia",+37499922001,,,,,,,,5.0,,open,,40.2128634,44.5842866,https://www.google.com/maps/place/GBD+autoservice+%D0%93%D0%91%D0%94+%D0%B0%D0%B2%D1%82%D0%BE%D1%81%D0%B5%D1%80%D0%B2%D0%B8%D1%81/data=!4m7!3m6!1s0x406aa354f4c995dd:0x50da2672002eaf86!8m2!3d40.2128634!4d44.5842866!16s%2Fg%2F11vl4x02vr!19sChIJ3ZXJ9FSjakARhq8uAHIm2lA,"car repair in Nor Nork, Yerevan"
0x406abfb79745b511:0x78691af2831d1779,GRAST,Auto repair shop,автосервис,Ереван,"5C6X+35, Yerevan, Armenia",,,,,,,,,,,open,,40.160194,44.447953,https://www.google.com/maps/place/GRAST/data=!4m7!3m6!1s0x406abfb79745b511:0x78691af2831d1779!8m2!3d40.160194!4d44.447953!16s%2Fg%2F11kplf4v3g!19sChIJEbVFl7e_akAReRcdg_IaaXg,"car repair in Malatia-Sebastia, Yerevan"
0x406abd979d82fb7b:0x93b392a0bafc0a3f,GTM Motors Armenia,Auto parts store,автосервис,Ереван,"228 Hrachya Kochar St, Yerevan 0051, Armenia",+37443997733,,,,,,,,4.8,,open,,40.2034623,44.5075958,https://www.google.com/maps/place/GTM+Motors+Armenia/data=!4m7!3m6!1s0x406abd979d82fb7b:0x93b392a0bafc0a3f!8m2!3d40.2034623!4d44.5075958!16s%2Fg%2F11q9m8qqs5!19sChIJe_uCnZe9akARPwr8uqCSs5M,"car repair in Kentron, Yerevan"
0x406abd1b7691bc6b:0x528060c2ee89f89,Garage 88 Workshop,Auto repair shop,автосервис,Ереван,"1 Mazmanian St, Yerevan, Armenia",+37433388488,,,,,,,,5.0,,open,,40.2102221,44.4652952,https://www.google.com/maps/place/Garage+88+Workshop/data=!4m7!3m6!1s0x406abd1b7691bc6b:0x528060c2ee89f89!8m2!3d40.2102221!4d44.4652952!16s%2Fg%2F11ft22ydmg!19sChIJa7yRdhu9akARiZ_oLgwGKAU,"car repair in Arabkir, Yerevan"
0x406a970e6ecbb8c1:0xa148dd6d6ce818ba,Garage Avo: Maintenance and Repair,Auto repair shop,автосервис,Ереван,"Yerevan 0054, Armenia",+37477043224,,,,,,,,,,open,,40.2166785,44.4870141,https://www.google.com/maps/place/Garage+Avo:+Maintenance+and+Repair/data=!4m7!3m6!1s0x406a970e6ecbb8c1:0xa148dd6d6ce818ba!8m2!3d40.2166785!4d44.4870141!16s%2Fg%2F11xzpf6dp2!19sChIJwbjLbg6XakARuhjobG3dSKE,"car repair in Arabkir, Yerevan"
0x406abdfe43bfea51:0x16082da2f7ae74bd,Garage workshop evn,Motorcycle repair shop,автосервис,Ереван,"60 Kor St, Yerevan 0032, Armenia",+37495877898,,,,,,,,,,open,,40.170944,44.5167836,https://www.google.com/maps/place/Garage+workshop+evn/data=!4m7!3m6!1s0x406abdfe43bfea51:0x16082da2f7ae74bd!8m2!3d40.170944!4d44.5167836!16s%2Fg%2F11ys414tbn!19sChIJUeq_Q_69akARvXSu96ItCBY,"car repair in Kentron, Yerevan"
0x406abd005981388f:0xf69ab2619963f738,Garaj 275,Auto repair shop,автосервис,Ереван,"5HG8+58X, Yerevan, Armenia",,,,,,,,,,,open,,40.1754952,44.5655065,https://www.google.com/maps/place/Garaj+275/data=!4m7!3m6!1s0x406abd005981388f:0xf69ab2619963f738!8m2!3d40.1754952!4d44.5655065!16s%2Fg%2F11mz4kh1zt!19sChIJjziBWQC9akAROPdjmWGymvY,"car repair in Nor Nork, Yerevan"
0x406abd6258d05f0f:0x59c97f73dc85a281,Gath Group LLC,Car repair and maintenance service,автосервис,Ереван,"Մայիսի 9, Yerevan 0056, Armenia",+37491077161,,,,,,,,5.0,,open,,40.1529771,44.4913114,https://www.google.com/maps/place/Gath+Group+LLC/data=!4m7!3m6!1s0x406abd6258d05f0f:0x59c97f73dc85a281!8m2!3d40.1529771!4d44.4913114!16s%2Fg%2F11kqmrksch!19sChIJD1_QWGK9akARgaKF3HN_yVk,"car repair in Shengavit, Yerevan"
0x406abc1525928d97:0xc9a326b3a610ab50,Gazi Spasarkum Artur,Auto repair shop,автосервис,Ереван,"2 Kara-Murza St, Yerevan 0026, Armenia",+37491330502,,,,,,,,5.0,,open,,40.1574027,44.5009732,https://www.google.com/maps/place/Gazi+Spasarkum+Artur/data=!4m7!3m6!1s0x406abc1525928d97:0xc9a326b3a610ab50!8m2!3d40.1574027!4d44.5009732!16s%2Fg%2F11g8pb5_2s!19sChIJl42SJRW8akARUKsQprMmo8k,"car repair in Shengavit, Yerevan"
0x406abf0021ac454d:0x87081d75045f46c9,Gearbox repair,Auto repair shop,автосервис,Ереван,"72/9 Shirak St, Yerevan, Armenia",+37498482148,,,,,,,,,,open,,40.1490159,44.449777,https://www.google.com/maps/place/Gearbox+repair/data=!4m7!3m6!1s0x406abf0021ac454d:0x87081d75045f46c9!8m2!3d40.1490159!4d44.449777!16s%2Fg%2F11zh33pw5x!19sChIJTUWsIQC_akARyUZfBHUdCIc,"car repair in Malatia-Sebastia, Yerevan"
0x406abd6b0819b657:0x51f6b91c7386e131,Good Car,Car repair and maintenance service,автосервис,Ереван,"5F86+488, Yerevan, Armenia",+37494463023,,,,,,,,,,open,,40.1652936,44.4608173,https://www.google.com/maps/place/Good+Car/data=!4m7!3m6!1s0x406abd6b0819b657:0x51f6b91c7386e131!8m2!3d40.1652936!4d44.4608173!16s%2Fg%2F11fthk5f8q!19sChIJV7YZCGu9akARMeGGcxy59lE,"car repair in Malatia-Sebastia, Yerevan"
0x406aa3000bbdb3bb:0xc621c9c0c4f9b835,Goqor gaz,Auto repair shop,автосервис,Ереван,"6H47+X3J, Yerevan, Armenia",+37491777763,,,,,,,,4.7,,open,,40.207465,44.5626529,https://www.google.com/maps/place/Goqor+gaz/data=!4m7!3m6!1s0x406aa3000bbdb3bb:0xc621c9c0c4f9b835!8m2!3d40.207465!4d44.5626529!16s%2Fg%2F11m6kzcntc!19sChIJu7O9CwCjakARNbj5xMDJIcY,"car repair in Nor Nork, Yerevan"
0x406abda0af522949:0x2351f1adaa405357,"HOFMANN.Ռազվալ- Սխոդ, Развал-сход, razval-sxod",Auto repair shop,автосервис,Ереван,"6G34+4HX, Yerevan, Armenia",+37477774044,,,,,,,,5.0,,open,,40.2028641,44.50649,"https://www.google.com/maps/place/HOFMANN.%D5%8C%D5%A1%D5%A6%D5%BE%D5%A1%D5%AC-+%D5%8D%D5%AD%D5%B8%D5%A4,+%D0%A0%D0%B0%D0%B7%D0%B2%D0%B0%D0%BB-%D1%81%D1%85%D0%BE%D0%B4,+razval-sxod/data=!4m7!3m6!1s0x406abda0af522949:0x2351f1adaa405357!8m2!3d40.2028641!4d44.50649!16s%2Fg%2F11ryf87jcv!19sChIJSSlSr6C9akARV1NAqq3xUSM","car repair in Arabkir, Yerevan"
0x406abd005cef5619:0x64db567d465e8973,HRT-PM,Auto repair shop,автосервис,Ереван,"5GCG+JQM, Yerevan, Armenia",,,,,,,,,5.0,,open,,40.1715895,44.5269359,https://www.google.com/maps/place/HRT-PM/data=!4m7!3m6!1s0x406abd005cef5619:0x64db567d465e8973!8m2!3d40.1715895!4d44.5269359!16s%2Fg%2F11wh6v6kjk!19sChIJGVbvXAC9akARc4leRn1W22Q,"car repair in Kentron, Yerevan"
0x406aa2c85c26ef61:0xa443aa6b2408b56e,Honda Motor,Car repair and maintenance service,автосервис,Ереван,"1, 12 Tbilisyan Hwy, Yerevan 0014, Armenia",+37410205566,,,,,,,,4.2,,open,,40.2151972,44.5310621,https://www.google.com/maps/place/Honda+Motor/data=!4m7!3m6!1s0x406aa2c85c26ef61:0xa443aa6b2408b56e!8m2!3d40.2151972!4d44.5310621!16s%2Fg%2F12qhdhpfx!19sChIJYe8mXMiiakARbrUIJGuqQ6Q,"car repair in Arabkir, Yerevan"
0x406abd7b3cf6e78d:0xd4fdcd6424d5c43,ImPart.am,Auto parts market,автосервис,Ереван,"72 Ayas St, Yerevan 0082, Armenia",+37494608686,,,,,,,,,,open,,40.1779107,44.4926387,https://www.google.com/maps/place/ImPart.am/data=!4m7!3m6!1s0x406abd7b3cf6e78d:0xd4fdcd6424d5c43!8m2!3d40.1779107!4d44.4926387!16s%2Fg%2F11yztzszf1!19sChIJjef2PHu9akARQ1xNQtbcTw0,"car repair in Arabkir, Yerevan"
0x406aa30054329e39:0xd516e421e54276b5,Jahez Car,Auto repair shop,автосервис,Ереван,"1st Deadlock,2, Nikoghayos Tigranyan St, Yerevan, Armenia",,,,,,,,,4.5,,open,,40.2125493,44.5196858,https://www.google.com/maps/place/Jahez+Car/data=!4m7!3m6!1s0x406aa30054329e39:0xd516e421e54276b5!8m2!3d40.2125493!4d44.5196858!16s%2Fg%2F11nvtbbw97!19sChIJOZ4yVACjakARtXZC5SHkFtU,"car repair in Arabkir, Yerevan"
0x406abf2d1b57a0ab:0xeda1f65dd58b19f8,Jan motors,Auto repair shop,автосервис,Ереван,"Argavand kentronakan10, Yerevan, Armenia",+37493770346,,,,,,,,5.0,,open,,40.1587657,44.440373,https://www.google.com/maps/place/Jan+motors/data=!4m7!3m6!1s0x406abf2d1b57a0ab:0xeda1f65dd58b19f8!8m2!3d40.1587657!4d44.440373!16s%2Fg%2F11pv3wz1y2!19sChIJq6BXGy2_akAR-BmL1V32oe0,"car repair in Malatia-Sebastia, Yerevan"
0x406ab925e4051659:0x4e4ee52d29a0ad90,Jeep service,Auto repair shop,автосервис,Ереван,"Yerevan, Armenia",+37493702723,,,,,,,,5.0,,open,,40.1145349,44.4750695,https://www.google.com/maps/place/Jeep+service/data=!4m7!3m6!1s0x406ab925e4051659:0x4e4ee52d29a0ad90!8m2!3d40.1145349!4d44.4750695!16s%2Fg%2F11hcz3t7cm!19sChIJWRYF5CW5akARkK2gKS3lTk4,"car repair in Shengavit, Yerevan"
0x406aa300453042b9:0x93575c1f317998b8,Juxai 8/8,Auto repair shop,автосервис,Ереван,"5HW5+282, Yerevan, Armenia",+37477201090,,,,,,,,5.0,,open,,40.1950129,44.5582533,https://www.google.com/maps/place/Juxai+8%2F8/data=!4m7!3m6!1s0x406aa300453042b9:0x93575c1f317998b8!8m2!3d40.1950129!4d44.5582533!16s%2Fg%2F11yrl8fyhz!19sChIJuUIwRQCjakARuJh5MR9cV5M,"car repair in Nor Nork, Yerevan"
0x406abd006a67adf5:0xad09a510061dc20f,KESHISHIAN AUTO SERVICE,Auto repair shop,автосервис,Ереван,"11 Bardzraberd str., Yerevan, Armenia",,,,,,,,,,,open,,40.1746429,44.4956495,https://www.google.com/maps/place/KESHISHIAN+AUTO+SERVICE/data=!4m7!3m6!1s0x406abd006a67adf5:0xad09a510061dc20f!8m2!3d40.1746429!4d44.4956495!16s%2Fg%2F11zg9qwl1f!19sChIJ9a1nagC9akARD8IdBhClCa0,"car repair in Kentron, Yerevan"
0x406abdf9d21be937:0x1dc2b036efe44655,KGK LLC,Auto parts store,автосервис,Ереван,"Komitas, 74/2 Avet Avetisyan St, Yerevan, Armenia",+37494887700,,,,,,,,5.0,,open,,40.1987791,44.5020772,https://www.google.com/maps/place/KGK+LLC/data=!4m7!3m6!1s0x406abdf9d21be937:0x1dc2b036efe44655!8m2!3d40.1987791!4d44.5020772!16s%2Fg%2F11whpt_2rr!19sChIJN-kb0vm9akARVUbk7zawwh0,"car repair in Arabkir, Yerevan"
0x406abd4d2aca26d1:0x8188bc5c4b676485,Kevork Car Service,Car repair and maintenance service,автосервис,Ереван,"6G3J+G2G, Yerevan, Armenia",,,,,,,,,,,open,,40.2039249,44.5299812,https://www.google.com/maps/place/Kevork+Car+Service/data=!4m7!3m6!1s0x406abd4d2aca26d1:0x8188bc5c4b676485!8m2!3d40.2039249!4d44.5299812!16s%2Fg%2F11tgf3qmk4!19sChIJ0SbKKk29akARhWRnS1y8iIE,"car repair in Kentron, Yerevan"
0x406aa3000169614f:0xcd9a358567b1bedc,Kia авторазбор,Auto repair shop,автосервис,Ереван,"5HVR+HG2, Yerevan, Armenia",+37493019939,,,,,,,,,,open,,40.1936482,44.5923817,https://www.google.com/maps/place/Kia+%D0%B0%D0%B2%D1%82%D0%BE%D1%80%D0%B0%D0%B7%D0%B1%D0%BE%D1%80/data=!4m7!3m6!1s0x406aa3000169614f:0xcd9a358567b1bedc!8m2!3d40.1936482!4d44.5923817!16s%2Fg%2F11mys_q5k1!19sChIJT2FpAQCjakAR3L6xZ4U1ms0,"car repair in Nor Nork, Yerevan"
0x406abd00059401f3:0x54337f6e017d79b1,Ktm showroom,Auto repair shop,автосервис,Ереван,"5GJ2+XM7, Yerevan, Armenia",,,,,,,,,1.0,,open,,40.1824159,44.5016751,https://www.google.com/maps/place/Ktm+showroom/data=!4m7!3m6!1s0x406abd00059401f3:0x54337f6e017d79b1!8m2!3d40.1824159!4d44.5016751!16s%2Fg%2F11z1vrg5bw!19sChIJ8wGUBQC9akARsXl9AW5_M1Q,"car repair in Kentron, Yerevan"
0x406abd001f8327f7:0xafa3cb6c89ab2a3b,Le cafe de garage,Motorcycle repair shop,автосервис,Ереван,"Trolleybus Park No 2, 17 Griboyedov St, Yerevan 0051, Armenia",,,,,,,,,5.0,,open,,40.2106397,44.5121036,https://www.google.com/maps/place/Le+cafe+de+garage/data=!4m7!3m6!1s0x406abd001f8327f7:0xafa3cb6c89ab2a3b!8m2!3d40.2106397!4d44.5121036!16s%2Fg%2F11xmf93gl7!19sChIJ9yeDHwC9akAROyqriWzLo68,"car repair in Arabkir, Yerevan"
0x406abd0f118433b5:0x4a2b46a2956cf0be,Levars - Auto Detailing Center,Car detailing service,автосервис,Ереван,"Street, Yerevan, Armenia",+37491025544,,,,,,,,5.0,,open,,40.2029787,44.5071751,https://www.google.com/maps/place/Levars+-+Auto+Detailing+Center/data=!4m7!3m6!1s0x406abd0f118433b5:0x4a2b46a2956cf0be!8m2!3d40.2029787!4d44.5071751!16s%2Fg%2F11kc0mwy1m!19sChIJtTOEEQ-9akARvvBslaJGK0o,"car repair in Arabkir, Yerevan"
0x406abf00668edf01:0x1f89ec560cd3dd4f,Limitless Autoservice,Auto repair shop,автосервис,Ереван,"64 Artashesyan St, Yerevan, Armenia",,,,,,,,,,,open,,40.1489673,44.4708513,https://www.google.com/maps/place/Limitless+Autoservice/data=!4m7!3m6!1s0x406abf00668edf01:0x1f89ec560cd3dd4f!8m2!3d40.1489673!4d44.4708513!16s%2Fg%2F11vxxzvzd0!19sChIJAd-OZgC_akART93TDFbsiR8,"car repair in Shengavit, Yerevan"
0x406abc151cb7ec03:0xc3b5918e8c35cd6c,Locksmith for keyless entry car,Auto repair shop,автосервис,Ереван,"Lazo St, Yerevan, Armenia",+14646007777,,,,,,,,5.0,,open,,40.1565052,44.4998173,https://www.google.com/maps/place/Locksmith+for+keyless+entry+car/data=!4m7!3m6!1s0x406abc151cb7ec03:0xc3b5918e8c35cd6c!8m2!3d40.1565052!4d44.4998173!16s%2Fg%2F11gbp6yl5y!19sChIJA-y3HBW8akARbM01jI6RtcM,"car repair in Kentron, Yerevan"
0x406abcffa6f0fc6d:0xb8099a0c85c89d2a,Logist,Auto repair shop,автосервис,Ереван,"7 Paronian d/st, Yerevan, Armenia",+37491767210,,,,,,,,5.0,,open,,40.1783664,44.5022146,https://www.google.com/maps/place/Logist/data=!4m7!3m6!1s0x406abcffa6f0fc6d:0xb8099a0c85c89d2a!8m2!3d40.1783664!4d44.5022146!16s%2Fg%2F11c55twxbh!19sChIJbfzwpv-8akARKp3IhQyaCbg,"car repair in Kentron, Yerevan"
0x406abc604ade0585:0xeee20407678bbbc6,Logist,Auto repair shop,автосервис,Ереван,"77 Nar-Dos St, Yerevan 0070, Armenia",+37491813333,,,,,,,,5.0,,open,,40.1673093,44.5210884,https://www.google.com/maps/place/Logist/data=!4m7!3m6!1s0x406abc604ade0585:0xeee20407678bbbc6!8m2!3d40.1673093!4d44.5210884!16s%2Fg%2F11crz_j4dx!19sChIJhQXeSmC8akARxruLZwcE4u4,"car repair in Kentron, Yerevan"
0x406abd10bb0802ab:0x3aff4df820296d84,Logist,Auto repair shop,автосервис,Ереван,"33A Marshal Baghramyan Ave, Yerevan, Armenia",+37495813333,,,,,,,,4.0,,open,,40.192047,44.5025012,https://www.google.com/maps/place/Logist/data=!4m7!3m6!1s0x406abd10bb0802ab:0x3aff4df820296d84!8m2!3d40.192047!4d44.5025012!16s%2Fg%2F11c1rskr_4!19sChIJqwIIuxC9akARhG0pIPhN_zo,"car repair in Kentron, Yerevan"
0x406abd367eb35381:0x8978f7ea283b7900,M-Zap,Auto repair shop,автосервис,Ереван,"28 Hrachya Kochar St, Yerevan, Armenia",+37498838083,,,,,,,,5.0,,open,,40.2026057,44.5054548,https://www.google.com/maps/place/M-Zap/data=!4m7!3m6!1s0x406abd367eb35381:0x8978f7ea283b7900!8m2!3d40.2026057!4d44.5054548!16s%2Fg%2F11jzx5tkt5!19sChIJgVOzfja9akARAHk7KOr3eIk,"car repair in Kentron, Yerevan"
0x406aa3f04a345c19:0x3cc7720587cd735f,MB HRO ELECTRIC,Auto electrical service,автосервис,Ереван,"6G5R+QQ, Yerevan 0035, Armenia",+37491802000,,,,,,,,5.0,,open,,40.2094774,44.5419496,https://www.google.com/maps/place/MB+HRO+ELECTRIC/data=!4m7!3m6!1s0x406aa3f04a345c19:0x3cc7720587cd735f!8m2!3d40.2094774!4d44.5419496!16s%2Fg%2F11sy713hd9!19sChIJGVw0SvCjakARX3PNhwVyxzw,"car repair in Arabkir, Yerevan"
0x406abd00337aa357:0xa38b03cf22206bb1,MGAutoservice,Auto repair shop,автосервис,Ереван,"42, 1 7th St, Yerevan, Armenia",,,,,,,,,5.0,,open,,40.1821198,44.5436278,https://www.google.com/maps/place/MGAutoservice/data=!4m7!3m6!1s0x406abd00337aa357:0xa38b03cf22206bb1!8m2!3d40.1821198!4d44.5436278!16s%2Fg%2F11y67z4jsh!19sChIJV6N6MwC9akARsWsgIs8Di6M,"car repair in Nor Nork, Yerevan"
0x406abd1fe7683047:0x35d67a02816e9ea7,MGS Group,Auto parts store,автосервис,Ереван,"28 Hrachya Kochar St, Yerevan 0054, Armenia",+37441775787,,,,,,,,5.0,,open,,40.2025541,44.5055324,https://www.google.com/maps/place/MGS+Group/data=!4m7!3m6!1s0x406abd1fe7683047:0x35d67a02816e9ea7!8m2!3d40.2025541!4d44.5055324!16s%2Fg%2F11yztvpr44!19sChIJRzBo5x-9akARp55ugQJ61jU,"car repair in Kentron, Yerevan"
0x406abd08aa495383:0x39301ad6e65b3cd2,MIQ AVTOSERVIS,Auto repair shop,автосервис,Ереван,"1 2nd St, Yerevan 0026, Armenia",+37494810002,,,,,,,,5.0,,open,,40.1527733,44.4955422,https://www.google.com/maps/place/MIQ+AVTOSERVIS/data=!4m7!3m6!1s0x406abd08aa495383:0x39301ad6e65b3cd2!8m2!3d40.1527733!4d44.4955422!16s%2Fg%2F11tjd2znhk!19sChIJg1NJqgi9akAR0jxb5tYaMDk,"car repair in Shengavit, Yerevan"
0x406aa30076b735ff:0x8efd55765581dc34,MV Motors,Auto repair shop,автосервис,Ереван,"6H6M+WM8, Yerevan, Armenia",+37493421255,,,,,,,,5.0,,open,,40.2122859,44.5841923,https://www.google.com/maps/place/MV+Motors/data=!4m7!3m6!1s0x406aa30076b735ff:0x8efd55765581dc34!8m2!3d40.2122859!4d44.5841923!16s%2Fg%2F11m6xywhnf!19sChIJ_zW3dgCjakARNNyBVXZV_Y4,"car repair in Nor Nork, Yerevan"
0x406abf005b1c41cf:0x1bbd8e62d18c7670,Mark Shin վուլկանացում,Auto repair shop,автосервис,Ереван,"27 Admiral Isakov Ave, Yerevan, Armenia",+37494469661,,,,,,,,5.0,,open,,40.1553094,44.4634367,https://www.google.com/maps/place/Mark+Shin+%D5%BE%D5%B8%D6%82%D5%AC%D5%AF%D5%A1%D5%B6%D5%A1%D6%81%D5%B8%D6%82%D5%B4/data=!4m7!3m6!1s0x406abf005b1c41cf:0x1bbd8e62d18c7670!8m2!3d40.1553094!4d44.4634367!16s%2Fg%2F11w987xp21!19sChIJz0EcWwC_akARcHaM0WKOvRs,"car repair in Malatia-Sebastia, Yerevan"
0x406abd8aa8a99cd7:0x35df8393f7de7c5c,Mechanic Shop 29,Auto repair shop,автосервис,Ереван,"8 Glinka Back St, Yerevan 0005, Armenia",+37491942429,,,,,,,,5.0,,open,,40.1585599,44.5131653,https://www.google.com/maps/place/Mechanic+Shop+29/data=!4m7!3m6!1s0x406abd8aa8a99cd7:0x35df8393f7de7c5c!8m2!3d40.1585599!4d44.5131653!16s%2Fg%2F11rylkz9nj!19sChIJ15ypqIq9akARXHze95OD3zU,"car repair in Kentron, Yerevan"
0x406abdec417d7cfd:0xaa7be3b83c4b7eb0,Mega,Car repair and maintenance service,автосервис,Ереван,"5CJW+4RR, Ohanov St, Yerevan, Armenia",,,,,,,,,,,open,,40.1803509,44.4470215,https://www.google.com/maps/place/Mega/data=!4m7!3m6!1s0x406abdec417d7cfd:0xaa7be3b83c4b7eb0!8m2!3d40.1803509!4d44.4470215!16s%2Fg%2F11b7fxpjbv!19sChIJ_Xx9Qey9akARsH5LPLjje6o,"car repair in Arabkir, Yerevan"
0x406abd0076b1fc9f:0xc179e7cb5319bb7c,Mhe paravozik,Auto repair shop,автосервис,Ереван,"20 Moskovyan Street, Yerevan, Armenia",,,,,,,,,5.0,,open,,40.1884823,44.5135825,https://www.google.com/maps/place/Mhe+paravozik/data=!4m7!3m6!1s0x406abd0076b1fc9f:0xc179e7cb5319bb7c!8m2!3d40.1884823!4d44.5135825!16s%2Fg%2F11x2grqhmc!19sChIJn_yxdgC9akARfLsZU8vnecE,"car repair in Kentron, Yerevan"
0x406abd968cab4d37:0x351506ef250d6da5,Miqoi mot,Auto repair shop,автосервис,Ереван,"10, 6 Zoravar Andranik str., Yerevan, Armenia",+37477088551,,,,,,,,,,open,,40.1833509,44.4482805,https://www.google.com/maps/place/Miqoi+mot/data=!4m7!3m6!1s0x406abd968cab4d37:0x351506ef250d6da5!8m2!3d40.1833509!4d44.4482805!16s%2Fg%2F11tj3cglfx!19sChIJN02rjJa9akARpW0NJe8GFTU,"car repair in Malatia-Sebastia, Yerevan"
0x406abd8c5da733a1:0xb40d8be49073ef2d,Moscow Tuning Garage,Wheel store,автосервис,Ереван,"Lazo St, Yerevan, Armenia",+37455335263,,,,,,,,5.0,,open,,40.1564393,44.4997944,https://www.google.com/maps/place/Moscow+Tuning+Garage/data=!4m7!3m6!1s0x406abd8c5da733a1:0xb40d8be49073ef2d!8m2!3d40.1564393!4d44.4997944!16s%2Fg%2F11kjcs2fqq!19sChIJoTOnXYy9akARLe9zkOSLDbQ,"car repair in Kentron, Yerevan"
0x406abdd1f371332d:0x84562dacf36ecded,Motobox,Auto repair shop,автосервис,Ереван,"5F85+M9J, Yerevan, Armenia",,,,,,,,,5.0,,open,,40.1667119,44.4583831,https://www.google.com/maps/place/Motobox/data=!4m7!3m6!1s0x406abdd1f371332d:0x84562dacf36ecded!8m2!3d40.1667119!4d44.4583831!16s%2Fg%2F11t49q9403!19sChIJLTNx89G9akAR7c1u86wtVoQ,"car repair in Malatia-Sebastia, Yerevan"
0x406a97e1df1d3b0b:0xedf6676e0d8ea35c,Motorist Leo,Auto repair shop,автосервис,Ереван,"1/1, Yuri, Yerznkyan alley, Yerevan, Armenia",+37498005338,,,,,,,,5.0,,open,,40.2173355,44.4792029,https://www.google.com/maps/place/Motorist+Leo/data=!4m7!3m6!1s0x406a97e1df1d3b0b:0xedf6676e0d8ea35c!8m2!3d40.2173355!4d44.4792029!16s%2Fg%2F11x1y1l76p!19sChIJCzsd3-GXakARXKOODW5n9u0,"car repair in Arabkir, Yerevan"
0x406abd005370b073:0x1ee1bdef9c37ea0f,"Mustang Service ""Paronyan St.""",Oil change service,автосервис,Ереван,"10 Paronyan St, Yerevan, Armenia",+37491103112,,,,,,,,4.4,,open,,40.1815076,44.4993059,https://www.google.com/maps/place/Mustang+Service+%22Paronyan+St.%22/data=!4m7!3m6!1s0x406abd005370b073:0x1ee1bdef9c37ea0f!8m2!3d40.1815076!4d44.4993059!16s%2Fg%2F11d_1d0tks!19sChIJc7BwUwC9akARD-o3nO-94R4,"car repair in Kentron, Yerevan"
0x406aa30015fdd3bb:0xe2b9208752433eb5,Mx Garage,Auto repair shop,автосервис,Ереван,"1 Moldovakan St, Yerevan, Armenia",,,,,,,,,,,open,,40.2005947,44.5741178,https://www.google.com/maps/place/Mx+Garage/data=!4m7!3m6!1s0x406aa30015fdd3bb:0xe2b9208752433eb5!8m2!3d40.2005947!4d44.5741178!16s%2Fg%2F11zh1dj15x!19sChIJu9P9FQCjakARtT5DUocgueI,"car repair in Nor Nork, Yerevan"
0x406aa30023dde00f:0xcfa5bfa9cb2c2606,NAREK AUTO MOTORS,Auto repair shop,автосервис,Ереван,"11 Zakaria Kanakertsi St, Yerevan, Armenia",+37491906565,,,,,,,,,,open,,40.21423,44.53433,https://www.google.com/maps/place/NAREK+AUTO+MOTORS/data=!4m7!3m6!1s0x406aa30023dde00f:0xcfa5bfa9cb2c2606!8m2!3d40.21423!4d44.53433!16s%2Fg%2F11z7n1vtpf!19sChIJD-DdIwCjakARBiYsy6m_pc8,"car repair in Nor Nork, Yerevan"
0x406ab969d4e9d1c7:0x32a27c81d0d6449b,NG Garage,Auto repair shop,автосервис,Ереван,"Երևան, Արտաշատ խճուղի, Masis 0803, Armenia",+37441449343,,,,,,,,,,open,,40.0997233,44.469844,https://www.google.com/maps/place/NG+Garage/data=!4m7!3m6!1s0x406ab969d4e9d1c7:0x32a27c81d0d6449b!8m2!3d40.0997233!4d44.469844!16s%2Fg%2F11nvy49nq7!19sChIJx9Hp1Gm5akARm0TW0IF8ojI,"car repair in Shengavit, Yerevan"
0x406abd9a3fcb79bd:0xff029fdc4f0de01d,NOY Service - 2,Auto repair shop,автосервис,Ереван,"78/6 Gusan Sheram Street, Yerevan 0034, Armenia",+37494182827,,,,,,,,,,open,,40.176156,44.4352826,https://www.google.com/maps/place/NOY+Service+-+2/data=!4m7!3m6!1s0x406abd9a3fcb79bd:0xff029fdc4f0de01d!8m2!3d40.176156!4d44.4352826!16s%2Fg%2F11sx77sph_!19sChIJvXnLP5q9akARHeANT9yfAv8,"car repair in Malatia-Sebastia, Yerevan"
0x406aa354c6e0e7cb:0x420ee346abbb8609,Naxkin Doosaf,Auto repair shop,автосервис,Ереван,"6H62+MXR, Yerevan, Armenia",,,,,,,,,,,open,,40.2117286,44.5523955,https://www.google.com/maps/place/Naxkin+Doosaf/data=!4m7!3m6!1s0x406aa354c6e0e7cb:0x420ee346abbb8609!8m2!3d40.2117286!4d44.5523955!16s%2Fg%2F11pzpkk3jv!19sChIJy-fgxlSjakARCYa7q0bjDkI,"car repair in Nor Nork, Yerevan"
0x406aa3002e323d31:0xc474802da241b3d9,Nerses Automotive service,Car repair and maintenance service,автосервис,Ереван,"27, 2 Nikoghayos Tigranyan St, Yerevan, Armenia",+37477968804,,,,,,,,5.0,,open,,40.2121708,44.5190532,https://www.google.com/maps/place/Nerses+Automotive+service/data=!4m7!3m6!1s0x406aa3002e323d31:0xc474802da241b3d9!8m2!3d40.2121708!4d44.5190532!16s%2Fg%2F11ntrtfrp9!19sChIJMT0yLgCjakAR2bNBoi2AdMQ,"car repair in Kentron, Yerevan"
0x406abdd832008fc1:0x733bcccecfc8c80e,OFF ROAD ARMENIA,Auto tune up service,автосервис,Ереван,"24 Yeghbayrutian St, Yerevan 0046, Armenia",+37477373313,,,,,,,,5.0,,open,,40.1460729,44.4781924,https://www.google.com/maps/place/OFF+ROAD+ARMENIA/data=!4m7!3m6!1s0x406abdd832008fc1:0x733bcccecfc8c80e!8m2!3d40.1460729!4d44.4781924!16s%2Fg%2F11j372pp2h!19sChIJwY8AMti9akARDsjIz87MO3M,"car repair in Malatia-Sebastia, Yerevan"
0x406abd0035d57945:0xaf453396a6a273b3,Oil stop,Auto repair shop,автосервис,Ереван,"4FRW+R45, Yerevan, Armenia",,,,,,,,,,,open,,40.1421323,44.4950534,https://www.google.com/maps/place/Oil+stop/data=!4m7!3m6!1s0x406abd0035d57945:0xaf453396a6a273b3!8m2!3d40.1421323!4d44.4950534!16s%2Fg%2F11nvydbv36!19sChIJRXnVNQC9akARs3OippYzRa8,"car repair in Shengavit, Yerevan"
0x406abdc5b4ee575d:0x470ec9e235be09bb,PRESTIGE,Auto repair shop,автосервис,Ереван,"5FC5+PF7, Mikayelian St, Yerevan, Armenia",+37410777370,,,,,,,,4.3,,open,,40.1717867,44.458676,https://www.google.com/maps/place/PRESTIGE/data=!4m7!3m6!1s0x406abdc5b4ee575d:0x470ec9e235be09bb!8m2!3d40.1717867!4d44.458676!16s%2Fg%2F1vs1qbxx!19sChIJXVfutMW9akARuwm-NeLJDkc,"car repair in Malatia-Sebastia, Yerevan"
0x406aa3d07972c09b:0x3cf00b5e580297ec,PRO SERVIZ,Auto machine shop,автосервис,Ереван,"1/53 1 փողոց, Yerevan, Armenia",+37495315005,,,,,,,,,,open,,40.1878663,44.5905105,https://www.google.com/maps/place/PRO+SERVIZ/data=!4m7!3m6!1s0x406aa3d07972c09b:0x3cf00b5e580297ec!8m2!3d40.1878663!4d44.5905105!16s%2Fg%2F11n4vvyp79!19sChIJm8ByedCjakAR7JcCWF4L8Dw,"car repair in Nor Nork, Yerevan"
0x406abf006cbb3b7b:0xf85001bc3744d02e,Pahestamaser,Auto repair shop,автосервис,Ереван,"5C5W+MGP, Yerevan, Armenia",,,,,,,,,,,open,,40.1592191,44.4463422,https://www.google.com/maps/place/Pahestamaser/data=!4m7!3m6!1s0x406abf006cbb3b7b:0xf85001bc3744d02e!8m2!3d40.1592191!4d44.4463422!16s%2Fg%2F11y3k46y3g!19sChIJezu7bAC_akARLtBEN7wBUPg,"car repair in Malatia-Sebastia, Yerevan"
0x406abdd1977d1d29:0x9106737d51c9734a,Panther Energy Service,Car repair and maintenance service,автосервис,Ереван,"5F85+7VP, Sebastia St, Yerevan, Armenia",+37494404808,,,,,,,,5.0,,open,,40.1657063,44.4597148,https://www.google.com/maps/place/Panther+Energy+Service/data=!4m7!3m6!1s0x406abdd1977d1d29:0x9106737d51c9734a!8m2!3d40.1657063!4d44.4597148!16s%2Fg%2F11b5wjc2xt!19sChIJKR19l9G9akARSnPJUX1zBpE,"car repair in Malatia-Sebastia, Yerevan"
0x406abdc6869e17e3:0x81b01880f335a214,Pedros M.I.T,Motorcycle repair shop,автосервис,Ереван,"4/5 Rostovyan St, Yerevan 0002, Armenia",+37498550147,,,,,,,,5.0,,open,,40.1506158,44.5152911,https://www.google.com/maps/place/Pedros+M.I.T/data=!4m7!3m6!1s0x406abdc6869e17e3:0x81b01880f335a214!8m2!3d40.1506158!4d44.5152911!16s%2Fg%2F11tcrzyd89!19sChIJ4xeehsa9akARFKI184AYsIE,"car repair in Kentron, Yerevan"
0x406abdeef9d00eb5:0xd6980e91ff83aab9,Pnevmo Puchik,Auto spring shop,автосервис,Ереван,"34, 2 Halabyan St, Yerevan 0078, Armenia",+37477261287,,,,,,,,5.0,,open,,40.2032466,44.4802895,https://www.google.com/maps/place/Pnevmo+Puchik/data=!4m7!3m6!1s0x406abdeef9d00eb5:0xd6980e91ff83aab9!8m2!3d40.2032466!4d44.4802895!16s%2Fg%2F11rq4r6mhq!19sChIJtQ7Q-e69akARuaqD_5EOmNY,"car repair in Arabkir, Yerevan"
0x406abba98ffaeaa5:0x3492f8ce883995e1,Pro Tech Auto service,Car repair and maintenance service,автосервис,Ереван,"74/15 Davit-Bek St, Yerevan, Armenia",+37499517051,,,,,,,,,,open,,40.1625821,44.5375725,https://www.google.com/maps/place/Pro+Tech+Auto+service/data=!4m7!3m6!1s0x406abba98ffaeaa5:0x3492f8ce883995e1!8m2!3d40.1625821!4d44.5375725!16s%2Fg%2F11z79sytlg!19sChIJper6j6m7akAR4ZU5iM74kjQ,"car repair in Kentron, Yerevan"
0x406abd9e27efbb67:0x4435ac2e6b940349,RP Mechanic Yerevan,Auto repair shop,автосервис,Ереван,"Մոնթե Մելքոնյանի անվան ռազմամարզական վարժարան, 44 Halabyan St, Yerevan 0054, Armenia",,,,,,,,,,,open,,40.2116921,44.483722,https://www.google.com/maps/place/RP+Mechanic+Yerevan/data=!4m7!3m6!1s0x406abd9e27efbb67:0x4435ac2e6b940349!8m2!3d40.2116921!4d44.483722!16s%2Fg%2F11khw04gdg!19sChIJZ7vvJ569akARSQOUay6sNUQ,"car repair in Arabkir, Yerevan"
0x406abd001cd070c9:0x6f92c17e12fe45f5,Red AutoService,Auto repair shop,автосервис,Ереван,"108 Gusan Sheram Street, Yerevan 0064, Armenia",,,,,,,,,,,open,,40.179001,44.4378959,https://www.google.com/maps/place/Red+AutoService/data=!4m7!3m6!1s0x406abd001cd070c9:0x6f92c17e12fe45f5!8m2!3d40.179001!4d44.4378959!16s%2Fg%2F11xgd4b452!19sChIJyXDQHAC9akAR9UX-En7Bkm8,"car repair in Malatia-Sebastia, Yerevan"
0x406abd27936a026f:0x335f8af7c3f1dfe8,RemontAvtostekol,Auto glass shop,автосервис,Ереван,"Movses Khorenatsi street, 117 1 1st Lane, Yerevan, Armenia",+37455498324,,,,,,,,,,open,,40.1670941,44.5157675,https://www.google.com/maps/place/RemontAvtostekol/data=!4m7!3m6!1s0x406abd27936a026f:0x335f8af7c3f1dfe8!8m2!3d40.1670941!4d44.5157675!16s%2Fg%2F11p19rmvfr!19sChIJbwJqkye9akAR6N_xw_eKXzM,"car repair in Kentron, Yerevan"
0x406abe7e45db0e2b:0xe1b2857b718bb9ee,Rep-Car,Auto restoration service,автосервис,Ереван,"26/1 Admiral Isakov Ave, Yerevan, Armenia",+37494910099,,,,,,,,,,open,,40.1576843,44.4520863,https://www.google.com/maps/place/Rep-Car/data=!4m7!3m6!1s0x406abe7e45db0e2b:0xe1b2857b718bb9ee!8m2!3d40.1576843!4d44.4520863!16s%2Fg%2F1pp2tkcl2!19sChIJKw7bRX6-akAR7rmLcXuFsuE,"car repair in Malatia-Sebastia, Yerevan"
0x406abda12cefd529:0x6c044066ab1826f,Rob Motors Autoservice,Repair service,автосервис,Ереван,"71, 1 Davit-Bek St, Yerevan 0008, Armenia",+37499999000,,,,,,,,,,open,,40.1531826,44.5378665,https://www.google.com/maps/place/Rob+Motors+Autoservice/data=!4m7!3m6!1s0x406abda12cefd529:0x6c044066ab1826f!8m2!3d40.1531826!4d44.5378665!16s%2Fg%2F11vsd5f95t!19sChIJKdXvLKG9akARb4KxagZEwAY,"car repair in Kentron, Yerevan"
0x406abb005499271f:0xd9f04dadad35c97b,Rob opel,Auto repair shop,автосервис,Ереван,"4GHR+QJW, Yerevan, Armenia",+37477210707,,,,,,,,5.0,,open,,40.1295226,44.5415302,https://www.google.com/maps/place/Rob+opel/data=!4m7!3m6!1s0x406abb005499271f:0xd9f04dadad35c97b!8m2!3d40.1295226!4d44.5415302!16s%2Fg%2F11n4rzlpjn!19sChIJHyeZVAC7akARe8k1ra1N8Nk,"car repair in Erebuni, Yerevan"
0x406abd225faeb8cf:0x3315b5ef63efffd7,Romservis,Auto machine shop,автосервис,Ереван,"35/1 Айвазовского, Yerevan, Armenia",+37493683434,,,,,,,,,,open,,40.1872023,44.515209,https://www.google.com/maps/place/Romservis/data=!4m7!3m6!1s0x406abd225faeb8cf:0x3315b5ef63efffd7!8m2!3d40.1872023!4d44.515209!16s%2Fg%2F11vb0z34t6!19sChIJz7iuXyK9akAR1__vY--1FTM,"car repair in Kentron, Yerevan"
0x406abf2b282af5ad:0xb60a272557c7d93,Royal Oils,Auto repair shop,автосервис,Ереван,"100 Arno Babajanyan St, Yerevan 0064, Armenia",+37499068585,,,,,,,,,,open,,40.165787,44.4397018,https://www.google.com/maps/place/Royal+Oils/data=!4m7!3m6!1s0x406abf2b282af5ad:0xb60a272557c7d93!8m2!3d40.165787!4d44.4397018!16s%2Fg%2F11snhzngtx!19sChIJrfUqKCu_akARk318VXKiYAs,"car repair in Malatia-Sebastia, Yerevan"
0x406abd2e7a5df3b7:0x675a53a44a2b5c79,Rubinyants 2/34,Auto repair shop,автосервис,Ереван,"2, 34 Rubinyants St, Yerevan, Armenia",,,,,,,,,4.5,,open,,40.199073,44.539976,https://www.google.com/maps/place/Rubinyants+2%2F34/data=!4m7!3m6!1s0x406abd2e7a5df3b7:0x675a53a44a2b5c79!8m2!3d40.199073!4d44.539976!16s%2Fg%2F11sps76m55!19sChIJt_Ndei69akAReVwrSqRTWmc,"car repair in Nor Nork, Yerevan"
0x406a97fe48f811fd:0xbc7072529fe85b13,S&G Prof. Services,Auto repair shop,автосервис,Ереван,"6F9V+RJ3, Yerevan 0054, Armenia",,,,,,,,,1.0,,open,,40.219512,44.4940339,https://www.google.com/maps/place/S%26G+Prof.+Services/data=!4m7!3m6!1s0x406a97fe48f811fd:0xbc7072529fe85b13!8m2!3d40.219512!4d44.4940339!16s%2Fg%2F11c7s9bmbs!19sChIJ_RH4SP6XakARE1von1JycLw,"car repair in Arabkir, Yerevan"
0x406abd4e058c55c3:0xa5b9421a59eca046,SRS SERVICE Malatia,Auto repair shop,автосервис,Ереван,"19 Malatia St, Yerevan, Armenia",+37494997688,,,,,,,,,,open,,40.1731891,44.4628297,https://www.google.com/maps/place/SRS+SERVICE+Malatia/data=!4m7!3m6!1s0x406abd4e058c55c3:0xa5b9421a59eca046!8m2!3d40.1731891!4d44.4628297!16s%2Fg%2F11l30wyjw3!19sChIJw1WMBU69akARRqDsWRpCuaU,"car repair in Malatia-Sebastia, Yerevan"
0x406aa3113d3b9023:0xe9f031ae7518ed1d,ST Auto Motors,Auto repair shop,автосервис,Ереван,"73 Улица Тевосяна, Yerevan 0076, Armenia",+37499800085,,,,,,,,,,open,,40.1896918,44.5866208,https://www.google.com/maps/place/ST+Auto+Motors/data=!4m7!3m6!1s0x406aa3113d3b9023:0xe9f031ae7518ed1d!8m2!3d40.1896918!4d44.5866208!16s%2Fg%2F11yvdt7n4s!19sChIJI5A7PRGjakARHe0Yda4x8Ok,"car repair in Nor Nork, Yerevan"
0x406aa5ad30a2ff4d:0x63c0fba6fe3c9800,Sharjakan Vulkanizacia,Car repair and maintenance service,автосервис,Ереван,"10 Sport St, Yerevan 0031, Armenia",+37496444848,,,,,,,,4.3,,open,,40.1941016,44.4611132,https://www.google.com/maps/place/Sharjakan+Vulkanizacia/data=!4m7!3m6!1s0x406aa5ad30a2ff4d:0x63c0fba6fe3c9800!8m2!3d40.1941016!4d44.4611132!16s%2Fg%2F11kh_rx86y!19sChIJTf-iMK2lakARAJg8_qb7wGM,"car repair in Malatia-Sebastia, Yerevan"
0x406abd0025e70f67:0x994a6e6c4affc99d,Shelby Motors,Auto repair shop,автосервис,Ереван,"23, 4 Artsakh Ave, Yerevan, Armenia",+37443181019,,,,,,,,,,open,,40.1473762,44.5103164,https://www.google.com/maps/place/Shelby+Motors/data=!4m7!3m6!1s0x406abd0025e70f67:0x994a6e6c4affc99d!8m2!3d40.1473762!4d44.5103164!16s%2Fg%2F11p1cs037f!19sChIJZw_nJQC9akARncn_SmxuSpk,"car repair in Erebuni, Yerevan"
0x406abd97791f3939:0xcb8d70af1d1807ab,Sprinter Service,Auto parts store,автосервис,Ереван,"2/2 Minsk, Yerevan 0059, Armenia",+37433456789,,,,,,,,5.0,,open,,40.1803023,44.5790695,https://www.google.com/maps/place/Sprinter+Service/data=!4m7!3m6!1s0x406abd97791f3939:0xcb8d70af1d1807ab!8m2!3d40.1803023!4d44.5790695!16s%2Fg%2F11tbvb_svy!19sChIJOTkfeZe9akARqwcYHa9wjcs,"car repair in Nor Nork, Yerevan"
0x406abdefb1081f2d:0xf4079e640d6299c2,SprinterService,Auto machine shop,автосервис,Ереван,"17, 15 Арин-Берда, Yerevan 0075, Armenia",+37493380933,,,,,,,,,,open,,40.1872023,44.515209,https://www.google.com/maps/place/SprinterService/data=!4m7!3m6!1s0x406abdefb1081f2d:0xf4079e640d6299c2!8m2!3d40.1872023!4d44.515209!16s%2Fg%2F11sy710sm2!19sChIJLR8Ise-9akARwpliDWSeB_Q,"car repair in Kentron, Yerevan"
0x406abf4596b8ce23:0x61346c189c31c777,Start Auto LLC,Auto parts store,автосервис,Ереван,"169/3 Arno Babajanyan St, Yerevan, Armenia",+37491828284,,,,,,,,,,open,,40.1627808,44.4417972,https://www.google.com/maps/place/Start+Auto+LLC/data=!4m7!3m6!1s0x406abf4596b8ce23:0x61346c189c31c777!8m2!3d40.1627808!4d44.4417972!16s%2Fg%2F11mrrz1w_2!19sChIJI864lkW_akARd8cxnBhsNGE,"car repair in Malatia-Sebastia, Yerevan"
0x406ab9556c8ac1af:0x4babdf3fc80cbd3c,Subaru Texspasarkum,Auto repair shop,автосервис,Ереван,"69 Bagratunyanc, Yerevan, Armenia",+37493011965,,,,,,,,4.8,,open,,40.1366089,44.5001025,https://www.google.com/maps/place/Subaru+Texspasarkum/data=!4m7!3m6!1s0x406ab9556c8ac1af:0x4babdf3fc80cbd3c!8m2!3d40.1366089!4d44.5001025!16s%2Fg%2F11fylly7v_!19sChIJr8GKbFW5akARPL0MyD_fq0s,"car repair in Shengavit, Yerevan"
0x406abdde4aeda081:0x52438d3d94eea2d9,Syunik Auto Service,Auto repair shop,автосервис,Ереван,"164/12 Davit-Bek St, Yerevan, Armenia",+37498133490,,,,,,,,5.0,,open,,40.1666028,44.5454646,https://www.google.com/maps/place/Syunik+Auto+Service/data=!4m7!3m6!1s0x406abdde4aeda081:0x52438d3d94eea2d9!8m2!3d40.1666028!4d44.5454646!16s%2Fg%2F11y5kxb6_p!19sChIJgaDtSt69akAR2aLulD2NQ1I,"car repair in Kentron, Yerevan"
0x406abdd3f4836343:0xc4f873cc6e3f5758,Tire repair,Tire repair shop,автосервис,Ереван,"15/3, Գրիբոյեդով 0051, Armenia",,,,,,,,,4.0,,open,,40.2092392,44.5137475,https://www.google.com/maps/place/Tire+repair/data=!4m7!3m6!1s0x406abdd3f4836343:0xc4f873cc6e3f5758!8m2!3d40.2092392!4d44.5137475!16s%2Fg%2F11tb5stws4!19sChIJQ2OD9NO9akARWFc_bsxz-MQ,"car repair in Arabkir, Yerevan"
0x406abc6b9edb19d3:0x6b448d5b1813195e,TurboLine,Car repair and maintenance service,автосервис,Ереван,"5G54+6GF, Yerevan 0026, Armenia",+37493445000,,,,,,,,5.0,,open,,40.1580626,44.506283,https://www.google.com/maps/place/TurboLine/data=!4m7!3m6!1s0x406abc6b9edb19d3:0x6b448d5b1813195e!8m2!3d40.1580626!4d44.506283!16s%2Fg%2F11dyzltp7t!19sChIJ0xnbnmu8akARXhkTGFuNRGs,"car repair in Kentron, Yerevan"
0x406abfcf8111b9f7:0xb6f0563b49cb0b52,VARMA AUTO SERVICE,Chauffeur service,автосервис,Ереван,"Армения, 0003, Ереван Неркин Чарбах, 1-я улица, 136 дом (Шенгавит адм. район AM 0003, Yerevan, Armenia",+37495411422,,,,,,,,5.0,,open,,40.1232637,44.4427878,https://www.google.com/maps/place/VARMA+AUTO+SERVICE/data=!4m7!3m6!1s0x406abfcf8111b9f7:0xb6f0563b49cb0b52!8m2!3d40.1232637!4d44.4427878!16s%2Fg%2F11cst0v63q!19sChIJ97kRgc-_akARUgvLSTtW8LY,"car repair in Shengavit, Yerevan"
0x406abdc96c18c06d:0x55cdde7257b60510,"VH Garage,Exclusive car garages",Auto repair shop,автосервис,Ереван,"1, 47 1-я улица, Yerevan, Armenia",+37477392070,,,,,,,,,,open,,40.1813319,44.4376029,"https://www.google.com/maps/place/VH+Garage,Exclusive+car+garages/data=!4m7!3m6!1s0x406abdc96c18c06d:0x55cdde7257b60510!8m2!3d40.1813319!4d44.4376029!16s%2Fg%2F11yhyryczh!19sChIJbcAYbMm9akAREAW2V3LezVU","car repair in Malatia-Sebastia, Yerevan"
0x406abd002c54c2ed:0x97b654777b875687,VW Autohaus,Auto repair shop,автосервис,Ереван,"35 Leningradyan St, Yerevan 0031, Armenia",,,,,,,,,,,open,,40.1905684,44.4661663,https://www.google.com/maps/place/VW+Autohaus/data=!4m7!3m6!1s0x406abd002c54c2ed:0x97b654777b875687!8m2!3d40.1905684!4d44.4661663!16s%2Fg%2F11yr_0jr9k!19sChIJ7cJULAC9akARh1aHe3dUtpc,"car repair in Malatia-Sebastia, Yerevan"
0x406aa3003e878fcb:0xc2a5fb61e140c064,Vakum avanum,Auto bodywork mechanic,автосервис,Ереван,"6H8P+XMG, Nver Safaryan St, Yerevan, Armenia",+37433262624,,,,,,,,,,open,,40.2181944,44.5874558,https://www.google.com/maps/place/Vakum+avanum/data=!4m7!3m6!1s0x406aa3003e878fcb:0xc2a5fb61e140c064!8m2!3d40.2181944!4d44.5874558!16s%2Fg%2F11ylktv77j!19sChIJy4-HPgCjakARZMBA4WH7pcI,"car repair in Nor Nork, Yerevan"
0x406a9500685656a1:0xf7972f2da5853aaa,Van Auto Service,Auto repair shop,автосервис,Ереван,"Փարաքար, 7 խճուղի, Merdzavan, Armenia",,,,,,,,,5.0,,open,,40.1654714,44.414049,https://www.google.com/maps/place/Van+Auto+Service/data=!4m7!3m6!1s0x406a9500685656a1:0xf7972f2da5853aaa!8m2!3d40.1654714!4d44.414049!16s%2Fg%2F11w28b_qd4!19sChIJoVZWaACVakARqjqFpS0vl_c,"car repair in Shengavit, Yerevan"
0x406abd86c45c19cd:0x1d13454902708cd4,Vianor шиномонтаж,Tire repair shop,автосервис,Ереван,"12, 2 Admiral Isakov Ave, Yerevan, Armenia",+37410563175,,,,,,,,4.8,,open,,40.1690471,44.4868294,https://www.google.com/maps/place/Vianor+%D1%88%D0%B8%D0%BD%D0%BE%D0%BC%D0%BE%D0%BD%D1%82%D0%B0%D0%B6/data=!4m7!3m6!1s0x406abd86c45c19cd:0x1d13454902708cd4!8m2!3d40.1690471!4d44.4868294!16s%2Fg%2F11scpddxc2!19sChIJzRlcxIa9akAR1IxwAklFEx0,"car repair in Kentron, Yerevan"
0x406abd51cd2956b7:0x92e53b8b01752219,Vip Tire - Շարժական Վուլկանիզացիա,Tire repair shop,автосервис,Ереван,"25/2 Chekhov St, Yerevan 0050, Armenia",+37491128585,,,,,,,,3.7,,open,,40.1516573,44.479115,https://www.google.com/maps/place/Vip+Tire+-+%D5%87%D5%A1%D6%80%D5%AA%D5%A1%D5%AF%D5%A1%D5%B6+%D5%8E%D5%B8%D6%82%D5%AC%D5%AF%D5%A1%D5%B6%D5%AB%D5%A6%D5%A1%D6%81%D5%AB%D5%A1/data=!4m7!3m6!1s0x406abd51cd2956b7:0x92e53b8b01752219!8m2!3d40.1516573!4d44.479115!16s%2Fg%2F11y37n0c2k!19sChIJt1YpzVG9akARGSJ1AYs75ZI,"car repair in Kentron, Yerevan"
0x406aa30051c243c1:0xf5f7a44bd5f392be,Vle,Auto repair shop,автосервис,Ереван,"86 Gogol St, Yerevan 0069, Armenia",,,,,,,,,,,open,,40.1994924,44.5474432,https://www.google.com/maps/place/Vle/data=!4m7!3m6!1s0x406aa30051c243c1:0xf5f7a44bd5f392be!8m2!3d40.1994924!4d44.5474432!16s%2Fg%2F11zh3nryfm!19sChIJwUPCUQCjakARvpLz1Uuk9_U,"car repair in Nor Nork, Yerevan"
0x406abd23da2f8edd:0x10c0c94b02f3030d,VoltArmenia,Car repair and maintenance service,автосервис,Ереван,"Komitas Ave, Yerevan, Armenia",+37498514615,,,,,,,,5.0,,open,,40.2057999,44.5062259,https://www.google.com/maps/place/VoltArmenia/data=!4m7!3m6!1s0x406abd23da2f8edd:0x10c0c94b02f3030d!8m2!3d40.2057999!4d44.5062259!16s%2Fg%2F11yxr2c3hg!19sChIJ3Y4v2iO9akARDQPzAkvJwBA,"car repair in Arabkir, Yerevan"
0x406abd96ddd0cb99:0x61ee182461995ce7,Vulkanacum Parkingum,Tire repair shop,автосервис,Ереван,"Yerevan 0056, Armenia",+37498952999,,,,,,,,5.0,,open,,40.1822693,44.5152136,https://www.google.com/maps/place/Vulkanacum+Parkingum/data=!4m7!3m6!1s0x406abd96ddd0cb99:0x61ee182461995ce7!8m2!3d40.1822693!4d44.5152136!16s%2Fg%2F11w2ccm5yt!19sChIJmcvQ3Za9akAR51yZYSQY7mE,"car repair in Kentron, Yerevan"
0x406abd00503d22db:0x9373caaa60e7d18a,Workshop bike,Auto repair shop,автосервис,Ереван,"5FG8+6F2, Shrjanayin, Yerevan, Armenia",,,,,,,,,,,open,,40.1756336,44.4662772,https://www.google.com/maps/place/Workshop+bike/data=!4m7!3m6!1s0x406abd00503d22db:0x9373caaa60e7d18a!8m2!3d40.1756336!4d44.4662772!16s%2Fg%2F11yhsxdf1w!19sChIJ2yI9UAC9akARitHnYKrKc5M,"car repair in Arabkir, Yerevan"
0x406aa3252ff06475:0x3f91aa05ce665450,XBOX car service,Auto electrical service,автосервис,Ереван,"1/3 Gyuliqexvyan, Yerevan, Armenia",+37455155016,,,,,,,,5.0,,open,,40.1898037,44.5677437,https://www.google.com/maps/place/XBOX+car+service/data=!4m7!3m6!1s0x406aa3252ff06475:0x3f91aa05ce665450!8m2!3d40.1898037!4d44.5677437!16s%2Fg%2F11jpk6bc0n!19sChIJdWTwLyWjakARUFRmzgWqkT8,"car repair in Nor Nork, Yerevan"
0x406abf924e367ca1:0xfb2ced2dc9ca5461,XCAR,Auto repair shop,автосервис,Ереван,"127, 134 1st St, Yerevan 0006, Armenia",+37455070057,,,,,,,,5.0,,open,,40.1323523,44.4867825,https://www.google.com/maps/place/XCAR/data=!4m7!3m6!1s0x406abf924e367ca1:0xfb2ced2dc9ca5461!8m2!3d40.1323523!4d44.4867825!16s%2Fg%2F11wv0_nrbf!19sChIJoXw2TpK_akARYVTKyS3tLPs,"car repair in Shengavit, Yerevan"
0x406abda1a9b6515d:0xacda41d74c990e24,Xado,Auto repair shop,автосервис,Ереван,"155 Charents St, Yerevan, Armenia",+37443150007,,,,,,,,5.0,,open,,40.1685694,44.5238367,https://www.google.com/maps/place/Xado/data=!4m7!3m6!1s0x406abda1a9b6515d:0xacda41d74c990e24!8m2!3d40.1685694!4d44.5238367!16s%2Fg%2F11h1ybczx3!19sChIJXVG2qaG9akARJA6ZTNdB2qw,"car repair in Kentron, Yerevan"
0x406abd004586b26b:0xa67593cd41f377c7,Yandex,Auto repair shop,автосервис,Ереван,"100 Gusan Sheram Street, Yerevan 0065, Armenia",,,,,,,,,5.0,,open,,40.1781216,44.4395006,https://www.google.com/maps/place/Yandex/data=!4m7!3m6!1s0x406abd004586b26b:0xa67593cd41f377c7!8m2!3d40.1781216!4d44.4395006!16s%2Fg%2F11yhr8ffrs!19sChIJa7KGRQC9akARx3fzQc2TdaY,"car repair in Shengavit, Yerevan"
0x406abda0bf9e947d:0x5d60cead36e93f65,Yerevan Detailing,Auto tune up service,автосервис,Ереван,"Чаренц135, Yerevan 0002, Armenia",+37496864036,,,,,,,,,,open,,40.1697308,44.5248307,https://www.google.com/maps/place/Yerevan+Detailing/data=!4m7!3m6!1s0x406abda0bf9e947d:0x5d60cead36e93f65!8m2!3d40.1697308!4d44.5248307!16s%2Fg%2F11trg_nb2l!19sChIJfZSev6C9akARZT_pNq3OYF0,"car repair in Kentron, Yerevan"
0x406abd9227f807c9:0xa28c5af53b5a092b,art,Auto repair shop,автосервис,Ереван,"5FP6+4MR, Jambul St, Yerevan, Armenia",,,,,,,,,5.0,,open,,40.1853737,44.4616289,https://www.google.com/maps/place/art/data=!4m7!3m6!1s0x406abd9227f807c9:0xa28c5af53b5a092b!8m2!3d40.1853737!4d44.4616289!16s%2Fg%2F11s7qs22vz!19sChIJyQf4J5K9akARKwlaO_VajKI,"car repair in Malatia-Sebastia, Yerevan"
0x406abd005bad1a65:0xfb7a84671bfb0635,auto service,Auto electrical service,автосервис,Ереван,"Մոնթե Մելքոնյանի անվան ռազմամարզական վարժարան, 44 Halabyan St, Yerevan 0054, Armenia",+37491171807,,,,,,,,4.0,,open,,40.2115797,44.4835504,https://www.google.com/maps/place/auto+service/data=!4m7!3m6!1s0x406abd005bad1a65:0xfb7a84671bfb0635!8m2!3d40.2115797!4d44.4835504!16s%2Fg%2F11y3k025_j!19sChIJZRqtWwC9akARNQb7G2eEevs,"car repair in Arabkir, Yerevan"
0x406abd000407eabd:0xed8c556dc0b04ae5,car reapiring,Car repair and maintenance service,автосервис,Ереван,"73 Halabyan St, Yerevan 0036, Armenia",,,,,,,,,,,open,,40.2094341,44.480633,https://www.google.com/maps/place/car+reapiring/data=!4m7!3m6!1s0x406abd000407eabd:0xed8c556dc0b04ae5!8m2!3d40.2094341!4d44.480633!16s%2Fg%2F11zwqqj5_g!19sChIJveoHBAC9akAR5UqwwG1VjO0,"car repair in Arabkir, Yerevan"
0x406abd002d50946f:0xea59841f69058770,diagnostic & auto electrical,Auto electrical service,автосервис,Ереван,"12 Glinka St, Yerevan, Armenia",,,,,,,,,,,open,,40.1600063,44.5108902,https://www.google.com/maps/place/diagnostic+%26+auto+electrical/data=!4m7!3m6!1s0x406abd002d50946f:0xea59841f69058770!8m2!3d40.1600063!4d44.5108902!16s%2Fg%2F11xlg_8_3y!19sChIJb5RQLQC9akARcIcFaR-EWeo,"car repair in Kentron, Yerevan"
0x406abd6d50e5c04b:0x4678f1ac209016ce,farzad,Auto repair shop,автосервис,Ереван,"6F3X+XG7, Yerevan, Armenia",,,,,,,,,,,open,,40.2049144,44.4988097,https://www.google.com/maps/place/farzad/data=!4m7!3m6!1s0x406abd6d50e5c04b:0x4678f1ac209016ce!8m2!3d40.2049144!4d44.4988097!16s%2Fg%2F11rylgv5t8!19sChIJS8DlUG29akARzhaQIKzxeEY,"car repair in Kentron, Yerevan"
0x406abd4b063c9831:0xbb075ab29ee9222d,shdhhshshd,Auto body shop,автосервис,Ереван,"Koryun 1st Alley, Yerevan 0001, Armenia",+37443833030,,,,,,,,2.0,,open,,40.186039,44.5246432,https://www.google.com/maps/place/shdhhshshd/data=!4m7!3m6!1s0x406abd4b063c9831:0xbb075ab29ee9222d!8m2!3d40.186039!4d44.5246432!16s%2Fg%2F11z614mfnv!19sChIJMZg8Bku9akARLSLpnrJaB7s,"car repair in Kentron, Yerevan"
0x406ab967eb55373b:0xc2dc28965653a918,Авто Сервис Ավտոտեխսպասարկում Այնթապում Хадавик Електрик Сварка (СО)(елекро) Техасмотр Страховка автамабилеи.,Auto repair shop,автосервис,Ереван,"Ayntap 0803, Armenia",+37499006061,,,,,,,,5.0,,open,,40.0928413,44.4665844,https://www.google.com/maps/place/%D0%90%D0%B2%D1%82%D0%BE+%D0%A1%D0%B5%D1%80%D0%B2%D0%B8%D1%81+%D4%B1%D5%BE%D5%BF%D5%B8%D5%BF%D5%A5%D5%AD%D5%BD%D5%BA%D5%A1%D5%BD%D5%A1%D6%80%D5%AF%D5%B8%D6%82%D5%B4+%D4%B1%D5%B5%D5%B6%D5%A9%D5%A1%D5%BA%D5%B8%D6%82%D5%B4+%D0%A5%D0%B0%D0%B4%D0%B0%D0%B2%D0%B8%D0%BA+%D0%95%D0%BB%D0%B5%D0%BA%D1%82%D1%80%D0%B8%D0%BA+%D0%A1%D0%B2%D0%B0%D1%80%D0%BA%D0%B0+%28%D0%A1%D0%9E%29%28%D0%B5%D0%BB%D0%B5%D0%BA%D1%80%D0%BE%29+%D0%A2%D0%B5%D1%85%D0%B0%D1%81%D0%BC%D0%BE%D1%82%D1%80+%D0%A1%D1%82%D1%80%D0%B0%D1%85%D0%BE%D0%B2%D0%BA%D0%B0+%D0%B0%D0%B2%D1%82%D0%B0%D0%BC%D0%B0%D0%B1%D0%B8%D0%BB%D0%B5%D0%B8./data=!4m7!3m6!1s0x406ab967eb55373b:0xc2dc28965653a918!8m2!3d40.0928413!4d44.4665844!16s%2Fg%2F11krrck6nd!19sChIJOzdV62e5akARGKlTVpYo3MI,"car repair in Shengavit, Yerevan"
0x406abd0056eecd83:0xb55e75b79c8fb525,Авто мастерская,Auto repair shop,автосервис,Ереван,"59/2 Белинского, Yerevan, Armenia",,,,,,,,,,,open,,40.1872023,44.515209,https://www.google.com/maps/place/%D0%90%D0%B2%D1%82%D0%BE+%D0%BC%D0%B0%D1%81%D1%82%D0%B5%D1%80%D1%81%D0%BA%D0%B0%D1%8F/data=!4m7!3m6!1s0x406abd0056eecd83:0xb55e75b79c8fb525!8m2!3d40.1872023!4d44.515209!16s%2Fg%2F11ldtxkbbv!19sChIJg83uVgC9akARJbWPnLd1XrU,"car repair in Kentron, Yerevan"
0x406abd77450f1fa3:0x3373734cb25cb1fe,Автомастер,Auto machine shop,автосервис,Ереван,"4th Quartier, Yerevan, Armenia",,,,,,,,,5.0,,open,,40.1962615,44.4728333,https://www.google.com/maps/place/%D0%90%D0%B2%D1%82%D0%BE%D0%BC%D0%B0%D1%81%D1%82%D0%B5%D1%80/data=!4m7!3m6!1s0x406abd77450f1fa3:0x3373734cb25cb1fe!8m2!3d40.1962615!4d44.4728333!16s%2Fg%2F11g01s7zwt!19sChIJox8PRXe9akAR_rFcskxzczM,"car repair in Malatia-Sebastia, Yerevan"
0x406abd13a9d29b6b:0xce977ff44c45af6a,Автомастерская,Car repair and maintenance service,автосервис,Ереван,"Yerevan, Armenia",+37496809608,,,,,,,,5.0,,open,,40.2113976,44.5147153,https://www.google.com/maps/place/%D0%90%D0%B2%D1%82%D0%BE%D0%BC%D0%B0%D1%81%D1%82%D0%B5%D1%80%D1%81%D0%BA%D0%B0%D1%8F/data=!4m7!3m6!1s0x406abd13a9d29b6b:0xce977ff44c45af6a!8m2!3d40.2113976!4d44.5147153!16s%2Fg%2F11jhy4y4xy!19sChIJa5vSqRO9akARaq9FTPR_l84,"car repair in Arabkir, Yerevan"
0x406aa36ec8d55f7d:0x15d81ea4e68f6089,Автомастерская H.S.GAS,Auto repair shop,автосервис,Ереван,"Gaya Avenue, 12 Gai Ave, Yerevan 0062, Armenia",+37455209200,,,,,,,,3.0,,open,,40.1990027,44.5657237,https://www.google.com/maps/place/%D0%90%D0%B2%D1%82%D0%BE%D0%BC%D0%B0%D1%81%D1%82%D0%B5%D1%80%D1%81%D0%BA%D0%B0%D1%8F+H.S.GAS/data=!4m7!3m6!1s0x406aa36ec8d55f7d:0x15d81ea4e68f6089!8m2!3d40.1990027!4d44.5657237!16s%2Fg%2F11j0j2c6rz!19sChIJfV_VyG6jakARiWCP5qQe2BU,"car repair in Nor Nork, Yerevan"
0x406a97c6170cacf5:0x3884c3484e3d335c,Автосервис,Auto repair shop,автосервис,Ереван,"9, 7 Sasna Tzrer St, Yerevan 0054, Armenia",,,,,,,,,5.0,,open,,40.2151055,44.4880669,https://www.google.com/maps/place/%D0%90%D0%B2%D1%82%D0%BE%D1%81%D0%B5%D1%80%D0%B2%D0%B8%D1%81/data=!4m7!3m6!1s0x406a97c6170cacf5:0x3884c3484e3d335c!8m2!3d40.2151055!4d44.4880669!16s%2Fg%2F11t_ylym5m!19sChIJ9awMF8aXakARXDM9TkjDhDg,"car repair in Arabkir, Yerevan"
0x406abd002c208b5b:0xe0affa78c6b5b3ff,Автосервис,Auto repair shop,автосервис,Ереван,"5GRW+FXF, Yerevan, Armenia",,,,,,,,,,,open,,40.1914927,44.5488793,https://www.google.com/maps/place/%D0%90%D0%B2%D1%82%D0%BE%D1%81%D0%B5%D1%80%D0%B2%D0%B8%D1%81/data=!4m7!3m6!1s0x406abd002c208b5b:0xe0affa78c6b5b3ff!8m2!3d40.1914927!4d44.5488793!16s%2Fg%2F11zh1t9x0x!19sChIJW4sgLAC9akAR_7O1xnj6r-A,"car repair in Nor Nork, Yerevan"
0x406ab90064854717:0x609cc2ed955276d0,Автосервис,Auto repair shop,автосервис,Ереван,"4GJ5+JVP, Yerevan, Armenia",,,,,,,,,1.0,,open,,40.1315862,44.5097034,https://www.google.com/maps/place/%D0%90%D0%B2%D1%82%D0%BE%D1%81%D0%B5%D1%80%D0%B2%D0%B8%D1%81/data=!4m7!3m6!1s0x406ab90064854717:0x609cc2ed955276d0!8m2!3d40.1315862!4d44.5097034!16s%2Fg%2F11z1nqsjqw!19sChIJF0eFZAC5akAR0HZSle3CnGA,"car repair in Erebuni, Yerevan"
0x406abb0da84e1a47:0x1505d7da30921c83,Автосервис,Auto repair shop,автосервис,Ереван,"35 Dashtents bck, Yerevan, Armenia",+37493683434,,,,,,,,,,open,,40.1397411,44.5337023,https://www.google.com/maps/place/%D0%90%D0%B2%D1%82%D0%BE%D1%81%D0%B5%D1%80%D0%B2%D0%B8%D1%81/data=!4m7!3m6!1s0x406abb0da84e1a47:0x1505d7da30921c83!8m2!3d40.1397411!4d44.5337023!16s%2Fg%2F11l23w6c5f!19sChIJRxpOqA27akARgxySMNrXBRU,"car repair in Erebuni, Yerevan"
0x406aa53314c65c13:0x98f5f3abbfcda71,Автосервис Джрвеж,Auto repair shop,автосервис,Ереван,"ap. 1, 13th St, village, Jrvezh, Armenia",,,,,,,,,5.0,,open,,40.185349,44.5976207,https://www.google.com/maps/place/%D0%90%D0%B2%D1%82%D0%BE%D1%81%D0%B5%D1%80%D0%B2%D0%B8%D1%81+%D0%94%D0%B6%D1%80%D0%B2%D0%B5%D0%B6/data=!4m7!3m6!1s0x406aa53314c65c13:0x98f5f3abbfcda71!8m2!3d40.185349!4d44.5976207!16s%2Fg%2F11l352gpsm!19sChIJE1zGFDOlakARcdr8uzpfjwk,"car repair in Nor Nork, Yerevan"
0x406aa3000d8965a5:0x4d0941feae37f54f,Автоэлектрик,Auto repair shop,автосервис,Ереван,"21 Nikoghayos Adonts St, Yerevan 0014, Armenia",,,,,,,,,,,open,,40.2141062,44.5193632,https://www.google.com/maps/place/%D0%90%D0%B2%D1%82%D0%BE%D1%8D%D0%BB%D0%B5%D0%BA%D1%82%D1%80%D0%B8%D0%BA/data=!4m7!3m6!1s0x406aa3000d8965a5:0x4d0941feae37f54f!8m2!3d40.2141062!4d44.5193632!16s%2Fg%2F11ntdfbf7f!19sChIJpWWJDQCjakART_U3rv5BCU0,"car repair in Nor Nork, Yerevan"
0x406abbab2029d871:0xc3c6056e3370cb87,Вулканизация,Auto machine shop,автосервис,Ереван,"71 Vilnius St, Yerevan 0059, Armenia",,,,,,,,,,,open,,40.170249,44.5639173,https://www.google.com/maps/place/%D0%92%D1%83%D0%BB%D0%BA%D0%B0%D0%BD%D0%B8%D0%B7%D0%B0%D1%86%D0%B8%D1%8F/data=!4m7!3m6!1s0x406abbab2029d871:0xc3c6056e3370cb87!8m2!3d40.170249!4d44.5639173!16s%2Fg%2F11h_cqrmmj!19sChIJcdgpIKu7akARh8twM24FxsM,"car repair in Nor Nork, Yerevan"
0x406abd003ea845a9:0x22fc4e11700efac0,Вулканизация,Auto repair shop,автосервис,Ереван,"5CFP+454, Yerevan, Armenia",,,,,,,,,,,open,,40.1724422,44.4344796,https://www.google.com/maps/place/%D0%92%D1%83%D0%BB%D0%BA%D0%B0%D0%BD%D0%B8%D0%B7%D0%B0%D1%86%D0%B8%D1%8F/data=!4m7!3m6!1s0x406abd003ea845a9:0x22fc4e11700efac0!8m2!3d40.1724422!4d44.4344796!16s%2Fg%2F11w21c1_lv!19sChIJqUWoPgC9akARwPoOcBFO_CI,"car repair in Malatia-Sebastia, Yerevan"
0x406abd007649a13b:0xf1dac524fac2241,Гараж 274,Auto repair shop,автосервис,Ереван,"Hunan Avetisyan St, Yerevan, Armenia",+37499317404,,,,,,,,,,open,,40.175331,44.5650084,https://www.google.com/maps/place/%D0%93%D0%B0%D1%80%D0%B0%D0%B6+274/data=!4m7!3m6!1s0x406abd007649a13b:0xf1dac524fac2241!8m2!3d40.175331!4d44.5650084!16s%2Fg%2F11yvtw0484!19sChIJO6FJdgC9akARQSKsT1KsHQ8,"car repair in Nor Nork, Yerevan"
0x406abd132c9a1a77:0x3a86a2077ca20f71,Зеркала для автомобилей,Auto tune up service,автосервис,Ереван,"5 Garegin Nzhdeh St, Yerevan 0006, Armenia",+37498477738,,,,,,,,5.0,,open,,40.1514444,44.4859692,https://www.google.com/maps/place/%D0%97%D0%B5%D1%80%D0%BA%D0%B0%D0%BB%D0%B0+%D0%B4%D0%BB%D1%8F+%D0%B0%D0%B2%D1%82%D0%BE%D0%BC%D0%BE%D0%B1%D0%B8%D0%BB%D0%B5%D0%B9/data=!4m7!3m6!1s0x406abd132c9a1a77:0x3a86a2077ca20f71!8m2!3d40.1514444!4d44.4859692!16s%2Fg%2F11h_y9_f6p!19sChIJdxqaLBO9akARcQ-ifAeihjo,"car repair in Kentron, Yerevan"
0x406aa3731c4af323:0x5a90b47beb306934,Развал 3D,Auto repair shop,автосервис,Ереван,"10 Gyulikevkhyan St, Yerevan, Armenia",+37494301029,,,,,,,,5.0,,open,,40.1884508,44.5690927,https://www.google.com/maps/place/%D0%A0%D0%B0%D0%B7%D0%B2%D0%B0%D0%BB+3D/data=!4m7!3m6!1s0x406aa3731c4af323:0x5a90b47beb306934!8m2!3d40.1884508!4d44.5690927!16s%2Fg%2F11s8tqmzkp!19sChIJI_NKHHOjakARNGkw63u0kFo,"car repair in Nor Nork, Yerevan"
0x406abdead8ea131d:0xae446636d559b1e1,Развал схождение,Auto repair shop,автосервис,Ереван,"5FP5+JPP, Romanos Melikyan str., Yerevan, Armenia",+37494679798,,,,,,,,5.0,,open,,40.1856941,44.4589594,https://www.google.com/maps/place/%D0%A0%D0%B0%D0%B7%D0%B2%D0%B0%D0%BB+%D1%81%D1%85%D0%BE%D0%B6%D0%B4%D0%B5%D0%BD%D0%B8%D0%B5/data=!4m7!3m6!1s0x406abdead8ea131d:0xae446636d559b1e1!8m2!3d40.1856941!4d44.4589594!16s%2Fg%2F11svdgytr8!19sChIJHRPq2Oq9akAR4bFZ1TZmRK4,"car repair in Shengavit, Yerevan"
0x406abfdf7f017e0d:0x39ebb90bd14106b4,Регулировка развала,Car repair and maintenance service,автосервис,Ереван,"5C6F+V37, Parakar, Armenia",+37491473624,,,,,,,,5.0,,open,,40.1621521,44.4226757,https://www.google.com/maps/place/%D0%A0%D0%B5%D0%B3%D1%83%D0%BB%D0%B8%D1%80%D0%BE%D0%B2%D0%BA%D0%B0+%D1%80%D0%B0%D0%B7%D0%B2%D0%B0%D0%BB%D0%B0/data=!4m7!3m6!1s0x406abfdf7f017e0d:0x39ebb90bd14106b4!8m2!3d40.1621521!4d44.4226757!16s%2Fg%2F11lplcg5vs!19sChIJDX4Bf9-_akARtAZB0Qu56zk,"car repair in Malatia-Sebastia, Yerevan"
0x406a97d9d173b975:0x98a372eb77279354,Ремонт акпп,Auto repair shop,автосервис,Ереван,"Yerevan Davitashen 17/9, Yerevan 0054, Armenia",+37494960008,,,,,,,,,,open,,40.2175871,44.4832284,https://www.google.com/maps/place/%D0%A0%D0%B5%D0%BC%D0%BE%D0%BD%D1%82+%D0%B0%D0%BA%D0%BF%D0%BF/data=!4m7!3m6!1s0x406a97d9d173b975:0x98a372eb77279354!8m2!3d40.2175871!4d44.4832284!16s%2Fg%2F11wbk7322z!19sChIJdblz0dmXakARVJMnd-tyo5g,"car repair in Arabkir, Yerevan"
0x406abd0045b3e39b:0xe9f9d5379c7efb55,Сход-развал 3D,Auto repair shop,автосервис,Ереван,"7 улица Аргутяна, Yerevan 0012, Armenia",,,,,,,,,5.0,,open,,40.2127168,44.5082208,https://www.google.com/maps/place/%D0%A1%D1%85%D0%BE%D0%B4-%D1%80%D0%B0%D0%B7%D0%B2%D0%B0%D0%BB+3D/data=!4m7!3m6!1s0x406abd0045b3e39b:0xe9f9d5379c7efb55!8m2!3d40.2127168!4d44.5082208!16s%2Fg%2F11nbk_h_60!19sChIJm-OzRQC9akARVft-nDfV-ek,"car repair in Arabkir, Yerevan"
0x406abc2936f815d7:0x558b0bdcb296adad,Техосмотр,Car repair and maintenance service,автосервис,Ереван,"Yerevan, Armenia",+37410770919,,,,,,,,4.2,,open,,40.157486,44.4690791,https://www.google.com/maps/place/%D0%A2%D0%B5%D1%85%D0%BE%D1%81%D0%BC%D0%BE%D1%82%D1%80/data=!4m7!3m6!1s0x406abc2936f815d7:0x558b0bdcb296adad!8m2!3d40.157486!4d44.4690791!16s%2Fg%2F1pt_qq0kf!19sChIJ1xX4Nim8akARra2WstwLi1U,"car repair in Kentron, Yerevan"
0x406abdcd825e574b:0x92d8b50e7313cbd7,Ходовик,Auto repair shop,автосервис,Ереван,"13, 3 Ohanov St, Yerevan, Armenia",,,,,,,,,5.0,,open,,40.1799766,44.4481211,https://www.google.com/maps/place/%D0%A5%D0%BE%D0%B4%D0%BE%D0%B2%D0%B8%D0%BA/data=!4m7!3m6!1s0x406abdcd825e574b:0x92d8b50e7313cbd7!8m2!3d40.1799766!4d44.4481211!16s%2Fg%2F11v0hbpx4g!19sChIJS1degs29akAR18sTcw612JI,"car repair in Kentron, Yerevan"
0x406aa39e1168876b:0xfdfd0a69ecc87066,Ходовик,Mechanic,автосервис,Ереван,"21/5 Moldovakan St, Yerevan, Armenia",+37498499997,,,,,,,,,,open,,40.1991493,44.5738161,https://www.google.com/maps/place/%D0%A5%D0%BE%D0%B4%D0%BE%D0%B2%D0%B8%D0%BA/data=!4m7!3m6!1s0x406aa39e1168876b:0xfdfd0a69ecc87066!8m2!3d40.1991493!4d44.5738161!16s%2Fg%2F11njsqj7yv!19sChIJa4doEZ6jakARZnDI7GkK_f0,"car repair in Nor Nork, Yerevan"
0x406abd00304fb0f9:0x2538eb82ed9b5194,Шиномонтаж,Auto repair shop,автосервис,Ереван,"5 Jivani St, Yerevan, Armenia",+37498140523,,,,,,,,,,open,,40.1743383,44.4527308,https://www.google.com/maps/place/%D0%A8%D0%B8%D0%BD%D0%BE%D0%BC%D0%BE%D0%BD%D1%82%D0%B0%D0%B6/data=!4m7!3m6!1s0x406abd00304fb0f9:0x2538eb82ed9b5194!8m2!3d40.1743383!4d44.4527308!16s%2Fg%2F11zh3bjqby!19sChIJ-bBPMAC9akARlFGb7YLrOCU,"car repair in Malatia-Sebastia, Yerevan"
0x406abd37eb5ca589:0xb9576a16321b4dd4,Шиномонтаж GTA,Car repair and maintenance service,автосервис,Ереван,"96/3 Норка, Yerevan 0011, Armenia",+37494048284,,,,,,,,5.0,,open,,40.1913269,44.549873,https://www.google.com/maps/place/%D0%A8%D0%B8%D0%BD%D0%BE%D0%BC%D0%BE%D0%BD%D1%82%D0%B0%D0%B6+GTA/data=!4m7!3m6!1s0x406abd37eb5ca589:0xb9576a16321b4dd4!8m2!3d40.1913269!4d44.549873!16s%2Fg%2F11nr22_h6j!19sChIJiaVc6ze9akAR1E0bMhZqV7k,"car repair in Nor Nork, Yerevan"
0x406abd68079fdb03:0xdf9ca8eb53a1b098,ԱՊԱԿԻՆԵՐԻ ՄԳԵՑՈՒՄ ( тонировка стекол ),Auto repair shop,автосервис,Ереван,"Yerevan 0054, Armenia",+37495745566,,,,,,,,,,open,,40.2191138,44.4981748,https://www.google.com/maps/place/%D4%B1%D5%8A%D4%B1%D4%BF%D4%BB%D5%86%D4%B5%D5%90%D4%BB+%D5%84%D4%B3%D4%B5%D5%91%D5%88%D5%92%D5%84+%28+%D1%82%D0%BE%D0%BD%D0%B8%D1%80%D0%BE%D0%B2%D0%BA%D0%B0+%D1%81%D1%82%D0%B5%D0%BA%D0%BE%D0%BB+%29/data=!4m7!3m6!1s0x406abd68079fdb03:0xdf9ca8eb53a1b098!8m2!3d40.2191138!4d44.4981748!16s%2Fg%2F11v0z1h_nv!19sChIJA9ufB2i9akARmLChU-uonN8,"car repair in Arabkir, Yerevan"
0x406abd1b34d47941:0x88f01c21fdecd53,Ավտոլյուքս,Auto body shop,автосервис,Ереван,"5GCG+MWF, Charents St, Yerevan, Armenia",,,,,,,,,5.0,,open,,40.1714562,44.527323,https://www.google.com/maps/place/%D4%B1%D5%BE%D5%BF%D5%B8%D5%AC%D5%B5%D5%B8%D6%82%D6%84%D5%BD/data=!4m7!3m6!1s0x406abd1b34d47941:0x88f01c21fdecd53!8m2!3d40.1714562!4d44.527323!16s%2Fg%2F11k3tllkd_!19sChIJQXnUNBu9akARU83eH8IBjwg,"car repair in Kentron, Yerevan"
0x406abda7b9bb9799:0xfc3e7a98144f1a21,Ավտոհաուս,Auto parts store,автосервис,Ереван,"112 Nar-Dos St, Yerevan 0018, Armenia",+37498370000,,,,,,,,5.0,,open,,40.1670192,44.522289,https://www.google.com/maps/place/%D4%B1%D5%BE%D5%BF%D5%B8%D5%B0%D5%A1%D5%B8%D6%82%D5%BD/data=!4m7!3m6!1s0x406abda7b9bb9799:0xfc3e7a98144f1a21!8m2!3d40.1670192!4d44.522289!16s%2Fg%2F11s20hrx2_!19sChIJmZe7uae9akARIRpPFJh6Pvw,"car repair in Kentron, Yerevan"
0x406aa326bc4b9673:0xc9b1978d75712d02,"Ավտոմեխանիկ, автомеханик",Auto repair shop,автосервис,Ереван,"6H8P+XMG, Nver Safaryan St, Yerevan, Armenia",,,,,,,,,5.0,,open,,40.2181263,44.5873807,"https://www.google.com/maps/place/%D4%B1%D5%BE%D5%BF%D5%B8%D5%B4%D5%A5%D5%AD%D5%A1%D5%B6%D5%AB%D5%AF,+%D0%B0%D0%B2%D1%82%D0%BE%D0%BC%D0%B5%D1%85%D0%B0%D0%BD%D0%B8%D0%BA/data=!4m7!3m6!1s0x406aa326bc4b9673:0xc9b1978d75712d02!8m2!3d40.2181263!4d44.5873807!16s%2Fg%2F11tmw_9pfz!19sChIJc5ZLvCajakARAi1xdY2Xsck","car repair in Nor Nork, Yerevan"
0x406abdb7fa1360dd:0x3cf80574f01f59da,Ավտոմեքենաների սպոյլեռներ դիֆուզորներ թյունինգ тюнинг avtomaser tuning yerevan,Auto tune up service,автосервис,Ереван,"28 Paronyan St, Yerevan 0015, Armenia",+37477861768,,,,,,,,5.0,,open,,40.1799468,44.5003986,https://www.google.com/maps/place/%D4%B1%D5%BE%D5%BF%D5%B8%D5%B4%D5%A5%D6%84%D5%A5%D5%B6%D5%A1%D5%B6%D5%A5%D6%80%D5%AB+%D5%BD%D5%BA%D5%B8%D5%B5%D5%AC%D5%A5%D5%BC%D5%B6%D5%A5%D6%80+%D5%A4%D5%AB%D6%86%D5%B8%D6%82%D5%A6%D5%B8%D6%80%D5%B6%D5%A5%D6%80+%D5%A9%D5%B5%D5%B8%D6%82%D5%B6%D5%AB%D5%B6%D5%A3+%D1%82%D1%8E%D0%BD%D0%B8%D0%BD%D0%B3+avtomaser+tuning+yerevan/data=!4m7!3m6!1s0x406abdb7fa1360dd:0x3cf80574f01f59da!8m2!3d40.1799468!4d44.5003986!16s%2Fg%2F11j9310wnn!19sChIJ3WAT-re9akAR2lkf8HQF-Dw,"car repair in Kentron, Yerevan"
0x406abcfea0d7a40d:0xc08de70a97bc268,"Ավտոմեքենաների վերանորոգում, Car Repair, Маиса Хачатряна",Auto machine shop,автосервис,Ереван,"29 Yeznik Koghbatsi St, Yerevan, Armenia",+37491318197,,,,,,,,5.0,,open,,40.1796413,44.5083961,"https://www.google.com/maps/place/%D4%B1%D5%BE%D5%BF%D5%B8%D5%B4%D5%A5%D6%84%D5%A5%D5%B6%D5%A1%D5%B6%D5%A5%D6%80%D5%AB+%D5%BE%D5%A5%D6%80%D5%A1%D5%B6%D5%B8%D6%80%D5%B8%D5%A3%D5%B8%D6%82%D5%B4,+Car+Repair,+%D0%9C%D0%B0%D0%B8%D1%81%D0%B0+%D0%A5%D0%B0%D1%87%D0%B0%D1%82%D1%80%D1%8F%D0%BD%D0%B0/data=!4m7!3m6!1s0x406abcfea0d7a40d:0xc08de70a97bc268!8m2!3d40.1796413!4d44.5083961!16s%2Fg%2F11f2w561c2!19sChIJDaTXoP68akARaMJ7qXDeCAw","car repair in Kentron, Yerevan"
0x406aa30005e13805:0x96a5c88885a8075,Ավտովարպետ,Auto repair shop,автосервис,Ереван,"20 Gyulikevkhyan St, Yerevan, Armenia",,,,,,,,,,,open,,40.1880171,44.5761172,https://www.google.com/maps/place/%D4%B1%D5%BE%D5%BF%D5%B8%D5%BE%D5%A1%D6%80%D5%BA%D5%A5%D5%BF/data=!4m7!3m6!1s0x406aa30005e13805:0x96a5c88885a8075!8m2!3d40.1880171!4d44.5761172!16s%2Fg%2F11x6yrgh33!19sChIJBTjhBQCjakARdYBaiIhcagk,"car repair in Nor Nork, Yerevan"
0x406ab90003173c6f:0x68c396f08c1203f6,Ավտոտեխսպասարկման կետ Service 13,Auto repair shop,автосервис,Ереван,"4GH3+5FR, Բագրատունյաց, Yerevan, Armenia",+37493221313,,,,,,,,5.0,,open,,40.1279758,44.5036281,https://www.google.com/maps/place/%D4%B1%D5%BE%D5%BF%D5%B8%D5%BF%D5%A5%D5%AD%D5%BD%D5%BA%D5%A1%D5%BD%D5%A1%D6%80%D5%AF%D5%B4%D5%A1%D5%B6+%D5%AF%D5%A5%D5%BF+Service+13/data=!4m7!3m6!1s0x406ab90003173c6f:0x68c396f08c1203f6!8m2!3d40.1279758!4d44.5036281!16s%2Fg%2F11lw2p0cbl!19sChIJbzwXAwC5akAR9gMSjPCWw2g,"car repair in Shengavit, Yerevan"
0x406abd000a2bf3af:0x933ae5beda4bbbc5,Ավտոտեխսպասարկում,Auto repair shop,автосервис,Ереван,"5F97+8V6, Yerevan, Armenia",,,,,,,,,,,open,,40.168284,44.4646499,https://www.google.com/maps/place/%D4%B1%D5%BE%D5%BF%D5%B8%D5%BF%D5%A5%D5%AD%D5%BD%D5%BA%D5%A1%D5%BD%D5%A1%D6%80%D5%AF%D5%B8%D6%82%D5%B4/data=!4m7!3m6!1s0x406abd000a2bf3af:0x933ae5beda4bbbc5!8m2!3d40.168284!4d44.4646499!16s%2Fg%2F11xfdj_m__!19sChIJr_MrCgC9akARxbtL2r7lOpM,"car repair in Malatia-Sebastia, Yerevan"
0x406abd1284f51051:0x2d3133fd293868a1,Ավտոտեխսպասարկում Bidzuki Mot,Mechanic,автосервис,Ереван,"150 Sebastia St, Yerevan, Armenia",,,,,,,,,,,open,,40.164095,44.4619349,https://www.google.com/maps/place/%D4%B1%D5%BE%D5%BF%D5%B8%D5%BF%D5%A5%D5%AD%D5%BD%D5%BA%D5%A1%D5%BD%D5%A1%D6%80%D5%AF%D5%B8%D6%82%D5%B4+Bidzuki+Mot/data=!4m7!3m6!1s0x406abd1284f51051:0x2d3133fd293868a1!8m2!3d40.164095!4d44.4619349!16s%2Fg%2F11nvzjw7f4!19sChIJURD1hBK9akARoWg4Kf0zMS0,"car repair in Malatia-Sebastia, Yerevan"
0x406abd6ec20d496f:0x3d96945fbb542726,Ավտոտեխսպասկում/Автотехобслуживание,Auto repair shop,автосервис,Ереван,"2, 8 Mantashian St, Yerevan 0026, Armenia",+37477201312,,,,,,,,5.0,,open,,40.147953,44.4925781,https://www.google.com/maps/place/%D4%B1%D5%BE%D5%BF%D5%B8%D5%BF%D5%A5%D5%AD%D5%BD%D5%BA%D5%A1%D5%BD%D5%AF%D5%B8%D6%82%D5%B4%2F%D0%90%D0%B2%D1%82%D0%BE%D1%82%D0%B5%D1%85%D0%BE%D0%B1%D1%81%D0%BB%D1%83%D0%B6%D0%B8%D0%B2%D0%B0%D0%BD%D0%B8%D0%B5/data=!4m7!3m6!1s0x406abd6ec20d496f:0x3d96945fbb542726!8m2!3d40.147953!4d44.4925781!16s%2Fg%2F11s_81sfzx!19sChIJb0kNwm69akARJidUu1-Ulj0,"car repair in Shengavit, Yerevan"
0x406abd00254858d9:0x50f4a800127e5d3a,Ավտոտնակ,Auto painting,автосервис,Ереван,"1, Shahumyan, Armenia",+37477129063,,,,,,,,,,open,,40.1697255,44.4632542,https://www.google.com/maps/place/%D4%B1%D5%BE%D5%BF%D5%B8%D5%BF%D5%B6%D5%A1%D5%AF/data=!4m7!3m6!1s0x406abd00254858d9:0x50f4a800127e5d3a!8m2!3d40.1697255!4d44.4632542!16s%2Fg%2F11vxcwkr12!19sChIJ2VhIJQC9akAROl1-EgCo9FA,"car repair in Malatia-Sebastia, Yerevan"
0x406abdec6c6583b5:0x7891c507d2a0b1ba,Բանալիների ծրագրավորում,Car repair and maintenance service,автосервис,Ереван,"Artsakh Ave, 10в 0005, Armenia",+37493647577,,,,,,,,,,open,,40.1501981,44.5095698,https://www.google.com/maps/place/%D4%B2%D5%A1%D5%B6%D5%A1%D5%AC%D5%AB%D5%B6%D5%A5%D6%80%D5%AB+%D5%AE%D6%80%D5%A1%D5%A3%D6%80%D5%A1%D5%BE%D5%B8%D6%80%D5%B8%D6%82%D5%B4/data=!4m7!3m6!1s0x406abdec6c6583b5:0x7891c507d2a0b1ba!8m2!3d40.1501981!4d44.5095698!16s%2Fg%2F11wfrg0qr9!19sChIJtYNlbOy9akARurGg0gfFkXg,"car repair in Erebuni, Yerevan"
0x406abd00201013cf:0x8d681d3a41ab2f01,Բոքսեր,Auto repair shop,автосервис,Ереван,"103 Davit-Bek St, Yerevan 0008, Armenia",,,,,,,,,5.0,,open,,40.1712568,44.5509678,https://www.google.com/maps/place/%D4%B2%D5%B8%D6%84%D5%BD%D5%A5%D6%80/data=!4m7!3m6!1s0x406abd00201013cf:0x8d681d3a41ab2f01!8m2!3d40.1712568!4d44.5509678!16s%2Fg%2F11l_8khmqv!19sChIJzxMQIAC9akARAS-rQTodaI0,"car repair in Nor Nork, Yerevan"
0x406abb0014691549:0xa00983a95c0be7e3,Գալովկի վերանորոգում Галочка,Mechanic,автосервис,Ереван,"11, 1 Jrapi, Yerevan 2910, Armenia",+37493689386,,,,,,,,5.0,,open,,40.14597,44.5344426,https://www.google.com/maps/place/%D4%B3%D5%A1%D5%AC%D5%B8%D5%BE%D5%AF%D5%AB+%D5%BE%D5%A5%D6%80%D5%A1%D5%B6%D5%B8%D6%80%D5%B8%D5%A3%D5%B8%D6%82%D5%B4+%D0%93%D0%B0%D0%BB%D0%BE%D1%87%D0%BA%D0%B0/data=!4m7!3m6!1s0x406abb0014691549:0xa00983a95c0be7e3!8m2!3d40.14597!4d44.5344426!16s%2Fg%2F11wnzr9r3s!19sChIJSRVpFAC7akAR4-cLXKmDCaA,"car repair in Shengavit, Yerevan"
0x406aa392902bf93f:0xabaca61e8c017ac9,Դավիթ,Auto repair shop,автосервис,Ереван,"6H9P+6X4, Arinj, Armenia",,,,,,,,,5.0,,open,,40.2180121,44.5874404,https://www.google.com/maps/place/%D4%B4%D5%A1%D5%BE%D5%AB%D5%A9/data=!4m7!3m6!1s0x406aa392902bf93f:0xabaca61e8c017ac9!8m2!3d40.2180121!4d44.5874404!16s%2Fg%2F11k435_0s2!19sChIJP_krkJKjakARyXoBjB6mrKs,"car repair in Nor Nork, Yerevan"
0x406a9762920dc8f1:0x2cc480136063dcaf,Դավիթաշեն ավտո,Auto repair shop,автосервис,Ереван,"6FCQ+478, Yerevan 0054, Armenia",,,,,,,,,,,open,,40.220299,44.4881893,https://www.google.com/maps/place/%D4%B4%D5%A1%D5%BE%D5%AB%D5%A9%D5%A1%D5%B7%D5%A5%D5%B6+%D5%A1%D5%BE%D5%BF%D5%B8/data=!4m7!3m6!1s0x406a9762920dc8f1:0x2cc480136063dcaf!8m2!3d40.220299!4d44.4881893!16s%2Fg%2F11s1wjwp20!19sChIJ8cgNkmKXakARr9xjYBOAxCw,"car repair in Arabkir, Yerevan"
0x406abdfd1f7c9a69:0x9acef1911593a3ba,Դիսկերի տաշում ՍԱՄՈՆԱ,Auto repair shop,автосервис,Ереван,"10, 1 Grigor Hasratyan St, Yerevan, Armenia",+37498659911,,,,,,,,5.0,,open,,40.193376,44.4628557,https://www.google.com/maps/place/%D4%B4%D5%AB%D5%BD%D5%AF%D5%A5%D6%80%D5%AB+%D5%BF%D5%A1%D5%B7%D5%B8%D6%82%D5%B4+%D5%8D%D4%B1%D5%84%D5%88%D5%86%D4%B1/data=!4m7!3m6!1s0x406abdfd1f7c9a69:0x9acef1911593a3ba!8m2!3d40.193376!4d44.4628557!16s%2Fg%2F11txgln5k1!19sChIJaZp8H_29akARuqOTFZHxzpo,"car repair in Malatia-Sebastia, Yerevan"
0x406abc17ed15b013:0x17d73fa024b4be10,ԷԼԵԿՏՐԻԿ YUXMAN KET ЗАМЕНА МАСЛО ՅՈՒՂՄԱՆ ԿԵՏ,Oil change service,автосервис,Ереван,"1st. 30hom, Yerevan 0006, Armenia",+37477779499,,,,,,,,5.0,,open,,40.1531738,44.4923899,https://www.google.com/maps/place/%D4%B7%D4%BC%D4%B5%D4%BF%D5%8F%D5%90%D4%BB%D4%BF+YUXMAN+KET+%D0%97%D0%90%D0%9C%D0%95%D0%9D%D0%90+%D0%9C%D0%90%D0%A1%D0%9B%D0%9E+%D5%85%D5%88%D5%92%D5%82%D5%84%D4%B1%D5%86+%D4%BF%D4%B5%D5%8F/data=!4m7!3m6!1s0x406abc17ed15b013:0x17d73fa024b4be10!8m2!3d40.1531738!4d44.4923899!16s%2Fg%2F11g6vfzkxn!19sChIJE7AV7Re8akAREL60JKA_1xc,"car repair in Shengavit, Yerevan"
0x406abd6d9349cad7:0x1546a7761488fef0,Հեղուկ եվ օդ գազի տեղադրում,Auto repair shop,автосервис,Ереван,"3, 6 Sebastia St, Yerevan, Armenia",,,,,,,,,,,open,,40.1890796,44.4616686,https://www.google.com/maps/place/%D5%80%D5%A5%D5%B2%D5%B8%D6%82%D5%AF+%D5%A5%D5%BE+%D6%85%D5%A4+%D5%A3%D5%A1%D5%A6%D5%AB+%D5%BF%D5%A5%D5%B2%D5%A1%D5%A4%D6%80%D5%B8%D6%82%D5%B4/data=!4m7!3m6!1s0x406abd6d9349cad7:0x1546a7761488fef0!8m2!3d40.1890796!4d44.4616686!16s%2Fg%2F11vf5hf4ql!19sChIJ18pJk229akAR8P6IFHanRhU,"car repair in Malatia-Sebastia, Yerevan"
0x406abd025f7c9359:0x9fdd8a67311fc2f8,Մեքենայի պերեմիչկա,Auto repair shop,автосервис,Ереван,"Yerevan, Armenia",+37455616368,,,,,,,,,,open,,40.2027692,44.4987213,https://www.google.com/maps/place/%D5%84%D5%A5%D6%84%D5%A5%D5%B6%D5%A1%D5%B5%D5%AB+%D5%BA%D5%A5%D6%80%D5%A5%D5%B4%D5%AB%D5%B9%D5%AF%D5%A1/data=!4m7!3m6!1s0x406abd025f7c9359:0x9fdd8a67311fc2f8!8m2!3d40.2027692!4d44.4987213!16s%2Fg%2F11yztmh3rj!19sChIJWZN8XwK9akAR-MIfMWeK3Z8,"car repair in Arabkir, Yerevan"
0x406abd0000a2cf25:0xd407de1b47a93ca4,Մեքենաների նորոգում,Auto repair shop,автосервис,Ереван,"133 Davit-Bek St, Yerevan, Armenia",,,,,,,,,,,open,,40.173401,44.5553249,https://www.google.com/maps/place/%D5%84%D5%A5%D6%84%D5%A5%D5%B6%D5%A1%D5%B6%D5%A5%D6%80%D5%AB+%D5%B6%D5%B8%D6%80%D5%B8%D5%A3%D5%B8%D6%82%D5%B4/data=!4m7!3m6!1s0x406abd0000a2cf25:0xd407de1b47a93ca4!8m2!3d40.173401!4d44.5553249!16s%2Fg%2F11m5zyjbyt!19sChIJJc-iAAC9akARpDypRxveB9Q,"car repair in Nor Nork, Yerevan"
0x406abdfdb3f14fb7:0xa53d3e09b1bb0ccb,Յուղման Կետ,Car repair and maintenance service,автосервис,Ереван,"2, 7 Rubinyants St, Yerevan, Armenia",+37494602029,,,,,,,,4.4,,open,,40.1995781,44.5402997,https://www.google.com/maps/place/%D5%85%D5%B8%D6%82%D5%B2%D5%B4%D5%A1%D5%B6+%D4%BF%D5%A5%D5%BF/data=!4m7!3m6!1s0x406abdfdb3f14fb7:0xa53d3e09b1bb0ccb!8m2!3d40.1995781!4d44.5402997!16s%2Fg%2F11fj3th7cw!19sChIJt0_xs_29akARywy7sQk-PaU,"car repair in Arabkir, Yerevan"
0x406abd00507b105b:0xf701d4799f737ed5,"Ռոման,ապակիների մգեցում,тонировка стекол",Auto repair shop,автосервис,Ереван,"1 2nd St, Yerevan 0026, Armenia",+37493884733,,,,,,,,,,open,,40.1528263,44.4956857,"https://www.google.com/maps/place/%D5%8C%D5%B8%D5%B4%D5%A1%D5%B6,%D5%A1%D5%BA%D5%A1%D5%AF%D5%AB%D5%B6%D5%A5%D6%80%D5%AB+%D5%B4%D5%A3%D5%A5%D6%81%D5%B8%D6%82%D5%B4,%D1%82%D0%BE%D0%BD%D0%B8%D1%80%D0%BE%D0%B2%D0%BA%D0%B0+%D1%81%D1%82%D0%B5%D0%BA%D0%BE%D0%BB/data=!4m7!3m6!1s0x406abd00507b105b:0xf701d4799f737ed5!8m2!3d40.1528263!4d44.4956857!16s%2Fg%2F11lzf3kx3y!19sChIJWxB7UAC9akAR1X5zn3nUAfc","car repair in Shengavit, Yerevan"
0x406aa3001145290d:0x298f232a78a1ad17,Սաքոյի ավտոտնակ,Auto repair shop,автосервис,Ереван,"34, 1 6-th Street, Yerevan, Armenia",,,,,,,,,,,open,,40.2112765,44.5657504,https://www.google.com/maps/place/%D5%8D%D5%A1%D6%84%D5%B8%D5%B5%D5%AB+%D5%A1%D5%BE%D5%BF%D5%B8%D5%BF%D5%B6%D5%A1%D5%AF/data=!4m7!3m6!1s0x406aa3001145290d:0x298f232a78a1ad17!8m2!3d40.2112765!4d44.5657504!16s%2Fg%2F11nqm5dn9j!19sChIJDSlFEQCjakARF62heCojjyk,"car repair in Nor Nork, Yerevan"
0x406abf00441783a7:0x87bc8adb83a75fca,Վարպետ Հրաչ,Car repair and maintenance service,автосервис,Ереван,"5C2C+67, Geghanist, Armenia",,,,,,,,,5.0,,open,,40.1503139,44.4215429,https://www.google.com/maps/place/%D5%8E%D5%A1%D6%80%D5%BA%D5%A5%D5%BF+%D5%80%D6%80%D5%A1%D5%B9/data=!4m7!3m6!1s0x406abf00441783a7:0x87bc8adb83a75fca!8m2!3d40.1503139!4d44.4215429!16s%2Fg%2F11x0ffd2yw!19sChIJp4MXRAC_akARyl-ng9uKvIc,"car repair in Shengavit, Yerevan"
0x406aa3006a9819ef:0x316998894040a630,Վուլկանացում,Auto repair shop,автосервис,Ереван,"1, 4 V. Vahyan St, Yerevan, Armenia",,,,,,,,,,,open,,40.2031162,44.5344137,https://www.google.com/maps/place/%D5%8E%D5%B8%D6%82%D5%AC%D5%AF%D5%A1%D5%B6%D5%A1%D6%81%D5%B8%D6%82%D5%B4/data=!4m7!3m6!1s0x406aa3006a9819ef:0x316998894040a630!8m2!3d40.2031162!4d44.5344137!16s%2Fg%2F11vptfdg1q!19sChIJ7xmYagCjakARMKZAQImYaTE,"car repair in Nor Nork, Yerevan"
0x406abe6cdb34ca15:0xaa5a26f563909724,Վուլկանացում,Auto machine shop,автосервис,Ереван,"5C6F+FHJ, M5, Parakar, Armenia",,,,,,,,,5.0,,open,,40.1612043,44.4238845,https://www.google.com/maps/place/%D5%8E%D5%B8%D6%82%D5%AC%D5%AF%D5%A1%D5%B6%D5%A1%D6%81%D5%B8%D6%82%D5%B4/data=!4m7!3m6!1s0x406abe6cdb34ca15:0xaa5a26f563909724!8m2!3d40.1612043!4d44.4238845!16s%2Fg%2F11c1wxn0rj!19sChIJFco022y-akARJJeQY_UmWqo,"car repair in Malatia-Sebastia, Yerevan"
0x406abdaece3e9e2d:0xd7a5208ce24d2206,Տեխզննման կայան 0126,Car inspection station,автосервис,Ереван,"Davit-Bek St, Yerevan, Armenia",+37496315916,,,,,,,,5.0,,open,,40.1689683,44.5483965,https://www.google.com/maps/place/%D5%8F%D5%A5%D5%AD%D5%A6%D5%B6%D5%B6%D5%B4%D5%A1%D5%B6+%D5%AF%D5%A1%D5%B5%D5%A1%D5%B6+0126/data=!4m7!3m6!1s0x406abdaece3e9e2d:0xd7a5208ce24d2206!8m2!3d40.1689683!4d44.5483965!16s%2Fg%2F11j7dyzlfz!19sChIJLZ4-zq69akARBiJN4owgpdc,"car repair in Kentron, Yerevan"
0x406abd003615eb57:0x7be5f98235b708a9,Ֆկդ,Auto repair shop,автосервис,Ереван,"5CJW+689, Andranik Zoravar St, Yerevan, Armenia",,,,,,,,,,,open,,40.1805097,44.4458663,https://www.google.com/maps/place/%D5%96%D5%AF%D5%A4/data=!4m7!3m6!1s0x406abd003615eb57:0x7be5f98235b708a9!8m2!3d40.1805097!4d44.4458663!16s%2Fg%2F11ln39b9_l!19sChIJV-sVNgC9akARqQi3NYL55Xs,"car repair in Malatia-Sebastia, Yerevan"
0x406abd00654d15ad:0xb1104c8f359c587b,ابزاری,Tire shop,автосервис,Ереван,"5GP8+V3P, Yerevan, Armenia",,,,,,,,,,,open,,40.1872023,44.515209,https://www.google.com/maps/place/%D8%A7%D8%A8%D8%B2%D8%A7%D8%B1%DB%8C%E2%80%AD/data=!4m7!3m6!1s0x406abd00654d15ad:0xb1104c8f359c587b!8m2!3d40.1872023!4d44.515209!16s%2Fg%2F11yqrp_nd6!19sChIJrRVNZQC9akARe1icNY9MELE,"car repair in Arabkir, Yerevan"
0x406abdf110dc41c3:0x547919fc3b0cc898,صافکاری ارسلان,Auto repair shop,автосервис,Ереван,"رشت بلوار شهید افتخاری بعد پمپ بنزین, Yerevan, Armenia",+989111381499,,,,,,,,,,open,,40.1750062,44.5299502,https://www.google.com/maps/place/%D8%B5%D8%A7%D9%81%DA%A9%D8%A7%D8%B1%DB%8C+%D8%A7%D8%B1%D8%B3%D9%84%D8%A7%D9%86%E2%80%AD/data=!4m7!3m6!1s0x406abdf110dc41c3:0x547919fc3b0cc898!8m2!3d40.1750062!4d44.5299502!16s%2Fg%2F11ntnc_t45!19sChIJw0HcEPG9akARmMgMO_wZeVQ,"car repair in Nor Nork, Yerevan"
0x406abde1b14b3fb5:0x495ec2c84a7d161a,1896,Karaoke bar,бар,Ереван,"41 Tumanyan St, Yerevan 0002, Armenia",+37433018018,,,,,,,,3.8,,open,,40.1872491,44.5103563,https://www.google.com/maps/place/1896/data=!4m7!3m6!1s0x406abde1b14b3fb5:0x495ec2c84a7d161a!8m2!3d40.1872491!4d44.5103563!16s%2Fg%2F11snhzl0rx!19sChIJtT9LseG9akARGhZ9SsjCXkk,"bar in Kentron, Yerevan"
0x406abd1d78be3e89:0x94cbe82d365fd02b,26 Irish Pub,Irish pub,бар,Ереван,"2 Marshal Baghramyan Ave, Yerevan, Armenia",+37455596813,,,,,,,,4.2,,open,,40.1892619,44.5141641,https://www.google.com/maps/place/26+Irish+Pub/data=!4m7!3m6!1s0x406abd1d78be3e89:0x94cbe82d365fd02b!8m2!3d40.1892619!4d44.5141641!16s%2Fg%2F1td11rmm!19sChIJiT6-eB29akARK9BfNi3oy5Q,"bar in Kentron, Yerevan"
0x406abd404a617593:0x582b5b133b0cfd97,ART LOUNGE HOOKAH BAR,Hookah bar,бар,Ереван,"18, 2 Vardanants St, Yerevan, Armenia",+37444990774,,,,,,,,4.9,,open,,40.1753827,44.5197091,https://www.google.com/maps/place/ART+LOUNGE+HOOKAH+BAR/data=!4m7!3m6!1s0x406abd404a617593:0x582b5b133b0cfd97!8m2!3d40.1753827!4d44.5197091!16s%2Fg%2F11txkn6xpj!19sChIJk3VhSkC9akARl_0MOxNbK1g,"bar in Nor Nork, Yerevan"
0x406abda7b072b0c5:0x4b08cedc62be88e7,AURA LOUNGE,Lounge bar,бар,Ереван,"4, 7 Alek Manukyan St, Yerevan 0010, Armenia",+37441600005,,,,,,,,4.9,,open,,40.1795078,44.5247881,https://www.google.com/maps/place/AURA+LOUNGE/data=!4m7!3m6!1s0x406abda7b072b0c5:0x4b08cedc62be88e7!8m2!3d40.1795078!4d44.5247881!16s%2Fg%2F11xrvthdc3!19sChIJxbBysKe9akAR54i-YtzOCEs,"bar in Kentron, Yerevan"
0x406abd00039aa0fb:0x6636be1a7393fb5f,Armenian European bar,Gay bar,бар,Ереван,"15, 1 Movses Khorenatsi Street, Yerevan, Armenia",,,,,,,,,5.0,1,open,,40.1746959,44.5103513,https://www.google.com/maps/place/Armenian+European+bar/data=!4m7!3m6!1s0x406abd00039aa0fb:0x6636be1a7393fb5f!8m2!3d40.1746959!4d44.5103513!16s%2Fg%2F11x08vz95t!19sChIJ-6CaAwC9akARX_uTcxq-NmY,"bar in Kentron, Yerevan"
0x406abd1fe39b61e9:0xb883a5ba8b6b16d5,Arvestanots Cafe and Bar,Bar,бар,Ереван,"16 Paronyan St, Yerevan, Armenia",+37441030090,,,,,,,,4.1,,open,,40.1797025,44.5010241,https://www.google.com/maps/place/Arvestanots+Cafe+and+Bar/data=!4m7!3m6!1s0x406abd1fe39b61e9:0xb883a5ba8b6b16d5!8m2!3d40.1797025!4d44.5010241!16s%2Fg%2F11j2xsp6m2!19sChIJ6WGb4x-9akAR1RZri7qlg7g,"bar in Shengavit, Yerevan"
0x406abd97d8feb903:0xea58063d684a33ec,Bak75,Bar,бар,Ереван,"18 Abovyan St, Yerevan 0002, Armenia",+37433757506,,,,,,,,4.1,,open,,40.1814717,44.5176007,https://www.google.com/maps/place/Bak75/data=!4m7!3m6!1s0x406abd97d8feb903:0xea58063d684a33ec!8m2!3d40.1814717!4d44.5176007!16s%2Fg%2F11g3hhrxwj!19sChIJA7n-2Je9akAR7DNKaD0GWOo,"bar in Kentron, Yerevan"
0x406abdc1b4f26447:0x4c66d52096a62e3c,Bamboo,Lounge bar,бар,Ереван,"2, 2 Azatutyan Ave, Yerevan, Armenia",,,,,,,,,3.8,,open,,40.1965836,44.5194072,https://www.google.com/maps/place/Bamboo/data=!4m7!3m6!1s0x406abdc1b4f26447:0x4c66d52096a62e3c!8m2!3d40.1965836!4d44.5194072!16s%2Fg%2F11s3bbst4s!19sChIJR2TytMG9akARPC6mliDVZkw,"bar in Erebuni, Yerevan"
0x406abd9f41acd305:0x4031ac27005aef82,Bar Phoenīx,Cocktail bar,бар,Ереван,"10 Abovyan St, Yerevan 0001, Armenia",+37499701887,,,,,,,,4.6,,open,,40.1807683,44.5157166,https://www.google.com/maps/place/Bar+Phoen%C4%ABx/data=!4m7!3m6!1s0x406abd9f41acd305:0x4031ac27005aef82!8m2!3d40.1807683!4d44.5157166!16s%2Fg%2F11s00mczh2!19sChIJBdOsQZ-9akARgu9aACesMUA,"bar in Kentron, Yerevan"
0x406abd659036d92b:0x2b374dd8fa312440,Bar warzone,Bar,бар,Ереван,"Pap tagavor, Yerevan, Armenia",+37493538886,,,,,,,,,,open,,40.1798959,44.5094432,https://www.google.com/maps/place/Bar+warzone/data=!4m7!3m6!1s0x406abd659036d92b:0x2b374dd8fa312440!8m2!3d40.1798959!4d44.5094432!16s%2Fg%2F11zz4r8050!19sChIJK9k2kGW9akARQCQx-thNNys,"bar in Kentron, Yerevan"
0x406abd1557f6f0b9:0x3d42bd39f45c36c4,Bardak Pub EVN,Pub,бар,Ереван,"8/1 Khanjyan St, Yerevan 0020, Armenia",+37498388811,,,,,,,,4.9,,open,,40.1776473,44.5236662,https://www.google.com/maps/place/Bardak+Pub+EVN/data=!4m7!3m6!1s0x406abd1557f6f0b9:0x3d42bd39f45c36c4!8m2!3d40.1776473!4d44.5236662!16s%2Fg%2F11vlz6b6_k!19sChIJufD2VxW9akARxDZc9Dm9Qj0,"bar in Nor Nork, Yerevan"
0x406abd002b24edf3:0x1837770a2b513b32,Beer Pub,Bar,бар,Ереван,"20, 4 Vardanants St, Yerevan 0070, Armenia",,,,,,,,,5.0,,open,,40.1734255,44.5210235,https://www.google.com/maps/place/Beer+Pub/data=!4m7!3m6!1s0x406abd002b24edf3:0x1837770a2b513b32!8m2!3d40.1734255!4d44.5210235!16s%2Fg%2F11z8nlvtny!19sChIJ8-0kKwC9akARMjtRKwp3Nxg,"bar in Kentron, Yerevan"
0x406abd0037527e1b:0x980aa00b02ca9a0e,Bek Beer,Bar,бар,Ереван,"44 Pushkin St, Yerevan, Armenia",+37494504204,,,,,,,,4.1,,open,,40.1832009,44.512347,https://www.google.com/maps/place/Bek+Beer/data=!4m7!3m6!1s0x406abd0037527e1b:0x980aa00b02ca9a0e!8m2!3d40.1832009!4d44.512347!16s%2Fg%2F11lnjj1gjj!19sChIJG35SNwC9akARDprKAgugCpg,"bar in Arabkir, Yerevan"
0x406abdffb3eb5d3f:0x76daca3548b5398,Brow & Beauty Bar,Beauty salon,бар,Ереван,"Baghramyan - Elite Group, 59 Marshal Baghramyan Ave, Yerevan 0019, Armenia",+37498012524,,,,,,,,4.3,,open,,40.193663,44.4972484,https://www.google.com/maps/place/Brow+%26+Beauty+Bar/data=!4m7!3m6!1s0x406abdffb3eb5d3f:0x76daca3548b5398!8m2!3d40.193663!4d44.4972484!16s%2Fg%2F11fj89722k!19sChIJP13rs_-9akARmFOLVKOsbQc,"bar in Arabkir, Yerevan"
0x406abdaab21845e5:0x5fad2dd3ed2f6bf7,Chill Pill Specialty Coffee Bar,Cafe,бар,Ереван,"68A Teryan St, Yerevan, Armenia",+37455282729,,,,,,,,4.9,,open,,40.1883888,44.5214673,https://www.google.com/maps/place/Chill+Pill+Specialty+Coffee+Bar/data=!4m7!3m6!1s0x406abdaab21845e5:0x5fad2dd3ed2f6bf7!8m2!3d40.1883888!4d44.5214673!16s%2Fg%2F11nc46708k!19sChIJ5UUYsqq9akAR92sv7dMtrV8,"bar in Kentron, Yerevan"
0x406abd1fba7c06bb:0xa476163abb57d49d,DABOO Cocktail Bar,Cocktail bar,бар,Ереван,"38 Isahakyan St, Yerevan 0002, Armenia",+37499511521,,,,,,,,4.8,,open,,40.189685,44.5158371,https://www.google.com/maps/place/DABOO+Cocktail+Bar/data=!4m7!3m6!1s0x406abd1fba7c06bb:0xa476163abb57d49d!8m2!3d40.189685!4d44.5158371!16s%2Fg%2F11dyzld8gy!19sChIJuwZ8uh-9akARndRXuzoWdqQ,"bar in Kentron, Yerevan"
0x406abd329ca842fd:0x205808880c42aec0,DOP Hookah Lounge,Lounge bar,бар,Ереван,"15 Ghazar Parpetsi St, Yerevan 0002, Armenia",+37444880033,,,,,,,,4.7,,open,,40.1859983,44.5114243,https://www.google.com/maps/place/DOP+Hookah+Lounge/data=!4m7!3m6!1s0x406abd329ca842fd:0x205808880c42aec0!8m2!3d40.1859983!4d44.5114243!16s%2Fg%2F11w3t_mv46!19sChIJ_UKonDK9akARwK5CDIgIWCA,"bar in Kentron, Yerevan"
0x406abda0b9750a45:0x779bfee8562a498,EL Garden,Restaurant,бар,Ереван,"8 Tsitsernakaberd Hwy, Yerevan 0082, Armenia",+37441490000,,,,,,,,4.2,,open,,40.1868067,44.481416,https://www.google.com/maps/place/EL+Garden/data=!4m7!3m6!1s0x406abda0b9750a45:0x779bfee8562a498!8m2!3d40.1868067!4d44.481416!16s%2Fg%2F11b7m96fnt!19sChIJRQp1uaC9akARmKRihe6_eQc,"bar in Arabkir, Yerevan"
0x406abda840a5f8a5:0x8eca0ec8a0e9ed5a,EVN Café & Drink House,Cocktail bar,бар,Ереван,"3, 1 Abovyan St, Yerevan 0001, Armenia",+37455918181,,,,,,,,3.8,,open,,40.1810332,44.5154375,https://www.google.com/maps/place/EVN+Caf%C3%A9+%26+Drink+House/data=!4m7!3m6!1s0x406abda840a5f8a5:0x8eca0ec8a0e9ed5a!8m2!3d40.1810332!4d44.5154375!16s%2Fg%2F11qplknvnl!19sChIJpfilQKi9akARWu3poMgOyo4,"bar in Kentron, Yerevan"
0x406abda0082edd69:0x53d94ac31b374aa8,Eight18n,Pub,бар,Ереван,"Tumanyan41 0001, Armenia",+37444418418,,,,,,,,4.4,,open,,40.1872922,44.5102502,https://www.google.com/maps/place/Eight18n/data=!4m7!3m6!1s0x406abda0082edd69:0x53d94ac31b374aa8!8m2!3d40.1872922!4d44.5102502!16s%2Fg%2F11h63lb08q!19sChIJad0uCKC9akARqEo3G8NK2VM,"bar in Kentron, Yerevan"
0x406abc57a46ad903:0xf9a79757b84862b2,El Sky Bar,Bar,бар,Ереван,"9 Grigor Lusavorich Street, Yerevan 0015, Armenia",+37441717171,,,,,,,,4.3,,open,,40.1740417,44.5055198,https://www.google.com/maps/place/El+Sky+Bar/data=!4m7!3m6!1s0x406abc57a46ad903:0xf9a79757b84862b2!8m2!3d40.1740417!4d44.5055198!16s%2Fg%2F11c3j5bv28!19sChIJA9lqpFe8akARsmJIuFeXp_k,"bar in Kentron, Yerevan"
0x406abd6e57faf4d9:0xab3f9bfad302d2df,El Torro The Meat Bar Yerevan,Steak house,бар,Ереван,"8, 1 Martiros Saryan St, Yerevan, Armenia",+37455288288,,,,,,,,3.9,,open,,40.1869322,44.5087689,https://www.google.com/maps/place/El+Torro+The+Meat+Bar+Yerevan/data=!4m7!3m6!1s0x406abd6e57faf4d9:0xab3f9bfad302d2df!8m2!3d40.1869322!4d44.5087689!16s%2Fg%2F11rz2yhyz7!19sChIJ2fT6V269akAR39IC0_qbP6s,"bar in Kentron, Yerevan"
0x406abde550c1eddf:0x5d4e98d40ebe306a,Entropy,Bar,бар,Ереван,"42 Tumanyan St, Yerevan, Armenia",+37441103888,,,,,,,,4.2,,closed,,40.187113,44.5112265,https://www.google.com/maps/place/Entropy/data=!4m7!3m6!1s0x406abde550c1eddf:0x5d4e98d40ebe306a!8m2!3d40.187113!4d44.5112265!16s%2Fg%2F11v459k1_0!19sChIJ3-3BUOW9akARajC-DtSYTl0,"bar in Arabkir, Yerevan"
0x406abd0045441559:0x3634e82cfb669083,"Express Café & Bar, Yerevan",Brunch restaurant,бар,Ереван,"97, 2 Улица Карена Демирчяна, Yerevan, Armenia",,,,,,,,,,,open,,40.1834316,44.5066063,"https://www.google.com/maps/place/Express+Caf%C3%A9+%26+Bar,+Yerevan/data=!4m7!3m6!1s0x406abd0045441559:0x3634e82cfb669083!8m2!3d40.1834316!4d44.5066063!16s%2Fg%2F11vwmps4pm!19sChIJWRVERQC9akARg5Bm-yzoNDY","bar in Malatia-Sebastia, Yerevan"
0x406abdbff22c8275:0xf93368b8261fed75,FIVE YVN,Lounge bar,бар,Ереван,"30 Yeznik Koghbatsi St, Yerevan 0002, Armenia",+37441720000,,,,,,,,3.5,,open,,40.1819914,44.5117081,https://www.google.com/maps/place/FIVE+YVN/data=!4m7!3m6!1s0x406abdbff22c8275:0xf93368b8261fed75!8m2!3d40.1819914!4d44.5117081!16s%2Fg%2F11h5lvrjdk!19sChIJdYIs8r-9akARde0fJrhoM_k,"bar in Kentron, Yerevan"
0x406abdbd9aed44b5:0x9302950701cad641,FOG Gastro Bar,Restaurant,бар,Ереван,"14, 6 Abovyan St, Yerevan 0010, Armenia",+37441434303,,,,,,,,4.8,,open,,40.1811873,44.5161176,https://www.google.com/maps/place/FOG+Gastro+Bar/data=!4m7!3m6!1s0x406abdbd9aed44b5:0x9302950701cad641!8m2!3d40.1811873!4d44.5161176!16s%2Fg%2F11zkrhrnlf!19sChIJtUTtmr29akARQdbKAQeVApM,"bar in Kentron, Yerevan"
0x406abdf2311bb003:0xd819ee578c9bc7f7,Ferment Craft Beer Bar & Bottleshop,Bar,бар,Ереван,"65 Teryan St, Yerevan 0009, Armenia",+37444499944,,,,,,,,5.0,,open,,40.1860178,44.518129,https://www.google.com/maps/place/Ferment+Craft+Beer+Bar+%26+Bottleshop/data=!4m7!3m6!1s0x406abdf2311bb003:0xd819ee578c9bc7f7!8m2!3d40.1860178!4d44.518129!16s%2Fg%2F11xkp5jjkg!19sChIJA7AbMfK9akAR98ebjFfuGdg,"bar in Kentron, Yerevan"
0x406abdfbb89b727b:0xd4932df73da74262,Food Bar Gastronomy,Restaurant,бар,Ереван,"22 King Pap St, Yerevan 0002, Armenia",+37495818181,,,,,,,,,,open,,40.1820816,44.5064076,https://www.google.com/maps/place/Food+Bar+Gastronomy/data=!4m7!3m6!1s0x406abdfbb89b727b:0xd4932df73da74262!8m2!3d40.1820816!4d44.5064076!16s%2Fg%2F11txt1jyyw!19sChIJe3KbuPu9akARYkKnPfctk9Q,"bar in Arabkir, Yerevan"
0x406abde1e9ba9f61:0xf61e883fad8b6295,Freeman's Irish House,Irish pub,бар,Ереван,"37 Mesrop Mashtots Ave, Yerevan 0060, Armenia",+37491159545,,,,,,,,4.0,,open,,40.1861162,44.5135757,https://www.google.com/maps/place/Freeman%27s+Irish+House/data=!4m7!3m6!1s0x406abde1e9ba9f61:0xf61e883fad8b6295!8m2!3d40.1861162!4d44.5135757!16s%2Fg%2F11t4csc7s9!19sChIJYZ-66eG9akARlWKLrT-IHvY,"bar in Kentron, Yerevan"
0x406abd1d4987f637:0xa886d60318e8c5d2,Friends Bar Club,Bar,бар,Ереван,"14 Sayat-Nova Ave, Yerevan 0001, Armenia",+37499066900,,,,,,,,4.1,,open,,40.1822113,44.5203147,https://www.google.com/maps/place/Friends+Bar+Club/data=!4m7!3m6!1s0x406abd1d4987f637:0xa886d60318e8c5d2!8m2!3d40.1822113!4d44.5203147!16s%2Fg%2F1v_n9_qw!19sChIJN_aHSR29akAR0sXoGAPWhqg,"bar in Kentron, Yerevan"
0x406abdbfb88e15cb:0xec773bea4c138ce1,Gelato bar,Coffee shop,бар,Ереван,"0082, 3 Tsitsernakaberd Hwy, Yerevan, Armenia",,,,,,,,,4.0,,open,,40.1802445,44.487343,https://www.google.com/maps/place/Gelato+bar/data=!4m7!3m6!1s0x406abdbfb88e15cb:0xec773bea4c138ce1!8m2!3d40.1802445!4d44.487343!16s%2Fg%2F11tnwp_tqw!19sChIJyxWOuL-9akAR4YwTTOo7d-w,"bar in Arabkir, Yerevan"
0x406abd0046e55f85:0x59c17dde005e219,Ghetto Game Bar,Lounge bar,бар,Ереван,"1 Proshyan Street, Yerevan, Armenia",+37444990907,,,,,,,,5.0,,open,,40.1911037,44.5043929,https://www.google.com/maps/place/Ghetto+Game+Bar/data=!4m7!3m6!1s0x406abd0046e55f85:0x59c17dde005e219!8m2!3d40.1911037!4d44.5043929!16s%2Fg%2F11xfj1p6dd!19sChIJhV_lRgC9akARGeIF4N0XnAU,"bar in Kentron, Yerevan"
0x406abd94e1387783:0xd6b7efbfd40b544c,Ghost Resto Lounge Bar and Rooms,Bar,бар,Ереван,"17 Buzand St, Yerevan 0010, Armenia",+37444060601,,,,,,,,3.3,,open,,40.1799178,44.5116448,https://www.google.com/maps/place/Ghost+Resto+Lounge+Bar+and+Rooms/data=!4m7!3m6!1s0x406abd94e1387783:0xd6b7efbfd40b544c!8m2!3d40.1799178!4d44.5116448!16s%2Fg%2F11v6w237hk!19sChIJg3c44ZS9akARTFQL1L_vt9Y,"bar in Kentron, Yerevan"
0x406abcf0d4a554c1:0xb4b4fdb3234c7239,Golazo սպորտային սրճարան,Sports bar,бар,Ереван,"1, 3 Buzand St, Yerevan 0010, Armenia",,,,,,,,,,,open,,40.1756251,44.5171038,https://www.google.com/maps/place/Golazo+%D5%BD%D5%BA%D5%B8%D6%80%D5%BF%D5%A1%D5%B5%D5%AB%D5%B6+%D5%BD%D6%80%D5%B3%D5%A1%D6%80%D5%A1%D5%B6/data=!4m7!3m6!1s0x406abcf0d4a554c1:0xb4b4fdb3234c7239!8m2!3d40.1756251!4d44.5171038!16s%2Fg%2F11hbts74p1!19sChIJwVSl1PC8akAROXJMI7P9tLQ,"bar in Arabkir, Yerevan"
0x406abd7082384941:0xf5d430846bf8755e,Gym Unit,Gym,бар,Ереван,"28, 2 Shinararneri St, Yerevan, Armenia",+37499339399,,,,,,,,4.8,,open,,40.1984462,44.4747407,https://www.google.com/maps/place/Gym+Unit/data=!4m7!3m6!1s0x406abd7082384941:0xf5d430846bf8755e!8m2!3d40.1984462!4d44.4747407!16s%2Fg%2F11hc_17qwz!19sChIJQUk4gnC9akARXnX4a4Qw1PU,"bar in Malatia-Sebastia, Yerevan"
0x406abd007f30698f:0xed932aacdffd7163,Home food bar,Bar,бар,Ереван,"3 Movses Khorenatsi Street, Yerevan, Armenia",,,,,,,,,,,open,,40.1789091,44.5068509,https://www.google.com/maps/place/Home+food+bar/data=!4m7!3m6!1s0x406abd007f30698f:0xed932aacdffd7163!8m2!3d40.1789091!4d44.5068509!16s%2Fg%2F11yzs0vbgc!19sChIJj2kwfwC9akARY3H936wqk-0,"bar in Kentron, Yerevan"
0x406abd3f2fed2de9:0xe69db6f32c4a9851,Hraparak,Bar,бар,Ереван,"9, 7 Vazgen Sargsyan St, Yerevan, Armenia",,,,,,,,,4.9,,open,,40.1773015,44.5109991,https://www.google.com/maps/place/Hraparak/data=!4m7!3m6!1s0x406abd3f2fed2de9:0xe69db6f32c4a9851!8m2!3d40.1773015!4d44.5109991!16s%2Fg%2F11sdn66k86!19sChIJ6S3tLz-9akARUZhKLPO2neY,"bar in Kentron, Yerevan"
0x406abdba1f6561ab:0x29499a4d6a12ddd6,Keg & Barrel,Beer hall,бар,Ереван,"42 Isahakyan St, Yerevan, Armenia",+37494885005,,,,,,,,4.4,,open,,40.1895847,44.5145594,https://www.google.com/maps/place/Keg+%26+Barrel/data=!4m7!3m6!1s0x406abdba1f6561ab:0x29499a4d6a12ddd6!8m2!3d40.1895847!4d44.5145594!16s%2Fg%2F11w36rp3rh!19sChIJq2FlH7q9akAR1t0Sak2aSSk,"bar in Kentron, Yerevan"
0x406abdbac5a704f5:0xfe229c73887f97bf,Kepler,Lounge bar,бар,Ереван,"8 King Pap St, Yerevan 0010, Armenia",+37443785055,,,,,,,,4.8,,open,,40.1797458,44.5095182,https://www.google.com/maps/place/Kepler/data=!4m7!3m6!1s0x406abdbac5a704f5:0xfe229c73887f97bf!8m2!3d40.1797458!4d44.5095182!16s%2Fg%2F11s5hs_7qj!19sChIJ9QSnxbq9akARv5d_iHOcIv4,"bar in Shengavit, Yerevan"
0x406abd507b386dd1:0x272d5b0bc2b5fa7b,Las Noches Dance & Bar,Dance club,бар,Ереван,"128 Nalbandyan St, Yerevan, Armenia",+37477971007,,,,,,,,4.9,,open,,40.1833199,44.525213,https://www.google.com/maps/place/Las+Noches+Dance+%26+Bar/data=!4m7!3m6!1s0x406abd507b386dd1:0x272d5b0bc2b5fa7b!8m2!3d40.1833199!4d44.525213!16s%2Fg%2F11vlt_80gm!19sChIJ0W04e1C9akARe_q1wgtbLSc,"bar in Kentron, Yerevan"
0x406abd2b0bc6f1a5:0x18fbb2a622135658,Le Chant cafe & bar,Cafe,бар,Ереван,"11 Tumanyan St, Yerevan 0010, Armenia",+37455511512,,,,,,,,5.0,,open,,40.180314,44.5201072,https://www.google.com/maps/place/Le+Chant+cafe+%26+bar/data=!4m7!3m6!1s0x406abd2b0bc6f1a5:0x18fbb2a622135658!8m2!3d40.180314!4d44.5201072!16s%2Fg%2F11h3qzcncs!19sChIJpfHGCyu9akARWFYTIqay-xg,"bar in Arabkir, Yerevan"
0x406abde2153ad46f:0x8aae4996a74302e6,Liga Sport Bar & Billiard,Sports bar,бар,Ереван,"17 Movses Khorenatsi Street, Yerevan 0010, Armenia",+37455995007,,,,,,,,4.0,,open,,40.1744282,44.5103248,https://www.google.com/maps/place/Liga+Sport+Bar+%26+Billiard/data=!4m7!3m6!1s0x406abde2153ad46f:0x8aae4996a74302e6!8m2!3d40.1744282!4d44.5103248!16s%2Fg%2F11t04cpdrr!19sChIJb9Q6FeK9akAR5gJDp5ZJroo,"bar in Kentron, Yerevan"
0x406abde2f77d67c7:0xaf01d97b18ca95ad,Lume Lounge Bar,Bar,бар,Ереван,"2/10 Sayat-Nova Ave, Yerevan, Armenia",+37444442244,,,,,,,,,,open,,40.1851506,44.517957,https://www.google.com/maps/place/Lume+Lounge+Bar/data=!4m7!3m6!1s0x406abde2f77d67c7:0xaf01d97b18ca95ad!8m2!3d40.1851506!4d44.517957!16s%2Fg%2F11z49v58m5!19sChIJx2d99-K9akARrZXKGHvZAa8,"bar in Kentron, Yerevan"
0x406abd135545ed6b:0xba9000eaa35bd38f,Luxor,Karaoke bar,бар,Ереван,"76 Marshal Baghramyan Ave, Yerevan 0033, Armenia",+37410276276,,,,,,,,3.8,,open,,40.1971636,44.4937598,https://www.google.com/maps/place/Luxor/data=!4m7!3m6!1s0x406abd135545ed6b:0xba9000eaa35bd38f!8m2!3d40.1971636!4d44.4937598!16s%2Fg%2F1hc6pppdb!19sChIJa-1FVRO9akARj9Nbo-oAkLo,"bar in Arabkir, Yerevan"
0x406abd542185e03d:0x950186447d2d5d88,Maison Hookah Bar,Hookah bar,бар,Ереван,"4, 2 King Pap St, Yerevan 0010, Armenia",+37441311114,,,,,,,,4.6,,open,,40.1795114,44.5106097,https://www.google.com/maps/place/Maison+Hookah+Bar/data=!4m7!3m6!1s0x406abd542185e03d:0x950186447d2d5d88!8m2!3d40.1795114!4d44.5106097!16s%2Fg%2F11yq2jm18r!19sChIJPeCFIVS9akARiF0tfUSGAZU,"bar in Kentron, Yerevan"
0x406abd9aa657814f:0xeff2370879600038,Matisse Dining Bar,Cocktail bar,бар,Ереван,"74 Arami str., Yerevan 0002, Armenia",+37494093930,,,,,,,,4.6,,open,,40.1837931,44.5081689,https://www.google.com/maps/place/Matisse+Dining+Bar/data=!4m7!3m6!1s0x406abd9aa657814f:0xeff2370879600038!8m2!3d40.1837931!4d44.5081689!16s%2Fg%2F11krrjvs4_!19sChIJT4FXppq9akAROABgeQg38u8,"bar in Kentron, Yerevan"
0x406abd1bbf8b719d:0x685f356dcb7a6537,Mr. Baron Billiards & Bar,Billiards supply store,бар,Ереван,"3 Teryan St, Yerevan 0010, Armenia",+37433036000,,,,,,,,5.0,,open,,40.181635,44.512609,https://www.google.com/maps/place/Mr.+Baron+Billiards+%26+Bar/data=!4m7!3m6!1s0x406abd1bbf8b719d:0x685f356dcb7a6537!8m2!3d40.181635!4d44.512609!16s%2Fg%2F11yg_fjyjg!19sChIJnXGLvxu9akARN2V6y201X2g,"bar in Kentron, Yerevan"
0x406abcfdd1dc78b9:0xd6e0ad1b54f7c103,Mr. Hookah,Lounge bar,бар,Ереван,"15 King Pap St, Yerevan, Armenia",+37441797377,,,,,,,,4.2,,open,,40.1810362,44.5071039,https://www.google.com/maps/place/Mr.+Hookah/data=!4m7!3m6!1s0x406abcfdd1dc78b9:0xd6e0ad1b54f7c103!8m2!3d40.1810362!4d44.5071039!16s%2Fg%2F11g7_c8d48!19sChIJuXjc0f28akARA8H3VBut4NY,"bar in Kentron, Yerevan"
0x406abd1542a5664b:0x35706ddddce8794,Nairi Bar,Bar,бар,Ереван,"50 Mesrop Mashtots Ave, Yerervan 0009, Armenia",,,,,,,,,,,open,,40.1892493,44.5181181,https://www.google.com/maps/place/Nairi+Bar/data=!4m7!3m6!1s0x406abd1542a5664b:0x35706ddddce8794!8m2!3d40.1892493!4d44.5181181!16s%2Fg%2F11zd55pp30!19sChIJS2alQhW9akARlIfO3d0GVwM,"bar in Kentron, Yerevan"
0x406abd007a48e1a1:0x3a230691d663104e,Noma Rooftop Bar and Restaurant,Bar,бар,Ереван,"5GF7+3MQ, Yerevan, Armenia",,,,,,,,,3.8,,open,,40.1727113,44.5142194,https://www.google.com/maps/place/Noma+Rooftop+Bar+and+Restaurant/data=!4m7!3m6!1s0x406abd007a48e1a1:0x3a230691d663104e!8m2!3d40.1727113!4d44.5142194!16s%2Fg%2F11wg4n_l_g!19sChIJoeFIegC9akARThBj1pEGIzo,"bar in Kentron, Yerevan"
0x406abce34ca818bd:0x8ec85a112741a51a,Paulaner Beerhouse,Brewpub,бар,Ереван,"19 Teryan St, Yerevan, Armenia",+37496513800,,,,,,,,3.8,,open,,40.1823417,44.5137799,https://www.google.com/maps/place/Paulaner+Beerhouse/data=!4m7!3m6!1s0x406abce34ca818bd:0x8ec85a112741a51a!8m2!3d40.1823417!4d44.5137799!16s%2Fg%2F1q6j28ly6!19sChIJvRioTOO8akARGqVBJxFayI4,"bar in Kentron, Yerevan"
0x406abd1fa0fb0ccd:0x43a47ccc3d17085b,Paulaner Beerhouse,Brewpub,бар,Ереван,"3 Tamanyan St, Yerevan 0009, Armenia",+37499543800,,,,,,,,3.7,,open,,40.1902324,44.5150797,https://www.google.com/maps/place/Paulaner+Beerhouse/data=!4m7!3m6!1s0x406abd1fa0fb0ccd:0x43a47ccc3d17085b!8m2!3d40.1902324!4d44.5150797!16s%2Fg%2F11_sy2vzf!19sChIJzQz7oB-9akARWwgXPcx8pEM,"bar in Nor Nork, Yerevan"
0x406abb003a148fc7:0x2a153b98be75cdfd,Pivdom,Beer garden,бар,Ереван,"74, 1 Azatamartikner Ave, Yerevan, Armenia",+37443130101,,,,,,,,5.0,,open,,40.14693,44.5222677,https://www.google.com/maps/place/Pivdom/data=!4m7!3m6!1s0x406abb003a148fc7:0x2a153b98be75cdfd!8m2!3d40.14693!4d44.5222677!16s%2Fg%2F11xckgm6hf!19sChIJx48UOgC7akAR_c11vpg7FSo,"bar in Erebuni, Yerevan"
0x406abd4730520f2d:0x12d5c19b6fd7ff45,Process Bar,Bar,бар,Ереван,"1 A Martiros Saryan St, Yerevan 0002, Armenia",+37433332825,,,,,,,,4.7,,open,,40.1872777,44.5100708,https://www.google.com/maps/place/Process+Bar/data=!4m7!3m6!1s0x406abd4730520f2d:0x12d5c19b6fd7ff45!8m2!3d40.1872777!4d44.5100708!16s%2Fg%2F11yl5tv594!19sChIJLQ9SMEe9akARRf_Xb5vB1RI,"bar in Kentron, Yerevan"
0x406abd42e8a6f98f:0x286a45ed945bf2d9,Pulpulak Jazz Club & Restaurant,Restaurant,бар,Ереван,"2 Aram Street, Yerevan 0002, Armenia",+37455308998,,,,,,,,4.7,,open,,40.1789814,44.5148686,https://www.google.com/maps/place/Pulpulak+Jazz+Club+%26+Restaurant/data=!4m7!3m6!1s0x406abd42e8a6f98f:0x286a45ed945bf2d9!8m2!3d40.1789814!4d44.5148686!16s%2Fg%2F11w3l2sr6y!19sChIJj_mm6EK9akAR2fJblO1Faig,"bar in Nor Nork, Yerevan"
0x406abd598c8cb545:0xb1e3792b59887219,Rock’n’rolla,Bar,бар,Ереван,"25 Tumanyan St, Yerevan 0001, Armenia",,,,,,,,,4.8,,open,,40.1845571,44.5141728,https://www.google.com/maps/place/Rock%E2%80%99n%E2%80%99rolla/data=!4m7!3m6!1s0x406abd598c8cb545:0xb1e3792b59887219!8m2!3d40.1845571!4d44.5141728!16s%2Fg%2F11q4bl57m2!19sChIJRbWMjFm9akARGXKIWSt547E,"bar in Kentron, Yerevan"
0x406abdb81e746c81:0x676309f758adea9e,Rush Pub Yerevan,Pub,бар,Ереван,"7 Mesrop Mashtots Ave, Yerevan, Armenia",+37493957547,,,,,,,,4.3,,open,,40.1798012,44.5060174,https://www.google.com/maps/place/Rush+Pub+Yerevan/data=!4m7!3m6!1s0x406abdb81e746c81:0x676309f758adea9e!8m2!3d40.1798012!4d44.5060174!16s%2Fg%2F11j2ch1lcx!19sChIJgWx0Hri9akARnuqtWPcJY2c,"bar in Kentron, Yerevan"
0x406abd007e959b53:0x5e971d5def83be83,Ruzanna bar,Bar,бар,Ереван,"17 Mesrop Mashtots Ave, Yerevan 0002, Armenia",,,,,,,,,5.0,,open,,40.1828455,44.5096919,https://www.google.com/maps/place/Ruzanna+bar/data=!4m7!3m6!1s0x406abd007e959b53:0x5e971d5def83be83!8m2!3d40.1828455!4d44.5096919!16s%2Fg%2F11lv_1mf57!19sChIJU5uVfgC9akARg76D710dl14,"bar in Kentron, Yerevan"
0x406abdfe3eac8ce7:0xb56f16ca550a69c,SNOB Gastro Bar & Lounge,Restaurant,бар,Ереван,"8 Moskovyan Street, Yerevan 0020, Armenia",+37441331144,,,,,,,,5.0,,open,,40.1884178,44.5179155,https://www.google.com/maps/place/SNOB+Gastro+Bar+%26+Lounge/data=!4m7!3m6!1s0x406abdfe3eac8ce7:0xb56f16ca550a69c!8m2!3d40.1884178!4d44.5179155!16s%2Fg%2F11yvt_3_2m!19sChIJ54ysPv69akARnKZQpWzxVgs,"bar in Kentron, Yerevan"
0x406abd202772bb85:0x54a6ac9b40c4b5af,Schwarz Billiard & Poker Club Yerevan,Pool billard club,бар,Ереван,"9 Hanrapetutyan St, Yerevan 0010, Armenia",+37494990011,,,,,,,,4.9,,open,,40.1748734,44.5116844,https://www.google.com/maps/place/Schwarz+Billiard+%26+Poker+Club+Yerevan/data=!4m7!3m6!1s0x406abd202772bb85:0x54a6ac9b40c4b5af!8m2!3d40.1748734!4d44.5116844!16s%2Fg%2F11sx2ph8pg!19sChIJhbtyJyC9akARr7XEQJusplQ,"bar in Kentron, Yerevan"
0x406abd9bee7c5973:0x4bc9f8662ad03440,Serena,Cocktail bar,бар,Ереван,"3/1 Abovyan St, Yerevan, Armenia",+37499343334,,,,,,,,3.9,,open,,40.1809804,44.5155133,https://www.google.com/maps/place/Serena/data=!4m7!3m6!1s0x406abd9bee7c5973:0x4bc9f8662ad03440!8m2!3d40.1809804!4d44.5155133!16s%2Fg%2F11vz2c02kz!19sChIJc1l87pu9akARQDTQKmb4yUs,"bar in Kentron, Yerevan"
0x406abd00381323a5:0xdc58b99c24eb7d6c,Shawarma bar,Fast food restaurant,бар,Ереван,"43 Margaryan St, Yerevan, Armenia",+37455050589,,,,,,,,5.0,,open,,40.2041188,44.470271,https://www.google.com/maps/place/Shawarma+bar/data=!4m7!3m6!1s0x406abd00381323a5:0xdc58b99c24eb7d6c!8m2!3d40.2041188!4d44.470271!16s%2Fg%2F11zxp7zzgf!19sChIJpSMTOAC9akARbH3rJJy5WNw,"bar in Malatia-Sebastia, Yerevan"
0x406abc2577400f45:0xedce4bc5ab54bf3,Shengavit Ancient Settlement,Archaeological museum,бар,Ереван,"5F4G+HQC, Bagratuniats St, Yerevan, Armenia",+37410422483,,,,,,,,4.6,,open,,40.1564439,44.4768858,https://www.google.com/maps/place/Shengavit+Ancient+Settlement/data=!4m7!3m6!1s0x406abc2577400f45:0xedce4bc5ab54bf3!8m2!3d40.1564439!4d44.4768858!16s%2Fm%2F07s5cb_!19sChIJRQ9AdyW8akAR80u1Wrzk3A4,"bar in Shengavit, Yerevan"
0x406abce27142ae79:0x8f015df7fccfe521,Shooter Game Zone,Internet cafe,бар,Ереван,"37 Mesrop Mashtots Ave, Yerevan 0002, Armenia",+37477124902,,,,,,,,4.4,,open,,40.185975,44.5134305,https://www.google.com/maps/place/Shooter+Game+Zone/data=!4m7!3m6!1s0x406abce27142ae79:0x8f015df7fccfe521!8m2!3d40.185975!4d44.5134305!16s%2Fg%2F11c1q9wvfs!19sChIJea5CceK8akARIeXP_PddAY8,"bar in Kentron, Yerevan"
0x406abd784f195b5d:0x35958201bf06e8b9,Spot,Bar,бар,Ереван,"16 Martiros Saryan St, Yerevan 0002, Armenia",,,,,,,,,4.6,,open,,40.1863108,44.5073631,https://www.google.com/maps/place/Spot/data=!4m7!3m6!1s0x406abd784f195b5d:0x35958201bf06e8b9!8m2!3d40.1863108!4d44.5073631!16s%2Fg%2F11l6bhn6ly!19sChIJXVsZT3i9akARuegGvwGClTU,"bar in Kentron, Yerevan"
0x406abd1d7b4e6313:0x1c9e42cda01570f9,Station,Pub,бар,Ереван,"24 Ghazar Parpetsi St, Yerevan, Armenia",+37495111139,,,,,,,,4.7,,open,,40.1852834,44.5110193,https://www.google.com/maps/place/Station/data=!4m7!3m6!1s0x406abd1d7b4e6313:0x1c9e42cda01570f9!8m2!3d40.1852834!4d44.5110193!16s%2Fg%2F11cs3b4wvf!19sChIJE2NOex29akAR-XAVoM1Cnhw,"bar in Kentron, Yerevan"
0x406abd0e9a027b77:0x3fcca2df81f10c83,Sushi Bar Haven,Restaurant,бар,Ереван,"70/8 yeghishe charents street, Yerevan 0002, Armenia",+37455463711,,,,,,,,,,open,,40.1737313,44.5260102,https://www.google.com/maps/place/Sushi+Bar+Haven/data=!4m7!3m6!1s0x406abd0e9a027b77:0x3fcca2df81f10c83!8m2!3d40.1737313!4d44.5260102!16s%2Fg%2F11mlss3h35!19sChIJd3sCmg69akARgwzxgd-izD8,"bar in Nor Nork, Yerevan"
0x406abd62c7a07913:0xdc0c82c795895ddd,THE GATE CLUB,Dance club,бар,Ереван,"2/8 Sayat-Nova Ave, Yerevan 0001, Armenia",+37493150051,,,,,,,,3.6,,open,,40.1852302,44.5159488,https://www.google.com/maps/place/THE+GATE+CLUB/data=!4m7!3m6!1s0x406abd62c7a07913:0xdc0c82c795895ddd!8m2!3d40.1852302!4d44.5159488!16s%2Fg%2F11wtdz53t7!19sChIJE3mgx2K9akAR3V2JlceCDNw,"bar in Arabkir, Yerevan"
0x406abd8993f5e755:0x35b48c6c3823d151,The Bird Cage,Cocktail bar,бар,Ереван,"10 Abovyan St, Yerevan 0001, Armenia",+37499992052,,,,,,,,4.6,,open,,40.1806669,44.5156896,https://www.google.com/maps/place/The+Bird+Cage/data=!4m7!3m6!1s0x406abd8993f5e755:0x35b48c6c3823d151!8m2!3d40.1806669!4d44.5156896!16s%2Fg%2F11sg1x3gy_!19sChIJVef1k4m9akARUdEjOGyMtDU,"bar in Kentron, Yerevan"
0x406abda3d5f6f9c7:0xd0df1cb461a5a19c,The Garrison,Bar,бар,Ереван,"50 1 Pushkin St, Yerevan 0002, Armenia",+37477977911,,,,,,,,5.0,,open,,40.1843933,44.5105792,https://www.google.com/maps/place/The+Garrison/data=!4m7!3m6!1s0x406abda3d5f6f9c7:0xd0df1cb461a5a19c!8m2!3d40.1843933!4d44.5105792!16s%2Fg%2F11zktyf_3d!19sChIJx_n21aO9akARnKGlYbQc39A,"bar in Kentron, Yerevan"
0x406abd2087ec4df3:0x3ffa69caa313acfc,The Roof by Dvin,Bar,бар,Ереван,"40 Paronyan St, Yerevan 0002, Armenia",+37433777020,,,,,,,,5.0,,open,,40.1838962,44.5017666,https://www.google.com/maps/place/The+Roof+by+Dvin/data=!4m7!3m6!1s0x406abd2087ec4df3:0x3ffa69caa313acfc!8m2!3d40.1838962!4d44.5017666!16s%2Fg%2F11ntk07nqj!19sChIJ803shyC9akAR_KwTo8pp-j8,"bar in Arabkir, Yerevan"
0x406abdd919cf0535:0xc9718093b638a64a,ToneLab Studio,Musical club,бар,Ереван,"19a Koryun St, Yerevan 0009, Armenia",+37444498803,,,,,,,,4.8,,open,,40.1895131,44.521072,https://www.google.com/maps/place/ToneLab+Studio/data=!4m7!3m6!1s0x406abdd919cf0535:0xc9718093b638a64a!8m2!3d40.1895131!4d44.521072!16s%2Fg%2F11sspygv1d!19sChIJNQXPGdm9akARSqY4tpOAcck,"bar in Arabkir, Yerevan"
0x406abda05a15c469:0x284e7b34321501f9,Vedi-Alco,Wine bar,бар,Ереван,"15a Pushkin St, Yerevan 0010, Armenia",,,,,,,,,5.0,,open,,40.1814605,44.5140518,https://www.google.com/maps/place/Vedi-Alco/data=!4m7!3m6!1s0x406abda05a15c469:0x284e7b34321501f9!8m2!3d40.1814605!4d44.5140518!16s%2Fg%2F11vzfgc_xs!19sChIJacQVWqC9akAR-QEVMjR7Tig,"bar in Arabkir, Yerevan"
0x406abcfc99198841:0xb7ad5a0e4ef03c80,Vivaro Cafe - Sport Bar,Bar,бар,Ереван,"8 Teryan St, Yerevan, Armenia",,,,,,,,,3.8,,open,,40.1813078,44.5128036,https://www.google.com/maps/place/Vivaro+Cafe+-+Sport+Bar/data=!4m7!3m6!1s0x406abcfc99198841:0xb7ad5a0e4ef03c80!8m2!3d40.1813078!4d44.5128036!16s%2Fg%2F1xpwh847!19sChIJQYgZmfy8akARgDzwTg5arbc,"bar in Kentron, Yerevan"
0x406abcee7fbc5993:0xf3e4d9184d4965ec,Voodoo Hookah Lounge,Hookah bar,бар,Ереван,"43 Charents St, Yerevan 0025, Armenia",+37498804343,,,,,,,,4.4,,open,,40.178258,44.5277121,https://www.google.com/maps/place/Voodoo+Hookah+Lounge/data=!4m7!3m6!1s0x406abcee7fbc5993:0xf3e4d9184d4965ec!8m2!3d40.178258!4d44.5277121!16s%2Fg%2F11g01v8436!19sChIJk1m8f-68akAR7GVJTRjZ5PM,"bar in Kentron, Yerevan"
0x406abdfdbad80165:0xf3c131a6a467a37,Wine&Dine at The Alexander Yerevan,Restaurant,бар,Ереван,"3/4 Abovyan St, Yerevan 0001, Armenia",+37411206000,,,,,,,,,,open,,40.1810332,44.5154375,https://www.google.com/maps/place/Wine%26Dine+at+The+Alexander+Yerevan/data=!4m7!3m6!1s0x406abdfdbad80165:0xf3c131a6a467a37!8m2!3d40.1810332!4d44.5154375!16s%2Fg%2F11hhnt5njy!19sChIJZQHYuv29akARN3pGahoTPA8,"bar in Arabkir, Yerevan"
0x406abcf1acd58c13:0xef7777654ff1f477,Yerevan Hostel,,бар,Ереван,"5 Tpagrichner St, Yerevan 0010, Armenia",+37410547757,,,,,,,,4.1,,open,,40.1786531,44.5193094,https://www.google.com/maps/place/Yerevan+Hostel/data=!4m7!3m6!1s0x406abcf1acd58c13:0xef7777654ff1f477!8m2!3d40.1786531!4d44.5193094!16s%2Fg%2F1tj7cjqs!19sChIJE4zVrPG8akARd_TxT2V3d-8,"bar in Arabkir, Yerevan"
0x406abd00169582d7:0xc50a7fd13ae13ee,Zoro's mulberry,Bar,бар,Ереван,"4FWW+99J, Yerevan, Armenia",,,,,,,,,5.0,,open,,40.1459561,44.4959032,https://www.google.com/maps/place/Zoro%27s+mulberry/data=!4m7!3m6!1s0x406abd00169582d7:0xc50a7fd13ae13ee!8m2!3d40.1459561!4d44.4959032!16s%2Fg%2F11yp8n5w87!19sChIJ14KVFgC9akAR7hOuE_2nUAw,"bar in Shengavit, Yerevan"
0x406abdd07c36ba83:0xf654db7e55b4eabe,"Рюмочная ""Дружба""",Bar,бар,Ереван,"4 Alexander Spendiaryan St, Yerevan, Armenia",+37491226930,,,,,,,,4.8,,open,,40.1870805,44.5121431,https://www.google.com/maps/place/%D0%A0%D1%8E%D0%BC%D0%BE%D1%87%D0%BD%D0%B0%D1%8F+%22%D0%94%D1%80%D1%83%D0%B6%D0%B1%D0%B0%22/data=!4m7!3m6!1s0x406abdd07c36ba83:0xf654db7e55b4eabe!8m2!3d40.1870805!4d44.5121431!16s%2Fg%2F11szjwc7kz!19sChIJg7o2fNC9akARvuq0VX7bVPY,"bar in Kentron, Yerevan"
0x406abd003d628c65:0x3d53c16ec068e809,7 Tadevosian street apt 2,Apartment building,ветклиника,Ереван,"43 Bagratuniats St, Yerevan 0046, Armenia",,,,,,,,,5.0,,open,,40.1461993,44.4908153,https://www.google.com/maps/place/7+Tadevosian+street+apt+2/data=!4m7!3m6!1s0x406abd003d628c65:0x3d53c16ec068e809!8m2!3d40.1461993!4d44.4908153!16s%2Fg%2F11vs3gdcnv!19sChIJZYxiPQC9akARCehowG7BUz0,"veterinarian in Shengavit, Yerevan"
0x406abd91d6169d25:0xfafe9ec6bda06dc3,ABADJYANTS,Veterinarian,ветклиника,Ереван,"15, 17 Argishti St, Yerevan 0001, Armenia",+37491388403,,,,,,,,4.8,,open,,40.1705818,44.5035783,https://www.google.com/maps/place/ABADJYANTS/data=!4m7!3m6!1s0x406abd91d6169d25:0xfafe9ec6bda06dc3!8m2!3d40.1705818!4d44.5035783!16s%2Fg%2F11sd1h76jg!19sChIJJZ0W1pG9akARw22gvcae_vo,"veterinarian in Kentron, Yerevan"
0x406abd7bf6239753:0xc10e77c89d975ab5,ACSA AMIRA,Veterinarian,ветклиника,Ереван,"133, 1 Башинджагян, Yerevan 0031, Armenia",+37455606090,,,,,,,,4.1,,open,,40.199866,44.4685088,https://www.google.com/maps/place/ACSA+AMIRA/data=!4m7!3m6!1s0x406abd7bf6239753:0xc10e77c89d975ab5!8m2!3d40.199866!4d44.4685088!16s%2Fg%2F11bzzry1wv!19sChIJU5cj9nu9akARtVqXnch3DsE,"veterinarian in Kentron, Yerevan"
0x406abb9284262acd:0xae7fbe264d6c64d6,ANAU Vet Clinic,Veterinarian,ветклиника,Ереван,"10 Erebuni St, Yerevan, Armenia",,,,,,,,,4.5,,open,,40.1414933,44.5175821,https://www.google.com/maps/place/ANAU+Vet+Clinic/data=!4m7!3m6!1s0x406abb9284262acd:0xae7fbe264d6c64d6!8m2!3d40.1414933!4d44.5175821!16s%2Fg%2F11vjd76jvb!19sChIJzSomhJK7akAR1mRsTSa-f64,"veterinarian in Kentron, Yerevan"
0x406abd891f937133:0x80511189832b49ee,AlphaVet,Animal hospital,ветклиника,Ереван,"21 Նաիրի Զարյան, Yerevan 0014, Armenia",+37498532099,,,,,,,,4.6,,open,,40.2045064,44.5144881,https://www.google.com/maps/place/AlphaVet/data=!4m7!3m6!1s0x406abd891f937133:0x80511189832b49ee!8m2!3d40.2045064!4d44.5144881!16s%2Fg%2F11trhlmf53!19sChIJM3GTH4m9akAR7kkrg4kRUYA,"veterinarian in Kentron, Yerevan"
0x406abdf1a67ec81b:0x37acf556e3a929cb,Aqualife pet shop,Pet store,ветклиника,Ереван,"36 Avet Avetisyan St, Yerevan 0033, Armenia",+37493540788,,,,,,,,4.7,,open,,40.1973964,44.4988075,https://www.google.com/maps/place/Aqualife+pet+shop/data=!4m7!3m6!1s0x406abdf1a67ec81b:0x37acf556e3a929cb!8m2!3d40.1973964!4d44.4988075!16s%2Fg%2F11y25v8k4p!19sChIJG8h-pvG9akARyymp41b1rDc,"veterinarian in Shengavit, Yerevan"
0x406aa318c11a115f:0xe0a144d7abd558e3,Archi Vet Clinic,Animal hospital,ветклиника,Ереван,"7 Nansen Street 1, Yerevan 0056, Armenia",+37493505207,,,,,,,,4.9,,open,,40.1988374,44.5628513,https://www.google.com/maps/place/Archi+Vet+Clinic/data=!4m7!3m6!1s0x406aa318c11a115f:0xe0a144d7abd558e3!8m2!3d40.1988374!4d44.5628513!16s%2Fg%2F11krtxclvc!19sChIJXxEawRijakAR41jVq9dEoeA,"veterinarian in Kentron, Yerevan"
0x406abd1375752bef:0x9082fde598f090b9,BB GROOMING,Pet groomer,ветклиника,Ереван,"39B Gyulbenkyan St, Yerevan 0033, Armenia",+37455105411,,,,,,,,4.6,,open,,40.2024097,44.4940814,https://www.google.com/maps/place/BB+GROOMING/data=!4m7!3m6!1s0x406abd1375752bef:0x9082fde598f090b9!8m2!3d40.2024097!4d44.4940814!16s%2Fg%2F11vqttxzyc!19sChIJ7yt1dRO9akARuZDwmOX9gpA,"veterinarian in Kentron, Yerevan"
0x406abd91fd075ef9:0x38f9accb4c9cef8f,Equus LLC,Pet supply store,ветклиника,Ереван,"1/1 Sevastopolian St, Yerevan 0033, Armenia",+37477400649,,,,,,,,5.0,,open,,40.1968188,44.4896888,https://www.google.com/maps/place/Equus+LLC/data=!4m7!3m6!1s0x406abd91fd075ef9:0x38f9accb4c9cef8f!8m2!3d40.1968188!4d44.4896888!16s%2Fg%2F11vhffpt4q!19sChIJ-V4H_ZG9akARj--cTMus-Tg,"veterinarian in Shengavit, Yerevan"
0x406abd37854097e9:0x81666e4e68690fca,Eve vet clinic,Veterinarian,ветклиника,Ереван,"8, 2 Sebastia St, Yerevan, Armenia",,,,,,,,,,,open,,40.187922,44.461625,https://www.google.com/maps/place/Eve+vet+clinic/data=!4m7!3m6!1s0x406abd37854097e9:0x81666e4e68690fca!8m2!3d40.187922!4d44.461625!16s%2Fg%2F11t3f53mcj!19sChIJ6ZdAhTe9akARyg9paE5uZoE,"veterinarian in Kentron, Yerevan"
0x406abbdbe37f244d:0x6858d2b3b8e8adc6,Intervetpahrma,Veterinarian,ветклиника,Ереван,"12/7 Ayvazovskiy St, Yerevan 0087, Armenia",+37496403405,,,,,,,,,,open,,40.1341919,44.5170576,https://www.google.com/maps/place/Intervetpahrma/data=!4m7!3m6!1s0x406abbdbe37f244d:0x6858d2b3b8e8adc6!8m2!3d40.1341919!4d44.5170576!16s%2Fg%2F11sk3nhj0b!19sChIJTSR_49u7akARxq3ouLPSWGg,"veterinarian in Kentron, Yerevan"
0x406ab97021bfc099:0x841f1ceeb39735bd,Kendanineri xanut,Veterinary pharmacy,ветклиника,Ереван,"3GMW+F8P, Yerevan, Armenia",,,,,,,,,5.0,,open,,40.0837164,44.5458303,https://www.google.com/maps/place/Kendanineri+xanut/data=!4m7!3m6!1s0x406ab97021bfc099:0x841f1ceeb39735bd!8m2!3d40.0837164!4d44.5458303!16s%2Fg%2F11fw930tsl!19sChIJmcC_IXC5akARvTWXs-4cH4Q,"veterinarian in Shengavit, Yerevan"
0x406abf123b50ecbb:0x97fc377318feaf23,Lameei poultry supplies store,Veterinarian,ветклиника,Ереван,"residential houses, 9 4th street, Armavir 0904, Armenia",+37493643896,,,,,,,,,,open,,40.1618874,44.3830241,https://www.google.com/maps/place/Lameei+poultry+supplies+store/data=!4m7!3m6!1s0x406abf123b50ecbb:0x97fc377318feaf23!8m2!3d40.1618874!4d44.3830241!16s%2Fg%2F11z7kpg3tc!19sChIJu-xQOxK_akARI6_-GHM3_Jc,"veterinarian in Shengavit, Yerevan"
0x406ab96fddc104fb:0x5b17047fd219c446,Layma Vet & Grooming,Veterinarian,ветклиника,Ереван,"13a Hrachya Kochar St, Yerevan 0033, Armenia",+37477408310,,,,,,,,5.0,,open,,40.2005583,44.4982746,https://www.google.com/maps/place/Layma+Vet+%26+Grooming/data=!4m7!3m6!1s0x406ab96fddc104fb:0x5b17047fd219c446!8m2!3d40.2005583!4d44.4982746!16s%2Fg%2F11yl0c0p8w!19sChIJ-wTB3W-5akARRsQZ0n8EF1s,"veterinarian in Kentron, Yerevan"
0x406abd6662a22319:0xd9a83a030c814986,Leo Vet,Animal hospital,ветклиника,Ереван,"100 Andranik Zoravar St, Yerevan, Armenia",+37495010321,,,,,,,,4.4,,open,,40.1701947,44.44546,https://www.google.com/maps/place/Leo+Vet/data=!4m7!3m6!1s0x406abd6662a22319:0xd9a83a030c814986!8m2!3d40.1701947!4d44.44546!16s%2Fg%2F11m60grnsk!19sChIJGSOiYma9akARhkmBDAM6qNk,"veterinarian in Kentron, Yerevan"
0x406abdc1107bb3bd:0x655b47cd16e676ce,Malatia Vet Market,Market,ветклиника,Ереван,"5FG5+72P, M1, Yerevan, Armenia",,,,,,,,,4.4,,open,,40.1757176,44.4575677,https://www.google.com/maps/place/Malatia+Vet+Market/data=!4m7!3m6!1s0x406abdc1107bb3bd:0x655b47cd16e676ce!8m2!3d40.1757176!4d44.4575677!16s%2Fg%2F1v44cf_g!19sChIJvbN7EMG9akARznbmFs1HW2U,"veterinarian in Shengavit, Yerevan"
0x406abd5c5caf6d77:0x15e867735984ec53,Maltese City,Veterinarian,ветклиника,Ереван,"26 Komitas Ave, Yerevan, Armenia",+37494372233,,,,,,,,4.1,,open,,40.2033158,44.5005409,https://www.google.com/maps/place/Maltese+City/data=!4m7!3m6!1s0x406abd5c5caf6d77:0x15e867735984ec53!8m2!3d40.2033158!4d44.5005409!16s%2Fg%2F11flvyzhf6!19sChIJd22vXFy9akARU-yEWXNn6BU,"veterinarian in Kentron, Yerevan"
0x406abd9b43da0483:0x2b66bc2816f47a0f,Oscar Vet Vetclinic,Veterinarian,ветклиника,Ереван,"19 Halabyan St, Yerevan 0038, Armenia",+37496209008,,,,,,,,4.9,,open,,40.1941532,44.47837,https://www.google.com/maps/place/Oscar+Vet+Vetclinic/data=!4m7!3m6!1s0x406abd9b43da0483:0x2b66bc2816f47a0f!8m2!3d40.1941532!4d44.47837!16s%2Fg%2F11f9xlq83m!19sChIJgwTaQ5u9akARD3r0Fii8Zis,"veterinarian in Kentron, Yerevan"
0x406abb9cedafbf13:0x765c59026421580b,Pawsitive,Animal shelter,ветклиника,Ереван,"4HJ2+46R, Yerevan, Armenia",+37499165760,,,,,,,,3.8,,open,,40.1303732,44.5505271,https://www.google.com/maps/place/Pawsitive/data=!4m7!3m6!1s0x406abb9cedafbf13:0x765c59026421580b!8m2!3d40.1303732!4d44.5505271!16s%2Fg%2F11j614kw6l!19sChIJE7-v7Zy7akARC1ghZAJZXHY,"veterinarian in Shengavit, Yerevan"
0x406aa329ff625d2d:0x451f80c5e588aa16,Pet Amigo Anasnabujakan klinika,Doctor,ветклиника,Ереван,"41/2 Rubinyants St, Yerevan 0035, Armenia",+37499206764,,,,,,,,3.0,,open,,40.2025285,44.5460235,https://www.google.com/maps/place/Pet+Amigo+Anasnabujakan+klinika/data=!4m7!3m6!1s0x406aa329ff625d2d:0x451f80c5e588aa16!8m2!3d40.2025285!4d44.5460235!16s%2Fg%2F11g6_1p1yv!19sChIJLV1i_ymjakARFqqI5cWAH0U,"veterinarian in Shengavit, Yerevan"
0x406aa30cb518046f:0x3695a935b1275d1c,Pet Shop,Pet supply store,ветклиника,Ереван,"Gai 16 Gai Ave, Yerevan 0086, Armenia",+37491766033,,,,,,,,5.0,,open,,40.1972178,44.5658572,https://www.google.com/maps/place/Pet+Shop/data=!4m7!3m6!1s0x406aa30cb518046f:0x3695a935b1275d1c!8m2!3d40.1972178!4d44.5658572!16s%2Fg%2F11t863y79h!19sChIJbwQYtQyjakARHF0nsTWplTY,"veterinarian in Shengavit, Yerevan"
0x406a97ab453b3baf:0x3ac9d55e6d78a611,Petrosyan's Vet Clinic,Animal hospital,ветклиника,Ереван,"6CWG+J72, Proshyan, Armenia",+37441068668,,,,,,,,5.0,,open,,40.2466427,44.4255407,https://www.google.com/maps/place/Petrosyan%27s+Vet+Clinic/data=!4m7!3m6!1s0x406a97ab453b3baf:0x3ac9d55e6d78a611!8m2!3d40.2466427!4d44.4255407!16s%2Fg%2F11tnjxhptv!19sChIJrzs7RauXakAREaZ4bV7VyTo,"veterinarian in Shengavit, Yerevan"
0x406aa300160f954d:0xf8d81baae2834ea0,Pet’s Friend Veterinary Center,Veterinary pharmacy,ветклиника,Ереван,"6G7X+HV, Yerevan, Armenia",,,,,,,,,3.7,,open,,40.2131883,44.5506067,https://www.google.com/maps/place/Pet%E2%80%99s+Friend+Veterinary+Center/data=!4m7!3m6!1s0x406aa300160f954d:0xf8d81baae2834ea0!8m2!3d40.2131883!4d44.5506067!16s%2Fg%2F11n3n1qmt2!19sChIJTZUPFgCjakARoE6D4qob2Pg,"veterinarian in Kentron, Yerevan"
0x406abea75f4ddbc3:0x51629db8b9247c95,Shengavit,Subway station,ветклиника,Ереван,"Taronts St, Yerevan, Armenia",,,,,,,,,4.3,,open,,40.145224,44.48483,https://www.google.com/maps/place/Shengavit/data=!4m7!3m6!1s0x406abea75f4ddbc3:0x51629db8b9247c95!8m2!3d40.145224!4d44.48483!16s%2Fm%2F0r8lkv1!19sChIJw9tNX6e-akARlXwkubidYlE,"veterinarian in Shengavit, Yerevan"
0x406abd4faeab7991:0xe023dbed49c3c3cd,Urban Pet shop,Pet supply store,ветклиника,Ереван,"26 Shinararneri St, Yerevan, Armenia",+37455656652,,,,,,,,4.8,,open,,40.1977721,44.4746271,https://www.google.com/maps/place/Urban+Pet+shop/data=!4m7!3m6!1s0x406abd4faeab7991:0xe023dbed49c3c3cd!8m2!3d40.1977721!4d44.4746271!16s%2Fg%2F11t6yy5dv5!19sChIJkXmrrk-9akARzcPDSe3bI-A,"veterinarian in Arabkir, Yerevan"
0x406abf27239c4f7d:0x474b78e135f4e37a,Vet Baza,Veterinary pharmacy,ветклиника,Ереван,"50/4 Chekhov St, Yerevan, Armenia",+37411953939,,,,,,,,4.0,,open,,40.1501525,44.4745874,https://www.google.com/maps/place/Vet+Baza/data=!4m7!3m6!1s0x406abf27239c4f7d:0x474b78e135f4e37a!8m2!3d40.1501525!4d44.4745874!16s%2Fg%2F11lddryw0f!19sChIJfU-cIye_akAReuP0NeF4S0c,"veterinarian in Kentron, Yerevan"
0x406abd6a4e5eb8fb:0x8161078e04d8b441,Vet Line veterinary clinic,Veterinarian,ветклиника,Ереван,"6 Komitas Ave, Yerevan 0033, Armenia",+37410279999,,,,,,,,4.2,,open,,40.2002689,44.4933161,https://www.google.com/maps/place/Vet+Line+veterinary+clinic/data=!4m7!3m6!1s0x406abd6a4e5eb8fb:0x8161078e04d8b441!8m2!3d40.2002689!4d44.4933161!16s%2Fg%2F11c3n2mn9k!19sChIJ-7heTmq9akARQbTYBI4HYYE,"veterinarian in Kentron, Yerevan"
0x406a97ff3327d55d:0xa0fbdfca14d0acc6,VetHome Veterinary Clinic,Veterinarian,ветклиника,Ереван,"Davtashen 1, 36/4, Yerevan 0054, Armenia",+37410366788,,,,,,,,4.7,,open,,40.2222714,44.4913073,https://www.google.com/maps/place/VetHome+Veterinary+Clinic/data=!4m7!3m6!1s0x406a97ff3327d55d:0xa0fbdfca14d0acc6!8m2!3d40.2222714!4d44.4913073!16s%2Fg%2F11cs69dgcq!19sChIJXdUnM_-XakARxqzQFMrf-6A,"veterinarian in Kentron, Yerevan"
0x406abcdfd50304af:0x4f7000b2970306e9,Veterinary Clinic,Veterinarian,ветклиника,Ереван,"15 Koryun St, Yerevan 0009, Armenia",+37491419017,,,,,,,,4.0,,open,,40.1884617,44.5225028,https://www.google.com/maps/place/Veterinary+Clinic/data=!4m7!3m6!1s0x406abcdfd50304af:0x4f7000b2970306e9!8m2!3d40.1884617!4d44.5225028!16s%2Fg%2F11g9jqhkpw!19sChIJrwQD1d-8akAR6QYDl7IAcE8,"veterinarian in Kentron, Yerevan"
0x406a94d21c7f466d:0x55cc7321293e021,Veterinary Clinic,Veterinarian,ветклиника,Ереван,"577P+M9M, Movses Khorenatsi Street, Vagharshapat, Armenia",+37493547389,,,,,,,,,,open,,40.164208,44.2859371,https://www.google.com/maps/place/Veterinary+Clinic/data=!4m7!3m6!1s0x406a94d21c7f466d:0x55cc7321293e021!8m2!3d40.164208!4d44.2859371!16s%2Fg%2F1hf3hg63z!19sChIJbUZ_HNKUakARIeCTEjLHXAU,"veterinarian in Shengavit, Yerevan"
0x406aa3001a9fee7b:0xf62946d6028655a5,Veterinary Hospital,Veterans hospital,ветклиника,Ереван,"5/2, 21 str, Ptghni, Armenia",,,,,,,,,,,open,,40.2568332,44.5818232,https://www.google.com/maps/place/Veterinary+Hospital/data=!4m7!3m6!1s0x406aa3001a9fee7b:0xf62946d6028655a5!8m2!3d40.2568332!4d44.5818232!16s%2Fg%2F11xzff1_4v!19sChIJe-6fGgCjakARpVWGAtZGKfY,"veterinarian in Shengavit, Yerevan"
0x406abd8a308eccd1:0xd46897786d2d4601,Veterinary Pharmacy,Veterinary pharmacy,ветклиника,Ереван,"0026, 42 Garegin Nzhdeh St, Yerevan, Armenia",+37495123449,,,,,,,,4.4,,open,,40.1516296,44.4996705,https://www.google.com/maps/place/Veterinary+Pharmacy/data=!4m7!3m6!1s0x406abd8a308eccd1:0xd46897786d2d4601!8m2!3d40.1516296!4d44.4996705!16s%2Fg%2F11f8hsztkt!19sChIJ0cyOMIq9akARAUYtbXiXaNQ,"veterinarian in Kentron, Yerevan"
0x406abd1a1e82c3a9:0xc98feda974585e03,Zoo Mall,Pet store,ветклиника,Ереван,"42 Teryan St, Yerevan, Armenia",,,,,,,,,4.8,,open,,40.1839315,44.516112,https://www.google.com/maps/place/Zoo+Mall/data=!4m7!3m6!1s0x406abd1a1e82c3a9:0xc98feda974585e03!8m2!3d40.1839315!4d44.516112!16s%2Fg%2F11j2lz7cfj!19sChIJqcOCHhq9akARA15YdKntj8k,"veterinarian in Shengavit, Yerevan"
0x406aa39f812992c9:0xa03850a1a9d74bbb,chitiryan vet,Animal hospital,ветклиника,Ереван,"96\1 Marshal Khudiakov St, Yerevan, Armenia",+37477225584,,,,,,,,5.0,,open,,40.2113849,44.5678064,https://www.google.com/maps/place/chitiryan+vet/data=!4m7!3m6!1s0x406aa39f812992c9:0xa03850a1a9d74bbb!8m2!3d40.2113849!4d44.5678064!16s%2Fg%2F11v5b9j2tl!19sChIJyZIpgZ-jakARu0vXqaFQOKA,"veterinarian in Kentron, Yerevan"
0x406abcfd23700001:0x5d93f64e77419d3,neovet tex,Veterinary pharmacy,ветклиника,Ереван,"24 Mesrop Mashtots Ave, Yerevan 0002, Armenia",+37496160303,,,,,,,,,,open,,40.1828691,44.5105569,https://www.google.com/maps/place/neovet+tex/data=!4m7!3m6!1s0x406abcfd23700001:0x5d93f64e77419d3!8m2!3d40.1828691!4d44.5105569!16s%2Fg%2F11hys__kxk!19sChIJAQBwI_28akAR0xl052Q_2QU,"veterinarian in Kentron, Yerevan"
0x406aa3004cf7e3d3:0x13cae651c60e3e49,Ветеринарная Клиника,Animal hospital,ветклиника,Ереван,"6G3V+4QH, Yerevan, Armenia",,,,,,,,,,,open,,40.2028081,44.5444905,https://www.google.com/maps/place/%D0%92%D0%B5%D1%82%D0%B5%D1%80%D0%B8%D0%BD%D0%B0%D1%80%D0%BD%D0%B0%D1%8F+%D0%9A%D0%BB%D0%B8%D0%BD%D0%B8%D0%BA%D0%B0/data=!4m7!3m6!1s0x406aa3004cf7e3d3:0x13cae651c60e3e49!8m2!3d40.2028081!4d44.5444905!16s%2Fg%2F11y3mbrvrg!19sChIJ0-P3TACjakARST4OxlHmyhM,"veterinarian in Kentron, Yerevan"
0x406abd000445006b:0x7f10504cad0c899b,Ветеринарная клиника,Medical clinic,ветклиника,Ереван,"5GX2+Q3R, Pushkin St, Yerevan, Armenia",,,,,,,,,,,open,,40.19949,44.5001481,https://www.google.com/maps/place/%D0%92%D0%B5%D1%82%D0%B5%D1%80%D0%B8%D0%BD%D0%B0%D1%80%D0%BD%D0%B0%D1%8F+%D0%BA%D0%BB%D0%B8%D0%BD%D0%B8%D0%BA%D0%B0/data=!4m7!3m6!1s0x406abd000445006b:0x7f10504cad0c899b!8m2!3d40.19949!4d44.5001481!16s%2Fg%2F11xcgk_xvz!19sChIJawBFBAC9akARm4kMrUxQEH8,"veterinarian in Shengavit, Yerevan"
0x406abd77aa5e1621:0x5dc7ad865dc87914,Անասնաբուժական Դեղատուն,Veterinary pharmacy,ветклиника,Ереван,"58 Komitas Ave, Yerevan 0014, Armenia",+37410236905,,,,,,,,1.0,,open,,40.2061788,44.5197827,https://www.google.com/maps/place/%D4%B1%D5%B6%D5%A1%D5%BD%D5%B6%D5%A1%D5%A2%D5%B8%D6%82%D5%AA%D5%A1%D5%AF%D5%A1%D5%B6+%D4%B4%D5%A5%D5%B2%D5%A1%D5%BF%D5%B8%D6%82%D5%B6/data=!4m7!3m6!1s0x406abd77aa5e1621:0x5dc7ad865dc87914!8m2!3d40.2061788!4d44.5197827!16s%2Fg%2F11glw3z6jl!19sChIJIRZeqne9akARFHnIXYatx10,"veterinarian in Kentron, Yerevan"
0x406abcf5066f283f:0x345d54eb0dbdaabf,5th Floor Guest House Yerevan,,гостевой дом,Ереван,"71, Apt 13 Simon Vratsyan St, Yerevan 0070, Armenia",+37441271063,,,,,,,,4.6,,open,,40.171191,44.519788,https://www.google.com/maps/place/5th+Floor+Guest+House+Yerevan/data=!4m10!3m9!1s0x406abcf5066f283f:0x345d54eb0dbdaabf!5m2!4m1!1i2!8m2!3d40.171191!4d44.519788!16s%2Fg%2F11dzdbyr5k!19sChIJPyhvBvW8akARv6q9DetUXTQ,"guest house in Kentron, Yerevan"
0x406abda99e210651:0xe3fd313c4aebc40e,Abovyan Guest House,,гостевой дом,Ереван,"17 Abovyan St, Yerevan 0001, Armenia",,,,,,,,,5.0,,open,,40.1849753,44.5194024,https://www.google.com/maps/place/Abovyan+Guest+House/data=!4m10!3m9!1s0x406abda99e210651:0xe3fd313c4aebc40e!5m2!4m1!1i2!8m2!3d40.1849753!4d44.5194024!16s%2Fg%2F11k4lc681_!19sChIJUQYhnqm9akARDsTrSjwx_eM,"guest house in Kentron, Yerevan"
0x406aa31538238f27:0xba0644f4f421b52a,Alpina Hotel Yerevan,,гостевой дом,Ереван,"42, 33 Bagrevand St, Jrvezh 0089, Armenia",+37495573260,,,,,,,,1.4,,open,,40.201247,44.5831011,https://www.google.com/maps/place/Alpina+Hotel+Yerevan/data=!4m10!3m9!1s0x406aa31538238f27:0xba0644f4f421b52a!5m2!4m1!1i2!8m2!3d40.201247!4d44.5831011!16s%2Fg%2F11xh42p9p8!19sChIJJ48jOBWjakARKrUh9PREBro,"guest house in Arabkir, Yerevan"
0x406aa2909bd35d67:0x66081469a62e5dc6,Andrievskie Family house,,гостевой дом,Ереван,"Shrjancik Tunnel Yerevan, Armenia House # 3, Yerevan 0091, Armenia",+79111851135,,,,,,,,5.0,,open,,40.2288815,44.5372407,https://www.google.com/maps/place/Andrievskie+Family+house/data=!4m10!3m9!1s0x406aa2909bd35d67:0x66081469a62e5dc6!5m2!4m1!1i2!8m2!3d40.2288815!4d44.5372407!16s%2Fg%2F11dzdh70gy!19sChIJZ13Tm5CiakARxl0upmkUCGY,"guest house in Arabkir, Yerevan"
0x406ab8560871cbf9:0xc3607fe728536c1b,Apex Rest House,,гостевой дом,Ереван,"house 101, 9th St of Kharberd, Yerevan, Armenia",+37494202668,,,,,,,,4.4,,open,,40.0939924,44.4956864,https://www.google.com/maps/place/Apex+Rest+House/data=!4m10!3m9!1s0x406ab8560871cbf9:0xc3607fe728536c1b!5m2!4m1!1i2!8m2!3d40.0939924!4d44.4956864!16s%2Fg%2F11ddzp2_kd!19sChIJ-ctxCFa4akARG2xTKOd_YMM,"guest house in Erebuni, Yerevan"
0x406abd12a22f2483:0xeabc6bf4496c4cdc,Aram Guest House,,гостевой дом,Ереван,"Kievian Street, 2nd side, House 18, Yerevan 0028, Armenia",+37410271542,,,,,,,,3.0,,open,,40.1941607,44.490111,https://www.google.com/maps/place/Aram+Guest+House/data=!4m10!3m9!1s0x406abd12a22f2483:0xeabc6bf4496c4cdc!5m2!4m1!1i2!8m2!3d40.1941607!4d44.490111!16s%2Fg%2F11b73ntb7n!19sChIJgyQvohK9akAR3ExsSfRrvOo,"guest house in Kentron, Yerevan"
0x406abbefc425c2ab:0xe4798fa2e421b78c,Aresh Hotel,,гостевой дом,Ереван,"17 Azat. 2-nd back., Yerevan, Armenia",+37477924202,,,,,,,,4.2,,open,,40.1384262,44.5238155,https://www.google.com/maps/place/Aresh+Hotel/data=!4m10!3m9!1s0x406abbefc425c2ab:0xe4798fa2e421b78c!5m2!4m1!1i2!8m2!3d40.1384262!4d44.5238155!16s%2Fg%2F11c1s4_rfk!19sChIJq8IlxO-7akARjLch5KKPeeQ,"guest house in Erebuni, Yerevan"
0x406abd40134a1e65:0xb1e666bde8cdc938,Art Guest House in KASKAD,,гостевой дом,Ереван,"дом 36, Antarain St, Yerevan 0009, Armenia",,,,,,,,,3.6,,open,,40.1916851,44.5178375,https://www.google.com/maps/place/Art+Guest+House+in+KASKAD/data=!4m10!3m9!1s0x406abd40134a1e65:0xb1e666bde8cdc938!5m2!4m1!1i2!8m2!3d40.1916851!4d44.5178375!16s%2Fg%2F11k4v_qq26!19sChIJZR5KE0C9akAROMnN6L1m5rE,"guest house in Kentron, Yerevan"
0x406abd5bda95206f:0x874d4a4a0caf1101,Asine guesthouse,,гостевой дом,Ереван,"18, 2 Orbeli Brothers St, Yerevan, Armenia",,,,,,,,,4.8,,open,,40.1936082,44.4894408,https://www.google.com/maps/place/Asine+guesthouse/data=!4m10!3m9!1s0x406abd5bda95206f:0x874d4a4a0caf1101!5m2!4m1!1i2!8m2!3d40.1936082!4d44.4894408!16s%2Fg%2F11trx9jwwy!19sChIJbyCV2lu9akARARGvDEpKTYc,"guest house in Kentron, Yerevan"
0x406abd72a4fecc95:0x951bd7965a343eb7,Bee Lucky Hostel and Tours,,гостевой дом,Ереван,"47th St, Yerevan, Armenia",+37477929268,,,,,,,,4.1,,open,,40.2007455,44.5185767,https://www.google.com/maps/place/Bee+Lucky+Hostel+and+Tours/data=!4m10!3m9!1s0x406abd72a4fecc95:0x951bd7965a343eb7!5m2!4m1!1i2!8m2!3d40.2007455!4d44.5185767!16s%2Fg%2F11ftmfb3f_!19sChIJlcz-pHK9akARtz40WpbXG5U,"guest house in Arabkir, Yerevan"
0x406abd3894090b71:0xf05374f878b955ff,Bless Haven Hostel and Tours,,гостевой дом,Ереван,"Street Abgar the King 42, 0033, Armenia",+37493655654,,,,,,,,5.0,,open,,40.2026254,44.506618,https://www.google.com/maps/place/Bless+Haven+Hostel+and+Tours/data=!4m10!3m9!1s0x406abd3894090b71:0xf05374f878b955ff!5m2!4m1!1i2!8m2!3d40.2026254!4d44.506618!16s%2Fg%2F11h810f3_9!19sChIJcQsJlDi9akAR_1W5ePh0U_A,"guest house in Arabkir, Yerevan"
0x406abd33cab6cbd3:0xd45b87fc4e24c6bf,"Blur Inn Gallery, Yerevan",,гостевой дом,Ереван,"11 ул.Барбюса, Yerevan 0033, Armenia",+37498546566,,,,,,,,4.9,,open,,40.1979094,44.4870123,"https://www.google.com/maps/place/Blur+Inn+Gallery,+Yerevan/data=!4m10!3m9!1s0x406abd33cab6cbd3:0xd45b87fc4e24c6bf!5m2!4m1!1i2!8m2!3d40.1979094!4d44.4870123!16s%2Fg%2F11hqbvdk6z!19sChIJ08u2yjO9akARv8YkTvyHW9Q","guest house in Kentron, Yerevan"
0x406abd80d71eb965:0xe7c44c259fbeb7b5,Bonjour Guesthouse,,гостевой дом,Ереван,"5G8C+394, Yerevan, Armenia",,,,,,,,,4.6,,open,,40.1651499,44.5209617,https://www.google.com/maps/place/Bonjour+Guesthouse/data=!4m10!3m9!1s0x406abd80d71eb965:0xe7c44c259fbeb7b5!5m2!4m1!1i2!8m2!3d40.1651499!4d44.5209617!16s%2Fg%2F11fjmyqbkn!19sChIJZbke14C9akARtbe-nyVMxOc,"guest house in Kentron, Yerevan"
0x406abd0002137175:0xb3449433e984f731,Bright Guesthouse in the center of Yerevan,,гостевой дом,Ереван,"25 Shara Talyan St, Yerevan, Armenia",,,,,,,,,,,open,,40.1752118,44.5263691,https://www.google.com/maps/place/Bright+Guesthouse+in+the+center+of+Yerevan/data=!4m10!3m9!1s0x406abd0002137175:0xb3449433e984f731!5m2!4m1!1i2!8m2!3d40.1752118!4d44.5263691!16s%2Fg%2F11whdw0wv1!19sChIJdXETAgC9akARMfeE6TOURLM,"guest house in Kentron, Yerevan"
0x406abd004255a0b5:0x7f5f9c0457fdb2b7,City - Lame Guest House,,гостевой дом,Ереван,"76, 2 Hanrapetutyan St, Yerevan, Armenia",+37498847989,,,,,,,,2.4,,open,,40.1782725,44.5218428,https://www.google.com/maps/place/City+-+Lame+Guest+House/data=!4m10!3m9!1s0x406abd004255a0b5:0x7f5f9c0457fdb2b7!5m2!4m1!1i2!8m2!3d40.1782725!4d44.5218428!16s%2Fg%2F11wp68nv3h!19sChIJtaBVQgC9akARt7L9VwScX38,"guest house in Kentron, Yerevan"
0x406abd92b23c97c3:0x565361f56941f290,Clara Guest House Yerevan,,гостевой дом,Ереван,"Aygestan 11 str, 3/4 house, 1st alley, Yerevan 0025, Armenia",+37441313399,,,,,,,,5.0,,open,,40.1810817,44.5321681,https://www.google.com/maps/place/Clara+Guest+House+Yerevan/data=!4m10!3m9!1s0x406abd92b23c97c3:0x565361f56941f290!5m2!4m1!1i2!8m2!3d40.1810817!4d44.5321681!16s%2Fg%2F11t9cwknhp!19sChIJw5c8spK9akARkPJBafVhU1Y,"guest house in Kentron, Yerevan"
0x406abcd94e8297f7:0x263902b11b9ba405,Comfort House Hotel,,гостевой дом,Ереван,"16/4 Geratsy Street, Yerevan 0025, Armenia",+37410551590,,,,,,,,4.1,,open,,40.1896559,44.5297052,https://www.google.com/maps/place/Comfort+House+Hotel/data=!4m10!3m9!1s0x406abcd94e8297f7:0x263902b11b9ba405!5m2!4m1!1i2!8m2!3d40.1896559!4d44.5297052!16s%2Fg%2F11c3_5k51_!19sChIJ95eCTtm8akARBaSbG7ECOSY,"guest house in Kentron, Yerevan"
0x406abd006ca7a377:0x7ca6c2c3de965f82,Comfort guest house,Hotel,гостевой дом,Ереван,"0001, 13 Tpagrichner St, Yerevan, Armenia",,,,,,,,,,,open,,40.1770784,44.5207409,https://www.google.com/maps/place/Comfort+guest+house/data=!4m7!3m6!1s0x406abd006ca7a377:0x7ca6c2c3de965f82!8m2!3d40.1770784!4d44.5207409!16s%2Fg%2F11wj1xxp5q!19sChIJd6OnbAC9akARgl-W3sPCpnw,"guest house in Kentron, Yerevan"
0x406abd000ddb4979:0x798226f08fe01617,D&G Guesthouse,Guest house,гостевой дом,Ереван,"48 17th Street, Gladzor, Armenia",,,,,,,,,,,open,,40.2029173,44.5093388,https://www.google.com/maps/place/D%26G+Guesthouse/data=!4m7!3m6!1s0x406abd000ddb4979:0x798226f08fe01617!8m2!3d40.2029173!4d44.5093388!16s%2Fg%2F11wjd5wtng!19sChIJeUnbDQC9akARFxbgj_Amgnk,"guest house in Arabkir, Yerevan"
0x406abd004da5f003:0x22baa80c8c2295b5,DA Guesthouse,Hostel,гостевой дом,Ереван,"4 Charents St, Yerevan 0025, Armenia",,,,,,,,,1.0,,open,,40.1839043,44.5267749,https://www.google.com/maps/place/DA+Guesthouse/data=!4m7!3m6!1s0x406abd004da5f003:0x22baa80c8c2295b5!8m2!3d40.1839043!4d44.5267749!16s%2Fg%2F11x6mt6cf5!19sChIJA_ClTQC9akARtZUijAyouiI,"guest house in Kentron, Yerevan"
0x406aa3007f547753:0x29cb141533f3dd5e,Dallar Guest House,Bar,гостевой дом,Ереван,"24, 11 Tbilisyan Hwy, Yerevan, Armenia",,,,,,,,,4.0,,open,,40.2240798,44.5285742,https://www.google.com/maps/place/Dallar+Guest+House/data=!4m7!3m6!1s0x406aa3007f547753:0x29cb141533f3dd5e!8m2!3d40.2240798!4d44.5285742!16s%2Fg%2F11wbz9sbxw!19sChIJU3dUfwCjakARXt3zMxUUyyk,"guest house in Arabkir, Yerevan"
0x406aa324d2f9b915:0x216fae226615858b,David's GuestHouse,,гостевой дом,Ереван,"56 Gai Ave, Yerevan 0056, Armenia",+37477359292,,,,,,,,5.0,,open,,40.202118,44.564565,https://www.google.com/maps/place/David%27s+GuestHouse/data=!4m10!3m9!1s0x406aa324d2f9b915:0x216fae226615858b!5m2!4m1!1i2!8m2!3d40.202118!4d44.564565!16s%2Fg%2F11c0p_67z2!19sChIJFbn50iSjakARi4UVZiKubyE,"guest house in Kentron, Yerevan"
0x406abbe7034d8cf1:0xdc1424cfe46b129c,EREBUNI SHUSHAN GUEST,Hotel,гостевой дом,Ереван,"4GMG+24W, Yerevan, Armenia",+37496838913,,,,,,,,4.9,,open,,40.1326146,44.5253402,https://www.google.com/maps/place/EREBUNI+SHUSHAN+GUEST/data=!4m7!3m6!1s0x406abbe7034d8cf1:0xdc1424cfe46b129c!8m2!3d40.1326146!4d44.5253402!16s%2Fg%2F11fy96pkpq!19sChIJ8YxNA-e7akARnBJr5M8kFNw,"guest house in Erebuni, Yerevan"
0x406abd948bf50919:0x393dd6e39704475f,Elross Hotel,,гостевой дом,Ереван,"62 Tolstoy St, Yerevan, Armenia",,,,,,,,,4.2,,open,,40.1662518,44.5170026,https://www.google.com/maps/place/Elross+Hotel/data=!4m10!3m9!1s0x406abd948bf50919:0x393dd6e39704475f!5m2!4m1!1i2!8m2!3d40.1662518!4d44.5170026!16s%2Fg%2F11s3zr9yvn!19sChIJGQn1i5S9akARX0cEl-PWPTk,"guest house in Kentron, Yerevan"
0x406abcfc51083f7d:0x43e4e06f0c9433fc,Family Hotel,,гостевой дом,Ереван,"49/1 Улица Карена Демирчяна, Yerevan, Armenia",+37410569028,,,,,,,,4.4,,open,,40.181453,44.5094899,https://www.google.com/maps/place/Family+Hotel/data=!4m10!3m9!1s0x406abcfc51083f7d:0x43e4e06f0c9433fc!5m2!4m1!1i2!8m2!3d40.181453!4d44.5094899!16s%2Fg%2F11r8ytfwp!19sChIJfT8IUfy8akAR_DOUDG_g5EM,"guest house in Arabkir, Yerevan"
0x406aae24a7dc4e11:0x8fd9c229ea11d58c,Family guest house,,гостевой дом,Ереван,"Family guests house Narine B&B, 20 Charents St, GARNI 2215, Armenia",+37495228272,,,,,,,,4.7,,open,,40.1797881,44.5273042,https://www.google.com/maps/place/Family+guest+house/data=!4m10!3m9!1s0x406aae24a7dc4e11:0x8fd9c229ea11d58c!5m2!4m1!1i2!8m2!3d40.1797881!4d44.5273042!16s%2Fg%2F11f4wt7941!19sChIJEU7cpySuakARjNUR6inC2Y8,"guest house in Kentron, Yerevan"
0x406a97d63efea981:0xa50b55192ed4a90e,Fenix Guest House (Fenix Road Amenia T&A),,гостевой дом,Ереван,"30A Nikol Duman St, Yerevan 0028, Armenia",+37455211803,,,,,,,,,,open,,40.1995054,44.4881133,https://www.google.com/maps/place/Fenix+Guest+House+%28Fenix+Road+Amenia+T%26A%29/data=!4m10!3m9!1s0x406a97d63efea981:0xa50b55192ed4a90e!5m2!4m1!1i2!8m2!3d40.1995054!4d44.4881133!16s%2Fg%2F11j0yblg5w!19sChIJgan-PtaXakARDqnULhlVC6U,"guest house in Kentron, Yerevan"
0x406a975fed0fc3f3:0x2b92711fb53bd62,For Family & Friends Guesthouse,,гостевой дом,Ереван,"33 Silikian 1st str., Yerevan, Armenia",+37495133999,,,,,,,,4.4,,open,,40.2127651,44.4442438,https://www.google.com/maps/place/For+Family+%26+Friends+Guesthouse/data=!4m10!3m9!1s0x406a975fed0fc3f3:0x2b92711fb53bd62!5m2!4m1!1i2!8m2!3d40.2127651!4d44.4442438!16s%2Fg%2F11rtx785m4!19sChIJ88MP7V-XakARYr1T-xEnuQI,"guest house in Kentron, Yerevan"
0x406abce53ce55555:0x41a5588ce2a03a70,GUEST HOUSE,,гостевой дом,Ереван,"13 Tumanyan St, Ստեփանակերտ 0002, Armenia",+37497282103,,,,,,,,,,open,,40.1807479,44.5192225,https://www.google.com/maps/place/GUEST+HOUSE/data=!4m10!3m9!1s0x406abce53ce55555:0x41a5588ce2a03a70!5m2!4m1!1i2!8m2!3d40.1807479!4d44.5192225!16s%2Fg%2F11fmljmwxp!19sChIJVVXlPOW8akARcDqg4oxYpUE,"guest house in Kentron, Yerevan"
0x406abf22077f4335:0xa04fdbd9fcb4e4bc,Gasparyans Guest House,Hotel,гостевой дом,Ереван,"Komuna 33, Parakar, Armenia",+37495000105,,,,,,,,5.0,,open,,40.1626089,44.4048954,https://www.google.com/maps/place/Gasparyans+Guest+House/data=!4m7!3m6!1s0x406abf22077f4335:0xa04fdbd9fcb4e4bc!8m2!3d40.1626089!4d44.4048954!16s%2Fg%2F11zkj0mq54!19sChIJNUN_ByK_akARvOS0_NnbT6A,"guest house in Erebuni, Yerevan"
0x406a97970bd51803:0xf2b3c730384029e7,Georgia Hotel,,гостевой дом,Ереван,"6 Ashtarak Highway, Kasakh, Armenia",+37410353592,,,,,,,,4.1,,open,,40.2261458,44.4504237,https://www.google.com/maps/place/Georgia+Hotel/data=!4m10!3m9!1s0x406a97970bd51803:0xf2b3c730384029e7!5m2!4m1!1i2!8m2!3d40.2261458!4d44.4504237!16s%2Fg%2F11c1xfxzwy!19sChIJAxjVC5eXakAR5ylAODDHs_I,"guest house in Arabkir, Yerevan"
0x406abd3375814d97:0x1e1a9c2aef0803d5,Granada Hotel,,гостевой дом,Ереван,"60 Komitas Ave, Yerevan 0014, Armenia",+37493991911,,,,,,,,4.4,,open,,40.2059028,44.5231277,https://www.google.com/maps/place/Granada+Hotel/data=!4m10!3m9!1s0x406abd3375814d97:0x1e1a9c2aef0803d5!5m2!4m1!1i2!8m2!3d40.2059028!4d44.5231277!16s%2Fg%2F11cm_h125f!19sChIJl02BdTO9akAR1QMI7yqcGh4,"guest house in Arabkir, Yerevan"
0x406abd48cb1e33ff:0x1e55d7d286d4eefc,Guest House,Hostel,гостевой дом,Ереван,"139, 2 Vahram Papazyan St, Yerevan, Armenia",,,,,,,,,5.0,,open,,40.2119791,44.5028428,https://www.google.com/maps/place/Guest+House/data=!4m7!3m6!1s0x406abd48cb1e33ff:0x1e55d7d286d4eefc!8m2!3d40.2119791!4d44.5028428!16s%2Fg%2F11krrhnkyh!19sChIJ_zMey0i9akAR_O7UhtLXVR4,"guest house in Kentron, Yerevan"
0x406abc035f1783ff:0xc74bb5dd7f9b7d81,Guest House,,гостевой дом,Ереван,"16, apt. 36 Frunze St, Yerevan 0061, Armenia",+37491903487,,,,,,,,5.0,,open,,40.1451612,44.4951432,https://www.google.com/maps/place/Guest+House/data=!4m10!3m9!1s0x406abc035f1783ff:0xc74bb5dd7f9b7d81!5m2!4m1!1i2!8m2!3d40.1451612!4d44.4951432!16s%2Fg%2F11hzhyps0n!19sChIJ_4MXXwO8akARgX2bf921S8c,"guest house in Kentron, Yerevan"
0x406abd6b45a0598f:0xec3446285e59864d,Guest House Anni,Hotel,гостевой дом,Ереван,"aprt. 57, 7 Hrachya Qochar, Yerevan 0033, Armenia",+37493833805,,,,,,,,5.0,,open,,40.1979181,44.493762,https://www.google.com/maps/place/Guest+House+Anni/data=!4m7!3m6!1s0x406abd6b45a0598f:0xec3446285e59864d!8m2!3d40.1979181!4d44.493762!16s%2Fg%2F11dzdh5nl9!19sChIJj1mgRWu9akARTYZZXihGNOw,"guest house in Arabkir, Yerevan"
0x406abdfeec08c41f:0xf476a018ccf0ba84,Guest House B&B Avetissian,Guest house,гостевой дом,Ереван,"0033, 36 Avet Avetisyan St, Yerevan 0033, Armenia",+37477655786,,,,,,,,,,open,,40.1973542,44.4988143,https://www.google.com/maps/place/Guest+House+B%26B+Avetissian/data=!4m7!3m6!1s0x406abdfeec08c41f:0xf476a018ccf0ba84!8m2!3d40.1973542!4d44.4988143!16s%2Fg%2F11j212718t!19sChIJH8QI7P69akARhLrwzBigdvQ,"guest house in Kentron, Yerevan"
0x406abce7380ae2bd:0x7b0e7bec86f334a3,Guest House Badalyan,Holiday home,гостевой дом,Ереван,"Apartment, 45 Koryun St, Yerevan, Armenia",+37491518448,,,,,,,,5.0,,open,,40.1860416,44.5245288,https://www.google.com/maps/place/Guest+House+Badalyan/data=!4m7!3m6!1s0x406abce7380ae2bd:0x7b0e7bec86f334a3!8m2!3d40.1860416!4d44.5245288!16s%2Fg%2F11d_b9v9bt!19sChIJveIKOOe8akARozTzhux7Dns,"guest house in Kentron, Yerevan"
0x406abd000a03224b:0x5eeb5547ffa593bc,Guest House Costa,,гостевой дом,Ереван,"22 Ghazar Parpetsi St, Yerevan 0002, Armenia",+37441661624,,,,,,,,2.7,,open,,40.185242,44.5109441,https://www.google.com/maps/place/Guest+House+Costa/data=!4m10!3m9!1s0x406abd000a03224b:0x5eeb5547ffa593bc!5m2!4m1!1i2!8m2!3d40.185242!4d44.5109441!16s%2Fg%2F11yyzvgrnf!19sChIJSyIDCgC9akARvJOl_0dV614,"guest house in Kentron, Yerevan"
0x406abd201db0a0c1:0xf31c6046f707b20a,Guest House Hay Art,Hostel,гостевой дом,Ереван,"54 Mesrop Mashtots Ave, Yerevan 0009, Armenia",+37455580251,,,,,,,,1.0,,open,,40.1900809,44.5191045,https://www.google.com/maps/place/Guest+House+Hay+Art/data=!4m7!3m6!1s0x406abd201db0a0c1:0xf31c6046f707b20a!8m2!3d40.1900809!4d44.5191045!16s%2Fg%2F11c5bt433b!19sChIJwaCwHSC9akARCrIH90ZgHPM,"guest house in Kentron, Yerevan"
0x406abd000c08f907:0x3e17e90353529cb0,Guest House on Charents,,гостевой дом,Ереван,"4 Charents St, Yerevan, Armenia",+96892233268,,,,,,,,1.8,,open,,40.1840555,44.5266818,https://www.google.com/maps/place/Guest+House+on+Charents/data=!4m10!3m9!1s0x406abd000c08f907:0x3e17e90353529cb0!5m2!4m1!1i2!8m2!3d40.1840555!4d44.5266818!16s%2Fg%2F11y79gj3xk!19sChIJB_kIDAC9akARsJxSUwPpFz4,"guest house in Kentron, Yerevan"
0x406abdadcc028009:0x771aac503a67acf,Guest house in Yerevan,Holiday apartment rental,гостевой дом,Ереван,"186, 7 Garegin Hovsepyan St, Yerevan, Armenia",+37455547070,,,,,,,,,,open,,40.1689905,44.5389695,https://www.google.com/maps/place/Guest+house+in+Yerevan/data=!4m7!3m6!1s0x406abdadcc028009:0x771aac503a67acf!8m2!3d40.1689905!4d44.5389695!16s%2Fg%2F11vbvgv2n6!19sChIJCYACzK29akARz3qmA8WqcQc,"guest house in Kentron, Yerevan"
0x406abdad08e67e5d:0xe7b4a727fcea5569,HAPPY HOTEL,,гостевой дом,Ереван,"48 GRIBOYDEV, Yerevan, Armenia",+37477574009,,,,,,,,4.0,,open,,40.2098878,44.5142813,https://www.google.com/maps/place/HAPPY+HOTEL/data=!4m10!3m9!1s0x406abdad08e67e5d:0xe7b4a727fcea5569!5m2!4m1!1i2!8m2!3d40.2098878!4d44.5142813!16s%2Fg%2F11flt35l77!19sChIJXX7mCK29akARaVXq_CentOc,"guest house in Arabkir, Yerevan"
0x406abde179be5e67:0xf26b7a2e73bbd888,Hindustan Hotel Yerevan,Hostel,гостевой дом,Ереван,"25 5th Street, Yerevan 0069, Armenia",+37455222542,,,,,,,,5.0,,open,,40.2191783,44.5348149,https://www.google.com/maps/place/Hindustan+Hotel+Yerevan/data=!4m7!3m6!1s0x406abde179be5e67:0xf26b7a2e73bbd888!8m2!3d40.2191783!4d44.5348149!16s%2Fg%2F11t2d0bpw6!19sChIJZ16-eeG9akARiNi7cy56a_I,"guest house in Arabkir, Yerevan"
0x406abd1a756153c1:0xb59e892ac4d0c31c,Homey Guesthouse,,гостевой дом,Ереван,"12 Aygedzor St, Yerevan 0019, Armenia",+37491400770,,,,,,,,4.7,,open,,40.1913678,44.5027974,https://www.google.com/maps/place/Homey+Guesthouse/data=!4m10!3m9!1s0x406abd1a756153c1:0xb59e892ac4d0c31c!5m2!4m1!1i2!8m2!3d40.1913678!4d44.5027974!16s%2Fg%2F11f08rg7ph!19sChIJwVNhdRq9akARHMPQxCqJnrU,"guest house in Kentron, Yerevan"
0x406abd6c0c91c175:0x7aac648b12eff69f,Hostel Glide,,гостевой дом,Ереван,"House 16/1, Hakob Hakobyan St, Yerevan 0033, Armenia",+37494060586,,,,,,,,4.5,,open,,40.1987253,44.4896113,https://www.google.com/maps/place/Hostel+Glide/data=!4m10!3m9!1s0x406abd6c0c91c175:0x7aac648b12eff69f!5m2!4m1!1i2!8m2!3d40.1987253!4d44.4896113!16s%2Fg%2F1tm1nyt2!19sChIJdcGRDGy9akARn_bvEotkrHo,"guest house in Kentron, Yerevan"
0x406abd3fd9542477:0x41bfbacfb81b5b0b,Hostel Guest House Yerevan,Housing society,гостевой дом,Ереван,"30 Andranik Zoravar St, Yerevan 5510, Armenia",+37498228694,,,,,,,,5.0,,open,,40.1790326,44.446207,https://www.google.com/maps/place/Hostel+Guest+House+Yerevan/data=!4m7!3m6!1s0x406abd3fd9542477:0x41bfbacfb81b5b0b!8m2!3d40.1790326!4d44.446207!16s%2Fg%2F11nw5hrfp6!19sChIJdyRU2T-9akARC1sbuM-6v0E,"guest house in Kentron, Yerevan"
0x406abcef90c60e03:0xc57c6faed6221cf,Hotel & in the very center,,гостевой дом,Ереван,"5GHF+W46, Hanrapetutyan St, Yerevan 0010, Armenia",+37495509570,,,,,,,,3.6,,open,,40.179776,44.522758,https://www.google.com/maps/place/Hotel+%26+in+the+very+center/data=!4m10!3m9!1s0x406abcef90c60e03:0xc57c6faed6221cf!5m2!4m1!1i2!8m2!3d40.179776!4d44.522758!16s%2Fg%2F11ld8hpjsh!19sChIJAw7GkO-8akARzyFi7frGVww,"guest house in Kentron, Yerevan"
0x406abd8e65744907:0x73005fdcfdd7e8e6,Hotel Old Kayaran,,гостевой дом,Ереван,"3, 80 Tigran Mets Ave, Yerevan 0005, Armenia",+37496118188,,,,,,,,1.8,,open,,40.1629179,44.5124587,https://www.google.com/maps/place/Hotel+Old+Kayaran/data=!4m10!3m9!1s0x406abd8e65744907:0x73005fdcfdd7e8e6!5m2!4m1!1i2!8m2!3d40.1629179!4d44.5124587!16s%2Fg%2F11t10qy4vp!19sChIJB0l0ZY69akAR5ujX_dxfAHM,"guest house in Kentron, Yerevan"
0x406abba16befa6bf:0x8f1e87687fb72a25,IdealDream Guest house,Guest house,гостевой дом,Ереван,"5G2M+P8G, 2nd St, Yerevan, Armenia",+37491197561,,,,,,,,1.0,,open,,40.1518227,44.5333437,https://www.google.com/maps/place/IdealDream+Guest+house/data=!4m7!3m6!1s0x406abba16befa6bf:0x8f1e87687fb72a25!8m2!3d40.1518227!4d44.5333437!16s%2Fg%2F11h3t6ckbm!19sChIJv6bva6G7akARJSq3f2iHHo8,"guest house in Kentron, Yerevan"
0x406abd545329bc4f:0x1fe9e0fdaa81b563,"Jazzy Apartment, Yerevan City Center",Holiday apartment rental,гостевой дом,Ереван,"12, Apt 2 Grigor Lusavorich Street, Yerevan 0015, Armenia",,,,,,,,,5.0,,open,,40.176438,44.5044396,"https://www.google.com/maps/place/Jazzy+Apartment,+Yerevan+City+Center/data=!4m7!3m6!1s0x406abd545329bc4f:0x1fe9e0fdaa81b563!8m2!3d40.176438!4d44.5044396!16s%2Fg%2F11fp1hqzxw!19sChIJT7wpU1S9akARY7WBqv3g6R8","guest house in Kentron, Yerevan"
0x406ab9279a39b52d:0x5b0582f90e5555a,KangAr guest house,,гостевой дом,Ереван,"134/1 1st St, Yerevan 0072, Armenia",+37477055999,,,,,,,,5.0,,open,,40.111636,44.4715899,https://www.google.com/maps/place/KangAr+guest+house/data=!4m10!3m9!1s0x406ab9279a39b52d:0x5b0582f90e5555a!5m2!4m1!1i2!8m2!3d40.111636!4d44.4715899!16s%2Fg%2F11txtg2j74!19sChIJLbU5mie5akARWlXlkC9YsAU,"guest house in Shengavit, Yerevan"
0x406abe16d4fa53b5:0xba6cac55a213894a,Kesabella Touristic House,,гостевой дом,Ереван,"3 Yerevanyan Street, Parakar, Armenia",,,,,,,,,4.5,,closed,,40.1643597,44.4132601,https://www.google.com/maps/place/Kesabella+Touristic+House/data=!4m10!3m9!1s0x406abe16d4fa53b5:0xba6cac55a213894a!5m2!4m1!1i2!8m2!3d40.1643597!4d44.4132601!16s%2Fg%2F11b6dpbrn1!19sChIJtVP61Ba-akARSokTolWsbLo,"guest house in Erebuni, Yerevan"
0x406abd5b2a49f22f:0x17a304c3d8021c51,La casa hotel,,гостевой дом,Ереван,"Yerevan, Armenia",+37491537096,,,,,,,,3.8,,open,,40.190926,44.5330567,https://www.google.com/maps/place/La+casa+hotel/data=!4m10!3m9!1s0x406abd5b2a49f22f:0x17a304c3d8021c51!5m2!4m1!1i2!8m2!3d40.190926!4d44.5330567!16s%2Fg%2F11tsy969g3!19sChIJL_JJKlu9akARURwC2MMEoxc,"guest house in Kentron, Yerevan"
0x406abce8fc8cc693:0x11286f6d7ec95c2,Like Home Guesthouse Yerevan,,гостевой дом,Ереван,"Aygestan 10 street, house 11, 0025, Armenia",+37455997817,,,,,,,,4.9,,open,,40.1815708,44.5301658,https://www.google.com/maps/place/Like+Home+Guesthouse+Yerevan/data=!4m10!3m9!1s0x406abce8fc8cc693:0x11286f6d7ec95c2!5m2!4m1!1i2!8m2!3d40.1815708!4d44.5301658!16s%2Fg%2F11f4wv4z44!19sChIJk8aM_Oi8akARwpXs1_aGEgE,"guest house in Kentron, Yerevan"
0x406abd2d003d31d5:0x2692ac5acd97d786,London Hotel Yerevan,,гостевой дом,Ереван,"2 Northern Ave, Yerevan 0001, Armenia",+37495969646,,,,,,,,4.4,,open,,40.1841172,44.5144567,https://www.google.com/maps/place/London+Hotel+Yerevan/data=!4m10!3m9!1s0x406abd2d003d31d5:0x2692ac5acd97d786!5m2!4m1!1i2!8m2!3d40.1841172!4d44.5144567!16s%2Fg%2F11vpj36vl_!19sChIJ1TE9AC29akARhteXzVqskiY,"guest house in Kentron, Yerevan"
0x406abd1a386fe871:0x787b22b0a6e311cd,Luxe Proshyan str,Holiday apartment rental,гостевой дом,Ереван,"70/3 Proshyan 1st Lane, Yerevan 0019, Armenia",+37477491000,,,,,,,,5.0,,open,,40.1881398,44.5052409,https://www.google.com/maps/place/Luxe+Proshyan+str/data=!4m7!3m6!1s0x406abd1a386fe871:0x787b22b0a6e311cd!8m2!3d40.1881398!4d44.5052409!16s%2Fg%2F11g8bwsw7h!19sChIJcehvOBq9akARzRHjprAie3g,"guest house in Kentron, Yerevan"
0x406abce2e867ca2d:0x64b245b72e043fe0,Luxury apartment in the center Yerevan,,гостевой дом,Ереван,"47a Hin Yerevantsi St, Yerevan 0002, Armenia",+37493335150,,,,,,,,,,open,,40.184186,44.512798,https://www.google.com/maps/place/Luxury+apartment+in+the+center+Yerevan/data=!4m10!3m9!1s0x406abce2e867ca2d:0x64b245b72e043fe0!5m2!4m1!1i2!8m2!3d40.184186!4d44.512798!16s%2Fg%2F11wntwbj7n!19sChIJLcpn6OK8akAR4D8ELrdFsmQ,"guest house in Kentron, Yerevan"
0x406abd46a3de7cdd:0x6c3dbcb8b717714c,MaSur House and Tours,,гостевой дом,Ереван,"44 Charents St, Yerevan 0025, Armenia",+37491401937,,,,,,,,5.0,,open,,40.1774964,44.527125,https://www.google.com/maps/place/MaSur+House+and+Tours/data=!4m10!3m9!1s0x406abd46a3de7cdd:0x6c3dbcb8b717714c!5m2!4m1!1i2!8m2!3d40.1774964!4d44.527125!16s%2Fg%2F11kq1870jt!19sChIJ3Xzeo0a9akARTHEXt7i8PWw,"guest house in Kentron, Yerevan"
0x406abdc60f9439c9:0x15d44a136b3d3b7f,Mamik Guest House,Bed & breakfast,гостевой дом,Ереван,"38 Սերո Խանզադյան, Yerevan, Armenia",+37433897896,,,,,,,,4.8,,open,,40.1914154,44.5356061,https://www.google.com/maps/place/Mamik+Guest+House/data=!4m7!3m6!1s0x406abdc60f9439c9:0x15d44a136b3d3b7f!8m2!3d40.1914154!4d44.5356061!16s%2Fg%2F11rz2ynx34!19sChIJyTmUD8a9akARfzs9axNK1BU,"guest house in Kentron, Yerevan"
0x406abf004a561fd3:0x740b153f3d24dd5,Mark's Guest House,Hostel,гостевой дом,Ереван,"302 Arshakunyats ave, Yerevan 0001, Armenia",,,,,,,,,5.0,,open,,40.1293835,44.4779402,https://www.google.com/maps/place/Mark%27s+Guest+House/data=!4m7!3m6!1s0x406abf004a561fd3:0x740b153f3d24dd5!8m2!3d40.1293835!4d44.4779402!16s%2Fg%2F11ltp_bkd9!19sChIJ0x9WSgC_akAR1U3S81OxQAc,"guest house in Erebuni, Yerevan"
0x406abdb89455d3a9:0xa6b6e99745ec82b0,Mary’s family guest house,,гостевой дом,Ереван,"13/2 Avet Avetisyan St, Yerevan 0033, Armenia",+37444767000,,,,,,,,5.0,,open,,40.1966785,44.4961586,https://www.google.com/maps/place/Mary%E2%80%99s+family+guest+house/data=!4m10!3m9!1s0x406abdb89455d3a9:0xa6b6e99745ec82b0!5m2!4m1!1i2!8m2!3d40.1966785!4d44.4961586!16s%2Fg%2F11rr5xb9ql!19sChIJqdNVlLi9akARsILsRZfptqY,"guest house in Kentron, Yerevan"
0x406abc43dbd619c9:0x637830fbc5434cb0,Mini hotel ocean,,гостевой дом,Ереван,"Yerevan kashegortsneri 153, Yerevan 0803, Armenia",+37495657777,,,,,,,,,,open,,40.16306,44.501383,https://www.google.com/maps/place/Mini+hotel+ocean/data=!4m10!3m9!1s0x406abc43dbd619c9:0x637830fbc5434cb0!5m2!4m1!1i2!8m2!3d40.16306!4d44.501383!16s%2Fg%2F11vrr8dkb5!19sChIJyRnW20O8akARsExDxfsweGM,"guest house in Kentron, Yerevan"
0x406abdf3788613f9:0x1b5ad20c894f1d2,Monami Boutique Hotel,,гостевой дом,Ереван,"85a Hanrapetutyan St, Yerevan, Armenia",+905444555098,,,,,,,,2.0,,open,,40.1797628,44.5227389,https://www.google.com/maps/place/Monami+Boutique+Hotel/data=!4m10!3m9!1s0x406abdf3788613f9:0x1b5ad20c894f1d2!5m2!4m1!1i2!8m2!3d40.1797628!4d44.5227389!16s%2Fg%2F11kjpfkqps!19sChIJ-ROGePO9akAR0vGUyCCttQE,"guest house in Kentron, Yerevan"
0x406abd998b71970b:0x66d1bb89116cec08,Monument Guesthouse,,гостевой дом,Ереван,"14, 2 Karapet Ulnetsi St, Yerevan 0037, Armenia",+37494238524,,,,,,,,5.0,,open,,40.1974778,44.5286507,https://www.google.com/maps/place/Monument+Guesthouse/data=!4m10!3m9!1s0x406abd998b71970b:0x66d1bb89116cec08!5m2!4m1!1i2!8m2!3d40.1974778!4d44.5286507!16s%2Fg%2F11sy71dq4k!19sChIJC5dxi5m9akARCOxsEYm70WY,"guest house in Kentron, Yerevan"
0x406abd19bbe90c4d:0x5363193575c13adc,N7 GUEST HOUSE,,гостевой дом,Ереван,"7 Nalbandyan St, Yerevan 0001, Armenia",+37433910917,,,,,,,,5.0,,open,,40.1792535,44.5160071,https://www.google.com/maps/place/N7+GUEST+HOUSE/data=!4m10!3m9!1s0x406abd19bbe90c4d:0x5363193575c13adc!5m2!4m1!1i2!8m2!3d40.1792535!4d44.5160071!16s%2Fg%2F11zyz38xpx!19sChIJTQzpuxm9akAR3DrBdTUZY1M,"guest house in Kentron, Yerevan"
0x406abcfc811d129b:0x42cfaf5f9c035385,Nor Yerevan Hotel,,гостевой дом,Ереван,"42 Aram Street, Yerevan 0001, Armenia",+37460518518,,,,,,,,4.3,,open,,40.18057,44.512428,https://www.google.com/maps/place/Nor+Yerevan+Hotel/data=!4m10!3m9!1s0x406abcfc811d129b:0x42cfaf5f9c035385!5m2!4m1!1i2!8m2!3d40.18057!4d44.512428!16s%2Fg%2F1w45430b!19sChIJmxIdgfy8akARhVMDnF-vz0I,"guest house in Kentron, Yerevan"
0x406abd00659da62d:0x438c279e3c609590,P&A guesthouse,,гостевой дом,Ереван,"20 Paronyan St, Yerevan, Armenia",,,,,,,,,1.0,,open,,40.1799748,44.5004235,https://www.google.com/maps/place/P%26A+guesthouse/data=!4m10!3m9!1s0x406abd00659da62d:0x438c279e3c609590!5m2!4m1!1i2!8m2!3d40.1799748!4d44.5004235!16s%2Fg%2F11x8bp9qpd!19sChIJLaadZQC9akARkJVgPJ4njEM,"guest house in Kentron, Yerevan"
0x406abdf41a7a6677:0xd98507bae39504bc,Popock City Center,,гостевой дом,Ереван,"7 Burnazian St, Yerevan 0005, Armenia",+37499571488,,,,,,,,4.2,,open,,40.1592361,44.5150405,https://www.google.com/maps/place/Popock+City+Center/data=!4m10!3m9!1s0x406abdf41a7a6677:0xd98507bae39504bc!5m2!4m1!1i2!8m2!3d40.1592361!4d44.5150405!16s%2Fg%2F11h53w63fg!19sChIJd2Z6GvS9akARvASV47oHhdk,"guest house in Kentron, Yerevan"
0x406abd19f1db5d35:0xdd31572ef7da207b,Popock Yerevan,,гостевой дом,Ереван,"57 Marshal Baghramyan Ave, Yerevan 0019, Armenia",+37491571488,,,,,,,,4.6,,open,,40.1935848,44.4975951,https://www.google.com/maps/place/Popock+Yerevan/data=!4m10!3m9!1s0x406abd19f1db5d35:0xdd31572ef7da207b!5m2!4m1!1i2!8m2!3d40.1935848!4d44.4975951!16s%2Fg%2F11g6qr4frk!19sChIJNV3b8Rm9akAReyDa9y5XMd0,"guest house in Kentron, Yerevan"
0x406aa334f97e138d:0xdb6ac45f49214af1,Rest house,Villa,гостевой дом,Ереван,"6HGV+QFQ, Marshal Babajanyan Street, Arinj, Armenia",+37455111131,,,,,,,,5.0,,open,,40.2269722,44.5937315,https://www.google.com/maps/place/Rest+house/data=!4m7!3m6!1s0x406aa334f97e138d:0xdb6ac45f49214af1!8m2!3d40.2269722!4d44.5937315!16s%2Fg%2F11s3xq0c9k!19sChIJjRN--TSjakAR8UohSV_Eats,"guest house in Arabkir, Yerevan"
0x406aa344d5568565:0xcba37196f179efa7,Ricci GuestHouse,Guest house,гостевой дом,Ереван,"Avan Acharyan 57/28 40°13'47.8""N 44°33'14.6""E, Yerevan, Armenia",+37494776063,,,,,,,,5.0,,open,,40.2299246,44.5540509,https://www.google.com/maps/place/Ricci+GuestHouse/data=!4m7!3m6!1s0x406aa344d5568565:0xcba37196f179efa7!8m2!3d40.2299246!4d44.5540509!16s%2Fg%2F11ydg5vssw!19sChIJZYVW1USjakARp-958ZZxo8s,"guest house in Kentron, Yerevan"
0x406abe907409111f:0x9dd0747df2093ab1,Sedrakyan's Guest House,,гостевой дом,Ереван,"Shirazi G1 Area, House 60, Yerevan, Armenia",+37493996055,,,,,,,,5.0,,open,,40.2059351,44.4558764,https://www.google.com/maps/place/Sedrakyan%27s+Guest+House/data=!4m10!3m9!1s0x406abe907409111f:0x9dd0747df2093ab1!5m2!4m1!1i2!8m2!3d40.2059351!4d44.4558764!16s%2Fg%2F1tctk86k!19sChIJHxEJdJC-akARsToJ8n100J0,"guest house in Arabkir, Yerevan"
0x406abd93e638b01f:0x37f7d23c785f6f0b,Shara Talyan 8/2 ! Guest House,,гостевой дом,Ереван,"8, 2 Shara Talyan St, Yerevan, Armenia",,,,,,,,,4.3,,open,,40.1764881,44.5266837,https://www.google.com/maps/place/Shara+Talyan+8%2F2+!+Guest+House/data=!4m10!3m9!1s0x406abd93e638b01f:0x37f7d23c785f6f0b!5m2!4m1!1i2!8m2!3d40.1764881!4d44.5266837!16s%2Fg%2F11tt6bl9s8!19sChIJH7A45pO9akARC29feDzS9zc,"guest house in Kentron, Yerevan"
0x406abc5f87c80c49:0xa025c3b377c35d03,Sleep Studio Hostel (միայն տուրիստների համար),,гостевой дом,Ереван,"13 Yervand Kochar St, Yerevan 0070, Armenia",+37443034340,,,,,,,,3.9,,open,,40.1701953,44.5179051,https://www.google.com/maps/place/Sleep+Studio+Hostel+%28%D5%B4%D5%AB%D5%A1%D5%B5%D5%B6+%D5%BF%D5%B8%D6%82%D6%80%D5%AB%D5%BD%D5%BF%D5%B6%D5%A5%D6%80%D5%AB+%D5%B0%D5%A1%D5%B4%D5%A1%D6%80%29/data=!4m10!3m9!1s0x406abc5f87c80c49:0xa025c3b377c35d03!5m2!4m1!1i2!8m2!3d40.1701953!4d44.5179051!16s%2Fg%2F11fxzzpkn_!19sChIJSQzIh1-8akARA13Dd7PDJaA,"guest house in Kentron, Yerevan"
0x406abd000c75f6af:0x9b98682116ac443d,Stairs guesthouse,Holiday apartment rental,гостевой дом,Ереван,"Տուն, 39 Sasuntsi Davit St, Yerevan, Armenia",,,,,,,,,4.5,,open,,40.155201,44.5179919,https://www.google.com/maps/place/Stairs+guesthouse/data=!4m7!3m6!1s0x406abd000c75f6af:0x9b98682116ac443d!8m2!3d40.155201!4d44.5179919!16s%2Fg%2F11y0yccfxk!19sChIJr_Z1DAC9akARPUSsFiFomJs,"guest house in Kentron, Yerevan"
0x406abd4b92b489bf:0x86b71deee8cafcd3,Station House EVN,,гостевой дом,Ереван,"49 Սուվորովի փ, Yerevan 0008, Armenia",+37444466464,,,,,,,,5.0,,open,,40.1541326,44.5155341,https://www.google.com/maps/place/Station+House+EVN/data=!4m10!3m9!1s0x406abd4b92b489bf:0x86b71deee8cafcd3!5m2!4m1!1i2!8m2!3d40.1541326!4d44.5155341!16s%2Fg%2F11xvt21jqm!19sChIJv4m0kku9akAR0_zK6O4dt4Y,"guest house in Erebuni, Yerevan"
0x406abd820d3b64d1:0xcfb11c790bc8db1f,Stone Guest House,Guest house,гостевой дом,Ереван,"11 Masis St, Kotayk, Armenia",+37455633883,,,,,,,,5.0,,open,,40.1437042,44.5002782,https://www.google.com/maps/place/Stone+Guest+House/data=!4m7!3m6!1s0x406abd820d3b64d1:0xcfb11c790bc8db1f!8m2!3d40.1437042!4d44.5002782!16s%2Fg%2F11zd5bxng2!19sChIJ0WQ7DYK9akARH9vIC3kcsc8,"guest house in Shengavit, Yerevan"
0x406abb5c372f7511:0x66d3aac282c9ed9a,Summer House Rental,Guest house,гостевой дом,Ереван,"97/23 Davit-Bek St, Yerevan, Armenia",+37496425676,,,,,,,,,,open,,40.1519139,44.5352686,https://www.google.com/maps/place/Summer+House+Rental/data=!4m7!3m6!1s0x406abb5c372f7511:0x66d3aac282c9ed9a!8m2!3d40.1519139!4d44.5352686!16s%2Fg%2F11xm0mny07!19sChIJEXUvN1y7akARmu3JgsKq02Y,"guest house in Erebuni, Yerevan"
0x406abdb3a7673497:0x4e6a845dbe30aadc,Sunny Garden Guest House,,гостевой дом,Ереван,"41/46 Manandyan St, Yerevan 0064, Armenia",+37493119077,,,,,,,,5.0,,closed,,40.144033,44.4795828,https://www.google.com/maps/place/Sunny+Garden+Guest+House/data=!4m10!3m9!1s0x406abdb3a7673497:0x4e6a845dbe30aadc!5m2!4m1!1i2!8m2!3d40.144033!4d44.4795828!16s%2Fg%2F11kbz62q5h!19sChIJlzRnp7O9akAR3Kowvl2Eak4,"guest house in Erebuni, Yerevan"
0x406abcfd859b824b:0x29b0417e68b2cc1b,Sweet Home Hostel Armenia,,гостевой дом,Ереван,"Qeri 55, Yerevan 0002, Armenia",+37499122712,,,,,,,,5.0,,open,,40.201315,44.487258,https://www.google.com/maps/place/Sweet+Home+Hostel+Armenia/data=!4m10!3m9!1s0x406abcfd859b824b:0x29b0417e68b2cc1b!5m2!4m1!1i2!8m2!3d40.201315!4d44.487258!16s%2Fg%2F12q4yhp94!19sChIJS4Kbhf28akARG8yyaH5BsCk,"guest house in Arabkir, Yerevan"
0x406abce78efee345:0x9f760bacf9f5ad7,The Doctor's House B&B,,гостевой дом,Ереван,"Apt. 58 11th Street, Yerevan 0025, Armenia",+37493690685,,,,,,,,4.0,,open,,40.1851554,44.5281218,https://www.google.com/maps/place/The+Doctor%27s+House+B%26B/data=!4m10!3m9!1s0x406abce78efee345:0x9f760bacf9f5ad7!5m2!4m1!1i2!8m2!3d40.1851554!4d44.5281218!16s%2Fg%2F11dfgp2cmr!19sChIJReP-jue8akAR11qfz7pg9wk,"guest house in Kentron, Yerevan"
0x406abd41c4290329:0x3019e6877fb29f57,The Nut Guest House,,гостевой дом,Ереван,"Kalents Backstreet, Anna Ter Averikyan 5, 5 Yeravn, Yerevan 0028, Armenia",+37491262554,,,,,,,,5.0,,open,,40.2004271,44.4874304,https://www.google.com/maps/place/The+Nut+Guest+House/data=!4m10!3m9!1s0x406abd41c4290329:0x3019e6877fb29f57!5m2!4m1!1i2!8m2!3d40.2004271!4d44.4874304!16s%2Fg%2F11kqzyc86x!19sChIJKQMpxEG9akARV5-yf4fmGTA,"guest house in Kentron, Yerevan"
0x406abc6920391a91:0xd2c7de3eeb7744be,The Victorian Hotel and Spa,,гостевой дом,Ереван,"19 Glinka St, Yerevan 0008, Armenia",+37441742007,,,,,,,,5.0,,open,,40.160524,44.51101,https://www.google.com/maps/place/The+Victorian+Hotel+and+Spa/data=!4m10!3m9!1s0x406abc6920391a91:0xd2c7de3eeb7744be!5m2!4m1!1i2!8m2!3d40.160524!4d44.51101!16s%2Fg%2F11yyg1x_1k!19sChIJkRo5IGm8akARvkR36z7ex9I,"guest house in Erebuni, Yerevan"
0x406aa3182a340017:0x66291937034571ff,Vak Guesthouse,,гостевой дом,Ереван,"1 Bagrevand St, Yerevan 0062, Armenia",+37499406065,,,,,,,,,,open,,40.206549,44.574086,https://www.google.com/maps/place/Vak+Guesthouse/data=!4m10!3m9!1s0x406aa3182a340017:0x66291937034571ff!5m2!4m1!1i2!8m2!3d40.206549!4d44.574086!16s%2Fg%2F11sct_y4mx!19sChIJFwA0KhijakAR_3FFAzcZKWY,"guest house in Arabkir, Yerevan"
0x406abd2ddab172e5:0xee2d2c4ece9291a0,Vertoni Hotel Yerevan,,гостевой дом,Ереван,"36/1 Varshavyan St, Yerevan 0037, Armenia",+37491040510,,,,,,,,4.7,,open,,40.2016865,44.5259345,https://www.google.com/maps/place/Vertoni+Hotel+Yerevan/data=!4m10!3m9!1s0x406abd2ddab172e5:0xee2d2c4ece9291a0!5m2!4m1!1i2!8m2!3d40.2016865!4d44.5259345!16s%2Fg%2F11nfzncv09!19sChIJ5XKx2i29akARoJGSzk4sLe4,"guest house in Kentron, Yerevan"
0x406abcf53399b27f:0x91a7ee3ced388ebe,WOW Guest house in apartment 141,,гостевой дом,Ереван,"Vardanants Street 28, gate 6, 2nd floor, apartment 141, Yerevan 0070, Armenia",+37493271063,,,,,,,,4.1,,open,,40.1699624,44.5215787,https://www.google.com/maps/place/WOW+Guest+house+in+apartment+141/data=!4m10!3m9!1s0x406abcf53399b27f:0x91a7ee3ced388ebe!5m2!4m1!1i2!8m2!3d40.1699624!4d44.5215787!16s%2Fg%2F11g9qsykl7!19sChIJf7KZM_W8akARvo447Tzup5E,"guest house in Kentron, Yerevan"
0x406aa3135191bc93:0x811fbdeec41ea6a1,Yerevan Guesthouse,,гостевой дом,Ереван,"49, 1 Bagrevand St, Jrvezh 0089, Armenia",+37441406501,,,,,,,,1.0,,open,,40.203268,44.587747,https://www.google.com/maps/place/Yerevan+Guesthouse/data=!4m10!3m9!1s0x406aa3135191bc93:0x811fbdeec41ea6a1!5m2!4m1!1i2!8m2!3d40.203268!4d44.587747!16s%2Fg%2F11nhwqjc86!19sChIJk7yRUROjakARoaYexO69H4E,"guest house in Arabkir, Yerevan"
0x406abcef1f4e1d45:0x5b92d9fd647fd74a,Yerevan state university guest house,,гостевой дом,Ереван,"Byurakan 0213, Armenia",,,,,,,,,4.2,,open,,40.1801118,44.5261415,https://www.google.com/maps/place/Yerevan+state+university+guest+house/data=!4m10!3m9!1s0x406abcef1f4e1d45:0x5b92d9fd647fd74a!5m2!4m1!1i2!8m2!3d40.1801118!4d44.5261415!16s%2Fg%2F11gclvp_nx!19sChIJRR1OH--8akARStd_ZP3Zkls,"guest house in Kentron, Yerevan"
0x406a99798d2e1491:0xdcfedc2707da8e1b,Zovy Guest House,Guest house,гостевой дом,Ереван,"home, 32/1 16th St, Zovuni 2406, Armenia",+37496130122,,,,,,,,4.8,,open,,40.2467258,44.5042798,https://www.google.com/maps/place/Zovy+Guest+House/data=!4m7!3m6!1s0x406a99798d2e1491:0xdcfedc2707da8e1b!8m2!3d40.2467258!4d44.5042798!16s%2Fg%2F11kqyrtqgp!19sChIJkRQujXmZakARG47aByfc_tw,"guest house in Arabkir, Yerevan"
0x406abd002990e695:0x4921b4a54e10588b,guest house downtown,,гостевой дом,Ереван,"20 Paronyan St, Yerevan, Armenia",+37498117154,,,,,,,,3.0,,open,,40.1799748,44.5004235,https://www.google.com/maps/place/guest+house+downtown/data=!4m10!3m9!1s0x406abd002990e695:0x4921b4a54e10588b!5m2!4m1!1i2!8m2!3d40.1799748!4d44.5004235!16s%2Fg%2F11wybcgcsl!19sChIJleaQKQC9akARi1gQTqW0IUk,"guest house in Kentron, Yerevan"
0x406abd1d88700001:0xcaadafe4df417c60,guest house on tumanyan str.,,гостевой дом,Ереван,"38, 8 Tumanyan St, Yerevan 0001, Armenia",+37494147747,,,,,,,,2.1,,open,,40.1860736,44.5126678,https://www.google.com/maps/place/guest+house+on+tumanyan+str./data=!4m10!3m9!1s0x406abd1d88700001:0xcaadafe4df417c60!5m2!4m1!1i2!8m2!3d40.1860736!4d44.5126678!16s%2Fg%2F11sd4pj9xj!19sChIJAQBwiB29akARYHxB3-Svrco,"guest house in Kentron, Yerevan"
0x406abd0116a55555:0x4eb06264c1a7739f,iRoom - Guest House/Hostel in Yerevan,,гостевой дом,Ереван,"21 Paronyan St, Yerevan 0015, Armenia",+37491415077,,,,,,,,,,open,,40.1827218,44.498981,https://www.google.com/maps/place/iRoom+-+Guest+House%2FHostel+in+Yerevan/data=!4m10!3m9!1s0x406abd0116a55555:0x4eb06264c1a7739f!5m2!4m1!1i2!8m2!3d40.1827218!4d44.498981!16s%2Fg%2F11f7q_mcp3!19sChIJVVWlFgG9akARn3OnwWRisE4,"guest house in Kentron, Yerevan"
0x406abd0008db3cc3:0xfbb0d7573388cccf,住宿,,гостевой дом,Ереван,"5G8C+29R, Yerevan, Armenia",,,,,,,,,3.0,,open,,40.1651406,44.5219108,https://www.google.com/maps/place/%E4%BD%8F%E5%AE%BF/data=!4m10!3m9!1s0x406abd0008db3cc3:0xfbb0d7573388cccf!5m2!4m1!1i2!8m2!3d40.1651406!4d44.5219108!16s%2Fg%2F11vq6qf7g8!19sChIJwzzbCAC9akARz8yIM1fXsPs,"guest house in Kentron, Yerevan"
0x406abd3e94c2f085:0xc075792c98df2db4,202°F Alternative Coffee Brewing,Coffee shop,кафе,Ереван,"6, 10 Moskovyan Street, Yerevan 0002, Armenia",+37495102202,,,,,,,,4.0,,open,,40.1878717,44.5191823,https://www.google.com/maps/place/202%C2%B0F+Alternative+Coffee+Brewing/data=!4m7!3m6!1s0x406abd3e94c2f085:0xc075792c98df2db4!8m2!3d40.1878717!4d44.5191823!16s%2Fg%2F11v3pr5kgh!19sChIJhfDClD69akARtC3fmCx5dcA,"cafe in Kentron, Yerevan"
0x406abd0032b438f5:0x3bfb74273a215be2,202°F Alternative Coffee Brewing,Coffee shop,кафе,Ереван,"8 Northern Ave, Yerevan, Armenia",+37495102202,,,,,,,,4.0,,open,,40.1822476,44.5145064,https://www.google.com/maps/place/202%C2%B0F+Alternative+Coffee+Brewing/data=!4m7!3m6!1s0x406abd0032b438f5:0x3bfb74273a215be2!8m2!3d40.1822476!4d44.5145064!16s%2Fg%2F11vyrdvs5l!19sChIJ9Ti0MgC9akAR4lshOid0-zs,"cafe in Kentron, Yerevan"
0x406abdc52b8dc1af:0xaae67fd8631aa17c,4TEEN Cafe & Restaurant,Restaurant,кафе,Ереван,"3, 1 Pushkin St, Yerevan 0003, Armenia",+37441000501,,,,,,,,4.4,,open,,40.1798599,44.5163433,https://www.google.com/maps/place/4TEEN+Cafe+%26+Restaurant/data=!4m7!3m6!1s0x406abdc52b8dc1af:0xaae67fd8631aa17c!8m2!3d40.1798599!4d44.5163433!16s%2Fg%2F11h3jh36gp!19sChIJr8GNK8W9akARfKEaY9h_5qo,"cafe in Shengavit, Yerevan"
0x406abd0013db02db:0xa351746e6a221acc,Abandoned Sovient cafe,Tourist attraction,кафе,Ереван,"5G3F+MM9, Yerevan, Armenia",,,,,,,,,3.3,,open,,40.1532663,44.5254498,https://www.google.com/maps/place/Abandoned+Sovient+cafe/data=!4m7!3m6!1s0x406abd0013db02db:0xa351746e6a221acc!8m2!3d40.1532663!4d44.5254498!16s%2Fg%2F11ylstp63j!19sChIJ2wLbEwC9akARzBoiam50UaM,"cafe in Shengavit, Yerevan"
0x406abd004cee1a65:0x55d5157f05833652,Arahet Coffee Bar,Coffee shop,кафе,Ереван,"13A Hrachya Kochar St, Yerevan 0033, Armenia",,,,,,,,,5.0,,open,,40.2003217,44.4988329,https://www.google.com/maps/place/Arahet+Coffee+Bar/data=!4m7!3m6!1s0x406abd004cee1a65:0x55d5157f05833652!8m2!3d40.2003217!4d44.4988329!16s%2Fg%2F11xv_b_vfr!19sChIJZRruTAC9akARUjaDBX8V1VU,"cafe in Arabkir, Yerevan"
0x406abdfe654205bf:0x99e86518734a4f27,Atmosphere Cafe,Cafe,кафе,Ереван,"5GM7+VV9, Northern Ave, Yerevan, Armenia",+37477131331,,,,,,,,1.9,,open,,40.1846746,44.5147347,https://www.google.com/maps/place/Atmosphere+Cafe/data=!4m7!3m6!1s0x406abdfe654205bf:0x99e86518734a4f27!8m2!3d40.1846746!4d44.5147347!16s%2Fg%2F11s2nrcz_c!19sChIJvwVCZf69akARJ09Kcxhl6Jk,"cafe in Kentron, Yerevan"
0x406abdd187bbbe37:0x7e0ddd82a524bce6,BEE CAFE,Coffee shop,кафе,Ереван,"Խորենացի 12 Armenia, 0014, Armenia",+37498959559,,,,,,,,5.0,,open,,40.1794873,44.5409082,https://www.google.com/maps/place/BEE+CAFE/data=!4m7!3m6!1s0x406abdd187bbbe37:0x7e0ddd82a524bce6!8m2!3d40.1794873!4d44.5409082!16s%2Fg%2F11qbd1qsfz!19sChIJN767h9G9akAR5rwkpYLdDX4,"cafe in Nor Nork, Yerevan"
0x406abdadd38707f5:0x194960f39c034faf,Bamberg Yerevan,Restaurant,кафе,Ереван,"4 Gevorg Kochar St, Yerevan 0002, Armenia",+37444725555,,,,,,,,4.9,,open,,40.1892766,44.5203222,https://www.google.com/maps/place/Bamberg+Yerevan/data=!4m7!3m6!1s0x406abdadd38707f5:0x194960f39c034faf!8m2!3d40.1892766!4d44.5203222!16s%2Fg%2F11zkf_41_3!19sChIJ9QeH0629akARr08DnPNgSRk,"cafe in Kentron, Yerevan"
0x406aa33b0fc2479f:0x43fccc719a439b2c,Cafe,Cafe,кафе,Ереван,"6H28+8PR, Yerevan, Armenia",,,,,,,,,4.2,,open,,40.2008596,44.5667775,https://www.google.com/maps/place/Cafe/data=!4m7!3m6!1s0x406aa33b0fc2479f:0x43fccc719a439b2c!8m2!3d40.2008596!4d44.5667775!16s%2Fg%2F11csbr4stc!19sChIJn0fCDzujakARLJtDmnHM_EM,"cafe in Nor Nork, Yerevan"
0x406abd107c132d77:0x5f5926b2a8753aa8,Cafe Artin Coffee & Espresso,Coffee shop,кафе,Ереван,"16, 1 Kristapor Ave, Yerevan 0010, Armenia",+37455393528,,,,,,,,5.0,,open,,40.162978,44.5135474,https://www.google.com/maps/place/Cafe+Artin+Coffee+%26+Espresso/data=!4m7!3m6!1s0x406abd107c132d77:0x5f5926b2a8753aa8!8m2!3d40.162978!4d44.5135474!16s%2Fg%2F11z3jp9tyj!19sChIJdy0TfBC9akARqDp1qLImWV8,"cafe in Kentron, Yerevan"
0x406abd7f3ca04e4d:0x28fd653a6b236c00,Cafe Bee Yerevan,Cafeteria,кафе,Ереван,"39 Mesrop Mashtots Ave, Yerevan 0002, Armenia",+37444730730,,,,,,,,,,open,,40.1886913,44.5165263,https://www.google.com/maps/place/Cafe+Bee+Yerevan/data=!4m7!3m6!1s0x406abd7f3ca04e4d:0x28fd653a6b236c00!8m2!3d40.1886913!4d44.5165263!16s%2Fg%2F11t9sm7wsm!19sChIJTU6gPH-9akARAGwjazpl_Sg,"cafe in Shengavit, Yerevan"
0x406abd6f844c016b:0x418165e77a94a4b3,Cafe Lab,Cafe,кафе,Ереван,"Yerevan, Armenia",+37493209920,,,,,,,,4.0,,open,,40.1994165,44.4906875,https://www.google.com/maps/place/Cafe+Lab/data=!4m7!3m6!1s0x406abd6f844c016b:0x418165e77a94a4b3!8m2!3d40.1994165!4d44.4906875!16s%2Fg%2F11gnphxck6!19sChIJawFMhG-9akARs6SUeudlgUE,"cafe in Erebuni, Yerevan"
0x406abd0047fb0d5f:0x66af8bf8eaf6120e,Cafe bistro Vardavar (Lyon),Coffee shop,кафе,Ереван,"5G3G+H5R, Yerevan, Armenia",,,,,,,,,5.0,,open,,40.1539943,44.5253838,https://www.google.com/maps/place/Cafe+bistro+Vardavar+%28Lyon%29/data=!4m7!3m6!1s0x406abd0047fb0d5f:0x66af8bf8eaf6120e!8m2!3d40.1539943!4d44.5253838!16s%2Fg%2F11zz2fqb4r!19sChIJXw37RwC9akARDhL26viLr2Y,"cafe in Erebuni, Yerevan"
0x406a97006baef595:0xdec904edaf574bd4,Caffo Cafe,Coffee shop,кафе,Ереван,"51 Tigran Petrosyan St, Yerevan 0054, Armenia",+37498959559,,,,,,,,5.0,,open,,40.2189866,44.4899751,https://www.google.com/maps/place/Caffo+Cafe/data=!4m7!3m6!1s0x406a97006baef595:0xdec904edaf574bd4!8m2!3d40.2189866!4d44.4899751!16s%2Fg%2F11x8tdgmjv!19sChIJlfWuawCXakAR1EtXr-0Eyd4,"cafe in Malatia-Sebastia, Yerevan"
0x406abde52d3b9beb:0xb319d3318f5ca9cf,Centro Cafe Yerevan,Cafe,кафе,Ереван,"64 Aram Street, Yerevan 0002, Armenia",+37498977033,,,,,,,,,,open,,40.1831849,44.5089546,https://www.google.com/maps/place/Centro+Cafe+Yerevan/data=!4m7!3m6!1s0x406abde52d3b9beb:0xb319d3318f5ca9cf!8m2!3d40.1831849!4d44.5089546!16s%2Fg%2F11fmgcnh7f!19sChIJ65s7LeW9akARz6lcjzHTGbM,"cafe in Shengavit, Yerevan"
0x406abe366bb836f1:0xde69e300bc23348,Coffee Cup Lavazza,Restaurant,кафе,Ереван,"Zvartnots International Airport, Departures, Yerevan 0042, Armenia",+37477603071,,,,,,,,4.8,,open,,40.152478,44.4008355,https://www.google.com/maps/place/Coffee+Cup+Lavazza/data=!4m7!3m6!1s0x406abe366bb836f1:0xde69e300bc23348!8m2!3d40.152478!4d44.4008355!16s%2Fg%2F11xjbvbmk!19sChIJ8Ta4aza-akARSDPCCzCe5g0,"cafe in Shengavit, Yerevan"
0x406abd70415869af:0xff175b95f9c7cd2e,Coffee House,Coffee shop,кафе,Ереван,"39 Mesrop Mashtots Ave, Yerevan, Armenia",,,,,,,,,4.1,,open,,40.1890798,44.5171467,https://www.google.com/maps/place/Coffee+House/data=!4m7!3m6!1s0x406abd70415869af:0xff175b95f9c7cd2e!8m2!3d40.1890798!4d44.5171467!16s%2Fg%2F11l5ft1dhy!19sChIJr2lYQXC9akARLs3H-ZVbF_8,"cafe in Kentron, Yerevan"
0x406a9746e616b42f:0x88d0e1e373561eca,Coffee Life,Coffee stand,кафе,Ереван,"Public TV company of Armenia, Hovsep Emin 132/2 Baghramyan 1 Yerevan expo centre, Yerevan 0051, Armenia",+37444414343,,,,,,,,5.0,,open,,40.1886387,44.5143252,https://www.google.com/maps/place/Coffee+Life/data=!4m7!3m6!1s0x406a9746e616b42f:0x88d0e1e373561eca!8m2!3d40.1886387!4d44.5143252!16s%2Fg%2F11llp1smlc!19sChIJL7QW5kaXakARyh5Wc-Ph0Ig,"cafe in Kentron, Yerevan"
0x406aa39581e1a8b1:0x880222b2af53b230,Coffee Machine,Coffee shop,кафе,Ереван,"14, 3 Gai Ave, Yerevan, Armenia",,,,,,,,,5.0,,open,,40.1976557,44.5674442,https://www.google.com/maps/place/Coffee+Machine/data=!4m7!3m6!1s0x406aa39581e1a8b1:0x880222b2af53b230!8m2!3d40.1976557!4d44.5674442!16s%2Fg%2F11v0jlrldq!19sChIJsajhgZWjakARMLJTr7IiAog,"cafe in Nor Nork, Yerevan"
0x406aa3006ca5bd05:0xb6ae34f14a79a7a3,Coffee house,Coffee shop,кафе,Ереван,"1st floor, 16 Gai Ave, Yerevan, Armenia",,,,,,,,,4.0,,open,,40.1972507,44.5674757,https://www.google.com/maps/place/Coffee+house/data=!4m7!3m6!1s0x406aa3006ca5bd05:0xb6ae34f14a79a7a3!8m2!3d40.1972507!4d44.5674757!16s%2Fg%2F11y6m18fxv!19sChIJBb2lbACjakARo6d5SvE0rrY,"cafe in Nor Nork, Yerevan"
0x406aa3eda5d42517:0xe8633a209aa4460b,Coffee machine for Armenian men,Coffee shop,кафе,Ереван,"1 Totovents St, Yerevan, Armenia",,,,,,,,,5.0,,open,,40.2013434,44.5672261,https://www.google.com/maps/place/Coffee+machine+for+Armenian+men/data=!4m7!3m6!1s0x406aa3eda5d42517:0xe8633a209aa4460b!8m2!3d40.2013434!4d44.5672261!16s%2Fg%2F11kjl_4syj!19sChIJFyXUpe2jakARC0akmiA6Y-g,"cafe in Nor Nork, Yerevan"
0x406abda14428ce49:0xbb188f4a5f8d0bd1,Coffeeshop Company Cascade,Cafe,кафе,Ереван,"3 Tamanyan St, Yerevan, Armenia",+37411283333,,,,,,,,4.7,,open,,40.1894817,44.5149094,https://www.google.com/maps/place/Coffeeshop+Company+Cascade/data=!4m7!3m6!1s0x406abda14428ce49:0xbb188f4a5f8d0bd1!8m2!3d40.1894817!4d44.5149094!16s%2Fg%2F11hhbl6s4j!19sChIJSc4oRKG9akAR0QuNX0qPGLs,"cafe in Kentron, Yerevan"
0x406abd001822a871:0xfc0387860bd40241,Coffeesta,Coffee shop,кафе,Ереван,"39 Tumanyan St, Yerevan 0002, Armenia",+37433822228,,,,,,,,4.0,,open,,40.1871296,44.5105095,https://www.google.com/maps/place/Coffeesta/data=!4m7!3m6!1s0x406abd001822a871:0xfc0387860bd40241!8m2!3d40.1871296!4d44.5105095!16s%2Fg%2F11ld5_55qt!19sChIJcagiGAC9akARQQLUC4aHA_w,"cafe in Kentron, Yerevan"
0x406abde04f09cb05:0x9020f15e715ba09,Como,Italian restaurant,кафе,Ереван,"25 Pushkin St, Yerevan 0002, Armenia",,,,,,,,,4.8,,open,,40.1822669,44.5128679,https://www.google.com/maps/place/Como/data=!4m7!3m6!1s0x406abde04f09cb05:0x9020f15e715ba09!8m2!3d40.1822669!4d44.5128679!16s%2Fg%2F11stg4d5ff!19sChIJBcsJT-C9akARCboV5xUPAgk,"cafe in Kentron, Yerevan"
0x406abd414f3396af:0xabc5f936aa32c5c7,Coppa Caffe,Cafe,кафе,Ереван,"26, 1 Vazgen Sargsyan St, Yerevan 0010, Armenia",+37491466746,,,,,,,,5.0,,open,,40.1761708,44.5129546,https://www.google.com/maps/place/Coppa+Caffe/data=!4m7!3m6!1s0x406abd414f3396af:0xabc5f936aa32c5c7!8m2!3d40.1761708!4d44.5129546!16s%2Fg%2F11zkhsh91b!19sChIJr5YzT0G9akARx8Uyqjb5xas,"cafe in Erebuni, Yerevan"
0x406abd0064595239:0xc996b799093257a0,Crunch,Coffee shop,кафе,Ереван,"29 Manandyan St, Yerevan 0046, Armenia",+37491228869,,,,,,,,5.0,,open,,40.1492486,44.4808826,https://www.google.com/maps/place/Crunch/data=!4m7!3m6!1s0x406abd0064595239:0xc996b799093257a0!8m2!3d40.1492486!4d44.4808826!16s%2Fg%2F11zbnp4gjs!19sChIJOVJZZAC9akARoFcyCZm3lsk,"cafe in Shengavit, Yerevan"
0x406abd0b3010c81f:0xdd85e285310f6ad0,DOC,Coffee shop,кафе,Ереван,"40 Tumanyan St, Yerevan, Armenia",+37455440333,,,,,,,,4.8,,open,,40.1866789,44.5117407,https://www.google.com/maps/place/DOC/data=!4m7!3m6!1s0x406abd0b3010c81f:0xdd85e285310f6ad0!8m2!3d40.1866789!4d44.5117407!16s%2Fg%2F11sv11_x6g!19sChIJH8gQMAu9akAR0GoPMYXihd0,"cafe in Kentron, Yerevan"
0x406abd88cd67c709:0xc2c70a51f229b1f1,Fave cafe | Ֆեյվ կաֆե | Coffee shop in Yerevan,Coffee shop,кафе,Ереван,"4 Հակոբ Հակոբյան, Yerevan, Armenia",+37444147474,,,,,,,,5.0,,open,,40.2005414,44.4914446,https://www.google.com/maps/place/Fave+cafe+%7C+%D5%96%D5%A5%D5%B5%D5%BE+%D5%AF%D5%A1%D6%86%D5%A5+%7C+Coffee+shop+in+Yerevan/data=!4m7!3m6!1s0x406abd88cd67c709:0xc2c70a51f229b1f1!8m2!3d40.2005414!4d44.4914446!16s%2Fg%2F11yrf1gqk9!19sChIJCcdnzYi9akAR8bEp8lEKx8I,"cafe in Arabkir, Yerevan"
0x406abdd23d1cd989:0x69b468595c6bcd71,J Space™ Jazzve Urban Hub,Cafe,кафе,Ереван,"35 Tumanyan St, Yerevan 0002, Armenia",+37441008005,,,,,,,,4.1,,open,,40.1867575,44.5110917,https://www.google.com/maps/place/J+Space%E2%84%A2+Jazzve+Urban+Hub/data=!4m7!3m6!1s0x406abdd23d1cd989:0x69b468595c6bcd71!8m2!3d40.1867575!4d44.5110917!16s%2Fg%2F11y656bh58!19sChIJidkcPdK9akARcc1rXFlotGk,"cafe in Kentron, Yerevan"
0x406abd47ef7e0b3b:0xc555601a92febd32,JAM Cafe - Breakfast & Brunch,Cafe,кафе,Ереван,"41 Pushkin St, Yerevan 0002, Armenia",+37441500059,,,,,,,,4.4,,open,,40.1843132,44.5100516,https://www.google.com/maps/place/JAM+Cafe+-+Breakfast+%26+Brunch/data=!4m7!3m6!1s0x406abd47ef7e0b3b:0xc555601a92febd32!8m2!3d40.1843132!4d44.5100516!16s%2Fg%2F11x16758vp!19sChIJOwt-70e9akARMr3-khpgVcU,"cafe in Kentron, Yerevan"
0x406abce107695973:0x392ddc769d860866,JNJ Cafe,Cafe,кафе,Ереван,"62 Teryan St, Yerevan 0009, Armenia",+37410580584,,,,,,,,4.8,,open,,40.1867808,44.5195258,https://www.google.com/maps/place/JNJ+Cafe/data=!4m7!3m6!1s0x406abce107695973:0x392ddc769d860866!8m2!3d40.1867808!4d44.5195258!16s%2Fg%2F11dy1p9txd!19sChIJc1lpB-G8akARZgiGnXbcLTk,"cafe in Kentron, Yerevan"
0x406abd1db3bc92df:0xb1feba6fde16c385,Jazzve Cafe,Cafe,кафе,Ереван,"Tumanyan St, Yerevan, Armenia",+37495559903,,,,,,,,3.6,,open,,40.1850249,44.5140637,https://www.google.com/maps/place/Jazzve+Cafe/data=!4m7!3m6!1s0x406abd1db3bc92df:0xb1feba6fde16c385!8m2!3d40.1850249!4d44.5140637!16s%2Fg%2F1tdq4hg4!19sChIJ35K8sx29akARhcMW3m-6_rE,"cafe in Kentron, Yerevan"
0x406abde6a5ae4cf7:0xc71cb3a51aa5da0e,Jäger Café,Cafe,кафе,Ереван,"150 Gusan Sheram Street, Yerevan, Armenia",+37410745454,,,,,,,,4.4,,open,,40.1736336,44.4375267,https://www.google.com/maps/place/J%C3%A4ger+Caf%C3%A9/data=!4m7!3m6!1s0x406abde6a5ae4cf7:0xc71cb3a51aa5da0e!8m2!3d40.1736336!4d44.4375267!16s%2Fg%2F11f0wkjdf1!19sChIJ90yupea9akARDtqlGqWzHMc,"cafe in Malatia-Sebastia, Yerevan"
0x406abd000893ead5:0xfb518b6372c9e4e7,Kaffe Spot,Coffee shop,кафе,Ереван,"10 Charents St, Yerevan 0025, Armenia",,,,,,,,,5.0,,open,,40.1813818,44.5274305,https://www.google.com/maps/place/Kaffe+Spot/data=!4m7!3m6!1s0x406abd000893ead5:0xfb518b6372c9e4e7!8m2!3d40.1813818!4d44.5274305!16s%2Fg%2F11zhbhc1j_!19sChIJ1eqTCAC9akAR5-TJcmOLUfs,"cafe in Kentron, Yerevan"
0x406abce2097a60b1:0xe6d176f5eb480a64,Kaziryok,Cafe,кафе,Ереван,"5GP7+JH7, Mesrop Mashtots Ave, Yerevan, Armenia",+37410539461,,,,,,,,4.1,,open,,40.1865434,44.5139341,https://www.google.com/maps/place/Kaziryok/data=!4m7!3m6!1s0x406abce2097a60b1:0xe6d176f5eb480a64!8m2!3d40.1865434!4d44.5139341!16s%2Fg%2F11cnbmv8n1!19sChIJsWB6CeK8akARZApI6_V20eY,"cafe in Shengavit, Yerevan"
0x406abce340b3a125:0x102907c129fc643f,Like Yerevan,Cafe,кафе,Ереван,"25 Teryan St, Yerevan 0010, Armenia",+37495038882,,,,,,,,4.0,,open,,40.1828739,44.5144105,https://www.google.com/maps/place/Like+Yerevan/data=!4m7!3m6!1s0x406abce340b3a125:0x102907c129fc643f!8m2!3d40.1828739!4d44.5144105!16s%2Fg%2F11bvthyn4g!19sChIJJaGzQOO8akARP2T8KcEHKRA,"cafe in Kentron, Yerevan"
0x406abdec184e49f9:0x942d59c6316645a5,Linum e chi linum,Bistro,кафе,Ереван,"24/а, 24/а Andranik Zoravar St, Yerevan, Armenia",+37410724499,,,,,,,,3.5,,open,,40.1796303,44.4467163,https://www.google.com/maps/place/Linum+e+chi+linum/data=!4m7!3m6!1s0x406abdec184e49f9:0x942d59c6316645a5!8m2!3d40.1796303!4d44.4467163!16s%2Fg%2F1pyqtv5n4!19sChIJ-UlOGOy9akARpUVmMcZZLZQ,"cafe in Malatia-Sebastia, Yerevan"
0x406abdc917187237:0x7296ae5154db7ece,Locals coffee & eatery,Cafe,кафе,Ереван,"Armenia,Yerevan, 34/3 Arshakunyats Ave, Yerevan 0026, Armenia",+37411305555,,,,,,,,3.1,,open,,40.1555641,44.4993719,https://www.google.com/maps/place/Locals+coffee+%26+eatery/data=!4m7!3m6!1s0x406abdc917187237:0x7296ae5154db7ece!8m2!3d40.1555641!4d44.4993719!16s%2Fg%2F11gmfc1lgj!19sChIJN3IYF8m9akARzn7bVFGulnI,"cafe in Shengavit, Yerevan"
0x406abde7cbf8fe51:0x47414ebb301d5360,Mah-chah,Coffee shop,кафе,Ереван,"58 հանրապետության, Yerevan, Armenia",+37441366636,,,,,,,,4.9,,open,,40.1771068,44.5171803,https://www.google.com/maps/place/Mah-chah/data=!4m7!3m6!1s0x406abde7cbf8fe51:0x47414ebb301d5360!8m2!3d40.1771068!4d44.5171803!16s%2Fg%2F11xkpp1q49!19sChIJUf74y-e9akARYFMdMLtOQUc,"cafe in Kentron, Yerevan"
0x406abce4c9161281:0x8c4a0d4d3d7b9474,Martini Royale,Italian restaurant,кафе,Ереван,"16 Abovyan St, Yerevan, Armenia",+37460540101,,,,,,,,4.4,,open,,40.1812148,44.5167497,https://www.google.com/maps/place/Martini+Royale/data=!4m7!3m6!1s0x406abce4c9161281:0x8c4a0d4d3d7b9474!8m2!3d40.1812148!4d44.5167497!16s%2Fg%2F11b7g2ykqy!19sChIJgRIWyeS8akARdJR7PU0NSow,"cafe in Erebuni, Yerevan"
0x406abd0c7a189cbf:0xdb3785cf38f20e38,Melrose Avenue,Restaurant,кафе,Ереван,"1, 1 Tamanyan St, Yerevan 0009, Armenia",+37444200800,,,,,,,,4.1,,open,,40.1890184,44.5149828,https://www.google.com/maps/place/Melrose+Avenue/data=!4m7!3m6!1s0x406abd0c7a189cbf:0xdb3785cf38f20e38!8m2!3d40.1890184!4d44.5149828!16s%2Fg%2F11h1mjx9__!19sChIJv5wYegy9akAROA7yOM-FN9s,"cafe in Kentron, Yerevan"
0x406abf7e47c51213:0x7dfa0668e1d8cf50,Mi café,Coffee store,кафе,Ереван,"169/3 Arno Babajanyan St, Yerevan, Armenia",+37496094090,,,,,,,,4.0,,open,,40.161137,44.4427141,https://www.google.com/maps/place/Mi+caf%C3%A9/data=!4m7!3m6!1s0x406abf7e47c51213:0x7dfa0668e1d8cf50!8m2!3d40.161137!4d44.4427141!16s%2Fg%2F11smnvbnf2!19sChIJExLFR36_akARUM_Y4WgG-n0,"cafe in Malatia-Sebastia, Yerevan"
0x406abcfc09e1329f:0x810f6d6dbe7c5f0d,Mon café,Cafe,кафе,Ереван,"4, 6 King Pap St, Yerevan 0001, Armenia",+37441601601,,,,,,,,3.4,,open,,40.1795829,44.5102635,https://www.google.com/maps/place/Mon+caf%C3%A9/data=!4m7!3m6!1s0x406abcfc09e1329f:0x810f6d6dbe7c5f0d!8m2!3d40.1795829!4d44.5102635!16s%2Fg%2F11bych_b0z!19sChIJnzLhCfy8akARDV98vm1tD4E,"cafe in Kentron, Yerevan"
0x406abd006765eee3:0xc081b8884a6862d2,PAUL Le Cafe: 5 Terian,Self service restaurant,кафе,Ереван,"5 Teryan St, Yerevan, Armenia",+37444880099,,,,,,,,3.9,,open,,40.1819188,44.5132642,https://www.google.com/maps/place/PAUL+Le+Cafe:+5+Terian/data=!4m7!3m6!1s0x406abd006765eee3:0xc081b8884a6862d2!8m2!3d40.1819188!4d44.5132642!16s%2Fg%2F11vxlpq075!19sChIJ4-5lZwC9akAR0mJoSoi4gcA,"cafe in Kentron, Yerevan"
0x406aa3cf2994ea99:0x292f7494069072f6,Piadine Yerevan,Cafe,кафе,Ереван,"Building 2/4 Avetis Aharonyan St, Yerevan 0014, Armenia",+37493441180,,,,,,,,3.3,,open,,40.208685,44.5309772,https://www.google.com/maps/place/Piadine+Yerevan/data=!4m7!3m6!1s0x406aa3cf2994ea99:0x292f7494069072f6!8m2!3d40.208685!4d44.5309772!16s%2Fg%2F11ryllg73n!19sChIJmeqUKc-jakAR9nKQBpR0Lyk,"cafe in Erebuni, Yerevan"
0x406abd004432a98b:0xa054c1cbeed63cfb,Pronto Restobar&Rooms,Coffee shop,кафе,Ереван,"16 Yeznik Koghbatsi St, Yerevan, Armenia",,,,,,,,,4.8,,open,,40.1805207,44.5098893,https://www.google.com/maps/place/Pronto+Restobar%26Rooms/data=!4m7!3m6!1s0x406abd004432a98b:0xa054c1cbeed63cfb!8m2!3d40.1805207!4d44.5098893!16s%2Fg%2F11ynypr9wf!19sChIJi6kyRAC9akAR-zzW7svBVKA,"cafe in Kentron, Yerevan"
0x406abf7be90b8043:0xdc0bb10c246137a,Segafredo,Coffee shop,кафе,Ереван,"592X+QPJ Zvartnots International Airport (EVN, Yerevan, Armenia",,,,,,,,,2.0,,open,,40.1516042,44.3996968,https://www.google.com/maps/place/Segafredo/data=!4m7!3m6!1s0x406abf7be90b8043:0xdc0bb10c246137a!8m2!3d40.1516042!4d44.3996968!16s%2Fg%2F11krs6kv05!19sChIJQ4AL6Xu_akARehNGwhC7wA0,"cafe in Shengavit, Yerevan"
0x406abd55d1c733a1:0x77c6752828e6a0f8,Shirak Cafe,Coffee shop,кафе,Ереван,"13a Movses Khorenatsi Street, Yerevan 0010, Armenia",,,,,,,,,3.6,,open,,40.1774154,44.5078624,https://www.google.com/maps/place/Shirak+Cafe/data=!4m7!3m6!1s0x406abd55d1c733a1:0x77c6752828e6a0f8!8m2!3d40.1774154!4d44.5078624!16s%2Fg%2F11v3g6mkgl!19sChIJoTPH0VW9akAR-KDmKCh1xnc,"cafe in Shengavit, Yerevan"
0x406abdc35cc00dcb:0xa513dc468f38eb9e,Sizzle Yerevan,Fast food restaurant,кафе,Ереван,"First, 48/5 Griboyedov St, Yerevan, Armenia",+37455101410,,,,,,,,5.0,,open,,40.2107928,44.5143055,https://www.google.com/maps/place/Sizzle+Yerevan/data=!4m7!3m6!1s0x406abdc35cc00dcb:0xa513dc468f38eb9e!8m2!3d40.2107928!4d44.5143055!16s%2Fg%2F11z7vv4dxx!19sChIJyw3AXMO9akARnus4j0bcE6U,"cafe in Shengavit, Yerevan"
0x406abd1224f2eb03:0x3236b9832339a109,Société Sandwich Bar & Cafe,Cafe,кафе,Ереван,"3 Tsitsernakaberd Hwy, Yerevan 0082, Armenia",+37495511133,,,,,,,,3.5,,open,,40.1797631,44.4880087,https://www.google.com/maps/place/Soci%C3%A9t%C3%A9+Sandwich+Bar+%26+Cafe/data=!4m7!3m6!1s0x406abd1224f2eb03:0x3236b9832339a109!8m2!3d40.1797631!4d44.4880087!16s%2Fg%2F11xzrvvfbg!19sChIJA-vyJBK9akARCaE5I4O5NjI,"cafe in Shengavit, Yerevan"
0x406abdf982ddb813:0x7d99f6ca5e063c,Sorriso Cafe,Coffee shop,кафе,Ереван,"15, 73 Mesrop Mashtots Ave, Yerevan, Armenia",+37498988009,,,,,,,,4.7,,open,,40.1822879,44.5081462,https://www.google.com/maps/place/Sorriso+Cafe/data=!4m7!3m6!1s0x406abdf982ddb813:0x7d99f6ca5e063c!8m2!3d40.1822879!4d44.5081462!16s%2Fg%2F11s3qbz46t!19sChIJE7jdgvm9akARPAZeyvaZfQA,"cafe in Erebuni, Yerevan"
0x406abf002a9ca12b:0x2656c55aae15c935,Square One,Fast food restaurant,кафе,Ереван,"Departures, Yerevan, Armenia",,,,,,,,,2.7,,open,,40.152659,44.3997199,https://www.google.com/maps/place/Square+One/data=!4m7!3m6!1s0x406abf002a9ca12b:0x2656c55aae15c935!8m2!3d40.152659!4d44.3997199!16s%2Fg%2F11vyrjcl_l!19sChIJK6GcKgC_akARNckVrlrFViY,"cafe in Malatia-Sebastia, Yerevan"
0x406abbf4d958e84f:0x53d7b5d206c66bc9,Sweet Stella Kid's Cafe,Cafe,кафе,Ереван,"76 Azatamartikner Ave, Yerevan, Armenia",+37477405775,,,,,,,,5.0,,open,,40.1462009,44.522148,https://www.google.com/maps/place/Sweet+Stella+Kid%27s+Cafe/data=!4m7!3m6!1s0x406abbf4d958e84f:0x53d7b5d206c66bc9!8m2!3d40.1462009!4d44.522148!16s%2Fg%2F11c6q8wqnr!19sChIJT-hY2fS7akARyWvGBtK111M,"cafe in Erebuni, Yerevan"
0x406aa3592bc84a53:0x8adc156899de8e,Tigris Cafe,Cafe,кафе,Ереван,"11/1 Kochinyan St, Yerevan 0079, Armenia",+37499686882,,,,,,,,4.6,,open,,40.1885338,44.5951807,https://www.google.com/maps/place/Tigris+Cafe/data=!4m7!3m6!1s0x406aa3592bc84a53:0x8adc156899de8e!8m2!3d40.1885338!4d44.5951807!16s%2Fg%2F11sfrsvz_b!19sChIJU0rIK1mjakARjt6ZaBXcigA,"cafe in Nor Nork, Yerevan"
0x406abd006543ff59:0x5c8aad45f3e26cc7,Vika cafe,Cafe,кафе,Ереван,"5GG6+PC3 Yerevan 2750th Anniversary Park, Yerevan, Armenia",,,,,,,,,1.6,,open,,40.1766137,44.5110845,https://www.google.com/maps/place/Vika+cafe/data=!4m7!3m6!1s0x406abd006543ff59:0x5c8aad45f3e26cc7!8m2!3d40.1766137!4d44.5110845!16s%2Fg%2F11y5fzf7y3!19sChIJWf9DZQC9akARx2zi80Wtilw,"cafe in Kentron, Yerevan"
0x406abd2d304b7079:0xfafbcb3db373aaf3,Voch Luys Voch Mut,Coffee shop,кафе,Ереван,"20, 1 Martiros Saryan St, Yerevan 0002, Armenia",+37493177075,,,,,,,,4.7,,open,,40.1851295,44.5058382,https://www.google.com/maps/place/Voch+Luys+Voch+Mut/data=!4m7!3m6!1s0x406abd2d304b7079:0xfafbcb3db373aaf3!8m2!3d40.1851295!4d44.5058382!16s%2Fg%2F11rnk17rny!19sChIJeXBLMC29akAR86pzsz3L-_o,"cafe in Kentron, Yerevan"
0x406aa2d5db5d9693:0x3a319e45dc6276c3,ZeyToon Cyber Cafe,Internet cafe,кафе,Ереван,"51 Paruyr Sevak St, Yerevan, Armenia",+37410242876,,,,,,,,4.7,,open,,40.203125,44.5435805,https://www.google.com/maps/place/ZeyToon+Cyber+Cafe/data=!4m7!3m6!1s0x406aa2d5db5d9693:0x3a319e45dc6276c3!8m2!3d40.203125!4d44.5435805!16s%2Fg%2F1tffx_2_!19sChIJk5Zd29WiakARw3Zi3EWeMTo,"cafe in Erebuni, Yerevan"
0x406abd000a5a8c0f:0xbbde411029792d86,ZigiLand,Coffee shop,кафе,Ереван,"3 Ohanov str., Yerevan, Armenia",,,,,,,,,5.0,,open,,40.1810398,44.4438614,https://www.google.com/maps/place/ZigiLand/data=!4m7!3m6!1s0x406abd000a5a8c0f:0xbbde411029792d86!8m2!3d40.1810398!4d44.4438614!16s%2Fg%2F11zz0_zprc!19sChIJD4xaCgC9akARhi15KRBB3rs,"cafe in Malatia-Sebastia, Yerevan"
0x406abd619adf56ed:0xfffc2f2b4f143102,cafe Atrium,Coffee shop,кафе,Ереван,"1st Floor, 10 Vazgen Sargsyan St, Yerevan 0010, Armenia",+37441545545,,,,,,,,3.4,,open,,40.1762419,44.5111701,https://www.google.com/maps/place/cafe+Atrium/data=!4m7!3m6!1s0x406abd619adf56ed:0xfffc2f2b4f143102!8m2!3d40.1762419!4d44.5111701!16s%2Fg%2F11swnb5fd8!19sChIJ7VbfmmG9akARAjEUTysv_P8,"cafe in Shengavit, Yerevan"
0x406a97001cef1857:0xd2df0750734631f7,emerson azarian cafe,Cafe,кафе,Ереван,"6C2X+3QC, Yerevan, Armenia",,,,,,,,,5.0,,open,,40.2001793,44.449379,https://www.google.com/maps/place/emerson+azarian+cafe/data=!4m7!3m6!1s0x406a97001cef1857:0xd2df0750734631f7!8m2!3d40.2001793!4d44.449379!16s%2Fg%2F11yswjppnn!19sChIJVxjvHACXakAR9zFGc1AH39I,"cafe in Malatia-Sebastia, Yerevan"
0x406abd00395b8cad:0xb7455fdc54830066,Գարուն,Coffee shop,кафе,Ереван,"7 Vardanants St, Yerevan, Armenia",,,,,,,,,3.8,,open,,40.1785949,44.5179695,https://www.google.com/maps/place/%D4%B3%D5%A1%D6%80%D5%B8%D6%82%D5%B6/data=!4m7!3m6!1s0x406abd00395b8cad:0xb7455fdc54830066!8m2!3d40.1785949!4d44.5179695!16s%2Fg%2F11n40vqvnh!19sChIJrYxbOQC9akARZgCDVNxfRbc,"cafe in Kentron, Yerevan"
0x406abd1887fd5b3d:0xfb0ff4ea3fef1d53,ՍԵԹ,Coffee shop,кафе,Ереван,"15 Martiros Saryan St, Yerevan, Armenia",+37444204244,,,,,,,,4.5,,open,,40.1861538,44.5081834,https://www.google.com/maps/place/%D5%8D%D4%B5%D4%B9/data=!4m7!3m6!1s0x406abd1887fd5b3d:0xfb0ff4ea3fef1d53!8m2!3d40.1861538!4d44.5081834!16s%2Fg%2F11tp2cdgf_!19sChIJPVv9hxi9akARUx3vP-r0D_s,"cafe in Kentron, Yerevan"
0x406abde07828eb3f:0xfb94cba3f5ab5c8,•FEIN by Coffee House,Cafe,кафе,Ереван,"50, 2 Yeznik Koghbatsi St, Yerevan 0010, Armenia",+37433511115,,,,,,,,4.2,,open,,40.1839555,44.5138702,https://www.google.com/maps/place/%E2%80%A2FEIN+by+Coffee+House/data=!4m7!3m6!1s0x406abde07828eb3f:0xfb94cba3f5ab5c8!8m2!3d40.1839555!4d44.5138702!16s%2Fg%2F11yfd0mgvt!19sChIJP-soeOC9akARyLVaP7pMuQ8,"cafe in Kentron, Yerevan"
0x406abdac39d6d62b:0xc8db10eb10b2dd9a,•FEIN by Coffee House,Cafe,кафе,Ереван,"40 Pushkin St, Yerevan 0002, Armenia",+37433511115,,,,,,,,4.5,,open,,40.1826863,44.5129049,https://www.google.com/maps/place/%E2%80%A2FEIN+by+Coffee+House/data=!4m7!3m6!1s0x406abdac39d6d62b:0xc8db10eb10b2dd9a!8m2!3d40.1826863!4d44.5129049!16s%2Fg%2F11zfvms65s!19sChIJK9bWOay9akARmt2yEOsQ28g,"cafe in Kentron, Yerevan"
0x406aa3ab7f128471:0xce27135e91e2e282,"""AVAN"" CLINIC OF ""SURB GRIGOR LUSAVORICH"" MEDICAL CENTER",,клиника,Ереван,"14 Nver Safaryan St, Yerevan, Armenia",,,,,,,,,1.0,,open,,40.2204505,44.5911416,https://www.google.com/maps/place/%22AVAN%22+CLINIC+OF+%22SURB+GRIGOR+LUSAVORICH%22+MEDICAL+CENTER/data=!4m7!3m6!1s0x406aa3ab7f128471:0xce27135e91e2e282!8m2!3d40.2204505!4d44.5911416!16s%2Fg%2F11t5qgjq_p!19sChIJcYQSf6ujakARguLikV4TJ84,"medical clinic in Nor Nork, Yerevan"
0x406abd2a17386ee1:0x7a63b53102c417,"""LYMPH"" REHABILITATION CENTER",Physical therapy clinic,клиника,Ереван,"6 Nikoghayos Tigranyan St, Yerevan 0014, Armenia",+37499239977,,,,,,,,5.0,,open,,40.2078954,44.5206517,https://www.google.com/maps/place/%22LYMPH%22+REHABILITATION+CENTER/data=!4m7!3m6!1s0x406abd2a17386ee1:0x7a63b53102c417!8m2!3d40.2078954!4d44.5206517!16s%2Fg%2F11rzskgx33!19sChIJ4W44Fyq9akARF8QCMbVjegA,"medical clinic in Kentron, Yerevan"
0x406abcfda7cad827:0x836b5cfbf712390b,1-bedroom apartment in the center Yerevan with a view,,клиника,Ереван,"Yerevan, Armenia",,,,,,,,,,,open,,40.1820908,44.5086212,https://www.google.com/maps/place/1-bedroom+apartment+in+the+center+Yerevan+with+a+view/data=!4m11!3m10!1s0x406abcfda7cad827:0x836b5cfbf712390b!5m2!4m1!1i2!8m2!3d40.1820908!4d44.5086212!16s%2Fg%2F11p1kl17xb!17BQ0FF!19sChIJJ9jKp_28akARCzkS9_tca4M,"medical clinic in Malatia-Sebastia, Yerevan"
0x406abd5d9e2cb9c1:0xbf97e8a1ec0aad97,3D Dental Digital Diagnostics Centre,Diagnostic center,клиника,Ереван,"14 Sayat-Nova Ave, Yerevan 0001, Armenia",+37444362222,,,,,,,,5.0,,open,,40.1822341,44.5203154,https://www.google.com/maps/place/3D+Dental+Digital+Diagnostics+Centre/data=!4m7!3m6!1s0x406abd5d9e2cb9c1:0xbf97e8a1ec0aad97!8m2!3d40.1822341!4d44.5203154!16s%2Fg%2F11fp3t_yqr!19sChIJwbksnl29akARl60K7KHol78,"medical clinic in Nor Nork, Yerevan"
0x406abd402c91babb:0x716316b84c5bf8f5,AG Servic center,Dental clinic,клиника,Ереван,"0033, 14 Komitas Ave, Yerevan 0033, Armenia",+37410263787,,,,,,,,5.0,,open,,40.2011722,44.4967371,https://www.google.com/maps/place/AG+Servic+center/data=!4m7!3m6!1s0x406abd402c91babb:0x716316b84c5bf8f5!8m2!3d40.2011722!4d44.4967371!16s%2Fg%2F11c0r5hwgc!19sChIJu7qRLEC9akAR9fhbTLgWY3E,"medical clinic in Malatia-Sebastia, Yerevan"
0x406aa336a8fe0ca9:0x83fa2ff87096ccb3,ANTITUBERCULOSIS DISPENSARY,Medical Center,клиника,Ереван,"Rubinyants St. Lane, 7 Building, Yerevan, Armenia",,,,,,,,,,,open,,40.2114981,44.5505523,https://www.google.com/maps/place/ANTITUBERCULOSIS+DISPENSARY/data=!4m7!3m6!1s0x406aa336a8fe0ca9:0x83fa2ff87096ccb3!8m2!3d40.2114981!4d44.5505523!16s%2Fg%2F11f8k5f2n3!19sChIJqQz-qDajakARs8yWcPgv-oM,"medical clinic in Nor Nork, Yerevan"
0x406abd004e97cbe5:0xeb78a63992d0cdb3,ARARI,Medical clinic,клиника,Ереван,"4, 3 Sebastia St, Yerevan, Armenia",,,,,,,,,,,open,,40.1736822,44.4573933,https://www.google.com/maps/place/ARARI/data=!4m7!3m6!1s0x406abd004e97cbe5:0xeb78a63992d0cdb3!8m2!3d40.1736822!4d44.4573933!16s%2Fg%2F11z4qrytxb!19sChIJ5cuXTgC9akARs83QkjmmeOs,"medical clinic in Malatia-Sebastia, Yerevan"
0x406abd76fbb1c6e5:0x9214a09cddda0f72,Aixin Med,Medical Center,клиника,Ереван,"22 Vagharsh Vagharshyan St, Yerevan 0012, Armenia",+37455266688,,,,,,,,,,open,,40.202357,44.4992585,https://www.google.com/maps/place/Aixin+Med/data=!4m7!3m6!1s0x406abd76fbb1c6e5:0x9214a09cddda0f72!8m2!3d40.202357!4d44.4992585!16s%2Fg%2F11zd33z28b!19sChIJ5cax-3a9akARcg_a3ZygFJI,"medical clinic in Arabkir, Yerevan"
0x406abd457b41e867:0x9fc2445a9acc8e5f,ArBeS Health Care Center,Rehabilitation center,клиника,Ереван,"32 Vahram Papazyan St, Yerevan 0012, Armenia",+37410264762,,,,,,,,3.0,10,open,,40.2083886,44.4998921,https://www.google.com/maps/place/ArBeS+Health+Care+Center/data=!4m7!3m6!1s0x406abd457b41e867:0x9fc2445a9acc8e5f!8m2!3d40.2083886!4d44.4998921!16s%2Fg%2F119t7mp2d!19sChIJZ-hBe0W9akARX47MmlpEwp8,"medical clinic in Arabkir, Yerevan"
0x406abd4f876fdedb:0x725a4d79382029be,Arabkir Children's Polyclinic,Children's hospital,клиника,Ереван,"32 Vahram Papazyan St, Yerevan 0012, Armenia",+37410260450,,,,,,,,3.1,,open,,40.2089477,44.5007215,https://www.google.com/maps/place/Arabkir+Children%27s+Polyclinic/data=!4m7!3m6!1s0x406abd4f876fdedb:0x725a4d79382029be!8m2!3d40.2089477!4d44.5007215!16s%2Fg%2F1tg9r56q!19sChIJ295vh0-9akARvikgOHlNWnI,"medical clinic in Arabkir, Yerevan"
0x406abc27241b12d1:0x8063eb0a708bed26,Artashesyan Polyclinic,Medical clinic,клиника,Ереван,"43 Artashesyan St, Yerevan 0039, Armenia",+37410422170,,,,,,,,3.5,,open,,40.1523277,44.4746625,https://www.google.com/maps/place/Artashesyan+Polyclinic/data=!4m7!3m6!1s0x406abc27241b12d1:0x8063eb0a708bed26!8m2!3d40.1523277!4d44.4746625!16s%2Fg%2F119vbkds4!19sChIJ0RIbJCe8akARJu2LcArrY4A,"medical clinic in Kentron, Yerevan"
0x406abd0064fea439:0xef112aa23c39fe97,AudioSluh Yerevan,Medical Center,клиника,Ереван,"6G44+8F9, Komitas Ave, Yerevan, Armenia",,,,,,,,,,,open,,40.2057999,44.5062259,https://www.google.com/maps/place/AudioSluh+Yerevan/data=!4m7!3m6!1s0x406abd0064fea439:0xef112aa23c39fe97!8m2!3d40.2057999!4d44.5062259!16s%2Fg%2F11y_x7614q!19sChIJOaT-ZAC9akARl_45PKIqEe8,"medical clinic in Kentron, Yerevan"
0x406abdac4e0ae4a3:0x184db1b3312fc1ff,Ava Health Clinic,Medical clinic,клиника,Ереван,"Dzorapi 40, Yerevan, Armenia",,,,,,,,,,,open,,40.181784,44.4986525,https://www.google.com/maps/place/Ava+Health+Clinic/data=!4m7!3m6!1s0x406abdac4e0ae4a3:0x184db1b3312fc1ff!8m2!3d40.181784!4d44.4986525!16s%2Fg%2F11k99yx3_k!19sChIJo-QKTqy9akAR_8EvMbOxTRg,"medical clinic in Kentron, Yerevan"
0x406aa3af4323a349:0xa8cc7e5788d83b5f,Biomed Laboratory,Diagnostic center,клиника,Ереван,"8 Gai Ave, Yerevan 0056, Armenia",+37410663879,,,,,,,,5.0,,open,,40.2010874,44.565309,https://www.google.com/maps/place/Biomed+Laboratory/data=!4m7!3m6!1s0x406aa3af4323a349:0xa8cc7e5788d83b5f!8m2!3d40.2010874!4d44.565309!16s%2Fg%2F11fktgk1b9!19sChIJSaMjQ6-jakARXzvYiFd-zKg,"medical clinic in Nor Nork, Yerevan"
0x406abdcaf03199ab:0xcb571e7844091338,Children's Health Center. Pediatric Clinic,Pediatrician,клиника,Ереван,"11/4 Argishti St, Yerevan 0015, Armenia",+37411554024,,,,,,,,5.0,,open,,40.1721023,44.5031845,https://www.google.com/maps/place/Children%27s+Health+Center.+Pediatric+Clinic/data=!4m7!3m6!1s0x406abdcaf03199ab:0xcb571e7844091338!8m2!3d40.1721023!4d44.5031845!16s%2Fg%2F11s_h_8qs3!19sChIJq5kx8Mq9akAROBMJRHgeV8s,"medical clinic in Malatia-Sebastia, Yerevan"
0x406abd000505d78f:0xf782b73020a40da9,Clinica Di'Jado,Medical Center,клиника,Ереван,"34 Չայկովսկու փողոց, Yerevan, Armenia",+37499091090,,,,,,,,5.0,,open,,40.1748499,44.5175417,https://www.google.com/maps/place/Clinica+Di%27Jado/data=!4m7!3m6!1s0x406abd000505d78f:0xf782b73020a40da9!8m2!3d40.1748499!4d44.5175417!16s%2Fg%2F11mdb17grn!19sChIJj9cFBQC9akARqQ2kIDC3gvc,"medical clinic in Kentron, Yerevan"
0x406abdd8c00d8fb5:0x760dd0406c9fbb1a,Cosmetology Center,Skin care clinic,клиника,Ереван,"131 Andranik Zoravar St, Yerevan, Armenia",+37493202814,,,,,,,,5.0,,open,,40.166043,44.4444545,https://www.google.com/maps/place/Cosmetology+Center/data=!4m7!3m6!1s0x406abdd8c00d8fb5:0x760dd0406c9fbb1a!8m2!3d40.166043!4d44.4444545!16s%2Fg%2F11c55txfgy!19sChIJtY8NwNi9akARGrufbEDQDXY,"medical clinic in Malatia-Sebastia, Yerevan"
0x406abd0068b75af9:0x55b6020513d2b459,Dermacosm,Skin care clinic,клиника,Ереван,"12a Kievyan St, Yerevan 0028, Armenia",,,,,,,,,2.7,,open,,40.1940969,44.4883154,https://www.google.com/maps/place/Dermacosm/data=!4m7!3m6!1s0x406abd0068b75af9:0x55b6020513d2b459!8m2!3d40.1940969!4d44.4883154!16s%2Fg%2F11y32n40_l!19sChIJ-Vq3aAC9akARWbTSEwUCtlU,"medical clinic in Malatia-Sebastia, Yerevan"
0x406abcafee44455d:0x63745d8693cec95a,DiaMed Medical Center,Medical Center,клиника,Ереван,"84 Hunan Avetisyan St, 84շենք, Armenia",,,,,,,,,4.7,,open,,40.1795077,44.563365,https://www.google.com/maps/place/DiaMed+Medical+Center/data=!4m7!3m6!1s0x406abcafee44455d:0x63745d8693cec95a!8m2!3d40.1795077!4d44.563365!16s%2Fg%2F11f54s8b8r!19sChIJXUVE7q-8akARWsnOk4ZddGM,"medical clinic in Nor Nork, Yerevan"
0x406abce714874515:0xab12854409a58785,Doctor Laser,Medical clinic,клиника,Ереван,"14 Komitas Ave, Yerevan 0033, Armenia",+37410324121,,,,,,,,5.0,,open,,40.2011175,44.4968237,https://www.google.com/maps/place/Doctor+Laser/data=!4m7!3m6!1s0x406abce714874515:0xab12854409a58785!8m2!3d40.2011175!4d44.4968237!16s%2Fg%2F12hvnfdch!19sChIJFUWHFOe8akARhYelCUSFEqs,"medical clinic in Arabkir, Yerevan"
0x406aa34178a18fe3:0x51f2c112ff604508,Dr.Clinic,Laser hair removal service,клиника,Ереван,"19 Mamikoniants St, Yerevan 0051, Armenia",+37441564618,,,,,,,,,,open,,40.2087963,44.5235658,https://www.google.com/maps/place/Dr.Clinic/data=!4m7!3m6!1s0x406aa34178a18fe3:0x51f2c112ff604508!8m2!3d40.2087963!4d44.5235658!16s%2Fg%2F11q3s8f47_!19sChIJ44-heEGjakARCEVg_xLB8lE,"medical clinic in Nor Nork, Yerevan"
0x406abd9df3f51d95:0x3a1a19faaf746b06,Dr.Nadiya Aesthetic Garden,Medical clinic,клиника,Ереван,"35 Keri St, Yerevan 0028, Armenia",+37477177154,,,,,,,,5.0,,open,,40.1996483,44.4866691,https://www.google.com/maps/place/Dr.Nadiya+Aesthetic+Garden/data=!4m7!3m6!1s0x406abd9df3f51d95:0x3a1a19faaf746b06!8m2!3d40.1996483!4d44.4866691!16s%2Fg%2F11smzkhr8r!19sChIJlR318529akARBmt0r_oZGjo,"medical clinic in Malatia-Sebastia, Yerevan"
0x406abcfea54ae64d:0x318cab279ae6a76,EOS,Dental clinic,клиника,Ереван,"1, 3 Yeznik Koghbatsi St, Yerevan 0001, Armenia",+37410537633,,,,,,,,5.0,,open,,40.1793311,44.5080974,https://www.google.com/maps/place/EOS/data=!4m7!3m6!1s0x406abcfea54ae64d:0x318cab279ae6a76!8m2!3d40.1793311!4d44.5080974!16s%2Fg%2F11c5g_mpyk!19sChIJTeZKpf68akARdmquebLKGAM,"medical clinic in Malatia-Sebastia, Yerevan"
0x406abd007348700d:0x4dbfd6c1fc428b69,Ermed,Dental clinic,клиника,Ереван,"4FXP+9W8, Багратуняц, 29Yerevan, Armenia",+37443483090,,,,,,,,5.0,,open,,40.1484236,44.4873407,https://www.google.com/maps/place/Ermed/data=!4m7!3m6!1s0x406abd007348700d:0x4dbfd6c1fc428b69!8m2!3d40.1484236!4d44.4873407!16s%2Fg%2F11wfr51cxj!19sChIJDXBIcwC9akARaYtC_MHWv00,"medical clinic in Shengavit, Yerevan"
0x406abdbc78167d43:0xce47f78da9a79b52,Estelife Clinic,Skin care clinic,клиника,Ереван,"11a Kievyan St, Yerevan 0033, Armenia",+37491731514,,,,,,,,4.2,,open,,40.1965237,44.4903536,https://www.google.com/maps/place/Estelife+Clinic/data=!4m7!3m6!1s0x406abdbc78167d43:0xce47f78da9a79b52!8m2!3d40.1965237!4d44.4903536!16s%2Fg%2F11sn7lq20w!19sChIJQ30WeLy9akARUpunqY33R84,"medical clinic in Kentron, Yerevan"
0x406abd69d7a7ea81:0x17775d4df490f6ff,Eyecare clinic Նոր Հայացք,Eye care center,клиника,Ереван,"5C9Q+C37, Arno Babajanyan St, Yerevan, Armenia",+37411210220,,,,,,,,2.0,,open,,40.1681785,44.4378945,https://www.google.com/maps/place/Eyecare+clinic+%D5%86%D5%B8%D6%80+%D5%80%D5%A1%D5%B5%D5%A1%D6%81%D6%84/data=!4m7!3m6!1s0x406abd69d7a7ea81:0x17775d4df490f6ff!8m2!3d40.1681785!4d44.4378945!16s%2Fg%2F11s5sq1hsf!19sChIJgeqn12m9akAR__aQ9E1ddxc,"medical clinic in Malatia-Sebastia, Yerevan"
0x406abd2f2e71a5f3:0xed187f94fa75f379,G. Clinic,Medical clinic,клиника,Ереван,"10 Heratsi St, Yerevan, Armenia",+37455557679,,,,,,,,,,open,,40.1888161,44.5282942,https://www.google.com/maps/place/G.+Clinic/data=!4m7!3m6!1s0x406abd2f2e71a5f3:0xed187f94fa75f379!8m2!3d40.1888161!4d44.5282942!16s%2Fg%2F11zymrhld9!19sChIJ86VxLi-9akARefN1-pR_GO0,"medical clinic in Nor Nork, Yerevan"
0x406abcf757d1d687:0x43b11c28c937d043,GetTreated Medical Travel,Medical group,клиника,Ереван,"2, 2 Melik Adamyan St, Yerevan 0010, Armenia",+37495010563,,,,,,,,5.0,,open,,40.1770352,44.515224,https://www.google.com/maps/place/GetTreated+Medical+Travel/data=!4m7!3m6!1s0x406abcf757d1d687:0x43b11c28c937d043!8m2!3d40.1770352!4d44.515224!16s%2Fg%2F11dyzn3zl3!19sChIJh9bRV_e8akARQ9A3ySgcsUM,"medical clinic in Nor Nork, Yerevan"
0x406abbefce2d67a7:0x7da39db61bcdf493,Grigor Narekatsi Medical Center,Hospital,клиника,Ереван,"63, 1 22-nd St, Yerevan, Armenia",+37415550550,,,,,,,,3.8,,open,,40.1388763,44.5231826,https://www.google.com/maps/place/Grigor+Narekatsi+Medical+Center/data=!4m7!3m6!1s0x406abbefce2d67a7:0x7da39db61bcdf493!8m2!3d40.1388763!4d44.5231826!16s%2Fg%2F1w0sbbz3!19sChIJp2ctzu-7akARk_TNG7ado30,"medical clinic in Shengavit, Yerevan"
0x406abdadbb2939cf:0x44879908e51c8ea,High Dent Clinic - Հայ Դենտ Կլինիկա,Dental clinic,клиника,Ереван,"2 Vazgen The First St, Yerevan 0033, Armenia",+37455091269,,,,,,,,5.0,,open,,40.1985125,44.4934051,https://www.google.com/maps/place/High+Dent+Clinic+-+%D5%80%D5%A1%D5%B5+%D4%B4%D5%A5%D5%B6%D5%BF+%D4%BF%D5%AC%D5%AB%D5%B6%D5%AB%D5%AF%D5%A1/data=!4m7!3m6!1s0x406abdadbb2939cf:0x44879908e51c8ea!8m2!3d40.1985125!4d44.4934051!16s%2Fg%2F11jxzq6vkv!19sChIJzzkpu629akAR6shRjpB5SAQ,"medical clinic in Malatia-Sebastia, Yerevan"
0x406abca4f8e512a7:0xba1a4d93e62243b9,Hospital N 22,Hospital,клиника,Ереван,"5HG6+PF7, Yerevan, Armenia",+37410666210,,,,,,,,3.5,,open,,40.1767999,44.5611698,https://www.google.com/maps/place/Hospital+N+22/data=!4m7!3m6!1s0x406abca4f8e512a7:0xba1a4d93e62243b9!8m2!3d40.1767999!4d44.5611698!16s%2Fg%2F11g6rjl640!19sChIJpxLl-KS8akARuUMi5pNNGro,"medical clinic in Nor Nork, Yerevan"
0x406aa3de8378dda9:0x3abf373400b413cc,HÜMANN Medical Clinic,Medical clinic,клиника,Ереван,"76 Fanarjyan St, Yerevan 0052, Armenia",+37433929241,,,,,,,,5.0,,open,,40.2157837,44.5434805,https://www.google.com/maps/place/H%C3%9CMANN+Medical+Clinic/data=!4m7!3m6!1s0x406aa3de8378dda9:0x3abf373400b413cc!8m2!3d40.2157837!4d44.5434805!16s%2Fg%2F11vbg166dk!19sChIJqd14g96jakARzBO0ADQ3vzo,"medical clinic in Kentron, Yerevan"
0x406abd00c2bf0bfb:0x7443c5df4e1f1c9a,Kinezis Medical Center,Medical Center,клиника,Ереван,"40 Dzorapi St, Yerevan 0002, Armenia",+37411581687,,,,,,,,3.6,,open,,40.1820694,44.4969678,https://www.google.com/maps/place/Kinezis+Medical+Center/data=!4m7!3m6!1s0x406abd00c2bf0bfb:0x7443c5df4e1f1c9a!8m2!3d40.1820694!4d44.4969678!16s%2Fg%2F11gg64w66z!19sChIJ-wu_wgC9akARmhwfTt_FQ3Q,"medical clinic in Kentron, Yerevan"
0x406abd0001ff4a1d:0xbb87e5ba50c140c9,Komitas 22,Medical clinic,клиника,Ереван,"22 Komitas Ave, Yerevan, Armenia",,,,,,,,,,,open,,40.2028266,44.4994044,https://www.google.com/maps/place/Komitas+22/data=!4m7!3m6!1s0x406abd0001ff4a1d:0xbb87e5ba50c140c9!8m2!3d40.2028266!4d44.4994044!16s%2Fg%2F11md0x2tv9!19sChIJHUr_AQC9akARyUDBULrlh7s,"medical clinic in Arabkir, Yerevan"
0x406abdc01f39395d:0xb7e881139d0a8876,Lantana Physiotherapy Center,Physical therapy clinic,клиника,Ереван,"5GG7+FF7, Yerevan, Armenia",,,,,,,,,5.0,,open,,40.1761728,44.5136786,https://www.google.com/maps/place/Lantana+Physiotherapy+Center/data=!4m7!3m6!1s0x406abdc01f39395d:0xb7e881139d0a8876!8m2!3d40.1761728!4d44.5136786!16s%2Fg%2F11v539y925!19sChIJXTk5H8C9akARdogKnROB6Lc,"medical clinic in Kentron, Yerevan"
0x406abd83ef2b2001:0xdb1bf1624ae5f04b,MEDinES Clinic,Medical clinic,клиника,Ереван,"33, 5 Martiros Saryan St, Yerevan 0002, Armenia",+37455505605,,,,,,,,4.1,,open,,40.1866142,44.5089171,https://www.google.com/maps/place/MEDinES+Clinic/data=!4m7!3m6!1s0x406abd83ef2b2001:0xdb1bf1624ae5f04b!8m2!3d40.1866142!4d44.5089171!16s%2Fg%2F11sdb7qcx4!19sChIJASAr74O9akARS_DlSmLxG9s,"medical clinic in Kentron, Yerevan"
0x406abb7150befd0d:0xab3d8f97a39dc779,MOSO electronjig,Diagnostic center,клиника,Ереван,"50st, Yerevan 0000, Armenia",+37441505605,,,,,,,,5.0,,open,,40.1459569,44.5344572,https://www.google.com/maps/place/MOSO+electronjig/data=!4m7!3m6!1s0x406abb7150befd0d:0xab3d8f97a39dc779!8m2!3d40.1459569!4d44.5344572!16s%2Fg%2F11z0yjtz8g!19sChIJDf2-UHG7akARecedo5ePPas,"medical clinic in Erebuni, Yerevan"
0x406abd405601788b:0xe82bb14d0363b76c,Med Express,Medical clinic,клиника,Ереван,"22 Vagharsh Vagharshyan St, Yerevan, Armenia",+37410279747,,,,,,,,3.5,,open,,40.2022215,44.4993041,https://www.google.com/maps/place/Med+Express/data=!4m7!3m6!1s0x406abd405601788b:0xe82bb14d0363b76c!8m2!3d40.2022215!4d44.4993041!16s%2Fg%2F11d_8qws26!19sChIJi3gBVkC9akARbLdjA02xK-g,"medical clinic in Arabkir, Yerevan"
0x406abde177279e19:0xaf3bcad94a2b99e0,MedGen,Medical Center,клиника,Ереван,"Sayat-Nova 33, Yerevan 0001, Armenia",+37441906099,,,,,,,,5.0,,open,,40.1806808,44.5228534,https://www.google.com/maps/place/MedGen/data=!4m7!3m6!1s0x406abde177279e19:0xaf3bcad94a2b99e0!8m2!3d40.1806808!4d44.5228534!16s%2Fg%2F11sf835gfw!19sChIJGZ4nd-G9akAR4JkrStnKO68,"medical clinic in Kentron, Yerevan"
0x406aa3002d501a39:0x4073d6758edb5ddf,Medical Center,Hospital,клиника,Ереван,"6H68+3F4, 44 Marshal Khudiakov St, Yerevan, Armenia",,,,,,,,,,,open,,40.2102936,44.5660367,https://www.google.com/maps/place/Medical+Center/data=!4m7!3m6!1s0x406aa3002d501a39:0x4073d6758edb5ddf!8m2!3d40.2102936!4d44.5660367!16s%2Fg%2F11nvt1qmwd!19sChIJORpQLQCjakAR313bjnXWc0A,"medical clinic in Kentron, Yerevan"
0x406abd31db827b91:0x80b956b4528c959d,NS Cardiovascular Medical Diagnostic Center,Diagnostic center,клиника,Ереван,"10 Azatutyan Ave, Yerevan 0037, Armenia",+37410202943,,,,,,,,5.0,,open,,40.2018994,44.5227975,https://www.google.com/maps/place/NS+Cardiovascular+Medical+Diagnostic+Center/data=!4m7!3m6!1s0x406abd31db827b91:0x80b956b4528c959d!8m2!3d40.2018994!4d44.5227975!16s%2Fg%2F11_0nn75r!19sChIJkXuC2zG9akARnZWMUrRWuYA,"medical clinic in Kentron, Yerevan"
0x406abbf4022e2c79:0xb99ac4f85dd72038,Nor Aresh Polyclinic,Hospital,клиника,Ереван,"82, 2 Azatamartikner Ave, Yerevan, Armenia",+37415550550,,,,,,,,2.4,,open,,40.1465815,44.5119603,https://www.google.com/maps/place/Nor+Aresh+Polyclinic/data=!4m7!3m6!1s0x406abbf4022e2c79:0xb99ac4f85dd72038!8m2!3d40.1465815!4d44.5119603!16s%2Fg%2F11c5rt2dts!19sChIJeSwuAvS7akAROCDXXfjEmrk,"medical clinic in Erebuni, Yerevan"
0x406a97d910c61973:0xe34acc3162bbee45,Nver Ani,Medical clinic,клиника,Ереван,"91 Arno Babajanyan St, Yerevan, Armenia",+37410729490,,,,,,,,3.9,,open,,40.1649926,44.4413642,https://www.google.com/maps/place/Nver+Ani/data=!4m7!3m6!1s0x406a97d910c61973:0xe34acc3162bbee45!8m2!3d40.1649926!4d44.4413642!16s%2Fg%2F11dxjnl35l!19sChIJcxnGENmXakARRe67YjHMSuM,"medical clinic in Malatia-Sebastia, Yerevan"
0x406abdfacddcb161:0x84218fc3bc6a7876,PAVL - MED Mental health center,Psychiatric hospital,клиника,Ереван,"2a Andranik Zoravar St, Yerevan, Armenia",+37496090944,,,,,,,,4.6,39,open,,40.1835644,44.4490373,https://www.google.com/maps/place/PAVL+-+MED+Mental+health+center/data=!4m7!3m6!1s0x406abdfacddcb161:0x84218fc3bc6a7876!8m2!3d40.1835644!4d44.4490373!16s%2Fg%2F11rvdc05kf!19sChIJYbHczfq9akARdnhqvMOPIYQ,"medical clinic in Kentron, Yerevan"
0x406abd9a13f18e85:0x8dad988358335fe2,Polyclinic No.15,Hospital,клиника,Ереван,"9 Sebastia St, Yerevan 0018, Armenia",+37410744830,,,,,,,,2.5,,open,,40.1878052,44.462311,https://www.google.com/maps/place/Polyclinic+No.15/data=!4m7!3m6!1s0x406abd9a13f18e85:0x8dad988358335fe2!8m2!3d40.1878052!4d44.462311!16s%2Fg%2F1pyqn8qk8!19sChIJhY7xE5q9akAR4l8zWIOYrY0,"medical clinic in Malatia-Sebastia, Yerevan"
0x406abc67e9c728a5:0xd9549cbc9ce5efa3,Polyclinic No.17,Walk-in clinic,клиника,Ереван,"36a Tigran Mets Ave, Yerevan, Armenia",+37410582711,,,,,,,,3.9,,open,,40.1636535,44.5118165,https://www.google.com/maps/place/Polyclinic+No.17/data=!4m7!3m6!1s0x406abc67e9c728a5:0xd9549cbc9ce5efa3!8m2!3d40.1636535!4d44.5118165!16s%2Fg%2F11h0xs92c!19sChIJpSjH6We8akARo-_lnLycVNk,"medical clinic in Kentron, Yerevan"
0x406abd9fdd99711f:0xc8d11351863a89f9,Polyclinic No.19,Walk-in clinic,клиника,Ереван,"Apartment no.41, 10 Leningradyan St, Yerevan 0038, Armenia",+37410390525,,,,,,,,5.0,,open,,40.189787,44.4762772,https://www.google.com/maps/place/Polyclinic+No.19/data=!4m7!3m6!1s0x406abd9fdd99711f:0xc8d11351863a89f9!8m2!3d40.189787!4d44.4762772!16s%2Fg%2F11gz9qxsp!19sChIJH3GZ3Z-9akAR-Yk6hlET0cg,"medical clinic in Malatia-Sebastia, Yerevan"
0x406abcfce5bedcb7:0xc653984bfc5fda66,Polyclinic No.2,Hospital,клиника,Ереван,"54 շենք Aram Street, Yerevan 0002, Armenia",+37410530801,,,,,,,,2.8,,open,,40.1820911,44.5106067,https://www.google.com/maps/place/Polyclinic+No.2/data=!4m7!3m6!1s0x406abcfce5bedcb7:0xc653984bfc5fda66!8m2!3d40.1820911!4d44.5106067!16s%2Fg%2F11h11w2k7!19sChIJt9y-5fy8akARZtpf_EuYU8Y,"medical clinic in Kentron, Yerevan"
0x406abce6c8d5b01f:0xaff3d815ae7584c2,Polyclinic No.4,Hospital,клиника,Ереван,"13 Moskovyan Street, Yerevan 0001, Armenia",+37410580395,,,,,,,,2.7,,open,,40.1850105,44.5221517,https://www.google.com/maps/place/Polyclinic+No.4/data=!4m7!3m6!1s0x406abce6c8d5b01f:0xaff3d815ae7584c2!8m2!3d40.1850105!4d44.5221517!16s%2Fg%2F119tqr2zg!19sChIJH7DVyOa8akARwoR1rhXY868,"medical clinic in Kentron, Yerevan"
0x406abd8cec1b498f:0x771d03700e534e10,Premier Clinic,Skin care clinic,клиника,Ереван,"13 Buzand St, Yerevan, Armenia",+37411200000,,,,,,,,4.3,,open,,40.1805815,44.5107557,https://www.google.com/maps/place/Premier+Clinic/data=!4m7!3m6!1s0x406abd8cec1b498f:0x771d03700e534e10!8m2!3d40.1805815!4d44.5107557!16s%2Fg%2F11hs42rfzm!19sChIJj0kb7Iy9akAREE5TDnADHXc,"medical clinic in Kentron, Yerevan"
0x406abd276880e5af:0xc67bcf213954add6,Primamed Clinic,Medical clinic,клиника,Ереван,"27 Hrachya Kochar St, Yerevan 0033, Armenia",+37493226669,,,,,,,,4.5,,open,,40.2022715,44.5042234,https://www.google.com/maps/place/Primamed+Clinic/data=!4m7!3m6!1s0x406abd276880e5af:0xc67bcf213954add6!8m2!3d40.2022715!4d44.5042234!16s%2Fg%2F11l2bz97yk!19sChIJr-WAaCe9akAR1q1UOSHPe8Y,"medical clinic in Kentron, Yerevan"
0x406abd0d70a7a779:0xf19d466c90ba755c,Promax,Diagnostic center,клиника,Ереван,"47/22 Orbeli Brothers St, Yerevan 0028, Armenia",+37410229325,,,,,,,,5.0,,open,,40.1931386,44.490076,https://www.google.com/maps/place/Promax/data=!4m7!3m6!1s0x406abd0d70a7a779:0xf19d466c90ba755c!8m2!3d40.1931386!4d44.490076!16s%2Fg%2F11f01v299b!19sChIJeaencA29akARXHW6kGxGnfE,"medical clinic in Malatia-Sebastia, Yerevan"
0x406aa3af7f6b92f9:0xbae1a869b9ad4f63,Promed Armenia,Medical clinic,клиника,Ереван,"8, 2 Nikoghayos Adonts St, Yerevan 0014, Armenia",+37498466775,,,,,,,,5.0,,open,,40.2136702,44.520581,https://www.google.com/maps/place/Promed+Armenia/data=!4m7!3m6!1s0x406aa3af7f6b92f9:0xbae1a869b9ad4f63!8m2!3d40.2136702!4d44.520581!16s%2Fg%2F11sx3j7cqz!19sChIJ-ZJrf6-jakARY0-tuWmo4bo,"medical clinic in Arabkir, Yerevan"
0x406abd000b588b6d:0x723b59c2384c6db6,Rovi Medicl,Reproductive health clinic,клиника,Ереван,"6F2V+8V9, Yerevan, Armenia",,,,,,,,,5.0,2,open,,40.2007799,44.4947433,https://www.google.com/maps/place/Rovi+Medicl/data=!4m7!3m6!1s0x406abd000b588b6d:0x723b59c2384c6db6!8m2!3d40.2007799!4d44.4947433!16s%2Fg%2F11zhb28zn0!19sChIJbYtYCwC9akARtm1MOMJZO3I,"medical clinic in Arabkir, Yerevan"
0x406abc273d5ff659:0x7a00fc24d4e8eed0,Surb Astvatsamayr Medical Center,Hospital,клиника,Ереван,"46a Artashesyan St, Yerevan, Armenia",+37410464115,,,,,,,,3.8,,open,,40.1521707,44.4740438,https://www.google.com/maps/place/Surb+Astvatsamayr+Medical+Center/data=!4m7!3m6!1s0x406abc273d5ff659:0x7a00fc24d4e8eed0!8m2!3d40.1521707!4d44.4740438!16s%2Fg%2F119tvkbq3!19sChIJWfZfPSe8akAR0O7o1CT8AHo,"medical clinic in Kentron, Yerevan"
0x406abcdcae485f21:0xaf7574d9422e2dd7,Surb Mariam Family Health Center,Hospital,клиника,Ереван,"123 Armenak Armenakyan St, Yerevan 0047, Armenia",+37410653665,,,,,,,,3.9,,open,,40.1869029,44.5347293,https://www.google.com/maps/place/Surb+Mariam+Family+Health+Center/data=!4m7!3m6!1s0x406abcdcae485f21:0xaf7574d9422e2dd7!8m2!3d40.1869029!4d44.5347293!16s%2Fg%2F119wfd1gl!19sChIJIV9Irty8akAR1y0uQtl0da8,"medical clinic in Kentron, Yerevan"
0x406abd007d64dd21:0x4122807c68398e1f,Uventa Medical Centre,Medical Center,клиника,Ереван,"44 Paronyan St, Yerevan, Armenia",,,,,,,,,5.0,,open,,40.1849392,44.5028345,https://www.google.com/maps/place/Uventa+Medical+Centre/data=!4m7!3m6!1s0x406abd007d64dd21:0x4122807c68398e1f!8m2!3d40.1849392!4d44.5028345!16s%2Fg%2F11yp9djk0d!19sChIJId1kfQC9akARH445aHyAIkE,"medical clinic in Kentron, Yerevan"
0x406abd5a443bd23d:0x2486d1097fbbabfe,VIktoria Dent,Dental clinic,клиника,Ереван,"58, 36 Garegin Nzhdeh St, Yerevan 0026, Armenia",+37494219319,,,,,,,,5.0,,open,,40.1518577,44.4973771,https://www.google.com/maps/place/VIktoria+Dent/data=!4m7!3m6!1s0x406abd5a443bd23d:0x2486d1097fbbabfe!8m2!3d40.1518577!4d44.4973771!16s%2Fg%2F11sdkcgszq!19sChIJPdI7RFq9akAR_qu7fwnRhiQ,"medical clinic in Malatia-Sebastia, Yerevan"
0x406abd49e0f2239d:0x2d8793fbac5221c1,Vicmed Medical Center,Hospital,клиника,Ереван,"43/1 Komitas Ave, Yerevan 0051, Armenia",+37410282282,,,,,,,,4.0,,open,,40.207074,44.5130449,https://www.google.com/maps/place/Vicmed+Medical+Center/data=!4m7!3m6!1s0x406abd49e0f2239d:0x2d8793fbac5221c1!8m2!3d40.207074!4d44.5130449!16s%2Fg%2F113h4j167!19sChIJnSPy4Em9akARwSFSrPuThy0,"medical clinic in Kentron, Yerevan"
0x406abdbbfd640de3:0x61b74c37a49ce421,Vitaline Medical Centre,Medical Center,клиника,Ереван,"34 Leningradyan St, Yerevan, Armenia",+37411414014,,,,,,,,,,open,,40.1917694,44.472521,https://www.google.com/maps/place/Vitaline+Medical+Centre/data=!4m7!3m6!1s0x406abdbbfd640de3:0x61b74c37a49ce421!8m2!3d40.1917694!4d44.472521!16s%2Fg%2F11lyjflk9c!19sChIJ4w1k_bu9akARIeScpDdMt2E,"medical clinic in Kentron, Yerevan"
0x406abd652444bb53:0x120b05677e8d9ecc,Yeghsan Melikyan diagnostic center,Diagnostic center,клиника,Ереван,"5FM6+PGX, Sebastia St, Yerevan, Armenia",+37493131432,,,,,,,,,,open,,40.1843724,44.4613745,https://www.google.com/maps/place/Yeghsan+Melikyan+diagnostic+center/data=!4m7!3m6!1s0x406abd652444bb53:0x120b05677e8d9ecc!8m2!3d40.1843724!4d44.4613745!16s%2Fg%2F11pytf398j!19sChIJU7tEJGW9akARzJ6NfmcFCxI,"medical clinic in Malatia-Sebastia, Yerevan"
0x406abc147d211d9f:0x9a17137694764937,"Yerevan ""Arshakunyats"" Health centre CJSC",Hospital,клиника,Ереван,"43 Arshakunyats Ave, Yerevan, Armenia",+37410440232,,,,,,,,3.3,,open,,40.154933,44.5013346,https://www.google.com/maps/place/Yerevan+%22Arshakunyats%22+Health+centre+CJSC/data=!4m7!3m6!1s0x406abc147d211d9f:0x9a17137694764937!8m2!3d40.154933!4d44.5013346!16s%2Fg%2F1hfc116tq!19sChIJnx0hfRS8akARN0l2lHYTF5o,"medical clinic in Nor Nork, Yerevan"
0x406abd59b89d605f:0x3d48a42c009301f1,drdallakyan,Medical Center,клиника,Ереван,"1 Artsakh Ave, Yerevan, Armenia",+37441443046,,,,,,,,,,open,,40.1549,44.5112893,https://www.google.com/maps/place/drdallakyan/data=!4m7!3m6!1s0x406abd59b89d605f:0x3d48a42c009301f1!8m2!3d40.1549!4d44.5112893!16s%2Fg%2F11mrst1sx1!19sChIJX2CduFm9akAR8QGTACykSD0,"medical clinic in Erebuni, Yerevan"
0x406abd9eb04db2f3:0x18c3d8d1c83f7f47,psychiatry/forensic psychiatry/ addictions,Psychiatrist,клиника,Ереван,"5, 1 Proshyan Street, Yerevan 0010, Armenia",+37491407932,,,,,,,,,,open,,40.1905336,44.5047633,https://www.google.com/maps/place/psychiatry%2Fforensic+psychiatry%2F+addictions/data=!4m7!3m6!1s0x406abd9eb04db2f3:0x18c3d8d1c83f7f47!8m2!3d40.1905336!4d44.5047633!16s%2Fg%2F11yvjtsdkx!19sChIJ87JNsJ69akARR38_yNHYwxg,"medical clinic in Malatia-Sebastia, Yerevan"
0x406abdece1aaa95f:0xa37b1ebfe6468166,«Սեբաստիա» բժշկական կենտրոն,Medical Center,клиника,Ереван,"3, 1 Andranik Zoravar St, Yerevan 0084, Armenia",+37410749101,,,,,,,,5.0,,open,,40.1838137,44.4488681,https://www.google.com/maps/place/%C2%AB%D5%8D%D5%A5%D5%A2%D5%A1%D5%BD%D5%BF%D5%AB%D5%A1%C2%BB+%D5%A2%D5%AA%D5%B7%D5%AF%D5%A1%D5%AF%D5%A1%D5%B6+%D5%AF%D5%A5%D5%B6%D5%BF%D6%80%D5%B8%D5%B6/data=!4m7!3m6!1s0x406abdece1aaa95f:0xa37b1ebfe6468166!8m2!3d40.1838137!4d44.4488681!16s%2Fg%2F11c6t9d8s0!19sChIJX6mq4ey9akARZoFG5r8ee6M,"medical clinic in Malatia-Sebastia, Yerevan"
0x406abcee3efaaaab:0x3bacd1e5971440ef,Арфа Мед,Medical Center,клиника,Ереван,"7 Alek Manukyan St, Yerevan 0070, Armenia",+37495525210,,,,,,,,5.0,,open,,40.1780461,44.5247957,https://www.google.com/maps/place/%D0%90%D1%80%D1%84%D0%B0+%D0%9C%D0%B5%D0%B4/data=!4m7!3m6!1s0x406abcee3efaaaab:0x3bacd1e5971440ef!8m2!3d40.1780461!4d44.5247957!16s%2Fg%2F11f48s1qh3!19sChIJq6r6Pu68akAR70AUl-XRrDs,"medical clinic in Nor Nork, Yerevan"
0x406ab931f105607f:0x9e042b4dc1ac6a66,Поликлиника,Walk-in clinic,клиника,Ереван,"4FCG+322, Yerevan, Armenia",+37410480225,,,,,,,,5.0,,open,,40.1201311,44.4750293,https://www.google.com/maps/place/%D0%9F%D0%BE%D0%BB%D0%B8%D0%BA%D0%BB%D0%B8%D0%BD%D0%B8%D0%BA%D0%B0/data=!4m7!3m6!1s0x406ab931f105607f:0x9e042b4dc1ac6a66!8m2!3d40.1201311!4d44.4750293!16s%2Fg%2F11c5dg1jv2!19sChIJf2AF8TG5akARZmqswU0rBJ4,"medical clinic in Shengavit, Yerevan"
0x406abdf6f661492d:0x2aa2d778bc6f51b5,Ամիգդալա հոգեբանական զարգացման կենտրոն,Psychotherapist,клиника,Ереван,"109, 3 Raffi St, Yerevan, Armenia",+37441774004,,,,,,,,,,open,,40.174365,44.450067,https://www.google.com/maps/place/%D4%B1%D5%B4%D5%AB%D5%A3%D5%A4%D5%A1%D5%AC%D5%A1+%D5%B0%D5%B8%D5%A3%D5%A5%D5%A2%D5%A1%D5%B6%D5%A1%D5%AF%D5%A1%D5%B6+%D5%A6%D5%A1%D6%80%D5%A3%D5%A1%D6%81%D5%B4%D5%A1%D5%B6+%D5%AF%D5%A5%D5%B6%D5%BF%D6%80%D5%B8%D5%B6/data=!4m7!3m6!1s0x406abdf6f661492d:0x2aa2d778bc6f51b5!8m2!3d40.174365!4d44.450067!16s%2Fg%2F11tg5bx67x!19sChIJLUlh9va9akARtVFvvHjXoio,"medical clinic in Malatia-Sebastia, Yerevan"
0x406aa3003b5cc45d:0xb70f1d94b613f78c,Աչքի առողջության ինստիտուտ / Eye Health Institute,Medical Center,клиника,Ереван,"8/1 Bagrevand St, Yerevan, Armenia",,,,,,,,,3.8,,open,,40.2066567,44.5764463,https://www.google.com/maps/place/%D4%B1%D5%B9%D6%84%D5%AB+%D5%A1%D5%BC%D5%B8%D5%B2%D5%BB%D5%B8%D6%82%D5%A9%D5%B5%D5%A1%D5%B6+%D5%AB%D5%B6%D5%BD%D5%BF%D5%AB%D5%BF%D5%B8%D6%82%D5%BF+%2F+Eye+Health+Institute/data=!4m7!3m6!1s0x406aa3003b5cc45d:0xb70f1d94b613f78c!8m2!3d40.2066567!4d44.5764463!16s%2Fg%2F11y7bwtv5m!19sChIJXcRcOwCjakARjPcTtpQdD7c,"medical clinic in Nor Nork, Yerevan"
0x406abcd92ca10be7:0x9ccaf8ba542835b1,Թիվ 1 Հիվանդանոցի Ընդունարան,Medical clinic,клиника,Ереван,"60 Abovyan St, Yerevan 0025, Armenia",+37410582244,,,,,,,,2.0,,open,,40.1907936,44.5280858,https://www.google.com/maps/place/%D4%B9%D5%AB%D5%BE+1+%D5%80%D5%AB%D5%BE%D5%A1%D5%B6%D5%A4%D5%A1%D5%B6%D5%B8%D6%81%D5%AB+%D4%B8%D5%B6%D5%A4%D5%B8%D6%82%D5%B6%D5%A1%D6%80%D5%A1%D5%B6/data=!4m7!3m6!1s0x406abcd92ca10be7:0x9ccaf8ba542835b1!8m2!3d40.1907936!4d44.5280858!16s%2Fg%2F11g8h0ysz0!19sChIJ5wuhLNm8akARsTUoVLr4ypw,"medical clinic in Kentron, Yerevan"
0x406abd6b2d282353:0x738754d265abc9c2,Մարիամ,Medical Center,клиника,Ереван,"2, Yerevan, Armenia",,,,,,,,,,,open,,40.1872023,44.515209,https://www.google.com/maps/place/%D5%84%D5%A1%D6%80%D5%AB%D5%A1%D5%B4/data=!4m7!3m6!1s0x406abd6b2d282353:0x738754d265abc9c2!8m2!3d40.1872023!4d44.515209!16s%2Fg%2F11yzw2djjt!19sChIJUyMoLWu9akARwsmrZdJUh3M,"medical clinic in Kentron, Yerevan"
0x406abd782a2215f3:0xc50eea98a711564b,Միրզոյան,Medical Center,клиника,Ереван,"33 a, Moskovyan Street, Yerevan 0001, Armenia",+37495277225,,,,,,,,5.0,,open,,40.187779,44.5126036,https://www.google.com/maps/place/%D5%84%D5%AB%D6%80%D5%A6%D5%B8%D5%B5%D5%A1%D5%B6/data=!4m7!3m6!1s0x406abd782a2215f3:0xc50eea98a711564b!8m2!3d40.187779!4d44.5126036!16s%2Fg%2F11tslrm0y4!19sChIJ8xUiKni9akARS1YRp5jqDsU,"medical clinic in Kentron, Yerevan"
0x406abd1d59f75fb3:0x74c2b5681b3a1b2f,"Ուիգմոր Քլինիք, Wigmore Clinic",Medical clinic,клиника,Ереван,"56 Pushkin St, Yerevan 0002, Armenia",+37412345678,,,,,,,,4.0,,open,,40.1848875,44.5098577,"https://www.google.com/maps/place/%D5%88%D6%82%D5%AB%D5%A3%D5%B4%D5%B8%D6%80+%D5%94%D5%AC%D5%AB%D5%B6%D5%AB%D6%84,+Wigmore+Clinic/data=!4m7!3m6!1s0x406abd1d59f75fb3:0x74c2b5681b3a1b2f!8m2!3d40.1848875!4d44.5098577!16s%2Fg%2F11g691kf58!19sChIJs1_3WR29akARLxs6G2i1wnQ","medical clinic in Kentron, Yerevan"
0x406abb58433460a3:0x15e7e8883b1aba72,ժեկանմամ մի բան,Women's health clinic,клиника,Ереван,"1 Vilnius St, Yerevan 0059, Armenia",,,,,,,,,4.0,2,open,,40.1727216,44.5718008,https://www.google.com/maps/place/%D5%AA%D5%A5%D5%AF%D5%A1%D5%B6%D5%B4%D5%A1%D5%B4+%D5%B4%D5%AB+%D5%A2%D5%A1%D5%B6/data=!4m7!3m6!1s0x406abb58433460a3:0x15e7e8883b1aba72!8m2!3d40.1727216!4d44.5718008!16s%2Fg%2F11fxb856n7!19sChIJo2A0Q1i7akARcroaO4jo5xU,"medical clinic in Nor Nork, Yerevan"
0x406abd004bac4a85:0x6e16d91e404f9c87,88 bakery,Bakery,кондитерская,Ереван,"7 Halabyan St, Yerevan 0038, Armenia",,,,,,,,,5.0,,open,,40.1917117,44.4784129,https://www.google.com/maps/place/88+bakery/data=!4m7!3m6!1s0x406abd004bac4a85:0x6e16d91e404f9c87!8m2!3d40.1917117!4d44.4784129!16s%2Fg%2F11y50m69gp!19sChIJhUqsSwC9akARh5xPQB7ZFm4,"pastry shop in Arabkir, Yerevan"
0x406abd7fe7d5f857:0x34bea9f2618ca11b,Aghababyan Cake,Pastry shop,кондитерская,Ереван,"42/4 Mantashian St, Yerevan 0039, Armenia",+37493586369,,,,,,,,5.0,,open,,40.1539838,44.4846875,https://www.google.com/maps/place/Aghababyan+Cake/data=!4m7!3m6!1s0x406abd7fe7d5f857:0x34bea9f2618ca11b!8m2!3d40.1539838!4d44.4846875!16s%2Fg%2F11y76s5fdl!19sChIJV_jV53-9akARG6GMYfKpvjQ,"pastry shop in Shengavit, Yerevan"
0x406abd9aaebef5fb:0xb4d0770516ca97ea,Ainjar arabic sweets and coffee,Candy store,кондитерская,Ереван,"8/78 Կոմիտաս, Yerevan, Armenia",+37455667550,,,,,,,,4.8,,open,,40.2004731,44.4936509,https://www.google.com/maps/place/Ainjar+arabic+sweets+and+coffee/data=!4m7!3m6!1s0x406abd9aaebef5fb:0xb4d0770516ca97ea!8m2!3d40.2004731!4d44.4936509!16s%2Fg%2F11t8628n1_!19sChIJ-_W-rpq9akAR6pfKFgV30LQ,"pastry shop in Arabkir, Yerevan"
0x406abd5d646c69d5:0x3e272b6528815b59,Alisa cake,Confectionery store,кондитерская,Ереван,"8 Azatutyan Ave, Yerevan, Armenia",,,,,,,,,,,open,,40.2011858,44.522166,https://www.google.com/maps/place/Alisa+cake/data=!4m7!3m6!1s0x406abd5d646c69d5:0x3e272b6528815b59!8m2!3d40.2011858!4d44.522166!16s%2Fg%2F11nj7dgjf5!19sChIJ1WlsZF29akARWVuBKGUrJz4,"pastry shop in Nor Nork, Yerevan"
0x406abd00588e2403:0x6b0ea6ab2427c1f4,Artisan Bakery,Bakery,кондитерская,Ереван,"16 Isahakyan St, Yerevan, Armenia",,,,,,,,,,,open,,40.1857197,44.5237152,https://www.google.com/maps/place/Artisan+Bakery/data=!4m7!3m6!1s0x406abd00588e2403:0x6b0ea6ab2427c1f4!8m2!3d40.1857197!4d44.5237152!16s%2Fg%2F11zx_7r2t2!19sChIJAySOWAC9akAR9MEnJKumDms,"pastry shop in Kentron, Yerevan"
0x406abd3231cbe8ed:0x6bed37c724d0224c,Artsweet,Confectionery store,кондитерская,Ереван,"122 Nairi Zaryan St, Yerevan, Armenia",+37477202225,,,,,,,,4.4,,open,,40.2038668,44.5218599,https://www.google.com/maps/place/Artsweet/data=!4m7!3m6!1s0x406abd3231cbe8ed:0x6bed37c724d0224c!8m2!3d40.2038668!4d44.5218599!16s%2Fg%2F11g6mj1pym!19sChIJ7ejLMTK9akARTCLQJMc37Ws,"pastry shop in Arabkir, Yerevan"
0x406abd0002881891:0x5bfaadf979ea7a37,BONBONYan Bakery,Bakery,кондитерская,Ереван,"22 Hrachya Kochar St, Yerevan 0012, Armenia",+37433787100,,,,,,,,5.0,,open,,40.2015811,44.5027161,https://www.google.com/maps/place/BONBONYan+Bakery/data=!4m7!3m6!1s0x406abd0002881891:0x5bfaadf979ea7a37!8m2!3d40.2015811!4d44.5027161!16s%2Fg%2F11z3lff0mp!19sChIJkRiIAgC9akARN3rqefmt-ls,"pastry shop in Kentron, Yerevan"
0x406abd4594f2223b:0xc9c7c31e46fb4763,Bake Bakery,Bakery,кондитерская,Ереван,"35 Pushkin St, Yerevan 0002, Armenia",+37493424297,,,,,,,,4.4,,open,,40.1834823,44.5113233,https://www.google.com/maps/place/Bake+Bakery/data=!4m7!3m6!1s0x406abd4594f2223b:0xc9c7c31e46fb4763!8m2!3d40.1834823!4d44.5113233!16s%2Fg%2F11s4f9fmv8!19sChIJOyLylEW9akARY0f7Rh7Dx8k,"pastry shop in Kentron, Yerevan"
0x406a97fd1ae1b11b:0x2a76c470e44db6e8,Baker's Shop,Bakery,кондитерская,Ереван,"1 Tigran Petrosyan St, Yerevan 0054, Armenia",,,,,,,,,5.0,,open,,40.2176203,44.4876142,https://www.google.com/maps/place/Baker%27s+Shop/data=!4m7!3m6!1s0x406a97fd1ae1b11b:0x2a76c470e44db6e8!8m2!3d40.2176203!4d44.4876142!16s%2Fg%2F11c5xthljz!19sChIJG7HhGv2XakAR6LZN5HDEdio,"pastry shop in Arabkir, Yerevan"
0x406abb506ea78921:0xa727a088b16705b8,Bakery,Cookie shop,кондитерская,Ереван,"Գյուլբենկյան 26/5 Երևան Гюльбенкян 26/5, 5 Gyulbenkyan 26, Yerevan, Armenia",+37499612200,,,,,,,,5.0,,open,,40.1988475,44.4972213,https://www.google.com/maps/place/Bakery/data=!4m7!3m6!1s0x406abb506ea78921:0xa727a088b16705b8!8m2!3d40.1988475!4d44.4972213!16s%2Fg%2F11mswssk4c!19sChIJIYmnblC7akARuAVnsYigJ6c,"pastry shop in Kentron, Yerevan"
0x406abda24239e6a5:0x5be0ca728efbad4f,Bakery,Bakery,кондитерская,Ереван,"79 Hanrapetutyan St, Yerevan, Armenia",,,,,,,,,3.3,,open,,40.1788123,44.5206756,https://www.google.com/maps/place/Bakery/data=!4m7!3m6!1s0x406abda24239e6a5:0x5be0ca728efbad4f!8m2!3d40.1788123!4d44.5206756!16s%2Fg%2F11l5zfcdc3!19sChIJpeY5QqK9akART637jnLK4Fs,"pastry shop in Kentron, Yerevan"
0x406abd521f55ac21:0x9db73b75f675db02,Bakery,Bakery,кондитерская,Ереван,"26 Ghazar Parpetsi St, Yerevan, Armenia",,,,,,,,,3.0,,open,,40.185462,44.5115543,https://www.google.com/maps/place/Bakery/data=!4m7!3m6!1s0x406abd521f55ac21:0x9db73b75f675db02!8m2!3d40.185462!4d44.5115543!16s%2Fg%2F11l2kf3xb2!19sChIJIaxVH1K9akARAtt19nU7t50,"pastry shop in Kentron, Yerevan"
0x406abd15d88db665:0x1131b56e5145d495,Bakery,Bakery,кондитерская,Ереван,"43 Victor Hambardzumian Street, Yerevan, Armenia",,,,,,,,,4.7,,open,,40.1968581,44.4995759,https://www.google.com/maps/place/Bakery/data=!4m7!3m6!1s0x406abd15d88db665:0x1131b56e5145d495!8m2!3d40.1968581!4d44.4995759!16s%2Fg%2F11c1rtx6z2!19sChIJZbaN2BW9akARldRFUW61MRE,"pastry shop in Arabkir, Yerevan"
0x406abd000ea49fa5:0x14926bbe5b5de48e,Bakery,Bakery,кондитерская,Ереван,"4 Azatutyan Ave, Yerevan, Armenia",,,,,,,,,4.7,,open,,40.2005375,44.5214044,https://www.google.com/maps/place/Bakery/data=!4m7!3m6!1s0x406abd000ea49fa5:0x14926bbe5b5de48e!8m2!3d40.2005375!4d44.5214044!16s%2Fg%2F11xyhbbcjh!19sChIJpZ-kDgC9akARjuRdW75rkhQ,"pastry shop in Arabkir, Yerevan"
0x406abd0077590449:0x503deb883f59a2b,Bakery,Bakery,кондитерская,Ереван,"58, 12 Komitas Ave, Yerevan 0014, Armenia",,,,,,,,,,,open,,40.2062201,44.5191507,https://www.google.com/maps/place/Bakery/data=!4m7!3m6!1s0x406abd0077590449:0x503deb883f59a2b!8m2!3d40.2062201!4d44.5191507!16s%2Fg%2F11lz5kmpt3!19sChIJSQRZdwC9akARK5r1g7jeAwU,"pastry shop in Arabkir, Yerevan"
0x406aa300327fc509:0x2fe7ae5930ccbc39,Bakery,Bakery,кондитерская,Ереван,"34a Mamikoniants St, Yerevan 0014, Armenia",,,,,,,,,,,open,,40.209191,44.5237159,https://www.google.com/maps/place/Bakery/data=!4m7!3m6!1s0x406aa300327fc509:0x2fe7ae5930ccbc39!8m2!3d40.209191!4d44.5237159!16s%2Fg%2F11y43xky6y!19sChIJCcV_MgCjakARObzMMFmu5y8,"pastry shop in Arabkir, Yerevan"
0x406aa324ffcd66dd:0x48c5808ffae334bc,Bakery,Bakery,кондитерская,Ереван,"5HWC+Q9F, Moldovakan St, Yerevan, Armenia",,,,,,,,,,,open,,40.1966012,44.5707667,https://www.google.com/maps/place/Bakery/data=!4m7!3m6!1s0x406aa324ffcd66dd:0x48c5808ffae334bc!8m2!3d40.1966012!4d44.5707667!16s%2Fg%2F11jscqfms9!19sChIJ3WbN_ySjakARvDTj-o-AxUg,"pastry shop in Nor Nork, Yerevan"
0x406abd0039699cb1:0x302ee28d2bf5a17c,Bakery,Bakery,кондитерская,Ереван,"36 Khorhrdaran St, Yerevan, Armenia",,,,,,,,,5.0,,open,,40.1721205,44.5040495,https://www.google.com/maps/place/Bakery/data=!4m7!3m6!1s0x406abd0039699cb1:0x302ee28d2bf5a17c!8m2!3d40.1721205!4d44.5040495!16s%2Fg%2F11zddm9wb1!19sChIJsZxpOQC9akARfKH1K43iLjA,"pastry shop in Shengavit, Yerevan"
0x406abc23bdd84f95:0xe72508df15cafcac,Bakery,Bakery,кондитерская,Ереван,"5F3J+CHM, Chekhov St, Yerevan, Armenia",,,,,,,,,5.0,,open,,40.1535974,44.4814321,https://www.google.com/maps/place/Bakery/data=!4m7!3m6!1s0x406abc23bdd84f95:0xe72508df15cafcac!8m2!3d40.1535974!4d44.4814321!16s%2Fg%2F1tql37_h!19sChIJlU_YvSO8akARrPzKFd8IJec,"pastry shop in Shengavit, Yerevan"
0x406abda94b68278f:0x156b1af2b1093c3b,Bakery,Bakery,кондитерская,Ереван,"5G4F+44, Yerevan, Armenia",,,,,,,,,4.3,,open,,40.1552641,44.522825,https://www.google.com/maps/place/Bakery/data=!4m7!3m6!1s0x406abda94b68278f:0x156b1af2b1093c3b!8m2!3d40.1552641!4d44.522825!16s%2Fg%2F11jzkhjdlm!19sChIJjydoS6m9akAROzwJsfIaaxU,"pastry shop in Shengavit, Yerevan"
0x406abd0039b87187:0x51407ac9f53066ac,Bakery,Bakery,кондитерская,Ереван,"5G38+RVV, Sasuntsi Davit St, Yerevan, Armenia",,,,,,,,,,,open,,40.1546012,44.5170954,https://www.google.com/maps/place/Bakery/data=!4m7!3m6!1s0x406abd0039b87187:0x51407ac9f53066ac!8m2!3d40.1546012!4d44.5170954!16s%2Fg%2F11x_8ky7px!19sChIJh3G4OQC9akARrGYw9cl6QFE,"pastry shop in Shengavit, Yerevan"
0x406a971535f9a8f3:0xe4687e114af6935b,Bakery,Bakery,кондитерская,Ереван,"1 4-th St, Yerevan 0029, Armenia",,,,,,,,,5.0,,open,,40.2100144,44.4406649,https://www.google.com/maps/place/Bakery/data=!4m7!3m6!1s0x406a971535f9a8f3:0xe4687e114af6935b!8m2!3d40.2100144!4d44.4406649!16s%2Fg%2F11jy_0wm46!19sChIJ86j5NRWXakARW5P2ShF-aOQ,"pastry shop in Malatia-Sebastia, Yerevan"
0x406abd005a1abe33:0x4eb0e89c49087d1c,Bakery Davit,Bakery,кондитерская,Ереван,"5G45+7XR, Yerevan, Armenia",,,,,,,,,,,open,,40.155749,44.5098837,https://www.google.com/maps/place/Bakery+Davit/data=!4m7!3m6!1s0x406abd005a1abe33:0x4eb0e89c49087d1c!8m2!3d40.155749!4d44.5098837!16s%2Fg%2F11p1klhzj5!19sChIJM74aWgC9akARHH0ISZzosE4,"pastry shop in Shengavit, Yerevan"
0x406abda286d8cdd9:0x77a47ead28f1e4ca,Bakery Iranian,Bakery,кондитерская,Ереван,"12 Mesrop Mashtots Ave, Yerevan 0015, Armenia",,,,,,,,,5.0,,open,,40.1785579,44.505349,https://www.google.com/maps/place/Bakery+Iranian/data=!4m7!3m6!1s0x406abda286d8cdd9:0x77a47ead28f1e4ca!8m2!3d40.1785579!4d44.505349!16s%2Fg%2F11z9j92nrs!19sChIJ2c3YhqK9akARyuTxKK1-pHc,"pastry shop in Kentron, Yerevan"
0x406abd003d0796ef:0xde55de1e97d73e1b,Bakery Traditional,Bakery,кондитерская,Ереван,"45 Azatutyan Ave, Yerevan 0037, Armenia",,,,,,,,,,,open,,40.2005281,44.5214376,https://www.google.com/maps/place/Bakery+Traditional/data=!4m7!3m6!1s0x406abd003d0796ef:0xde55de1e97d73e1b!8m2!3d40.2005281!4d44.5214376!16s%2Fg%2F11x6nn1g_s!19sChIJ75YHPQC9akARGz7Xlx7eVd4,"pastry shop in Arabkir, Yerevan"
0x406abd005be70755:0x61049ff3fabbf1b8,Bakery khachapuri,Bakery,кондитерская,Ереван,"5GH2+GXF, Yerevan, Armenia",,,,,,,,,,,open,,40.1788054,44.5024351,https://www.google.com/maps/place/Bakery+khachapuri/data=!4m7!3m6!1s0x406abd005be70755:0x61049ff3fabbf1b8!8m2!3d40.1788054!4d44.5024351!16s%2Fg%2F11nhyx9g9c!19sChIJVQfnWwC9akARuPG7-vOfBGE,"pastry shop in Kentron, Yerevan"
0x406abd747947ff4f:0x3afd320c8a8a5ce6,Bakery(HAROUT),Bakery,кондитерская,Ереван,"9 Yervand Kochar St, Yerevan 0070, Armenia",,,,,,,,,5.0,,open,,40.1707017,44.5167825,https://www.google.com/maps/place/Bakery%28HAROUT%29/data=!4m7!3m6!1s0x406abd747947ff4f:0x3afd320c8a8a5ce6!8m2!3d40.1707017!4d44.5167825!16s%2Fg%2F11rv5vnn46!19sChIJT_9HeXS9akAR5lyKigwy_To,"pastry shop in Kentron, Yerevan"
0x406abd41b6578fe3:0x4b6355e42961d8ff,Balatoon Cherry House,Pastry shop,кондитерская,Ереван,"0033, 16 Komitas Ave, Yerevan 0033, Armenia",+37499352800,,,,,,,,4.2,,open,,40.2019871,44.4972425,https://www.google.com/maps/place/Balatoon+Cherry+House/data=!4m7!3m6!1s0x406abd41b6578fe3:0x4b6355e42961d8ff!8m2!3d40.2019871!4d44.4972425!16s%2Fg%2F11cn9l7qm7!19sChIJ449XtkG9akAR_9hhKeRVY0s,"pastry shop in Arabkir, Yerevan"
0x406abdfe214c4e25:0x87426ca41a9afb41,Blueberry,Bakery,кондитерская,Ереван,"Mashtots 20 Amiryan 7, 2 Tumanyan St, Yerevan 0011, Armenia",,,,,,,,,,,open,,40.181247,44.5085261,https://www.google.com/maps/place/Blueberry/data=!4m7!3m6!1s0x406abdfe214c4e25:0x87426ca41a9afb41!8m2!3d40.181247!4d44.5085261!16s%2Fg%2F11zbps2f0x!19sChIJJU5MIf69akARQfuaGqRsQoc,"pastry shop in Kentron, Yerevan"
0x406abd4008b4db37:0xdf8607ff94b43a37,Bonito,Cake shop,кондитерская,Ереван,"95 Andranik Zoravar St, Yerevan, Armenia",+37443034343,,,,,,,,4.3,,open,,40.170361,44.4462097,https://www.google.com/maps/place/Bonito/data=!4m7!3m6!1s0x406abd4008b4db37:0xdf8607ff94b43a37!8m2!3d40.170361!4d44.4462097!16s%2Fg%2F11kr7q3hs5!19sChIJN9u0CEC9akARNzq0lP8Hht8,"pastry shop in Shengavit, Yerevan"
0x406abd2dbb357d2b:0x1192914ee783af16,Booblik,Bakery,кондитерская,Ереван,"8 Badal Muradian St, Yerevan, Armenia",,,,,,,,,4.5,,open,,40.1863982,44.56409,https://www.google.com/maps/place/Booblik/data=!4m7!3m6!1s0x406abd2dbb357d2b:0x1192914ee783af16!8m2!3d40.1863982!4d44.56409!16s%2Fg%2F11h882cvq3!19sChIJK301uy29akARFq-D506RkhE,"pastry shop in Nor Nork, Yerevan"
0x406abd0068380705:0x9ee99790122067f0,Bread shop,Bakery,кондитерская,Ереван,"6G47+RF2, Yerevan, Armenia",,,,,,,,,5.0,,open,,40.2071129,44.5136951,https://www.google.com/maps/place/Bread+shop/data=!4m7!3m6!1s0x406abd0068380705:0x9ee99790122067f0!8m2!3d40.2071129!4d44.5136951!16s%2Fg%2F11y3rq78s5!19sChIJBQc4aAC9akAR8GcgEpCX6Z4,"pastry shop in Arabkir, Yerevan"
0x406abd2ef46a3b51:0xe17b6f9290f1e475,Buco,Bakery,кондитерская,Ереван,"20 Mesrop Mashtots Ave, Yerevan, Armenia",,,,,,,,,5.0,,open,,40.1810001,44.5083163,https://www.google.com/maps/place/Buco/data=!4m7!3m6!1s0x406abd2ef46a3b51:0xe17b6f9290f1e475!8m2!3d40.1810001!4d44.5083163!16s%2Fg%2F11kqr_mgzc!19sChIJUTtq9C69akARdeTxkJJve-E,"pastry shop in Kentron, Yerevan"
0x406abd00580f4bb3:0x9785a603c80f3863,Caffe'In,Coffee shop,кондитерская,Ереван,"Next to Aleen Color LAB, 36/1 Martiros Saryan St, Yerevan 0002, Armenia",,,,,,,,,5.0,,open,,40.1803413,44.5048772,https://www.google.com/maps/place/Caffe%27In/data=!4m7!3m6!1s0x406abd00580f4bb3:0x9785a603c80f3863!8m2!3d40.1803413!4d44.5048772!16s%2Fg%2F11z3mq3rfh!19sChIJs0sPWAC9akARYzgPyAOmhZc,"pastry shop in Kentron, Yerevan"
0x406abcfcac0145e5:0x56bdd5cddf934eba,Celavi,Cafe,кондитерская,Ереван,"10, 1 Northern Ave, Yerevan 0010, Armenia",+37494808096,,,,,,,,4.3,,open,,40.1817872,44.5141192,https://www.google.com/maps/place/Celavi/data=!4m7!3m6!1s0x406abcfcac0145e5:0x56bdd5cddf934eba!8m2!3d40.1817872!4d44.5141192!16s%2Fg%2F1pv043qmm!19sChIJ5UUBrPy8akARuk6T383VvVY,"pastry shop in Kentron, Yerevan"
0x406abd00665329c1:0x5572ef9aa0f9685f,ChaArt,Coffee shop,кондитерская,Ереван,"19, 1 Marshal Baghramyan Ave, Yerevan, Armenia",,,,,,,,,4.8,,open,,40.1917786,44.5056073,https://www.google.com/maps/place/ChaArt/data=!4m7!3m6!1s0x406abd00665329c1:0x5572ef9aa0f9685f!8m2!3d40.1917786!4d44.5056073!16s%2Fg%2F11z0_nj6n4!19sChIJwSlTZgC9akARX2j5oJrvclU,"pastry shop in Nor Nork, Yerevan"
0x406abd659fc8775f:0x5cdee2a6b8198185,Chimney Cake Family,Bakery,кондитерская,Ереван,"Dalma Garden Mall(Cinema Star area, Tsitsernakaberd Hwy, Yerevan, Armenia",+37441499809,,,,,,,,4.3,,open,,40.1796059,44.4872354,https://www.google.com/maps/place/Chimney+Cake+Family/data=!4m7!3m6!1s0x406abd659fc8775f:0x5cdee2a6b8198185!8m2!3d40.1796059!4d44.4872354!16s%2Fg%2F11kt8nwbbm!19sChIJX3fIn2W9akARhYEZuKbi3lw,"pastry shop in Malatia-Sebastia, Yerevan"
0x406abd218ab95e49:0x9c3c784513346e0e,Chocolate Lover Yerevan,Chocolate shop,кондитерская,Ереван,"47/4 Movses Khorenatsi Street, Yerevan 0018, Armenia",+37433777742,,,,,,,,5.0,,open,,40.1635359,44.5166398,https://www.google.com/maps/place/Chocolate+Lover+Yerevan/data=!4m7!3m6!1s0x406abd218ab95e49:0x9c3c784513346e0e!8m2!3d40.1635359!4d44.5166398!16s%2Fg%2F11sy71bw_3!19sChIJSV65iiG9akARDm40E0V4PJw,"pastry shop in Shengavit, Yerevan"
0x406abd14d90aabb1:0xb1676f441d1c5e12,Coffee Centre,Cafeteria,кондитерская,Ереван,"2 Martiros Saryan St, Yerevan 0002, Armenia",,,,,,,,,3.4,,open,,40.1874058,44.5096095,https://www.google.com/maps/place/Coffee+Centre/data=!4m7!3m6!1s0x406abd14d90aabb1:0xb1676f441d1c5e12!8m2!3d40.1874058!4d44.5096095!16s%2Fg%2F11pxmb7fxt!19sChIJsasK2RS9akAREl4cHURvZ7E,"pastry shop in Kentron, Yerevan"
0x406abdca4d32358b:0xcdaa6b3f670331cd,Coffee Space Yerevan,Coffee shop,кондитерская,Ереван,"25 Mesrop Mashtots Ave, Yerevan 0001, Armenia",+37491040496,,,,,,,,5.0,,open,,40.1837386,44.5107662,https://www.google.com/maps/place/Coffee+Space+Yerevan/data=!4m7!3m6!1s0x406abdca4d32358b:0xcdaa6b3f670331cd!8m2!3d40.1837386!4d44.5107662!16s%2Fg%2F11z3k0g27n!19sChIJizUyTcq9akARzTEDZz9rqs0,"pastry shop in Malatia-Sebastia, Yerevan"
0x406aa352b3c20c25:0x739849d2add4c1f4,Compliment Cakes,Bakery,кондитерская,Ереван,"3, 8 Totovents St, Yerevan, Armenia",+37493188525,,,,,,,,5.0,,open,,40.2018208,44.5678743,https://www.google.com/maps/place/Compliment+Cakes/data=!4m7!3m6!1s0x406aa352b3c20c25:0x739849d2add4c1f4!8m2!3d40.2018208!4d44.5678743!16s%2Fg%2F11jz7j5vf8!19sChIJJQzCs1KjakAR9MHUrdJJmHM,"pastry shop in Nor Nork, Yerevan"
0x406abd0007804c75:0x7f91d807f7c94470,Concept edamame,Bakery,кондитерская,Ереван,"9 Movses Khorenatsi Street, Yerevan 0015, Armenia",,,,,,,,,5.0,,open,,40.1781269,44.5076426,https://www.google.com/maps/place/Concept+edamame/data=!4m7!3m6!1s0x406abd0007804c75:0x7f91d807f7c94470!8m2!3d40.1781269!4d44.5076426!16s%2Fg%2F11x5y3hntx!19sChIJdUyABwC9akARcETJ9wfYkX8,"pastry shop in Kentron, Yerevan"
0x406abde02b47b7b9:0x90ce3fe6e8f66e89,Creamy & Juicy,Restaurant,кондитерская,Ереван,"Yerevan 0002, Armenia",+37443074444,,,,,,,,4.7,,open,,40.1821648,44.5135199,https://www.google.com/maps/place/Creamy+%26+Juicy/data=!4m7!3m6!1s0x406abde02b47b7b9:0x90ce3fe6e8f66e89!8m2!3d40.1821648!4d44.5135199!16s%2Fg%2F11xn4h2g8t!19sChIJubdHK-C9akARiW726OY_zpA,"pastry shop in Kentron, Yerevan"
0x406abce20b13046d:0x16c83bf4141aea66,Crumbs Bread Factory/Cafe,Cafe,кондитерская,Ереван,"37 Mesrop Mashtots Ave, Yerevan 0001, Armenia",+37494537013,,,,,,,,4.6,,open,,40.1862805,44.5136989,https://www.google.com/maps/place/Crumbs+Bread+Factory%2FCafe/data=!4m7!3m6!1s0x406abce20b13046d:0x16c83bf4141aea66!8m2!3d40.1862805!4d44.5136989!16s%2Fg%2F1q5blcc7c!19sChIJbQQTC-K8akARZuoaFPQ7yBY,"pastry shop in Kentron, Yerevan"
0x406abd5017a59b67:0xd64801444436792b,Cup Cake,Bakery,кондитерская,Ереван,"Amiryan 6, 12 Mesrop Mashtots Ave, Yerevan 0011, Armenia",,,,,,,,,,,open,,40.17969,44.5098587,https://www.google.com/maps/place/Cup+Cake/data=!4m7!3m6!1s0x406abd5017a59b67:0xd64801444436792b!8m2!3d40.17969!4d44.5098587!16s%2Fg%2F11z7qq6z2m!19sChIJZ5ulF1C9akARK3k2REQBSNY,"pastry shop in Kentron, Yerevan"
0x406abd007e0c28cf:0xa31acdf1fe6d52ea,Dan Dessert,Pastry shop,кондитерская,Ереван,"20 Komitas Ave, Yerevan, Armenia",,,,,,,,,4.5,,open,,40.2023275,44.4982987,https://www.google.com/maps/place/Dan+Dessert/data=!4m7!3m6!1s0x406abd007e0c28cf:0xa31acdf1fe6d52ea!8m2!3d40.2023275!4d44.4982987!16s%2Fg%2F11wv00884g!19sChIJzygMfgC9akAR6lJt_vHNGqM,"pastry shop in Arabkir, Yerevan"
0x406abd677cdb572d:0x46c433342efdf0f1,DeMaria - Profiteroles et Eclairs,Bakery,кондитерская,Ереван,"Galshoyan St, Yerevan 0074, Armenia",+37441072720,,,,,,,,,,open,,40.1826888,44.5666973,https://www.google.com/maps/place/DeMaria+-+Profiteroles+et+Eclairs/data=!4m7!3m6!1s0x406abd677cdb572d:0x46c433342efdf0f1!8m2!3d40.1826888!4d44.5666973!16s%2Fg%2F11srhcbphx!19sChIJLVfbfGe9akAR8fD9LjQzxEY,"pastry shop in Nor Nork, Yerevan"
0x406abd001011b6c1:0xf06746d0f4bb9f62,Diana’z Artisan Patisserie,Patisserie,кондитерская,Ереван,"37 Mesrop Mashtots Ave, Yerevan 0001, Armenia",+37410505052,,,,,,,,4.9,,open,,40.1864856,44.5126698,https://www.google.com/maps/place/Diana%E2%80%99z+Artisan+Patisserie/data=!4m7!3m6!1s0x406abd001011b6c1:0xf06746d0f4bb9f62!8m2!3d40.1864856!4d44.5126698!16s%2Fg%2F11y_2jxgdh!19sChIJwbYREAC9akARYp-79NBGZ_A,"pastry shop in Kentron, Yerevan"
0x406abd007967c18f:0xaa19db088fa68c1a,Diaza’z Patisserie,Coffee shop,кондитерская,Ереван,"37 Mesrop Mashtots Ave, Yerevan, Armenia",+37410505052,,,,,,,,,,open,,40.1864637,44.5126301,https://www.google.com/maps/place/Diaza%E2%80%99z+Patisserie/data=!4m7!3m6!1s0x406abd007967c18f:0xaa19db088fa68c1a!8m2!3d40.1864637!4d44.5126301!16s%2Fg%2F11z052b7gx!19sChIJj8FneQC9akARGoymjwjbGao,"pastry shop in Malatia-Sebastia, Yerevan"
0x406abdad25a7be31:0x5d7e6960adde5a,Dough Bakery,Pastry shop,кондитерская,Ереван,"none, Yerevan, Armenia",+37494170668,,,,,,,,,,open,,40.1882327,44.5104246,https://www.google.com/maps/place/Dough+Bakery/data=!4m7!3m6!1s0x406abdad25a7be31:0x5d7e6960adde5a!8m2!3d40.1882327!4d44.5104246!16s%2Fg%2F11y24kttvd!19sChIJMb6nJa29akARWt6tYGl-XQA,"pastry shop in Kentron, Yerevan"
0x406abea75e906153:0x5c6cfc36558a5a7,GGI кейк,Cake shop,кондитерская,Ереван,"4FVM+XRW, 9th St, Yerevan, Armenia",,,,,,,,,5.0,,open,,40.1449855,44.4845812,https://www.google.com/maps/place/GGI+%D0%BA%D0%B5%D0%B9%D0%BA/data=!4m7!3m6!1s0x406abea75e906153:0x5c6cfc36558a5a7!8m2!3d40.1449855!4d44.4845812!16s%2Fg%2F11c5shxdtj!19sChIJU2GQXqe-akARp6VYZcPPxgU,"pastry shop in Shengavit, Yerevan"
0x406abd9562c28a23:0x5e6a15a8fa04dee4,GRAZIE – PASTRY SHOP,Pastry shop,кондитерская,Ереван,"49 Mesrop Mashtots Ave, Yerevan, Armenia",,,,,,,,,3.0,,open,,40.1909752,44.5191811,https://www.google.com/maps/place/GRAZIE+%E2%80%93+PASTRY+SHOP/data=!4m7!3m6!1s0x406abd9562c28a23:0x5e6a15a8fa04dee4!8m2!3d40.1909752!4d44.5191811!16s%2Fg%2F11rq1xgjz4!19sChIJI4rCYpW9akAR5N4E-qgVal4,"pastry shop in Kentron, Yerevan"
0x406abd1ea69c7fe1:0x5cffb1b04c2ad2d8,Gentile Bakery,Cafe,кондитерская,Ереван,"1/2 Yekmalyan St, Yerevan 0002, Armenia",+37441900940,,,,,,,,4.9,,open,,40.1846808,44.5072451,https://www.google.com/maps/place/Gentile+Bakery/data=!4m7!3m6!1s0x406abd1ea69c7fe1:0x5cffb1b04c2ad2d8!8m2!3d40.1846808!4d44.5072451!16s%2Fg%2F11ntfgt0ry!19sChIJ4X-cph69akAR2NIqTLCx_1w,"pastry shop in Kentron, Yerevan"
0x406abcb20ebc0153:0xbdcae9b652184147,Georgian Bakery,Bakery,кондитерская,Ереван,"15 Mikoyan St, Yerevan 0079, Armenia",,,,,,,,,5.0,,open,,40.1827624,44.5675454,https://www.google.com/maps/place/Georgian+Bakery/data=!4m7!3m6!1s0x406abcb20ebc0153:0xbdcae9b652184147!8m2!3d40.1827624!4d44.5675454!16s%2Fg%2F11f08gxvxv!19sChIJUwG8DrK8akARR0EYUrbpyr0,"pastry shop in Nor Nork, Yerevan"
0x406abd203eb2de4d:0x87fdae4e743fa528,Granatus,Store,кондитерская,Ереван,"49, 9 Mesrop Mashtots Ave, Yerevan 0009, Armenia",+37410583747,,,,,,,,4.3,,open,,40.1909091,44.5192587,https://www.google.com/maps/place/Granatus/data=!4m7!3m6!1s0x406abd203eb2de4d:0x87fdae4e743fa528!8m2!3d40.1909091!4d44.5192587!16s%2Fg%2F11bx1hk349!19sChIJTd6yPiC9akARKKU_dE6u_Yc,"pastry shop in Kentron, Yerevan"
0x406abde8afcbbfe1:0x939ea659aea5dedd,Ham Bakery,Cafe,кондитерская,Ереван,"2, 13 Mikoyan St, Yerevan, Armenia",+37441434314,,,,,,,,3.6,,open,,40.1825258,44.5669641,https://www.google.com/maps/place/Ham+Bakery/data=!4m7!3m6!1s0x406abde8afcbbfe1:0x939ea659aea5dedd!8m2!3d40.1825258!4d44.5669641!16s%2Fg%2F11ryz59tss!19sChIJ4b_Lr-i9akAR3d6lrlmmnpM,"pastry shop in Nor Nork, Yerevan"
0x406abdd0bff752b1:0xfbbff8659da4aa01,Harutyunyan's Bakery,Bakery,кондитерская,Ереван,"13 Argishti St, Yerevan 0015, Armenia",+37443977979,,,,,,,,5.0,,open,,40.1699328,44.5039273,https://www.google.com/maps/place/Harutyunyan%27s+Bakery/data=!4m7!3m6!1s0x406abdd0bff752b1:0xfbbff8659da4aa01!8m2!3d40.1699328!4d44.5039273!16s%2Fg%2F11vjpvljbp!19sChIJsVL3v9C9akARAaqknWX4v_s,"pastry shop in Kentron, Yerevan"
0x406abd00636f1a97:0xfe46f897512a588f,Hov cafe,Coffee shop,кондитерская,Ереван,"3, 2 Vagharsh Vagharshyan St, Yerevan, Armenia",,,,,,,,,5.0,,open,,40.1977537,44.5021374,https://www.google.com/maps/place/Hov+cafe/data=!4m7!3m6!1s0x406abd00636f1a97:0xfe46f897512a588f!8m2!3d40.1977537!4d44.5021374!16s%2Fg%2F11x32hm6x3!19sChIJlxpvYwC9akARj1gqUZf4Rv4,"pastry shop in Arabkir, Yerevan"
0x406abba2ff4b3a5f:0x97be8b286c2a5c09,Jacob's Cakes,Cake shop,кондитерская,Ереван,"25/7 Avanesov St, Yerevan 0087, Armenia",+37477303074,,,,,,,,,,open,,40.1301922,44.5309988,https://www.google.com/maps/place/Jacob%27s+Cakes/data=!4m7!3m6!1s0x406abba2ff4b3a5f:0x97be8b286c2a5c09!8m2!3d40.1301922!4d44.5309988!16s%2Fg%2F11qpg2mx82!19sChIJXzpL_6K7akARCVwqbCiLvpc,"pastry shop in Erebuni, Yerevan"
0x406abdf5686c5d11:0xe4fa38c90e98e47d,Juno Bakery,Bakery,кондитерская,Ереван,"41 Mesrop Mashtots Ave, Yerevan 0002, Armenia",+37455669696,,,,,,,,4.6,,open,,40.1893315,44.5173366,https://www.google.com/maps/place/Juno+Bakery/data=!4m7!3m6!1s0x406abdf5686c5d11:0xe4fa38c90e98e47d!8m2!3d40.1893315!4d44.5173366!16s%2Fg%2F11yxs7fkpg!19sChIJEV1saPW9akARfeSYDsk4-uQ,"pastry shop in Kentron, Yerevan"
0x406abdb3a38c2335:0xd751d1cd9fb7322c,KAS bakery,Bakery,кондитерская,Ереван,"5GC8+6WR, Yerevan, Armenia",,,,,,,,,4.1,,open,,40.1705316,44.5172527,https://www.google.com/maps/place/KAS+bakery/data=!4m7!3m6!1s0x406abdb3a38c2335:0xd751d1cd9fb7322c!8m2!3d40.1705316!4d44.5172527!16s%2Fg%2F11sjrs3pl7!19sChIJNSOMo7O9akARLDK3n83RUdc,"pastry shop in Kentron, Yerevan"
0x406abddccf257e03:0xade906183ef4484e,Karmir Specialty Coffee,Coffee shop,кондитерская,Ереван,"23 Gevorg Kochar St, Yerevan 0002, Armenia",+37444120135,,,,,,,,4.8,,open,,40.1890552,44.5195656,https://www.google.com/maps/place/Karmir+Specialty+Coffee/data=!4m7!3m6!1s0x406abddccf257e03:0xade906183ef4484e!8m2!3d40.1890552!4d44.5195656!16s%2Fg%2F11w7h6c3vv!19sChIJA34lz9y9akARTkj0PhgG6a0,"pastry shop in Kentron, Yerevan"
0x406abd13c578abd3:0x1f4fe2af8de78595,Khmorjik Bakery,Lebanese restaurant,кондитерская,Ереван,"68A Teryan St, Yerevan, Armenia",+37443113117,,,,,,,,4.9,,open,,40.1884379,44.5215032,https://www.google.com/maps/place/Khmorjik+Bakery/data=!4m7!3m6!1s0x406abd13c578abd3:0x1f4fe2af8de78595!8m2!3d40.1884379!4d44.5215032!16s%2Fg%2F11rkp1tk51!19sChIJ06t4xRO9akARlYXnja_iTx8,"pastry shop in Kentron, Yerevan"
0x406abd203ed204cb:0xfcda0f3395526ec1,Lakomka,Cake shop,кондитерская,Ереван,"58 Mesrop Mashtots Ave, Yerevan 0009, Armenia",,,,,,,,,4.0,,open,,40.1911684,44.5204071,https://www.google.com/maps/place/Lakomka/data=!4m7!3m6!1s0x406abd203ed204cb:0xfcda0f3395526ec1!8m2!3d40.1911684!4d44.5204071!16s%2Fg%2F11dx9gz_l0!19sChIJywTSPiC9akARwW5SlTMP2vw,"pastry shop in Kentron, Yerevan"
0x406a976c0e27c0bf:0xccafe0666734f77d,Lebanese Kunji Yerevan,Bakery,кондитерская,Ереван,"3 42, Yerevan 0054, Armenia",+37493943547,,,,,,,,5.0,,open,,40.2219307,44.4919105,https://www.google.com/maps/place/Lebanese+Kunji+Yerevan/data=!4m7!3m6!1s0x406a976c0e27c0bf:0xccafe0666734f77d!8m2!3d40.2219307!4d44.4919105!16s%2Fg%2F11y73r8dbg!19sChIJv8AnDmyXakARffc0Z2bgr8w,"pastry shop in Arabkir, Yerevan"
0x406abd007c9a8669:0xa2130683467970fe,Little Bakery,Bakery,кондитерская,Ереван,"9 Kievyan St, Yerevan 0028, Armenia",,,,,,,,,5.0,,open,,40.1954999,44.4884875,https://www.google.com/maps/place/Little+Bakery/data=!4m7!3m6!1s0x406abd007c9a8669:0xa2130683467970fe!8m2!3d40.1954999!4d44.4884875!16s%2Fg%2F11yzct5_9f!19sChIJaYaafAC9akAR_nB5RoMGE6I,"pastry shop in Arabkir, Yerevan"
0x406aa32ef0cfb813:0x6eeb444555eda076,Loshik,Bakery,кондитерская,Ереван,"6H58+7MR, Malian str., Yerevan, Armenia",,,,,,,,,,,open,,40.2082309,44.5666459,https://www.google.com/maps/place/Loshik/data=!4m7!3m6!1s0x406aa32ef0cfb813:0x6eeb444555eda076!8m2!3d40.2082309!4d44.5666459!16s%2Fg%2F11svch6yby!19sChIJE7jP8C6jakARdqDtVUVE624,"pastry shop in Nor Nork, Yerevan"
0x406abd0c4c390fd3:0x9a842bb251408062,Lumen Coffee,Coffee shop,кондитерская,Ереван,"3A Teryan St, Yerevan 0010, Armenia",+37444933030,,,,,,,,4.7,,open,,40.1818109,44.5122791,https://www.google.com/maps/place/Lumen+Coffee/data=!4m7!3m6!1s0x406abd0c4c390fd3:0x9a842bb251408062!8m2!3d40.1818109!4d44.5122791!16s%2Fg%2F11rgb_r39_!19sChIJ0w85TAy9akARYoBAUbIrhJo,"pastry shop in Kentron, Yerevan"
0x406aa340dab1c439:0xe34d59317521916,Lumo Bakery & Cafe Yerevan,Bakery,кондитерская,Ереван,"6/1 Nikoghayos Adonts St, Yerevan 0031, Armenia",,,,,,,,,5.0,,open,,40.2126495,44.5225781,https://www.google.com/maps/place/Lumo+Bakery+%26+Cafe+Yerevan/data=!4m7!3m6!1s0x406aa340dab1c439:0xe34d59317521916!8m2!3d40.2126495!4d44.5225781!16s%2Fg%2F11z9j8pcpn!19sChIJOcSx2kCjakARFhlSF5PVNA4,"pastry shop in Kentron, Yerevan"
0x406abdded17f5c79:0xd7f4554549a21c1e,Lyusi Sweets Art /Լյուսի Քաղցրեղեն,Cake shop,кондитерская,Ереван,"Lyuqsenburgi 1, Yerevan 0051, Armenia",+37443432522,,,,,,,,5.0,,open,,40.1896686,44.5635989,https://www.google.com/maps/place/Lyusi+Sweets+Art+%2F%D4%BC%D5%B5%D5%B8%D6%82%D5%BD%D5%AB+%D5%94%D5%A1%D5%B2%D6%81%D6%80%D5%A5%D5%B2%D5%A5%D5%B6/data=!4m7!3m6!1s0x406abdded17f5c79:0xd7f4554549a21c1e!8m2!3d40.1896686!4d44.5635989!16s%2Fg%2F11sd0smdgn!19sChIJeVx_0d69akARHhyiSUVV9Nc,"pastry shop in Nor Nork, Yerevan"
0x406abd20c25082eb:0x6e150c2226f7a636,Lámo Sweets,Bakery,кондитерская,Ереван,"13 Abovyan St, Yerevan 0001, Armenia",+37496122555,,,,,,,,4.8,,open,,40.183606,44.5183849,https://www.google.com/maps/place/L%C3%A1mo+Sweets/data=!4m7!3m6!1s0x406abd20c25082eb:0x6e150c2226f7a636!8m2!3d40.183606!4d44.5183849!16s%2Fg%2F11h7fn54zw!19sChIJ64JQwiC9akARNqb3JiIMFW4,"pastry shop in Kentron, Yerevan"
0x406aa3001bd60923:0x30839a130b3e759e,Magrata cakes,Pastry shop,кондитерская,Ереван,"22 King Pap St, Yerevan 0002, Armenia",,,,,,,,,4.8,,open,,40.1820523,44.5064123,https://www.google.com/maps/place/Magrata+cakes/data=!4m7!3m6!1s0x406aa3001bd60923:0x30839a130b3e759e!8m2!3d40.1820523!4d44.5064123!16s%2Fg%2F11xh673xp6!19sChIJIwnWGwCjakARnnU-CxOagzA,"pastry shop in Kentron, Yerevan"
0x406abdc3c2c00001:0x4d513c463bf4303b,Malatia Agircultural Market,Market,кондитерская,Ереван,"5FF4+J88, Raffi St, Yerevan, Armenia",,,,,,,,,4.7,,open,,40.1740381,44.455821,https://www.google.com/maps/place/Malatia+Agircultural+Market/data=!4m7!3m6!1s0x406abdc3c2c00001:0x4d513c463bf4303b!8m2!3d40.1740381!4d44.455821!16s%2Fg%2F11kj9050nt!19sChIJAQDAwsO9akAROzD0O0Y8UU0,"pastry shop in Malatia-Sebastia, Yerevan"
0x406aa3215becea71:0xbdb54c267d2d3527,Maringo cakes,Pastry shop,кондитерская,Ереван,"5HW7+JJ6, Samvel Safaryan St, Yerevan, Armenia",,,,,,,,,5.0,,open,,40.1965448,44.564012,https://www.google.com/maps/place/Maringo+cakes/data=!4m7!3m6!1s0x406aa3215becea71:0xbdb54c267d2d3527!8m2!3d40.1965448!4d44.564012!16s%2Fg%2F11fsqcwyn6!19sChIJcersWyGjakARJzUtfSZMtb0,"pastry shop in Nor Nork, Yerevan"
0x406abd15bac1651f:0xea17ca6a14dcc103,Mary Bakery,Pastry shop,кондитерская,Ереван,"37 Nalbandyan St, Yerevan 0015, Armenia",,,,,,,,,5.0,,open,,40.1833139,44.5226255,https://www.google.com/maps/place/Mary+Bakery/data=!4m7!3m6!1s0x406abd15bac1651f:0xea17ca6a14dcc103!8m2!3d40.1833139!4d44.5226255!16s%2Fg%2F11x01g_gy1!19sChIJH2XBuhW9akARA8HcFGrKF-o,"pastry shop in Kentron, Yerevan"
0x406ab9c33b991527:0x28ae540d245e8bba,Midnight Cakes,Cake shop,кондитерская,Ереван,"69/7 Bagratunyats, Yerevan, Armenia",+37498959150,,,,,,,,5.0,,open,,40.1363997,44.5011971,https://www.google.com/maps/place/Midnight+Cakes/data=!4m7!3m6!1s0x406ab9c33b991527:0x28ae540d245e8bba!8m2!3d40.1363997!4d44.5011971!16s%2Fg%2F11ryllg5vp!19sChIJJxWZO8O5akARuoteJA1Urig,"pastry shop in Shengavit, Yerevan"
0x406aa391e8fdbdc7:0xf4024d4733814bc,Mochi Master,Pastry shop,кондитерская,Ереван,"Paruyr Sevak St, Yerevan, Armenia",,,,,,,,,5.0,,open,,40.2049242,44.5400546,https://www.google.com/maps/place/Mochi+Master/data=!4m7!3m6!1s0x406aa391e8fdbdc7:0xf4024d4733814bc!8m2!3d40.2049242!4d44.5400546!16s%2Fg%2F11y40d06c4!19sChIJx7396JGjakARvBQ4c9QkQA8,"pastry shop in Arabkir, Yerevan"
0x406abd95bab0e91b:0xb66ed88691af847a,Mom's Bakery Yerevan,Bakery,кондитерская,Ереван,"40, 80/1 Sayat-Nova Ave, Yerevan 0001, Armenia",+37444770076,,,,,,,,3.6,,open,,40.1771188,44.5267194,https://www.google.com/maps/place/Mom%27s+Bakery+Yerevan/data=!4m7!3m6!1s0x406abd95bab0e91b:0xb66ed88691af847a!8m2!3d40.1771188!4d44.5267194!16s%2Fg%2F11h0spmfnq!19sChIJG-mwupW9akAReoSvkYbYbrY,"pastry shop in Kentron, Yerevan"
0x406abd1d2c74447b:0x6ff1d6d7fbcea761,Mono Patisserie,Pastry shop,кондитерская,Ереван,"33 Tumanyan St, Yerevan 0002, Armenia",+37493533355,,,,,,,,3.7,,open,,40.1863659,44.5116074,https://www.google.com/maps/place/Mono+Patisserie/data=!4m7!3m6!1s0x406abd1d2c74447b:0x6ff1d6d7fbcea761!8m2!3d40.1863659!4d44.5116074!16s%2Fg%2F1vc6bwh1!19sChIJe0R0LB29akARYafO-9fW8W8,"pastry shop in Kentron, Yerevan"
0x406abd000f3c2e2d:0xc2d5eb892ffd095c,My yummy cake sweets,Cake shop,кондитерская,Ереван,"Burnazyan, 19 1st St, Yerevan, Armenia",+37498835938,,,,,,,,5.0,,open,,40.151299,44.5147038,https://www.google.com/maps/place/My+yummy+cake+sweets/data=!4m7!3m6!1s0x406abd000f3c2e2d:0xc2d5eb892ffd095c!8m2!3d40.151299!4d44.5147038!16s%2Fg%2F11z912297c!19sChIJLS48DwC9akARXAn9L4nr1cI,"pastry shop in Shengavit, Yerevan"
0x406a9703641758c9:0x9e459bccfcd55145,Nelly’s Home,Bakery,кондитерская,Ереван,"6FCJ+7J, Yerevan 0054, Armenia",,,,,,,,,5.0,,open,,40.2206252,44.4815535,https://www.google.com/maps/place/Nelly%E2%80%99s+Home/data=!4m7!3m6!1s0x406a9703641758c9:0x9e459bccfcd55145!8m2!3d40.2206252!4d44.4815535!16s%2Fg%2F11k3nltcsb!19sChIJyVgXZAOXakARRVHV_MybRZ4,"pastry shop in Arabkir, Yerevan"
0x406abd0066f9c8e3:0xc2a85b418f9953f1,Oxygen Shotgun,Bakery,кондитерская,Ереван,"32 Arshakunyats Ave, Yerevan 0026, Armenia",,,,,,,,,5.0,,open,,40.1565764,44.5006984,https://www.google.com/maps/place/Oxygen+Shotgun/data=!4m7!3m6!1s0x406abd0066f9c8e3:0xc2a85b418f9953f1!8m2!3d40.1565764!4d44.5006984!16s%2Fg%2F11z14fz5kz!19sChIJ48j5ZgC9akAR8VOZj0FbqMI,"pastry shop in Shengavit, Yerevan"
0x406abdebca1c84eb:0xe04c0b977ca3728e,PAUL Armenia: Yerevan Mall,Cafe,кондитерская,Ереван,"34 Arshakunyats Ave, Yerevan 0026, Armenia",+37444400100,,,,,,,,4.1,,open,,40.1554745,44.4994488,https://www.google.com/maps/place/PAUL+Armenia:+Yerevan+Mall/data=!4m7!3m6!1s0x406abdebca1c84eb:0xe04c0b977ca3728e!8m2!3d40.1554745!4d44.4994488!16s%2Fg%2F11kq3vllb3!19sChIJ64Qcyuu9akARjnKjfJcLTOA,"pastry shop in Shengavit, Yerevan"
0x406abd0015ee2cbf:0x1e81303b189ae517,PAUL Le cafe: 13 Buzand,Bakery,кондитерская,Ереван,"13 Улица Карена Демирчяна, Yerevan, Armenia",+37444881100,,,,,,,,3.8,,open,,40.1808255,44.5102893,https://www.google.com/maps/place/PAUL+Le+cafe:+13+Buzand/data=!4m7!3m6!1s0x406abd0015ee2cbf:0x1e81303b189ae517!8m2!3d40.1808255!4d44.5102893!16s%2Fg%2F11wpljjf9x!19sChIJvyzuFQC9akARF-WaGDswgR4,"pastry shop in Kentron, Yerevan"
0x406aa30061f59cb3:0x51b8d80116b7de14,Panino,Bakery,кондитерская,Ереван,"10, 1 Nelson Stepanyan St, Yerevan 0062, Armenia",,,,,,,,,5.0,,open,,40.1980903,44.5710704,https://www.google.com/maps/place/Panino/data=!4m7!3m6!1s0x406aa30061f59cb3:0x51b8d80116b7de14!8m2!3d40.1980903!4d44.5710704!16s%2Fg%2F11zf342v66!19sChIJs5z1YQCjakARFN63FgHYuFE,"pastry shop in Nor Nork, Yerevan"
0x406abcf06d815745:0x435489d1fda86009,Pasticceria Cakes,Pastry shop,кондитерская,Ереван,"67 Hanrapetutyan St, Yerevan 0010, Armenia",+37410566373,,,,,,,,5.0,,open,,40.1782374,44.5191697,https://www.google.com/maps/place/Pasticceria+Cakes/data=!4m7!3m6!1s0x406abcf06d815745:0x435489d1fda86009!8m2!3d40.1782374!4d44.5191697!16s%2Fg%2F11gdbk692d!19sChIJRVeBbfC8akARCWCo_dGJVEM,"pastry shop in Kentron, Yerevan"
0x406a9746853860e5:0x5aaba4e5ab6833cb,Pastry house,Pastry shop,кондитерская,Ереван,"30, Yerevan 0097, Armenia",+37496005595,,,,,,,,5.0,,open,,40.2140698,44.4723074,https://www.google.com/maps/place/Pastry+house/data=!4m7!3m6!1s0x406a9746853860e5:0x5aaba4e5ab6833cb!8m2!3d40.2140698!4d44.4723074!16s%2Fg%2F11n4r6jdxr!19sChIJ5WA4hUaXakARyzNoq-Wkq1o,"pastry shop in Kentron, Yerevan"
0x406abd3b0a34e1a9:0xec8376603a670126,Patarik Backery,Bakery,кондитерская,Ереван,"35 Tumanyan St, Yerevan 0002, Armenia",+37455060190,,,,,,,,5.0,,open,,40.1866555,44.5110782,https://www.google.com/maps/place/Patarik+Backery/data=!4m7!3m6!1s0x406abd3b0a34e1a9:0xec8376603a670126!8m2!3d40.1866555!4d44.5110782!16s%2Fg%2F11ydb15yls!19sChIJqeE0Cju9akARJgFnOmB2g-w,"pastry shop in Kentron, Yerevan"
0x6b3f0ac762b6827f:0x4245d84c9fd084d7,Patisserie Bakery,Bakery,кондитерская,Ереван,,,,,,,,,,5.0,,open,,51.2072,-73.1828284,https://www.google.com/maps/place/Patisserie+Bakery/data=!4m7!3m6!1s0x6b3f0ac762b6827f:0x4245d84c9fd084d7!8m2!3d51.2072!4d-73.1828284!16s%2Fg%2F11sc2kch6q!19sChIJf4K2YscKP2sR14TQn0zYRUI,"pastry shop in Shengavit, Yerevan"
0x406abdce721665cd:0x6c56d6ee326ba834,Playground,Cake shop,кондитерская,Ереван,"676766, Yerevan 0039, Armenia",+37499291647,,,,,,,,,,open,,40.1545073,44.4788821,https://www.google.com/maps/place/Playground/data=!4m7!3m6!1s0x406abdce721665cd:0x6c56d6ee326ba834!8m2!3d40.1545073!4d44.4788821!16s%2Fg%2F11ntn7xtmn!19sChIJzWUWcs69akARNKhrMu7WVmw,"pastry shop in Shengavit, Yerevan"
0x406abd912a2fc2cf:0xc47719ce0aceefe,Rubicone Gelato,Ice cream shop,кондитерская,Ереван,"30 Abovyan St, Yerevan 0010, Armenia",+37444165050,,,,,,,,4.8,,open,,40.1848939,44.5207348,https://www.google.com/maps/place/Rubicone+Gelato/data=!4m7!3m6!1s0x406abd912a2fc2cf:0xc47719ce0aceefe!8m2!3d40.1848939!4d44.5207348!16s%2Fg%2F11y4vdp_2v!19sChIJz8IvKpG9akAR_u6s4JxxRww,"pastry shop in Kentron, Yerevan"
0x406abd00401a82ef:0xd139d24259eeee70,SargsyanS Bakery- Чехов,Bakery,кондитерская,Ереван,"50, 3 Chekhov St, Yerevan, Armenia",+37433841010,,,,,,,,4.0,,open,,40.1502862,44.4749475,https://www.google.com/maps/place/SargsyanS+Bakery-+%D0%A7%D0%B5%D1%85%D0%BE%D0%B2/data=!4m7!3m6!1s0x406abd00401a82ef:0xd139d24259eeee70!8m2!3d40.1502862!4d44.4749475!16s%2Fg%2F11z50h544j!19sChIJ74IaQAC9akARcO7uWULSOdE,"pastry shop in Shengavit, Yerevan"
0x406a976367019c51:0xcad812aeda7063f8,Soline Cakes,Cake shop,кондитерская,Ереван,"Yerevan 0031, Armenia",,,,,,,,,,,open,,40.1939101,44.4458673,https://www.google.com/maps/place/Soline+Cakes/data=!4m7!3m6!1s0x406a976367019c51:0xcad812aeda7063f8!8m2!3d40.1939101!4d44.4458673!16s%2Fg%2F11ntd9dshq!19sChIJUZwBZ2OXakAR-GNw2q4S2Mo,"pastry shop in Malatia-Sebastia, Yerevan"
0x406abddd3313ba23:0xacd802bef35029b1,Solo Gelato,Cafe,кондитерская,Ереван,"48 Mesrop Mashtots Ave, Yerevan 0002, Armenia",+37495102209,,,,,,,,4.8,,open,,40.1889054,44.5176597,https://www.google.com/maps/place/Solo+Gelato/data=!4m7!3m6!1s0x406abddd3313ba23:0xacd802bef35029b1!8m2!3d40.1889054!4d44.5176597!16s%2Fg%2F11md7dq7ss!19sChIJI7oTM929akARsSlQ874C2Kw,"pastry shop in Kentron, Yerevan"
0x406abce3193cc9c9:0xbeb729515bc198f8,Solo Gelato,Ice cream shop,кондитерская,Ереван,"6, 25 Northern Ave, Yerevan, Armenia",+37455268070,,,,,,,,4.0,,open,,40.1837761,44.5138935,https://www.google.com/maps/place/Solo+Gelato/data=!4m7!3m6!1s0x406abce3193cc9c9:0xbeb729515bc198f8!8m2!3d40.1837761!4d44.5138935!16s%2Fg%2F1td5prxm!19sChIJyck8GeO8akAR-JjBW1Ept74,"pastry shop in Kentron, Yerevan"
0x406aa382b759738b:0xc0ed002689d8b2c6,Sorriso Cafe Mega Mall,Ice cream shop,кондитерская,Ереван,"16 Gai Ave, Yerevan, Armenia",+37477955009,,,,,,,,4.9,,open,,40.1972284,44.5658731,https://www.google.com/maps/place/Sorriso+Cafe+Mega+Mall/data=!4m7!3m6!1s0x406aa382b759738b:0xc0ed002689d8b2c6!8m2!3d40.1972284!4d44.5658731!16s%2Fg%2F11y5tsxp8w!19sChIJi3NZt4KjakARxrLYiSYA7cA,"pastry shop in Nor Nork, Yerevan"
0x406abd004568a561:0xb4ac08454c96f34d,Sweet Coast Komitas,Bakery,кондитерская,Ереван,"50 Komitas Ave, Yerevan, Armenia",,,,,,,,,4.8,,open,,40.2065619,44.5130261,https://www.google.com/maps/place/Sweet+Coast+Komitas/data=!4m7!3m6!1s0x406abd004568a561:0xb4ac08454c96f34d!8m2!3d40.2065619!4d44.5130261!16s%2Fg%2F11y5m1gl9f!19sChIJYaVoRQC9akARTfOWTEUIrLQ,"pastry shop in Nor Nork, Yerevan"
0x406abded9fca77bd:0x1ebb36de07f4df73,Sweet Corner(տաք հաց),Bakery,кондитерская,Ереван,"16/1 Aram Khachatrian St, Yerevan, Armenia",,,,,,,,,4.5,,open,,40.2048518,44.4974921,https://www.google.com/maps/place/Sweet+Corner%28%D5%BF%D5%A1%D6%84+%D5%B0%D5%A1%D6%81%29/data=!4m7!3m6!1s0x406abded9fca77bd:0x1ebb36de07f4df73!8m2!3d40.2048518!4d44.4974921!16s%2Fg%2F11r_77msbd!19sChIJvXfKn-29akARc9_0B942ux4,"pastry shop in Arabkir, Yerevan"
0x406aa348c7f9ce15:0x6140362e25180e20,Sweet moments,Bakery,кондитерская,Ереван,"51/1 Gai Ave, Yerevan 0090, Armenia",+37493223747,,,,,,,,,,open,,40.1911017,44.5678837,https://www.google.com/maps/place/Sweet+moments/data=!4m7!3m6!1s0x406aa348c7f9ce15:0x6140362e25180e20!8m2!3d40.1911017!4d44.5678837!16s%2Fg%2F11kk7cnmmf!19sChIJFc75x0ijakARIA4YJS42QGE,"pastry shop in Nor Nork, Yerevan"
0x406abda74cb1c2a9:0xe5989ba6f2afb473,TadDin Chocolate shop,Chocolate artisan,кондитерская,Ереван,"17 Nansen Street, Yerevan 0056, Armenia",+37441255224,,,,,,,,4.9,,open,,40.1979609,44.5600783,https://www.google.com/maps/place/TadDin+Chocolate+shop/data=!4m7!3m6!1s0x406abda74cb1c2a9:0xe5989ba6f2afb473!8m2!3d40.1979609!4d44.5600783!16s%2Fg%2F11fl0f9c8r!19sChIJqcKxTKe9akARc7Sv8qabmOU,"pastry shop in Nor Nork, Yerevan"
0x406abd0040197a63:0xa12a84393769a73c,Taghi Bakery,Bakery,кондитерская,Ереван,"4, 2 Sose St, Yerevan 0019, Armenia",,,,,,,,,3.0,,open,,40.1938234,44.500565,https://www.google.com/maps/place/Taghi+Bakery/data=!4m7!3m6!1s0x406abd0040197a63:0xa12a84393769a73c!8m2!3d40.1938234!4d44.500565!16s%2Fg%2F11y2cmpkys!19sChIJY3oZQAC9akARPKdpNzmEKqE,"pastry shop in Arabkir, Yerevan"
0x406abd1d8b37a9fb:0x59d436a24a2b831d,Take Away Խանութ-խոհանոց,Fresh food market,кондитерская,Ереван,"3 Moskovyan Street, Yerevan, Armenia",+37495711911,,,,,,,,5.0,,open,,40.1841521,44.5223308,https://www.google.com/maps/place/Take+Away+%D4%BD%D5%A1%D5%B6%D5%B8%D6%82%D5%A9-%D5%AD%D5%B8%D5%B0%D5%A1%D5%B6%D5%B8%D6%81/data=!4m7!3m6!1s0x406abd1d8b37a9fb:0x59d436a24a2b831d!8m2!3d40.1841521!4d44.5223308!16s%2Fg%2F11gh2v9_bk!19sChIJ-6k3ix29akARHYMrSqI21Fk,"pastry shop in Shengavit, Yerevan"
0x233559426f13225b:0x9389c2665cbb70f,Tarte Patisserie,Cake shop,кондитерская,Ереван,,+37498788887,,,,,,,,,,open,,40.1533904,44.4885671,https://www.google.com/maps/place/Tarte+Patisserie/data=!4m7!3m6!1s0x233559426f13225b:0x9389c2665cbb70f!8m2!3d40.1533904!4d44.4885671!16s%2Fg%2F11lw7kz5wh!19sChIJWyITb0JZNSMRD7fLZSacOAk,"pastry shop in Arabkir, Yerevan"
0x406abdb06779a3bf:0xdb6a62710c72cc1c,Tasty Garage,Bakery,кондитерская,Ереван,"9/4 Aghayan St, Yerevan, Armenia",+37444624324,,,,,,,,5.0,,open,,40.19,44.4967051,https://www.google.com/maps/place/Tasty+Garage/data=!4m7!3m6!1s0x406abdb06779a3bf:0xdb6a62710c72cc1c!8m2!3d40.19!4d44.4967051!16s%2Fg%2F11g4dyr3x2!19sChIJv6N5Z7C9akARHMxyDHFiats,"pastry shop in Kentron, Yerevan"
0x406aa3001077b88b:0x62f9257ae530563d,The Cake,Bakery,кондитерская,Ереван,"25 Nikoghayos Adonts St, Yerevan, Armenia",,,,,,,,,5.0,,open,,40.2138077,44.5172138,https://www.google.com/maps/place/The+Cake/data=!4m7!3m6!1s0x406aa3001077b88b:0x62f9257ae530563d!8m2!3d40.2138077!4d44.5172138!16s%2Fg%2F11yqsjys15!19sChIJi7h3EACjakARPVYw5Xol-WI,"pastry shop in Kentron, Yerevan"
0x406abd41b10457d1:0xd6c55094e679d4ef,Tookh,Bakery,кондитерская,Ереван,"1 Vantyan St, Yerevan, Armenia",+37499991393,,,,,,,,5.0,,open,,40.1719974,44.4643779,https://www.google.com/maps/place/Tookh/data=!4m7!3m6!1s0x406abd41b10457d1:0xd6c55094e679d4ef!8m2!3d40.1719974!4d44.4643779!16s%2Fg%2F11j8kgbxdk!19sChIJ0VcEsUG9akAR79R55pRQxdY,"pastry shop in Malatia-Sebastia, Yerevan"
0x406aa3f2f87e8009:0xb907e319af6eda58,Tortella sweet bakery,Pastry shop,кондитерская,Ереван,"38 Leningradyan St, Yerevan 0031, Armenia",+37493000285,,,,,,,,3.7,,open,,40.1917,44.4707902,https://www.google.com/maps/place/Tortella+sweet+bakery/data=!4m7!3m6!1s0x406aa3f2f87e8009:0xb907e319af6eda58!8m2!3d40.1917!4d44.4707902!16s%2Fg%2F11lbvrnd5x!19sChIJCYB--PKjakARWNpurxnjB7k,"pastry shop in Arabkir, Yerevan"
0x406abd76fd5fb793:0x31aed144d7b40f37,Tsiran Supermarket,Supermarket,кондитерская,Ереван,"15 Shinararneri St, Yerevan 0099, Armenia",+37411780088,,,,,,,,4.1,,open,,40.1947478,44.4734124,https://www.google.com/maps/place/Tsiran+Supermarket/data=!4m7!3m6!1s0x406abd76fd5fb793:0x31aed144d7b40f37!8m2!3d40.1947478!4d44.4734124!16s%2Fg%2F11cn3wdn3t!19sChIJk7df_Xa9akARNw-010TRrjE,"pastry shop in Shengavit, Yerevan"
0x406aa3eb632990ef:0x253385c8067cb73d,VIVA Bakery,Food court,кондитерская,Ереван,"27 Nikoghayos Tigranyan St, Yerevan, Armenia",+37441208208,,,,,,,,4.7,,open,,40.2128422,44.520544,https://www.google.com/maps/place/VIVA+Bakery/data=!4m7!3m6!1s0x406aa3eb632990ef:0x253385c8067cb73d!8m2!3d40.2128422!4d44.520544!16s%2Fg%2F11scl5mt62!19sChIJ75ApY-ujakARPbd8BsiFMyU,"pastry shop in Arabkir, Yerevan"
0x406abd41bfde4351:0xcfe791195a89d7fc,Vivel Cake,Cake shop,кондитерская,Ереван,"6F2W+VJ6, Yerevan, Armenia",+37410220297,,,,,,,,4.8,,open,,40.2021714,44.4965105,https://www.google.com/maps/place/Vivel+Cake/data=!4m7!3m6!1s0x406abd41bfde4351:0xcfe791195a89d7fc!8m2!3d40.2021714!4d44.4965105!16s%2Fg%2F11hctgz9dw!19sChIJUUPev0G9akAR_NeJWhmR588,"pastry shop in Arabkir, Yerevan"
0x406abdad5b449de3:0x90788330908b05e4,Warm bread,Bakery,кондитерская,Ереван,"5G4F+44, Yerevan, Armenia",,,,,,,,,5.0,,open,,40.1551996,44.5230172,https://www.google.com/maps/place/Warm+bread/data=!4m7!3m6!1s0x406abdad5b449de3:0x90788330908b05e4!8m2!3d40.1551996!4d44.5230172!16s%2Fg%2F11sdyp8_y2!19sChIJ451EW629akAR5AWLkDCDeJA,"pastry shop in Shengavit, Yerevan"
0x406abd004937c6a3:0x2ffc3f40f5372e20,Working class Coffee,Coffee shop,кондитерская,Ереван,"5GH9+Q83, Yerevan, Armenia",,,,,,,,,5.0,,open,,40.1793869,44.5182949,https://www.google.com/maps/place/Working+class+Coffee/data=!4m7!3m6!1s0x406abd004937c6a3:0x2ffc3f40f5372e20!8m2!3d40.1793869!4d44.5182949!16s%2Fg%2F11ymf8nc6x!19sChIJo8Y3SQC9akARIC439UA__C8,"pastry shop in Kentron, Yerevan"
0x406abd653190f049:0x59afe92ba753ed24,Yerevan Bakery,Coffee shop,кондитерская,Ереван,"18 Tumanyan St, Yerevan, Armenia",,,,,,,,,4.0,,open,,40.1807935,44.5198658,https://www.google.com/maps/place/Yerevan+Bakery/data=!4m7!3m6!1s0x406abd653190f049:0x59afe92ba753ed24!8m2!3d40.1807935!4d44.5198658!16s%2Fg%2F11vjb0kdrg!19sChIJSfCQMWW9akARJO1Tpyvpr1k,"pastry shop in Kentron, Yerevan"
0x406abdb85ebbb333:0x3f26c222f5ab601c,Yerevan Bakery,Coffee shop,кондитерская,Ереван,"78 Sebastia St, Yerevan, Armenia",+37499600660,,,,,,,,3.4,,open,,40.1714322,44.4564058,https://www.google.com/maps/place/Yerevan+Bakery/data=!4m7!3m6!1s0x406abdb85ebbb333:0x3f26c222f5ab601c!8m2!3d40.1714322!4d44.4564058!16s%2Fg%2F11kj2jz6wg!19sChIJM7O7Xri9akARHGCr9SLCJj8,"pastry shop in Arabkir, Yerevan"
0x406abd001b3aea25:0x48fd09ba375254d2,Yerevan City,Grocery store,кондитерская,Ереван,"5FQ9+P67, Metsarents str., Yerevan, Armenia",,,,,,,,,5.0,,open,,40.1892845,44.4680559,https://www.google.com/maps/place/Yerevan+City/data=!4m7!3m6!1s0x406abd001b3aea25:0x48fd09ba375254d2!8m2!3d40.1892845!4d44.4680559!16s%2Fg%2F11zbjw0pp4!19sChIJJeo6GwC9akAR0lRSN7oJ_Ug,"pastry shop in Malatia-Sebastia, Yerevan"
0x406abb00468aa3d1:0xf63725388e08dd2a,Yerevan City,Supermarket,кондитерская,Ереван,"4GXF+XMP, David Bek, Armenia",,,,,,,,,5.0,,open,,40.1499617,44.5242137,https://www.google.com/maps/place/Yerevan+City/data=!4m7!3m6!1s0x406abb00468aa3d1:0xf63725388e08dd2a!8m2!3d40.1499617!4d44.5242137!16s%2Fg%2F11npcbyb4q!19sChIJ0aOKRgC7akARKt0IjjglN_Y,"pastry shop in Erebuni, Yerevan"
0x406abd9ff25eaff9:0x99281fefff1a9530,Zovq Bakery,Bakery,кондитерская,Ереван,"52 Բաբաջանյան, Yerevan, Armenia",+37499721153,,,,,,,,5.0,,open,,40.1760664,44.4508057,https://www.google.com/maps/place/Zovq+Bakery/data=!4m7!3m6!1s0x406abd9ff25eaff9:0x99281fefff1a9530!8m2!3d40.1760664!4d44.4508057!16s%2Fg%2F11ksfh9dxk!19sChIJ-a9e8p-9akARMJUa_-8fKJk,"pastry shop in Arabkir, Yerevan"
0x406abd469b921107:0x8568e45da9877415,anare,Patisserie,кондитерская,Ереван,"23 Vahram Papazyan St, Yerevan 0012, Armenia",+37410325000,,,,,,,,4.8,,open,,40.2056656,44.5008677,https://www.google.com/maps/place/anare/data=!4m7!3m6!1s0x406abd469b921107:0x8568e45da9877415!8m2!3d40.2056656!4d44.5008677!16s%2Fg%2F11f1078bj6!19sChIJBxGSm0a9akARFXSHqV3kaIU,"pastry shop in Arabkir, Yerevan"
0x406abdfe9a5abce1:0x2de2c0a1c8aa30e4,sadi ponchikner,Bakery,кондитерская,Ереван,"5FH5+VMF, Sebastia St, Yerevan 0034, Armenia",,,,,,,,,5.0,,open,,40.1796756,44.4591647,https://www.google.com/maps/place/sadi+ponchikner/data=!4m7!3m6!1s0x406abdfe9a5abce1:0x2de2c0a1c8aa30e4!8m2!3d40.1796756!4d44.4591647!16s%2Fg%2F11swzcltng!19sChIJ4bxamv69akAR5DCqyKHA4i0,"pastry shop in Malatia-Sebastia, Yerevan"
0x406abd7c1f07a339:0x899734e8b4947ebe,test1,Bakery,кондитерская,Ереван,"Paronyan St, Yerevan 0011, Armenia",,,,,,,,,,,open,,40.1833847,44.5001181,https://www.google.com/maps/place/test1/data=!4m7!3m6!1s0x406abd7c1f07a339:0x899734e8b4947ebe!8m2!3d40.1833847!4d44.5001181!16s%2Fg%2F11zfyd5_h0!19sChIJOaMHH3y9akARvn6UtOg0l4k,"pastry shop in Kentron, Yerevan"
0x406abd581cb682d9:0x384b0673336f358f,Кондитерская выпечка,Pastry shop,кондитерская,Ереван,"83 Teryan St, Yerevan 0009, Armenia",,,,,,,,,5.0,,open,,40.1866868,44.5189607,https://www.google.com/maps/place/%D0%9A%D0%BE%D0%BD%D0%B4%D0%B8%D1%82%D0%B5%D1%80%D1%81%D0%BA%D0%B0%D1%8F+%D0%B2%D1%8B%D0%BF%D0%B5%D1%87%D0%BA%D0%B0/data=!4m7!3m6!1s0x406abd581cb682d9:0x384b0673336f358f!8m2!3d40.1866868!4d44.5189607!16s%2Fg%2F11h18d3w_5!19sChIJ2YK2HFi9akARjzVvM3MGSzg,"pastry shop in Kentron, Yerevan"
0x406abd0037a8f04d:0x3b1b26fc204993e7,Пекарня,Bakery,кондитерская,Ереван,"40 Martiros Saryan St, Yerevan 0002, Armenia",,,,,,,,,5.0,,open,,40.1794151,44.5052437,https://www.google.com/maps/place/%D0%9F%D0%B5%D0%BA%D0%B0%D1%80%D0%BD%D1%8F/data=!4m7!3m6!1s0x406abd0037a8f04d:0x3b1b26fc204993e7!8m2!3d40.1794151!4d44.5052437!16s%2Fg%2F11ypkvrb_m!19sChIJTfCoNwC9akAR55NJIPwmGzs,"pastry shop in Kentron, Yerevan"
0x406abb39a4ef02df:0xcb572d59c8c8fde3,Ринго пончик,Bakery,кондитерская,Ереван,"82/1 Azatamartikner Ave, Yerevan, Armenia",,,,,,,,,4.4,,open,,40.1439725,44.5218396,https://www.google.com/maps/place/%D0%A0%D0%B8%D0%BD%D0%B3%D0%BE+%D0%BF%D0%BE%D0%BD%D1%87%D0%B8%D0%BA/data=!4m7!3m6!1s0x406abb39a4ef02df:0xcb572d59c8c8fde3!8m2!3d40.1439725!4d44.5218396!16s%2Fg%2F11kqn97kj3!19sChIJ3wLvpDm7akAR4_3IyFktV8s,"pastry shop in Erebuni, Yerevan"
0x406abd8dabee6321:0xb4fbebfbc4dcafd6,ԱՐՄՍՎԻԹ,Pastry shop,кондитерская,Ереван,"Fashion Shoes Plant, 136 Tichina St, Yerevan 0065, Armenia",,,,,,,,,4.2,,open,,40.1865885,44.4473773,https://www.google.com/maps/place/%D4%B1%D5%90%D5%84%D5%8D%D5%8E%D4%BB%D4%B9/data=!4m7!3m6!1s0x406abd8dabee6321:0xb4fbebfbc4dcafd6!8m2!3d40.1865885!4d44.4473773!16s%2Fg%2F11hchvfk84!19sChIJIWPuq429akAR1q_cxPvr-7Q,"pastry shop in Malatia-Sebastia, Yerevan"
0x406abd0030a78405:0x5235ced976a8466f,ԱՐՏԼի ՏՈՐԹԵՐ,Bakery,кондитерская,Ереван,"23, 3 Karakhanyan St, Yerevan, Armenia",,,,,,,,,5.0,,open,,40.1756289,44.5668742,https://www.google.com/maps/place/%D4%B1%D5%90%D5%8F%D4%BC%D5%AB+%D5%8F%D5%88%D5%90%D4%B9%D4%B5%D5%90/data=!4m7!3m6!1s0x406abd0030a78405:0x5235ced976a8466f!8m2!3d40.1756289!4d44.5668742!16s%2Fg%2F11m5tpm_88!19sChIJBYSnMAC9akARb0aodtnONVI,"pastry shop in Nor Nork, Yerevan"
0x406abd6a5bdc3fa9:0x9b1e0544f696cbe3,Բոքոնիկ,Bakery,кондитерская,Ереван,"Մխիթար Հերացի 20, 1/3, 20, 1/3 Heratsi St, Yerevan 0025, Armenia",+37495605011,,,,,,,,3.7,,open,,40.1910604,44.530174,https://www.google.com/maps/place/%D4%B2%D5%B8%D6%84%D5%B8%D5%B6%D5%AB%D5%AF/data=!4m7!3m6!1s0x406abd6a5bdc3fa9:0x9b1e0544f696cbe3!8m2!3d40.1910604!4d44.530174!16s%2Fg%2F11ft0012zx!19sChIJqT_cW2q9akAR48uW9kQFHps,"pastry shop in Kentron, Yerevan"
0x406abb5d471e4109:0x7a755a5b876d4c8d,Բոքոնիկ,Bakery,кондитерская,Ереван,"4GHH+23X, Yerevan, Armenia",,,,,,,,,5.0,,open,,40.1276102,44.527743,https://www.google.com/maps/place/%D4%B2%D5%B8%D6%84%D5%B8%D5%B6%D5%AB%D5%AF/data=!4m7!3m6!1s0x406abb5d471e4109:0x7a755a5b876d4c8d!8m2!3d40.1276102!4d44.527743!16s%2Fg%2F11tnj136gb!19sChIJCUEeR127akARjUxth1tadXo,"pastry shop in Erebuni, Yerevan"
0x406abddcf1206a19:0xfd044a02eaf9363f,Լի Անդ,Bakery,кондитерская,Ереван,"5FC8+5R2, Kurghinian bck, Yerevan, Armenia",,,,,,,,,5.0,,open,,40.1703907,44.4670069,https://www.google.com/maps/place/%D4%BC%D5%AB+%D4%B1%D5%B6%D5%A4/data=!4m7!3m6!1s0x406abddcf1206a19:0xfd044a02eaf9363f!8m2!3d40.1703907!4d44.4670069!16s%2Fg%2F11t7n35l3r!19sChIJGWog8dy9akARPzb56gJKBP0,"pastry shop in Malatia-Sebastia, Yerevan"
0x406abd47ea793c19:0xb3f6add9d07303ec,Սորիզո Երևան Մոլ,Coffee shop,кондитерская,Ереван,"2 Arshakunyats Ave, Yerevan 0023, Armenia",+37498455833,,,,,,,,4.9,,open,,40.1556539,44.4994399,https://www.google.com/maps/place/%D5%8D%D5%B8%D6%80%D5%AB%D5%A6%D5%B8+%D4%B5%D6%80%D6%87%D5%A1%D5%B6+%D5%84%D5%B8%D5%AC/data=!4m7!3m6!1s0x406abd47ea793c19:0xb3f6add9d07303ec!8m2!3d40.1556539!4d44.4994399!16s%2Fg%2F11kqz25hjm!19sChIJGTx56ke9akAR7ANz0Nmt9rM,"pastry shop in Shengavit, Yerevan"
0x406abd09de161283:0x44d447b48e0da37a,Ampèr,Coffee shop,кофейня,Ереван,"12 Grigor Lusavorich Street, Yerevan 0015, Armenia",,,,,,,,,5.0,,open,,40.1773257,44.5039014,https://www.google.com/maps/place/Amp%C3%A8r/data=!4m7!3m6!1s0x406abd09de161283:0x44d447b48e0da37a!8m2!3d40.1773257!4d44.5039014!16s%2Fg%2F11zfjc3lck!19sChIJgxIW3gm9akAReqMNjrRH1EQ,"coffee shop in Kentron, Yerevan"
0x406abcfcbd8c6089:0x7688771d15f5919c,Arabica,Cafe,кофейня,Ереван,"3 Teryan St, Yerevan, Armenia",+37477276485,,,,,,,,4.7,,open,,40.1816417,44.5125635,https://www.google.com/maps/place/Arabica/data=!4m7!3m6!1s0x406abcfcbd8c6089:0x7688771d15f5919c!8m2!3d40.1816417!4d44.5125635!16s%2Fg%2F11b_3g4nyg!19sChIJiWCMvfy8akARnJH1FR13iHY,"coffee shop in Arabkir, Yerevan"
0x406abd0072d5c207:0x6d4314db3087212,Banav,Coffee shop,кофейня,Ереван,"2 Street Hin Yerevantsi St, Yerevan, Armenia",,,,,,,,,4.5,,open,,40.1828894,44.5150453,https://www.google.com/maps/place/Banav/data=!4m7!3m6!1s0x406abd0072d5c207:0x6d4314db3087212!8m2!3d40.1828894!4d44.5150453!16s%2Fg%2F11x6l9tmf0!19sChIJB8LVcgC9akAREnIIs00x1AY,"coffee shop in Shengavit, Yerevan"
0x406abd9d795918df:0x9a3fa4ea6b22ecd2,Bardo by Melonpan,Cafe,кофейня,Ереван,"2 Tamanyan St, Yerevan 0009, Armenia",+37441884411,,,,,,,,4.6,,open,,40.1888282,44.515741,https://www.google.com/maps/place/Bardo+by+Melonpan/data=!4m7!3m6!1s0x406abd9d795918df:0x9a3fa4ea6b22ecd2!8m2!3d40.1888282!4d44.515741!16s%2Fg%2F11zcxbwhz7!19sChIJ3xhZeZ29akAR0uwia-qkP5o,"coffee shop in Kentron, Yerevan"
0x406abdef0eb23989:0x5d6f6083df7c9967,Bumble Coffee,Coffee shop,кофейня,Ереван,"18/4 Arshakunyats Ave, Yerevan 0021, Armenia",+37499333079,,,,,,,,5.0,,open,,40.1665125,44.5036218,https://www.google.com/maps/place/Bumble+Coffee/data=!4m7!3m6!1s0x406abdef0eb23989:0x5d6f6083df7c9967!8m2!3d40.1665125!4d44.5036218!16s%2Fg%2F11z9x4kg82!19sChIJiTmyDu-9akARZ5l834Ngb10,"coffee shop in Kentron, Yerevan"
0x406abd00591f34a9:0xc1688541a9e38f13,Bumble Coffee,Coffee shop,кофейня,Ереван,"21 Tigran Mets Ave, Yerevan, Armenia",+37499333079,,,,,,,,,,open,,40.1720655,44.5139284,https://www.google.com/maps/place/Bumble+Coffee/data=!4m7!3m6!1s0x406abd00591f34a9:0xc1688541a9e38f13!8m2!3d40.1720655!4d44.5139284!16s%2Fg%2F11zg92g4qj!19sChIJqTQfWQC9akARE4_jqUGFaME,"coffee shop in Shengavit, Yerevan"
0x406abd00790c263b:0x4c3585d9cea467c7,C(ofe)²,Coffee shop,кофейня,Ереван,"8 Hakob Hakobyan St, Yerevan, Armenia",+37455878545,,,,,,,,4.8,,open,,40.201625,44.4906513,https://www.google.com/maps/place/C%28ofe%29%C2%B2/data=!4m7!3m6!1s0x406abd00790c263b:0x4c3585d9cea467c7!8m2!3d40.201625!4d44.4906513!16s%2Fg%2F11y7f95c9r!19sChIJOyYMeQC9akARx2ekztmFNUw,"coffee shop in Kentron, Yerevan"
0x406abd004f04abd3:0x60353c61b34446d,COFFEE GO,Coffee shop,кофейня,Ереван,"1, 6 Marshal Baghramyan Ave, Yerevan, Armenia",,,,,,,,,4.0,,open,,40.1881174,44.5140621,https://www.google.com/maps/place/COFFEE+GO/data=!4m7!3m6!1s0x406abd004f04abd3:0x60353c61b34446d!8m2!3d40.1881174!4d44.5140621!16s%2Fg%2F11z9p_wp50!19sChIJ06sETwC9akARbUQ0G8ZTAwY,"coffee shop in Kentron, Yerevan"
0x406abd3981a99bd1:0xd6094844921c536f,Coffee,Coffee shop,кофейня,Ереван,"28 Yeznik Koghbatsi St, Yerevan, Armenia",,,,,,,,,5.0,,open,,40.18148,44.5110655,https://www.google.com/maps/place/Coffee/data=!4m7!3m6!1s0x406abd3981a99bd1:0xd6094844921c536f!8m2!3d40.18148!4d44.5110655!16s%2Fg%2F11khvs_193!19sChIJ0ZupgTm9akARb1MckkRICdY,"coffee shop in Kentron, Yerevan"
0x406abd0032901ef9:0x5bf1f1766683618c,Coffee & Go,Coffee shop,кофейня,Ереван,"10 Sevan Street, Yerevan 0026, Armenia",,,,,,,,,,,open,,40.1554248,44.5061839,https://www.google.com/maps/place/Coffee+%26+Go/data=!4m7!3m6!1s0x406abd0032901ef9:0x5bf1f1766683618c!8m2!3d40.1554248!4d44.5061839!16s%2Fg%2F11zzc8z849!19sChIJ-R6QMgC9akARjGGDZnbx8Vs,"coffee shop in Shengavit, Yerevan"
0x406abdd0634939c7:0x8836b93c3e0e92a0,Coffee 15,Coffee shop,кофейня,Ереван,"15 Vagharsh Vagharshyan St, Yerevan 0012, Armenia",,,,,,,,,3.8,,open,,40.2013676,44.4994704,https://www.google.com/maps/place/Coffee+15/data=!4m7!3m6!1s0x406abdd0634939c7:0x8836b93c3e0e92a0!8m2!3d40.2013676!4d44.4994704!16s%2Fg%2F11tt944ylh!19sChIJxzlJY9C9akARoJIOPjy5Nog,"coffee shop in Shengavit, Yerevan"
0x406abdcc39027a4f:0xa4c864bf960f5057,Coffee 23 Corner,Coffee shop,кофейня,Ереван,"23 Margaryan St, Yerevan 0078, Armenia",+37443122888,,,,,,,,5.0,,open,,40.204058,44.4750041,https://www.google.com/maps/place/Coffee+23+Corner/data=!4m7!3m6!1s0x406abdcc39027a4f:0xa4c864bf960f5057!8m2!3d40.204058!4d44.4750041!16s%2Fg%2F11w7xzr7j5!19sChIJT3oCOcy9akARV1APlr9kyKQ,"coffee shop in Shengavit, Yerevan"
0x406abd3a8fb55529:0xff1acdf242f7d8f5,Coffee 23.5,Coffee shop,кофейня,Ереван,"19, 1 Marshal Baghramyan Ave, Yerevan 0019, Armenia",,,,,,,,,3.2,,open,,40.1918818,44.5056008,https://www.google.com/maps/place/Coffee+23.5/data=!4m7!3m6!1s0x406abd3a8fb55529:0xff1acdf242f7d8f5!8m2!3d40.1918818!4d44.5056008!16s%2Fg%2F11kpcy0l8g!19sChIJKVW1jzq9akAR9dj3QvLNGv8,"coffee shop in Shengavit, Yerevan"
0x406abd0033f0623b:0xec4bef5ec28d176c,Coffee Bean YVN,Coffee shop,кофейня,Ереван,"16 Halabyan St, Yerevan, Armenia",,,,,,,,,4.0,,open,,40.1939734,44.4789689,https://www.google.com/maps/place/Coffee+Bean+YVN/data=!4m7!3m6!1s0x406abd0033f0623b:0xec4bef5ec28d176c!8m2!3d40.1939734!4d44.4789689!16s%2Fg%2F11xghyyz77!19sChIJO2LwMwC9akARbBeNwl7vS-w,"coffee shop in Shengavit, Yerevan"
0x406abd000beaa913:0xde8eefdd4555a0db,Coffee Boom,Coffee shop,кофейня,Ереван,"5g Mesrop Mashtots Ave, Yerevan, Armenia",,,,,,,,,,,open,,40.1785559,44.5042034,https://www.google.com/maps/place/Coffee+Boom/data=!4m7!3m6!1s0x406abd000beaa913:0xde8eefdd4555a0db!8m2!3d40.1785559!4d44.5042034!16s%2Fg%2F11zflzg953!19sChIJE6nqCwC9akAR26BVRd3vjt4,"coffee shop in Kentron, Yerevan"
0x406abdb4d9e1dd3f:0xd4eeab43eb0786,Coffee Break Yvn,Coffee shop,кофейня,Ереван,"Bagratumyats 32, Yerevan, Armenia",,,,,,,,,5.0,,open,,40.1914173,44.5011653,https://www.google.com/maps/place/Coffee+Break+Yvn/data=!4m7!3m6!1s0x406abdb4d9e1dd3f:0xd4eeab43eb0786!8m2!3d40.1914173!4d44.5011653!16s%2Fg%2F11rz3tr2y1!19sChIJP93h2bS9akARhgfrQ6vu1AA,"coffee shop in Shengavit, Yerevan"
0x406abf9363157cd5:0x7875392df4114f2b,Coffee Craft,Coffee shop,кофейня,Ереван,"David, 8/7 Anhaght, Yerevan, Armenia",,,,,,,,,5.0,,open,,40.1279263,44.4445961,https://www.google.com/maps/place/Coffee+Craft/data=!4m7!3m6!1s0x406abf9363157cd5:0x7875392df4114f2b!8m2!3d40.1279263!4d44.4445961!16s%2Fg%2F11wq2_y32j!19sChIJ1XwVY5O_akARK08R9C05dXg,"coffee shop in Shengavit, Yerevan"
0x406abd4f39071a01:0xf3c6e5b933d229c6,Coffee Shop Honey coffee,Coffee shop,кофейня,Ереван,"9 Hrachya Kochar St, Yerevan, Armenia",+37499010172,,,,,,,,5.0,,open,,40.1996873,44.4970711,https://www.google.com/maps/place/Coffee+Shop+Honey+coffee/data=!4m7!3m6!1s0x406abd4f39071a01:0xf3c6e5b933d229c6!8m2!3d40.1996873!4d44.4970711!16s%2Fg%2F11x5w223f1!19sChIJARoHOU-9akARxinSM7nlxvM,"coffee shop in Kentron, Yerevan"
0x406abd78210bde61:0xe00f34bc83a9f47a,Coffee Spot,Coffee shop,кофейня,Ереван,"22 Abovyan St, Yerevan 0001, Armenia",,,,,,,,,5.0,,open,,40.1831378,44.5185972,https://www.google.com/maps/place/Coffee+Spot/data=!4m7!3m6!1s0x406abd78210bde61:0xe00f34bc83a9f47a!8m2!3d40.1831378!4d44.5185972!16s%2Fg%2F11k9ld_s62!19sChIJYd4LIXi9akARevSpg7w0D-A,"coffee shop in Kentron, Yerevan"
0x406aa30033e9e221:0x313a742daf96175,Coffee Studio,Coffee shop,кофейня,Ереван,"6G5H+49X, Azatutyan Ave, Yerevan, Armenia",,,,,,,,,5.0,,open,,40.2078583,44.5284703,https://www.google.com/maps/place/Coffee+Studio/data=!4m7!3m6!1s0x406aa30033e9e221:0x313a742daf96175!8m2!3d40.2078583!4d44.5284703!16s%2Fg%2F11wv_lyrd3!19sChIJIeLpMwCjakARdWH52kKnEwM,"coffee shop in Shengavit, Yerevan"
0x406abd7c5c8cde65:0xb5b7d329c2e44b3f,Coffee inn,Coffee shop,кофейня,Ереван,"5GJ9+MX5, Nalbandyan St, Yerevan, Armenia",,,,,,,,,3.7,,open,,40.1816347,44.5199815,https://www.google.com/maps/place/Coffee+inn/data=!4m7!3m6!1s0x406abd7c5c8cde65:0xb5b7d329c2e44b3f!8m2!3d40.1816347!4d44.5199815!16s%2Fg%2F11s1dwxlsp!19sChIJZd6MXHy9akARP0vkwinTt7U,"coffee shop in Shengavit, Yerevan"
0x406abdd1667ad187:0x635383074da1db43,Coffeecom,Coffee shop,кофейня,Ереван,"15 Mesrop Mashtots Ave, Yerevan 0002, Armenia",,,,,,,,,4.2,,open,,40.1823929,44.5080597,https://www.google.com/maps/place/Coffeecom/data=!4m7!3m6!1s0x406abdd1667ad187:0x635383074da1db43!8m2!3d40.1823929!4d44.5080597!16s%2Fg%2F11swrts7zl!19sChIJh9F6ZtG9akARQ9uhTQeDU2M,"coffee shop in Kentron, Yerevan"
0x406aa300228a3835:0xfbe0fed0c2844124,CoffeniX,Coffee shop,кофейня,Ереван,"6H8H+7HX, Yerevan, Armenia",+37493365777,,,,,,,,5.0,,open,,40.2156987,44.5790192,https://www.google.com/maps/place/CoffeniX/data=!4m7!3m6!1s0x406aa300228a3835:0xfbe0fed0c2844124!8m2!3d40.2156987!4d44.5790192!16s%2Fg%2F11nptwflwf!19sChIJNTiKIgCjakARJEGEwtD-4Ps,"coffee shop in Nor Nork, Yerevan"
0x406abd0066ccb893:0xb0e333870b469d6d,Corner Cafe HRT-PM,Coffee shop,кофейня,Ереван,"1 Artsakh Ave, Yerevan, Armenia",,,,,,,,,5.0,,open,,40.1541624,44.510469,https://www.google.com/maps/place/Corner+Cafe+HRT-PM/data=!4m7!3m6!1s0x406abd0066ccb893:0xb0e333870b469d6d!8m2!3d40.1541624!4d44.510469!16s%2Fg%2F11wx8pc6lp!19sChIJk7jMZgC9akARbZ1GC4cz47A,"coffee shop in Shengavit, Yerevan"
0x406abd2cc8fe9a8b:0x8b541061459bb147,Droop coffee,Coffee shop,кофейня,Ереван,"10 Moskovyan Street, Yerevan 0009, Armenia",,,,,,,,,5.0,,open,,40.1882116,44.5173821,https://www.google.com/maps/place/Droop+coffee/data=!4m7!3m6!1s0x406abd2cc8fe9a8b:0x8b541061459bb147!8m2!3d40.1882116!4d44.5173821!16s%2Fg%2F11v0bcrr_9!19sChIJi5r-yCy9akARR7GbRWEQVIs,"coffee shop in Kentron, Yerevan"
0x406abd0027eba9e3:0x2fbcdb0a5328ffe0,EWE coffee,Coffee shop,кофейня,Ереван,"20 Movses Khorenatsi Street, Yerevan, Armenia",,,,,,,,,5.0,,open,,40.1748743,44.5095426,https://www.google.com/maps/place/EWE+coffee/data=!4m7!3m6!1s0x406abd0027eba9e3:0x2fbcdb0a5328ffe0!8m2!3d40.1748743!4d44.5095426!16s%2Fg%2F11z16vynm8!19sChIJ46nrJwC9akAR4P8oUwrbvC8,"coffee shop in Kentron, Yerevan"
0x406abdb5df8ab6ad:0x231f9c6d4fb98d2,Elite lounge,Cafe,кофейня,Ереван,"2/3 массив, Yerevan 0059, Armenia",+37443706062,,,,,,,,5.0,,open,,40.1729929,44.5644005,https://www.google.com/maps/place/Elite+lounge/data=!4m7!3m6!1s0x406abdb5df8ab6ad:0x231f9c6d4fb98d2!8m2!3d40.1729929!4d44.5644005!16s%2Fg%2F11nj93m1xm!19sChIJrbaK37W9akAR0pj71Mb5MQI,"coffee shop in Nor Nork, Yerevan"
0x406abd0066c195e9:0xb69efd69bac007d6,Kond.House Coffee,Art cafe,кофейня,Ереван,"5GM3+364, Street, Yerevan, Armenia",,,,,,,,,4.8,,open,,40.182253,44.5034396,https://www.google.com/maps/place/Kond.House+Coffee/data=!4m7!3m6!1s0x406abd0066c195e9:0xb69efd69bac007d6!8m2!3d40.182253!4d44.5034396!16s%2Fg%2F11yf5181gm!19sChIJ6ZXBZgC9akAR1gfAumn9nrY,"coffee shop in Kentron, Yerevan"
0x406abd005c88616f:0xc393c57fbd6b1e19,LIFE Coffee,Coffee shop,кофейня,Ереван,"55 Komitas Ave, Yerevan 0014, Armenia",,,,,,,,,5.0,,open,,40.2066979,44.5196807,https://www.google.com/maps/place/LIFE+Coffee/data=!4m7!3m6!1s0x406abd005c88616f:0xc393c57fbd6b1e19!8m2!3d40.2066979!4d44.5196807!16s%2Fg%2F11m_51frf_!19sChIJb2GIXAC9akARGR5rvX_Fk8M,"coffee shop in Arabkir, Yerevan"
0x406abd004440625d:0xc5e9dd8259776d43,LIFE Coffee,Coffee shop,кофейня,Ереван,"12 Ler Kamsar St, Yerevan 0019, Armenia",+37494214284,,,,,,,,5.0,,open,,40.1932011,44.5035058,https://www.google.com/maps/place/LIFE+Coffee/data=!4m7!3m6!1s0x406abd004440625d:0xc5e9dd8259776d43!8m2!3d40.1932011!4d44.5035058!16s%2Fg%2F11wn6lf9hs!19sChIJXWJARAC9akARQ213WYLd6cU,"coffee shop in Shengavit, Yerevan"
0x406abd001dff2c6d:0x251fd0866264c457,Laguna,Coffee shop,кофейня,Ереван,"53 Marshal Baghramyan Ave, Yerevan 0033, Armenia",,,,,,,,,5.0,,open,,40.1933234,44.4979548,https://www.google.com/maps/place/Laguna/data=!4m7!3m6!1s0x406abd001dff2c6d:0x251fd0866264c457!8m2!3d40.1933234!4d44.4979548!16s%2Fg%2F11v_27ff81!19sChIJbSz_HQC9akARV8RkYobQHyU,"coffee shop in Malatia-Sebastia, Yerevan"
0x406abdcdc65cf3a1:0xa737159a62cc7935,Merlin Magic Drinks Hub,Cafe,кофейня,Ереван,"1 Mher Mkrtchyan St, Yerevan, Armenia",,,,,,,,,4.7,,open,,40.1743281,44.511192,https://www.google.com/maps/place/Merlin+Magic+Drinks+Hub/data=!4m7!3m6!1s0x406abdcdc65cf3a1:0xa737159a62cc7935!8m2!3d40.1743281!4d44.511192!16s%2Fg%2F11pvgbp3hk!19sChIJofNcxs29akARNXnMYpoVN6c,"coffee shop in Shengavit, Yerevan"
0x406abd0030e4a7ed:0x399d1965d9e80b6f,Mij Coffee Shop,Coffee shop,кофейня,Ереван,"31, 114 Moskovyan Street, Yerevan, Armenia",,,,,,,,,5.0,,open,,40.1865964,44.5129243,https://www.google.com/maps/place/Mij+Coffee+Shop/data=!4m7!3m6!1s0x406abd0030e4a7ed:0x399d1965d9e80b6f!8m2!3d40.1865964!4d44.5129243!16s%2Fg%2F11y_wg8_zz!19sChIJ7afkMAC9akARbwvo2WUZnTk,"coffee shop in Kentron, Yerevan"
0x406abda2797a76f7:0x4f1905df4018d1b4,Stivo Coffee Armenia,Coffee shop,кофейня,Ереван,"Tumanyan St, Yerevan, Armenia",+37477449616,,,,,,,,5.0,,open,,40.185368,44.5144177,https://www.google.com/maps/place/Stivo+Coffee+Armenia/data=!4m7!3m6!1s0x406abda2797a76f7:0x4f1905df4018d1b4!8m2!3d40.185368!4d44.5144177!16s%2Fg%2F11zcy3xwl6!19sChIJ93Z6eaK9akARtNEYQN8FGU8,"coffee shop in Kentron, Yerevan"
0x406abcff0a66992b:0xcca366e73cfe9d1d,Tabcof coffee shop,Coffee shop,кофейня,Ереван,"5GH3+F82, Yerevan, Armenia",+37410535911,,,,,,,,5.0,,open,,40.1786294,44.5032741,https://www.google.com/maps/place/Tabcof+coffee+shop/data=!4m7!3m6!1s0x406abcff0a66992b:0xcca366e73cfe9d1d!8m2!3d40.1786294!4d44.5032741!16s%2Fg%2F11c5b3fsyx!19sChIJK5lmCv-8akARHZ3-POdmo8w,"coffee shop in Shengavit, Yerevan"
0x406abdb76d82c115:0x317442765fea83a1,Take Coffee & More,Coffee shop,кофейня,Ереван,"54 Ա, Komitas, 54a Կոմիտաս, Yerevan, Armenia",,,,,,,,,,,open,,40.2056781,44.516146,https://www.google.com/maps/place/Take+Coffee+%26+More/data=!4m7!3m6!1s0x406abdb76d82c115:0x317442765fea83a1!8m2!3d40.2056781!4d44.516146!16s%2Fg%2F11zxmjncll!19sChIJFcGCbbe9akARoYPqX3ZCdDE,"coffee shop in Malatia-Sebastia, Yerevan"
0x406abd9355414b0b:0x665b0cef9f853d10,Y&E Coffee,Coffee shop,кофейня,Ереван,"10 Mesrop Mashtots Ave, Yerevan, Armenia",,,,,,,,,5.0,,open,,40.1784148,44.5041785,https://www.google.com/maps/place/Y%26E+Coffee/data=!4m7!3m6!1s0x406abd9355414b0b:0x665b0cef9f853d10!8m2!3d40.1784148!4d44.5041785!16s%2Fg%2F11l38kgtp0!19sChIJC0tBVZO9akARED2Fn-8MW2Y,"coffee shop in Kentron, Yerevan"
0x406abd00035634dd:0x3331b86d25849b04,coffee & tea by Sarayi,Coffee shop,кофейня,Ереван,"Hakob Hakobyan st2, Yerevan, Armenia",+37455121815,,,,,,,,5.0,,open,,40.1993471,44.4920735,https://www.google.com/maps/place/coffee+%26+tea+by+Sarayi/data=!4m7!3m6!1s0x406abd00035634dd:0x3331b86d25849b04!8m2!3d40.1993471!4d44.4920735!16s%2Fg%2F11x7wm3h3p!19sChIJ3TRWAwC9akARBJuEJW24MTM,"coffee shop in Arabkir, Yerevan"
0x406abd63a1c5654f:0x6d7331b2b1507b26,"""Ferrony"" Clothing Store",Clothing store,магазин одежды,Ереван,"21 Abovyan St, Yerevan 0001, Armenia",,,,,,,,,,,open,,40.1852545,44.5201957,https://www.google.com/maps/place/%22Ferrony%22+Clothing+Store/data=!4m7!3m6!1s0x406abd63a1c5654f:0x6d7331b2b1507b26!8m2!3d40.1852545!4d44.5201957!16s%2Fg%2F11vdgkb7fg!19sChIJT2XFoWO9akARJntQsbIxc20,"clothing store in Kentron, Yerevan"
0x6822394f48295dfd:0x3570a45b3a7c809e,8 Yerevan,Clothing store,магазин одежды,Ереван,"43 Mesrop Mashtots Ave, Yerevan 0002, Armenia",+37493188811,,,,,,,,5.0,,open,,40.1898198,44.5178462,https://www.google.com/maps/place/8+Yerevan/data=!4m7!3m6!1s0x6822394f48295dfd:0x3570a45b3a7c809e!8m2!3d40.1898198!4d44.5178462!16s%2Fg%2F11s7wg99db!19sChIJ_V0pSE85ImgRnoB8OlukcDU,"clothing store in Kentron, Yerevan"
0x406abd06a206c295:0xbadd450865b82265,A good company,Boutique,магазин одежды,Ереван,"32 Abovyan St, Yerevan 0001, Armenia",+37499546709,,,,,,,,5.0,,open,,40.1850985,44.5209688,https://www.google.com/maps/place/A+good+company/data=!4m7!3m6!1s0x406abd06a206c295:0xbadd450865b82265!8m2!3d40.1850985!4d44.5209688!16s%2Fg%2F11vz644hb0!19sChIJlcIGoga9akARZSK4ZQhF3bo,"clothing store in Kentron, Yerevan"
0x406abd0675ac01e5:0x9f142749f29ca968,ALEX Store,Clothing store,магазин одежды,Ереван,"5 Mesrop Mashtots Ave, Yerevan, Armenia",+37441666700,,,,,,,,4.0,,open,,40.1789348,44.5048481,https://www.google.com/maps/place/ALEX+Store/data=!4m7!3m6!1s0x406abd0675ac01e5:0x9f142749f29ca968!8m2!3d40.1789348!4d44.5048481!16s%2Fg%2F11t26fv26l!19sChIJ5QGsdQa9akARaKmc8kknFJ8,"clothing store in Kentron, Yerevan"
0x406aa3435ad08161:0x932994a7331d5362,ALEX Store,Clothing store,магазин одежды,Ереван,"16 Gai Ave, Yerevan, Armenia",+37444666705,,,,,,,,5.0,,open,,40.1972178,44.5658572,https://www.google.com/maps/place/ALEX+Store/data=!4m7!3m6!1s0x406aa3435ad08161:0x932994a7331d5362!8m2!3d40.1972178!4d44.5658572!16s%2Fg%2F11s2jcj_ls!19sChIJYYHQWkOjakARYlMdM6eUKZM,"clothing store in Nor Nork, Yerevan"
0x406abd2bac6d4675:0x686fde2d17d456ce,ALEX Store,Clothing store,магазин одежды,Ереван,"3 Tsitsernakaberd Hwy, Yerevan, Armenia",+37444666701,,,,,,,,3.0,,open,,40.1791316,44.4896738,https://www.google.com/maps/place/ALEX+Store/data=!4m7!3m6!1s0x406abd2bac6d4675:0x686fde2d17d456ce!8m2!3d40.1791316!4d44.4896738!16s%2Fg%2F11t25p7116!19sChIJdUZtrCu9akARzlbUFy3eb2g,"clothing store in Malatia-Sebastia, Yerevan"
0x406abd753a7f6ad9:0x9667fb1dd402a1a0,ALEX Store,Clothing store,магазин одежды,Ереван,"18, Yerevan, Armenia",+37444666702,,,,,,,,,,open,,40.1467494,44.5097369,https://www.google.com/maps/place/ALEX+Store/data=!4m7!3m6!1s0x406abd753a7f6ad9:0x9667fb1dd402a1a0!8m2!3d40.1467494!4d44.5097369!16s%2Fg%2F11t26dp589!19sChIJ2Wp_OnW9akARoKEC1B37Z5Y,"clothing store in Erebuni, Yerevan"
0x406aa3c4d0f6efb9:0x742e3fe5166b23c,ARMLIN,Women's clothing store,магазин одежды,Ереван,"27 Moldovakan St, Yerevan 0096, Armenia",+37499021505,,,,,,,,,,open,,40.206349,44.5703353,https://www.google.com/maps/place/ARMLIN/data=!4m7!3m6!1s0x406aa3c4d0f6efb9:0x742e3fe5166b23c!8m2!3d40.206349!4d44.5703353!16s%2Fg%2F11qq232c5b!19sChIJue_20MSjakARPLJmUf7jQgc,"clothing store in Nor Nork, Yerevan"
0x406abd4517177b95:0x744f1a68c7ad6fb4,ATELIER Նորաձևության Սրահ,Dressmaker,магазин одежды,Ереван,"17/1 Գյուլիքեխվյան, Yerevan 0076, Armenia",+37491945483,,,,,,,,5.0,,open,,40.1880484,44.5705267,https://www.google.com/maps/place/ATELIER+%D5%86%D5%B8%D6%80%D5%A1%D5%B1%D6%87%D5%B8%D6%82%D5%A9%D5%B5%D5%A1%D5%B6+%D5%8D%D6%80%D5%A1%D5%B0/data=!4m7!3m6!1s0x406abd4517177b95:0x744f1a68c7ad6fb4!8m2!3d40.1880484!4d44.5705267!16s%2Fg%2F11k61d_5tw!19sChIJlXsXF0W9akARtG-tx2gaT3Q,"clothing store in Nor Nork, Yerevan"
0x406abd2fd20817e1:0xdd3f8f5bc8ed67ef,Adora Dress,Women's clothing store,магазин одежды,Ереван,"24, 2 Bashinjaghian 1st back, Yerevan 0078, Armenia",+37499505553,,,,,,,,5.0,,open,,40.2018418,44.4662206,https://www.google.com/maps/place/Adora+Dress/data=!4m7!3m6!1s0x406abd2fd20817e1:0xdd3f8f5bc8ed67ef!8m2!3d40.2018418!4d44.4662206!16s%2Fg%2F11v_21sdc5!19sChIJ4RcI0i-9akAR72ftyFuPP90,"clothing store in Arabkir, Yerevan"
0x406abd35d03e5b49:0xaafd64249cffe241,Arabkir Department Store,Department store,магазин одежды,Ереван,"49 Komitas Ave, Yerevan 0014, Armenia",,,,,,,,,4.6,,open,,40.2069843,44.5158754,https://www.google.com/maps/place/Arabkir+Department+Store/data=!4m7!3m6!1s0x406abd35d03e5b49:0xaafd64249cffe241!8m2!3d40.2069843!4d44.5158754!16s%2Fg%2F11c1qrym8n!19sChIJSVs-0DW9akARQeL_nCRk_ao,"clothing store in Arabkir, Yerevan"
0x406abd3df4a49b87:0xfadd3673bad36f2b,Aristokrat FASHION,Swimwear store,магазин одежды,Ереван,"Boutique 168, 33, 3, 3rd floor Sevan Street, Yerevan, Armenia",+37493029520,,,,,,,,5.0,,open,,40.1549692,44.5058566,https://www.google.com/maps/place/Aristokrat+FASHION/data=!4m7!3m6!1s0x406abd3df4a49b87:0xfadd3673bad36f2b!8m2!3d40.1549692!4d44.5058566!16s%2Fg%2F11yz8kc1z1!19sChIJh5uk9D29akARK2_TunM23fo,"clothing store in Shengavit, Yerevan"
0x406abd3639458b21:0x68dd38a76197d860,Arm style,Men's clothing store,магазин одежды,Ереван,"5C9W+57P, 4th St, Yerevan, Armenia",,,,,,,,,4.3,,open,,40.1678641,44.445667,https://www.google.com/maps/place/Arm+style/data=!4m7!3m6!1s0x406abd3639458b21:0x68dd38a76197d860!8m2!3d40.1678641!4d44.445667!16s%2Fg%2F11tk822vhk!19sChIJIYtFOTa9akARYNiXYac43Wg,"clothing store in Malatia-Sebastia, Yerevan"
0x406abd23a41bf681:0xfb598ea4093d95e4,Armina Store,Clothing store,магазин одежды,Ереван,"42, 1 Arshakunyats Ave, Yerevan 0026, Armenia",,,,,,,,,,,open,,40.1501554,44.4966233,https://www.google.com/maps/place/Armina+Store/data=!4m7!3m6!1s0x406abd23a41bf681:0xfb598ea4093d95e4!8m2!3d40.1501554!4d44.4966233!16s%2Fg%2F11tgd4nw59!19sChIJgfYbpCO9akAR5JU9CaSOWfs,"clothing store in Erebuni, Yerevan"
0x406abd00037bfa8f:0x9cf3844141b4a1a0,Azat Mard,Clothing store,магазин одежды,Ереван,"5FHQ+Q3R, Yerevan, Armenia",,,,,,,,,5.0,,open,,40.1794259,44.4876163,https://www.google.com/maps/place/Azat+Mard/data=!4m7!3m6!1s0x406abd00037bfa8f:0x9cf3844141b4a1a0!8m2!3d40.1794259!4d44.4876163!16s%2Fg%2F11ntmqfmnx!19sChIJj_p7AwC9akARoKG0QUGE85w,"clothing store in Malatia-Sebastia, Yerevan"
0x406abdc2a9b5568f:0x98b7bb84fd547f78,Baby Clothes,Baby clothing store,магазин одежды,Ереван,"75 Raffi St, Yerevan, Armenia",,,,,,,,,5.0,,open,,40.173488,44.4469888,https://www.google.com/maps/place/Baby+Clothes/data=!4m7!3m6!1s0x406abdc2a9b5568f:0x98b7bb84fd547f78!8m2!3d40.173488!4d44.4469888!16s%2Fg%2F11cn0sh6yx!19sChIJj1a1qcK9akAReH9U_YS7t5g,"clothing store in Malatia-Sebastia, Yerevan"
0x406abc5e56867905:0xbee50cda83b58cab,Baby Town children's clothing,Clothing store,магазин одежды,Ереван,"33 Movses Khorenatsi Street, Yerevan, Armenia",+37493456496,,,,,,,,5.0,,open,,40.1687632,44.5145885,https://www.google.com/maps/place/Baby+Town+children%27s+clothing/data=!4m7!3m6!1s0x406abc5e56867905:0xbee50cda83b58cab!8m2!3d40.1687632!4d44.5145885!16s%2Fg%2F11hbtgp7xt!19sChIJBXmGVl68akARq4y1g9oM5b4,"clothing store in Malatia-Sebastia, Yerevan"
0x406abd72b5f1d7ff:0xb9f2b3e6a74fe746,BabyStyle,Children's clothing store,магазин одежды,Ереван,"10 Kievyan St, Yerevan 0033, Armenia",+37410321615,,,,,,,,5.0,,open,,40.194061,44.4869578,https://www.google.com/maps/place/BabyStyle/data=!4m7!3m6!1s0x406abd72b5f1d7ff:0xb9f2b3e6a74fe746!8m2!3d40.194061!4d44.4869578!16s%2Fg%2F119w9qwhl!19sChIJ_9fxtXK9akARRudPp-az8rk,"clothing store in Arabkir, Yerevan"
0x406abdf1f12b5363:0x4450a0d1e9b50b64,Big Man,Men's clothing store,магазин одежды,Ереван,"Մալաթիա Սեբաստիա 27, Yerevan, Armenia",+37491456331,,,,,,,,5.0,,open,,40.1833396,44.4608476,https://www.google.com/maps/place/Big+Man/data=!4m7!3m6!1s0x406abdf1f12b5363:0x4450a0d1e9b50b64!8m2!3d40.1833396!4d44.4608476!16s%2Fg%2F11z21xgx6q!19sChIJY1Mr8fG9akARZAu16dGgUEQ,"clothing store in Malatia-Sebastia, Yerevan"
0x406abdf9c1f28a69:0x53f24266647e86a4,Big Size Store,Women's clothing store,магазин одежды,Ереван,"Rossia” trade centre, Mashtots 17 “Big Size Store, 16 Tigran Mets Ave, Yerevan 0002, Armenia",+37498740083,,,,,,,,,,open,,40.1719611,44.513246,https://www.google.com/maps/place/Big+Size+Store/data=!4m7!3m6!1s0x406abdf9c1f28a69:0x53f24266647e86a4!8m2!3d40.1719611!4d44.513246!16s%2Fg%2F11yjh9y9wj!19sChIJaYrywfm9akARpIZ-ZGZC8lM,"clothing store in Nor Nork, Yerevan"
0x406abd0001eaf521:0x3d0c023ce2c4d0fc,Blossom,Women's clothing store,магазин одежды,Ереван,"Yerevan Mall, Arshakunyats Ave, Yerevan, Armenia",,,,,,,,,,,open,,40.1555972,44.4992444,https://www.google.com/maps/place/Blossom/data=!4m7!3m6!1s0x406abd0001eaf521:0x3d0c023ce2c4d0fc!8m2!3d40.1555972!4d44.4992444!16s%2Fg%2F11zy0mpdld!19sChIJIfXqAQC9akAR_NDE4jwCDD0,"clothing store in Shengavit, Yerevan"
0x406abcfccaa3d343:0xbfcfb0e6d9063107,Boutique Fashion,Clothing store,магазин одежды,Ереван,"36 Pushkin St, Yerevan, Armenia",+37499996006,,,,,,,,1.0,,open,,40.1822323,44.5134396,https://www.google.com/maps/place/Boutique+Fashion/data=!4m7!3m6!1s0x406abcfccaa3d343:0xbfcfb0e6d9063107!8m2!3d40.1822323!4d44.5134396!16s%2Fg%2F11c5wxjwgz!19sChIJQ9Ojyvy8akARBzEG2eawz78,"clothing store in Kentron, Yerevan"
0x406abd2a0108db1f:0x8236864957056b53,Brand Shop Men,Clothing store,магазин одежды,Ереван,"25 Nalbandyan St, Yerevan 0034, Armenia",,,,,,,,,3.0,,open,,40.1816357,44.5198651,https://www.google.com/maps/place/Brand+Shop+Men/data=!4m7!3m6!1s0x406abd2a0108db1f:0x8236864957056b53!8m2!3d40.1816357!4d44.5198651!16s%2Fg%2F11t2z5_xw4!19sChIJH9sIASq9akARU2sFV0mGNoI,"clothing store in Kentron, Yerevan"
0x406abded4eae7621:0x610bdbbfde12f981,Brandik Բրենդիկ,Clothing store,магазин одежды,Ереван,"24/4 Chekhov Street, 4 Չեխովի 24, Yerevan 0039, Armenia",+37433042288,,,,,,,,5.0,,open,,40.1528718,44.4801284,https://www.google.com/maps/place/Brandik+%D4%B2%D6%80%D5%A5%D5%B6%D5%A4%D5%AB%D5%AF/data=!4m7!3m6!1s0x406abded4eae7621:0x610bdbbfde12f981!8m2!3d40.1528718!4d44.4801284!16s%2Fg%2F11ty4f4ksr!19sChIJIXauTu29akARgfkS3r_bC2E,"clothing store in Shengavit, Yerevan"
0x406abd1a5da5a1e7:0x31c392aa1de6219,Brands Boutique,Men's clothing store,магазин одежды,Ереван,"5 Vazgen The First St, Yerevan, Armenia",+37477060407,,,,,,,,3.0,,open,,40.1993837,44.4933656,https://www.google.com/maps/place/Brands+Boutique/data=!4m7!3m6!1s0x406abd1a5da5a1e7:0x31c392aa1de6219!8m2!3d40.1993837!4d44.4933656!16s%2Fg%2F11wfstk3g8!19sChIJ56GlXRq9akARGWLeoSo5HAM,"clothing store in Kentron, Yerevan"
0x406abd1142ba5119:0x96446886f434a9ab,Bugatti,Clothing store,магазин одежды,Ереван,"58 Marshal Baghramyan Ave, Yerevan, Armenia",+37410271254,,,,,,,,3.0,,open,,40.1936547,44.498386,https://www.google.com/maps/place/Bugatti/data=!4m7!3m6!1s0x406abd1142ba5119:0x96446886f434a9ab!8m2!3d40.1936547!4d44.498386!16s%2Fg%2F11c5wxk67l!19sChIJGVG6QhG9akARq6k09IZoRJY,"clothing store in Malatia-Sebastia, Yerevan"
0x406abcffa8200149:0x5ba79bcd39435631,Cataleya Women's Boutique,Clothing store,магазин одежды,Ереван,"3 Sevan Street, Yerevan, Armenia",+37491182420,,,,,,,,5.0,,open,,40.1549692,44.5058566,https://www.google.com/maps/place/Cataleya+Women%27s+Boutique/data=!4m7!3m6!1s0x406abcffa8200149:0x5ba79bcd39435631!8m2!3d40.1549692!4d44.5058566!16s%2Fg%2F11f3rv5f44!19sChIJSQEgqP-8akARMVZDOc2bp1s,"clothing store in Erebuni, Yerevan"
0x406abd77d860dd7d:0x62f5f9630896d60,Clothing & Shoes,Clothing store,магазин одежды,Ереван,"31, 36 Garegin Nzhdeh St, Yerevan 0026, Armenia",+37498831114,,,,,,,,5.0,,open,,40.1526244,44.4983534,https://www.google.com/maps/place/Clothing+%26+Shoes/data=!4m7!3m6!1s0x406abd77d860dd7d:0x62f5f9630896d60!8m2!3d40.1526244!4d44.4983534!16s%2Fg%2F11rfbkf4mr!19sChIJfd1g2He9akARYG2JMJZfLwY,"clothing store in Shengavit, Yerevan"
0x406abdc202353853:0x879c9c9b2c0e2a0c,Clothing Shop,Clothing store,магазин одежды,Ереван,"0034, 30 Svachyan St, Yerevan 0034, Armenia",,,,,,,,,4.0,,open,,40.1760509,44.4524254,https://www.google.com/maps/place/Clothing+Shop/data=!4m7!3m6!1s0x406abdc202353853:0x879c9c9b2c0e2a0c!8m2!3d40.1760509!4d44.4524254!16s%2Fg%2F11cmy_jb6b!19sChIJUzg1AsK9akARDCoOLJucnIc,"clothing store in Shengavit, Yerevan"
0x406abd004d57ce1b:0xbbb692cc5410240,Clothing Store,Clothing store,магазин одежды,Ереван,"5GH3+2H5, Yerevan, Armenia",,,,,,,,,5.0,,open,,40.177575,44.5040982,https://www.google.com/maps/place/Clothing+Store/data=!4m7!3m6!1s0x406abd004d57ce1b:0xbbb692cc5410240!8m2!3d40.177575!4d44.5040982!16s%2Fg%2F11y2h0qvss!19sChIJG85XTQC9akARQAJBxSxpuws,"clothing store in Kentron, Yerevan"
0x406abde09baccdab:0x98df9b2f8d253159,Conte,Women's clothing store,магазин одежды,Ереван,"20 Abovyan St, Yerevan, Armenia",,,,,,,,,3.0,,open,,40.1825164,44.5178702,https://www.google.com/maps/place/Conte/data=!4m7!3m6!1s0x406abde09baccdab:0x98df9b2f8d253159!8m2!3d40.1825164!4d44.5178702!16s%2Fg%2F11t_t770zn!19sChIJq82sm-C9akARWTEljS-b35g,"clothing store in Kentron, Yerevan"
0x406abdee4bde3873:0x690afb621112aedf,Dajeli,Clothing store,магазин одежды,Ереван,"1 Marshal Baghramyan Ave, Yerevan 0002, Armenia",+37499777300,,,,,,,,5.0,,open,,40.1884465,44.5135146,https://www.google.com/maps/place/Dajeli/data=!4m7!3m6!1s0x406abdee4bde3873:0x690afb621112aedf!8m2!3d40.1884465!4d44.5135146!16s%2Fg%2F11w5bn70y8!19sChIJczjeS-69akAR364SEWL7Cmk,"clothing store in Kentron, Yerevan"
0x406abd2e947785a3:0xe68fe4b25e08750f,Daniel's,Men's clothing store,магазин одежды,Ереван,"11 Northern Ave, Yerevan 0001, Armenia",,,,,,,,,5.0,,open,,40.1805102,44.5149721,https://www.google.com/maps/place/Daniel%27s/data=!4m7!3m6!1s0x406abd2e947785a3:0xe68fe4b25e08750f!8m2!3d40.1805102!4d44.5149721!16s%2Fg%2F11t3gtpyjt!19sChIJo4V3lC69akARD3UIXrLkj-Y,"clothing store in Kentron, Yerevan"
0x406abdb997be46d3:0xac69da2f1b5bb37,Dav & Dali,Clothing store,магазин одежды,Ереван,"8, 4 Mikoyan St, Yerevan 0079, Armenia",+37493108269,,,,,,,,3.0,,open,,40.182308,44.5689035,https://www.google.com/maps/place/Dav+%26+Dali/data=!4m7!3m6!1s0x406abdb997be46d3:0xac69da2f1b5bb37!8m2!3d40.182308!4d44.5689035!16s%2Fg%2F11fd7fmrj2!19sChIJ00a-l7m9akARN7u18aKdxgo,"clothing store in Nor Nork, Yerevan"
0x406abd41cb3519dd:0xae0d4c926acacf62,Delai Chic,Baby clothing store,магазин одежды,Ереван,"101 Улица Карена Демирчяна, Yerevan 0010, Armenia",,,,,,,,,,,open,,40.1835673,44.5061463,https://www.google.com/maps/place/Delai+Chic/data=!4m7!3m6!1s0x406abd41cb3519dd:0xae0d4c926acacf62!8m2!3d40.1835673!4d44.5061463!16s%2Fg%2F11yyy8tsvt!19sChIJ3Rk1y0G9akARYs_KapJMDa4,"clothing store in Malatia-Sebastia, Yerevan"
0x406abce2af252065:0xa4af38fc012bc941,Dress Showroom,Clothing store,магазин одежды,Ереван,"52 Pushkin St, Yerevan 0002, Armenia",+37491005015,,,,,,,,5.0,,open,,40.1844687,44.5103815,https://www.google.com/maps/place/Dress+Showroom/data=!4m7!3m6!1s0x406abce2af252065:0xa4af38fc012bc941!8m2!3d40.1844687!4d44.5103815!16s%2Fg%2F11_vhjjld!19sChIJZSAlr-K8akARQckrAfw4r6Q,"clothing store in Kentron, Yerevan"
0x406abd4e4395b9e1:0x3d5312c038d24b05,Due L'arte,Clothing store,магазин одежды,Ереван,"15 Tumanyan St, Yerevan 0001, Armenia",+37433366666,,,,,,,,5.0,,open,,40.1815988,44.5182439,https://www.google.com/maps/place/Due+L%27arte/data=!4m7!3m6!1s0x406abd4e4395b9e1:0x3d5312c038d24b05!8m2!3d40.1815988!4d44.5182439!16s%2Fg%2F11kpptdfv1!19sChIJ4bmVQ069akARBUvSOMASUz0,"clothing store in Arabkir, Yerevan"
0x406abd005189bdab:0x6b66a0f095c60910,EVN room,Clothing store,магазин одежды,Ереван,"14 Garegin Nzhdeh St, Yerevan, Armenia",,,,,,,,,5.0,,open,,40.1513169,44.4901443,https://www.google.com/maps/place/EVN+room/data=!4m7!3m6!1s0x406abd005189bdab:0x6b66a0f095c60910!8m2!3d40.1513169!4d44.4901443!16s%2Fg%2F11zhn6g8c0!19sChIJq72JUQC9akAREAnGlfCgZms,"clothing store in Shengavit, Yerevan"
0x406abd4d8bf9a249:0x4ba76f82855a3af1,Eliana's two hearts,Women's clothing store,магазин одежды,Ереван,"24 Vagharsh Vagharshyan St, Yerevan 0012, Armenia",+37495850007,,,,,,,,5.0,,open,,40.2042798,44.4978803,https://www.google.com/maps/place/Eliana%27s+two+hearts/data=!4m7!3m6!1s0x406abd4d8bf9a249:0x4ba76f82855a3af1!8m2!3d40.2042798!4d44.4978803!16s%2Fg%2F11xzk3cgsh!19sChIJSaL5i029akAR8TpahYJvp0s,"clothing store in Arabkir, Yerevan"
0x406abd01d6e4acf9:0x51827c8edbcfcfaa,Elysian Clothing,Clothing store,магазин одежды,Ереван,"2 Marshal Baghramyan Ave, Yerevan 0019, Armenia",+37496004400,,,,,,,,,,open,,40.1925214,44.500897,https://www.google.com/maps/place/Elysian+Clothing/data=!4m7!3m6!1s0x406abd01d6e4acf9:0x51827c8edbcfcfaa!8m2!3d40.1925214!4d44.500897!16s%2Fg%2F11tcpw700p!19sChIJ-azk1gG9akARqs_P2458glE,"clothing store in Arabkir, Yerevan"
0x406abd36576c88c3:0x247329a252b7b0d5,Emly,Women's clothing store,магазин одежды,Ереван,"14 Mikoyan St, Yerevan, Armenia",,,,,,,,,,,open,,40.182104,44.5702015,https://www.google.com/maps/place/Emly/data=!4m7!3m6!1s0x406abd36576c88c3:0x247329a252b7b0d5!8m2!3d40.182104!4d44.5702015!16s%2Fg%2F11tf4j4zpd!19sChIJw4hsVza9akAR1bC3UqIpcyQ,"clothing store in Nor Nork, Yerevan"
0x406abd0cae2c3bf5:0x7274b8dae8c7ebe0,Endless Fashion House,Leather goods supplier,магазин одежды,Ереван,"17th Street, Arabkir, Yerevan, Armenia",+37444571757,,,,,,,,5.0,,open,,40.203108,44.5090819,https://www.google.com/maps/place/Endless+Fashion+House/data=!4m7!3m6!1s0x406abd0cae2c3bf5:0x7274b8dae8c7ebe0!8m2!3d40.203108!4d44.5090819!16s%2Fg%2F11g0ttj98t!19sChIJ9Tssrgy9akAR4OvH6Nq4dHI,"clothing store in Arabkir, Yerevan"
0x406abd0075c30131:0xa8f6f891671d5def,Enilem,Women's clothing store,магазин одежды,Ереван,"37, 5 Sebastia St, Yerevan 0032, Armenia",,,,,,,,,1.0,,open,,40.1825351,44.460728,https://www.google.com/maps/place/Enilem/data=!4m7!3m6!1s0x406abd0075c30131:0xa8f6f891671d5def!8m2!3d40.1825351!4d44.460728!16s%2Fg%2F11mrt9qlsm!19sChIJMQHDdQC9akAR710dZ5H49qg,"clothing store in Malatia-Sebastia, Yerevan"
0x406abd3d3a4ef2a1:0xd77f44a77f36ae45,Enilem,Women's clothing store,магазин одежды,Ереван,"Leningradyan St, Yerevan, Armenia",+37477733076,,,,,,,,2.7,,open,,40.1912299,44.4713365,https://www.google.com/maps/place/Enilem/data=!4m7!3m6!1s0x406abd3d3a4ef2a1:0xd77f44a77f36ae45!8m2!3d40.1912299!4d44.4713365!16s%2Fg%2F11kq140jqc!19sChIJofJOOj29akARRa42f6dEf9c,"clothing store in Malatia-Sebastia, Yerevan"
0x406abdebd36b29ef:0x6e2d29c494b5089f,Euphoria,Women's clothing store,магазин одежды,Ереван,"67 Hanrapetutyan St, Yerevan 0010, Armenia",+37410523833,,,,,,,,5.0,,open,,40.1780705,44.5190949,https://www.google.com/maps/place/Euphoria/data=!4m7!3m6!1s0x406abdebd36b29ef:0x6e2d29c494b5089f!8m2!3d40.1780705!4d44.5190949!16s%2Fg%2F11ff0x3rbn!19sChIJ7ylr0-u9akARnwi1lMQpLW4,"clothing store in Kentron, Yerevan"
0x406abdea86d2019b:0xf02a1fa27e15ccf,European Clothes Second Hand,Clothing store,магазин одежды,Ереван,"Yerevan City trade center, pavilion 14, Komitas Ave, Yerevan, Armenia",+22890021538,,,,,,,,,,open,,40.2061217,44.5213765,https://www.google.com/maps/place/European+Clothes+Second+Hand/data=!4m7!3m6!1s0x406abdea86d2019b:0xf02a1fa27e15ccf!8m2!3d40.2061217!4d44.5213765!16s%2Fg%2F11t8b44kxh!19sChIJmwHShuq9akARz1zhJ_qhAg8,"clothing store in Arabkir, Yerevan"
0x406abd003f6bc621:0x1ed773cf35abb92,Eva fashion,Clothing store,магазин одежды,Ереван,"21 Garegin Nzhdeh St, Yerevan 0026, Armenia",,,,,,,,,,,open,,40.1519325,44.4930964,https://www.google.com/maps/place/Eva+fashion/data=!4m7!3m6!1s0x406abd003f6bc621:0x1ed773cf35abb92!8m2!3d40.1519325!4d44.4930964!16s%2Fg%2F11zd4ccq29!19sChIJIcZrPwC9akARkrta8zx37QE,"clothing store in Erebuni, Yerevan"
0x406abde590959fa9:0x7052c8de0ef320d8,Eved Kids Clothing,Children's store,магазин одежды,Ереван,"komitas 11, Komitas Ave, Yerevan, Armenia",+37496990303,,,,,,,,5.0,,open,,40.2030205,44.4981788,https://www.google.com/maps/place/Eved+Kids+Clothing/data=!4m7!3m6!1s0x406abde590959fa9:0x7052c8de0ef320d8!8m2!3d40.2030205!4d44.4981788!16s%2Fg%2F11s5tnfr__!19sChIJqZ-VkOW9akAR2CDzDt7IUnA,"clothing store in Arabkir, Yerevan"
0x406abb263f4810ed:0xe707260782b91a4c,Fancy Shop,Women's clothing store,магазин одежды,Ереван,"Yerevan 0006, Armenia",+37433335538,,,,,,,,5.0,,open,,40.1414398,44.5203374,https://www.google.com/maps/place/Fancy+Shop/data=!4m7!3m6!1s0x406abb263f4810ed:0xe707260782b91a4c!8m2!3d40.1414398!4d44.5203374!16s%2Fg%2F11ss905n5g!19sChIJ7RBIPya7akARTBq5ggcmB-c,"clothing store in Shengavit, Yerevan"
0x406abd7d0f22a6e7:0x5369a3d5fb01fcc6,Frip',Vintage clothing store,магазин одежды,Ереван,"45a Mesrop Mashtots Ave, Yerevan, Armenia",+37493766950,,,,,,,,4.6,,open,,40.1904378,44.5168084,https://www.google.com/maps/place/Frip%27/data=!4m7!3m6!1s0x406abd7d0f22a6e7:0x5369a3d5fb01fcc6!8m2!3d40.1904378!4d44.5168084!16s%2Fg%2F11txjj1h07!19sChIJ56YiD329akARxvwB-9WjaVM,"clothing store in Kentron, Yerevan"
0x406abcfc29557cbf:0xa34cffa840324509,GERRUTI տղամարդկանց բրենդային սրահի,Clothing store,магазин одежды,Ереван,"18 Mesrop Mashtots Ave, Yerevan 0002, Armenia",+37433507150,,,,,,,,5.0,,open,,40.1805145,44.5075625,https://www.google.com/maps/place/GERRUTI+%D5%BF%D5%B2%D5%A1%D5%B4%D5%A1%D6%80%D5%A4%D5%AF%D5%A1%D5%B6%D6%81+%D5%A2%D6%80%D5%A5%D5%B6%D5%A4%D5%A1%D5%B5%D5%AB%D5%B6+%D5%BD%D6%80%D5%A1%D5%B0%D5%AB/data=!4m7!3m6!1s0x406abcfc29557cbf:0xa34cffa840324509!8m2!3d40.1805145!4d44.5075625!16s%2Fg%2F11ggn17fm_!19sChIJv3xVKfy8akARCUUyQKj_TKM,"clothing store in Shengavit, Yerevan"
0x406abd93c6ba00b5:0x7838539ef5ee5207,GULLIVER ARM,Clothing store,магазин одежды,Ереван,"Цицернакабедское шоссе, д.3, 0082, Armenia",+37495583888,,,,,,,,5.0,,open,,40.1797925,44.4880865,https://www.google.com/maps/place/GULLIVER+ARM/data=!4m7!3m6!1s0x406abd93c6ba00b5:0x7838539ef5ee5207!8m2!3d40.1797925!4d44.4880865!16s%2Fg%2F11q9m8y_2z!19sChIJtQC6xpO9akARB1Lu9Z5TOHg,"clothing store in Arabkir, Yerevan"
0x406aa3a1b03f4831:0x87a5f180948573ba,Gala Shop,Clothing store,магазин одежды,Ереван,"7/15 Улица Сафарян, Yerevan, Armenia",+37441033336,,,,,,,,5.0,,open,,40.1963235,44.5638789,https://www.google.com/maps/place/Gala+Shop/data=!4m7!3m6!1s0x406aa3a1b03f4831:0x87a5f180948573ba!8m2!3d40.1963235!4d44.5638789!16s%2Fg%2F11rqw558z1!19sChIJMUg_sKGjakARunOFlIDxpYc,"clothing store in Nor Nork, Yerevan"
0x406abd22ea4aff97:0xecf85040a96beb17,Gecco,Clothing store,магазин одежды,Ереван,"25, Mashtots Mesrop Mashtots Ave, Yerevan, Armenia",,,,,,,,,4.2,,open,,40.1837853,44.5107473,https://www.google.com/maps/place/Gecco/data=!4m7!3m6!1s0x406abd22ea4aff97:0xecf85040a96beb17!8m2!3d40.1837853!4d44.5107473!16s%2Fg%2F11tt915dx7!19sChIJl_9K6iK9akARF-trqUBQ-Ow,"clothing store in Kentron, Yerevan"
0x406abd6f5f2900e1:0xd89341067f7ddbde,Gioberti,Clothing store,магазин одежды,Ереван,"21 Abovyan St, Yerevan, Armenia",+37496232424,,,,,,,,5.0,,open,,40.1851746,44.5201596,https://www.google.com/maps/place/Gioberti/data=!4m7!3m6!1s0x406abd6f5f2900e1:0xd89341067f7ddbde!8m2!3d40.1851746!4d44.5201596!16s%2Fg%2F11sr6hzggs!19sChIJ4QApX2-9akAR3tt9fwZBk9g,"clothing store in Kentron, Yerevan"
0x406abb6b01df6d85:0x122ef94e7d9cd307,HandS,Clothing store,магазин одежды,Ереван,"Yerevan, Armenia",+37491838182,,,,,,,,,,open,,40.1407474,44.5203928,https://www.google.com/maps/place/HandS/data=!4m7!3m6!1s0x406abb6b01df6d85:0x122ef94e7d9cd307!8m2!3d40.1407474!4d44.5203928!16s%2Fg%2F11sk7gl3v8!19sChIJhW3fAWu7akARB9OcfU75LhI,"clothing store in Erebuni, Yerevan"
0x406abdeba92f6177:0xb8782e0916c11ce1,Hovman,Clothing store,магазин одежды,Ереван,"7 Agatangeghos St, Yerevan 0015, Armenia",+37498733381,,,,,,,,4.0,,open,,40.1727305,44.5118001,https://www.google.com/maps/place/Hovman/data=!4m7!3m6!1s0x406abdeba92f6177:0xb8782e0916c11ce1!8m2!3d40.1727305!4d44.5118001!16s%2Fg%2F11gyyzz2xw!19sChIJd2Evqeu9akAR4RzBFgkueLg,"clothing store in Kentron, Yerevan"
0x406abd78451ddac5:0x8b81c08821ce5949,JEANSNOC ՋԻՆՍԱՆՈՑ,Clothing store,магазин одежды,Ереван,"4 Hrachya Kochar St, Yerevan 0033, Armenia",+37498302969,,,,,,,,5.0,,open,,40.1979309,44.4943219,https://www.google.com/maps/place/JEANSNOC+%D5%8B%D4%BB%D5%86%D5%8D%D4%B1%D5%86%D5%88%D5%91/data=!4m7!3m6!1s0x406abd78451ddac5:0x8b81c08821ce5949!8m2!3d40.1979309!4d44.4943219!16s%2Fg%2F11v4n38s6m!19sChIJxdodRXi9akARSVnOIYjAgYs,"clothing store in Kentron, Yerevan"
0x406a97003bed5c4d:0x80847640ba0ab4ac,Jo Ar Si,Clothing store,магазин одежды,Ереван,"6F8Q+X4C, Tigran Petrosyan St, Yerevan 0054, Armenia",+37410370686,,,,,,,,1.0,,open,,40.2174494,44.4877617,https://www.google.com/maps/place/Jo+Ar+Si/data=!4m7!3m6!1s0x406a97003bed5c4d:0x80847640ba0ab4ac!8m2!3d40.2174494!4d44.4877617!16s%2Fg%2F11zjcmdcx9!19sChIJTVztOwCXakARrLQKukB2hIA,"clothing store in Arabkir, Yerevan"
0x406abd0d2b1c00ed:0x981f6d175bb23c31,Junior Style Yerevan,Children's clothing store,магазин одежды,Ереван,"13 Nalbandyan St, Yerevan 0010, Armenia",+37491414656,,,,,,,,5.0,,open,,40.1801646,44.517507,https://www.google.com/maps/place/Junior+Style+Yerevan/data=!4m7!3m6!1s0x406abd0d2b1c00ed:0x981f6d175bb23c31!8m2!3d40.1801646!4d44.517507!16s%2Fg%2F11l82h6r_y!19sChIJ7QAcKw29akARMTyyWxdtH5g,"clothing store in Kentron, Yerevan"
0x406abdbc27def473:0x4183787f1c2bac11,Kastoria,Fur coat shop,магазин одежды,Ереван,"7 Komitas Ave, Yerevan 0033, Armenia",+37410278518,,,,,,,,5.0,,open,,40.2024484,44.4972035,https://www.google.com/maps/place/Kastoria/data=!4m7!3m6!1s0x406abdbc27def473:0x4183787f1c2bac11!8m2!3d40.2024484!4d44.4972035!16s%2Fg%2F11f7km0d10!19sChIJc_TeJ7y9akAREawrHH94g0E,"clothing store in Arabkir, Yerevan"
0x406abd007ea8c5d1:0xbae17ea9d8ebd3a0,Koton Armenia,Clothing store,магазин одежды,Ереван,"4, 2 Aram Street, Yerevan 0002, Armenia",,,,,,,,,3.9,,open,,40.1790532,44.5147901,https://www.google.com/maps/place/Koton+Armenia/data=!4m7!3m6!1s0x406abd007ea8c5d1:0xbae17ea9d8ebd3a0!8m2!3d40.1790532!4d44.5147901!16s%2Fg%2F11mclfftbk!19sChIJ0cWofgC9akARoNPr2Kl-4bo,"clothing store in Kentron, Yerevan"
0x2744dae503218caf:0x25d27dcae0d16f6c,Kyn.denim,Clothing store,магазин одежды,Ереван,"Martiros Saryan St, Yerevan 0002, Armenia",+37495677678,,,,,,,,5.0,,open,,40.184453,44.5051513,https://www.google.com/maps/place/Kyn.denim/data=!4m7!3m6!1s0x2744dae503218caf:0x25d27dcae0d16f6c!8m2!3d40.184453!4d44.5051513!16s%2Fg%2F11nq94b50_!19sChIJr4whA-XaRCcRbG_R4Mp90iU,"clothing store in Kentron, Yerevan"
0x406abd004699e831:0xcc820c74bcbd984e,LC Waikiki,Clothing store,магазин одежды,Ереван,"Yerevan Mall, Arshakunyats Ave, Yerevan, Armenia",,,,,,,,,,,open,,40.1555833,44.4991944,https://www.google.com/maps/place/LC+Waikiki/data=!4m7!3m6!1s0x406abd004699e831:0xcc820c74bcbd984e!8m2!3d40.1555833!4d44.4991944!16s%2Fg%2F11zz58v_58!19sChIJMeiZRgC9akARTpi9vHQMgsw,"clothing store in Shengavit, Yerevan"
0x406abcfc29a159eb:0x1612b092a5b1dbbf,LC Waikiki Mashtots,Clothing store,магазин одежды,Ереван,"18, 52 Mesrop Mashtots Ave, Yerevan 0012, Armenia",+37443003165,,,,,,,,3.8,,open,,40.1796741,44.5065762,https://www.google.com/maps/place/LC+Waikiki+Mashtots/data=!4m7!3m6!1s0x406abcfc29a159eb:0x1612b092a5b1dbbf!8m2!3d40.1796741!4d44.5065762!16s%2Fg%2F11csc3378c!19sChIJ61mhKfy8akARv9uxpZKwEhY,"clothing store in Kentron, Yerevan"
0x406abdccacfe84ab:0xf20859c3a9ff545f,La Voga Yerevan,Clothing store,магазин одежды,Ереван,"32/2 Arshakunyats Ave, Yerevan, Armenia",+37433006050,,,,,,,,,,open,,40.1561435,44.5010203,https://www.google.com/maps/place/La+Voga+Yerevan/data=!4m7!3m6!1s0x406abdccacfe84ab:0xf20859c3a9ff545f!8m2!3d40.1561435!4d44.5010203!16s%2Fg%2F11vyg4_jmz!19sChIJq4T-rMy9akARX1T_qcNZCPI,"clothing store in Erebuni, Yerevan"
0x406abd4633a4fdad:0xd50d43d0702326f2,Levi's Outlet,Clothing store,магазин одежды,Ереван,"29/2, 29/2 Komitas Ave, Yerevan 0033, Armenia",+37491501514,,,,,,,,4.3,,open,,40.2059095,44.5055666,https://www.google.com/maps/place/Levi%27s+Outlet/data=!4m7!3m6!1s0x406abd4633a4fdad:0xd50d43d0702326f2!8m2!3d40.2059095!4d44.5055666!16s%2Fg%2F11ggr0jk9g!19sChIJrf2kM0a9akAR8iYjcNBDDdU,"clothing store in Arabkir, Yerevan"
0x406abde836a3ea25:0x4dc7193ecffa1f88,Liana shop,Clothing store,магазин одежды,Ереван,"5FG3+3HV, Svachyan St, Yerevan, Armenia",+37491334747,,,,,,,,5.0,,open,,40.1752281,44.4539192,https://www.google.com/maps/place/Liana+shop/data=!4m7!3m6!1s0x406abde836a3ea25:0x4dc7193ecffa1f88!8m2!3d40.1752281!4d44.4539192!16s%2Fg%2F11cn5x8bzl!19sChIJJeqjNui9akARiB_6zz4Zx00,"clothing store in Malatia-Sebastia, Yerevan"
0x406abdddae2278db:0x40ebb1101e85e15d,Lilis Family,Clothing store,магазин одежды,Ереван,"12 Komitas Ave, Yerevan 0033, Armenia",+37498242409,,,,,,,,3.4,,open,,40.2015592,44.4962592,https://www.google.com/maps/place/Lilis+Family/data=!4m7!3m6!1s0x406abdddae2278db:0x40ebb1101e85e15d!8m2!3d40.2015592!4d44.4962592!16s%2Fg%2F11rylkw7r5!19sChIJ23girt29akARXeGFHhCx60A,"clothing store in Arabkir, Yerevan"
0x406abd292009c9bf:0xa479a32bee6f3640,Lusio,Women's clothing store,магазин одежды,Ереван,"30 Tumanyan St, Yerevan 0001, Armenia",,,,,,,,,3.0,,open,,40.1827779,44.5171839,https://www.google.com/maps/place/Lusio/data=!4m7!3m6!1s0x406abd292009c9bf:0xa479a32bee6f3640!8m2!3d40.1827779!4d44.5171839!16s%2Fg%2F11kk6wbt2y!19sChIJv8kJICm9akARQDZv7iujeaQ,"clothing store in Kentron, Yerevan"
0x406abdc827d4ccf1:0x9505656f510f22f9,Luysik Shop,Clothing store,магазин одежды,Ереван,"22/8 Yeghbayrutian St, Yerevan, Armenia",+37441020881,,,,,,,,,,open,,40.1511817,44.4813931,https://www.google.com/maps/place/Luysik+Shop/data=!4m7!3m6!1s0x406abdc827d4ccf1:0x9505656f510f22f9!8m2!3d40.1511817!4d44.4813931!16s%2Fg%2F11z3kbg9rx!19sChIJ8czUJ8i9akAR-SIPUW9lBZU,"clothing store in Erebuni, Yerevan"
0x406abd4bfbb432bf:0x8b59853105a81c6a,MARCCAIN,Women's clothing store,магазин одежды,Ереван,"39 Mesrop Mashtots Ave, Yerevan 0002, Armenia",,,,,,,,,4.2,,open,,40.1888598,44.5168788,https://www.google.com/maps/place/MARCCAIN/data=!4m7!3m6!1s0x406abd4bfbb432bf:0x8b59853105a81c6a!8m2!3d40.1888598!4d44.5168788!16s%2Fg%2F11kc1xlbky!19sChIJvzK0-0u9akARahyoBTGFWYs,"clothing store in Kentron, Yerevan"
0x406abbc7f7fc9381:0xc56062f6f7f32522,MISS PERFECT ARMENIA,Dress store,магазин одежды,Ереван,"Erebuni st, Azatamartikner Ave, Yerevan, Armenia",+37441727782,,,,,,,,,,open,,40.1422266,44.5216102,https://www.google.com/maps/place/MISS+PERFECT+ARMENIA/data=!4m7!3m6!1s0x406abbc7f7fc9381:0xc56062f6f7f32522!8m2!3d40.1422266!4d44.5216102!16s%2Fg%2F11s_ctp8_6!19sChIJgZP898e7akARIiXz9_ZiYMU,"clothing store in Erebuni, Yerevan"
0x406abd598622db1b:0xc8cd83cdaf64457f,MaMarie Store,Children's clothing store,магазин одежды,Ереван,"42, 1 Aram Street, Yerevan 0002, Armenia",,,,,,,,,,,open,,40.1806987,44.5125081,https://www.google.com/maps/place/MaMarie+Store/data=!4m7!3m6!1s0x406abd598622db1b:0xc8cd83cdaf64457f!8m2!3d40.1806987!4d44.5125081!16s%2Fg%2F11zf755vv4!19sChIJG9sihlm9akARf0Vkr82Dzcg,"clothing store in Arabkir, Yerevan"
0x406abd864c8167d9:0xe48b05a29740c3c1,Malatia Mall,Shopping mall,магазин одежды,Ереван,"5 Sebastia St, Yerevan, Armenia",,,,,,,,,4.5,,open,,40.1712802,44.456973,https://www.google.com/maps/place/Malatia+Mall/data=!4m7!3m6!1s0x406abd864c8167d9:0xe48b05a29740c3c1!8m2!3d40.1712802!4d44.456973!16s%2Fg%2F11t6ky1k8v!19sChIJ2WeBTIa9akARwcNAl6IFi-Q,"clothing store in Malatia-Sebastia, Yerevan"
0x406aa3b68a7c5399:0x6f25dc85927f04a1,Man style,Men's clothing store,магазин одежды,Ереван,"6HCC+HVG, Yerevan, Armenia",+37493214130,,,,,,,,5.0,,open,,40.2209104,44.5714537,https://www.google.com/maps/place/Man+style/data=!4m7!3m6!1s0x406aa3b68a7c5399:0x6f25dc85927f04a1!8m2!3d40.2209104!4d44.5714537!16s%2Fg%2F11tck4_8fp!19sChIJmVN8irajakARoQR_koXcJW8,"clothing store in Nor Nork, Yerevan"
0x406abdb846da1035:0xfb5e5e365b891e59,Mari Shop,Clothing store,магазин одежды,Ереван,"11, 5 Ohanov St, Yerevan, Armenia",,,,,,,,,5.0,,open,,40.1801382,44.4473285,https://www.google.com/maps/place/Mari+Shop/data=!4m7!3m6!1s0x406abdb846da1035:0xfb5e5e365b891e59!8m2!3d40.1801382!4d44.4473285!16s%2Fg%2F11vkzc40qv!19sChIJNRDaRri9akARWR6JWzZeXvs,"clothing store in Malatia-Sebastia, Yerevan"
0x406abce1ad1cec57:0xd18d14419fc65e92,Matevossian,Clothing store,магазин одежды,Ереван,"21 Moskovyan Street, Yerevan 0009, Armenia",+37493201130,,,,,,,,5.0,,open,,40.1872099,44.5192665,https://www.google.com/maps/place/Matevossian/data=!4m7!3m6!1s0x406abce1ad1cec57:0xd18d14419fc65e92!8m2!3d40.1872099!4d44.5192665!16s%2Fg%2F11csqj6z6z!19sChIJV-wcreG8akARkl7Gn0EUjdE,"clothing store in Kentron, Yerevan"
0x406abdb160162197:0xd409b09e8414966f,Milazzo,Clothing store,магазин одежды,Ереван,"10 Northern Ave, Yerevan, Armenia",,,,,,,,,4.5,,open,,40.1806037,44.5143374,https://www.google.com/maps/place/Milazzo/data=!4m7!3m6!1s0x406abdb160162197:0xd409b09e8414966f!8m2!3d40.1806037!4d44.5143374!16s%2Fg%2F11t61cxz41!19sChIJlyEWYLG9akARb5YUhJ6wCdQ,"clothing store in Kentron, Yerevan"
0x406aa31a423429d5:0x9624b66b17b319ec,Mini Majesty,Children's clothing store,магазин одежды,Ереван,"Yerevan 0092, Armenia",+37491450566,,,,,,,,,,open,,40.1898526,44.5824676,https://www.google.com/maps/place/Mini+Majesty/data=!4m7!3m6!1s0x406aa31a423429d5:0x9624b66b17b319ec!8m2!3d40.1898526!4d44.5824676!16s%2Fg%2F11sjk45_rb!19sChIJ1Sk0QhqjakAR7BmzF2u2JJY,"clothing store in Nor Nork, Yerevan"
0x406abcf7b3e30373:0xe887eedc1fd6ead8,MixRay,Clothing store,магазин одежды,Ереван,"12 Tigran Mets Ave, Yerevan 0010, Armenia",,,,,,,,,3.3,,open,,40.1739738,44.5135608,https://www.google.com/maps/place/MixRay/data=!4m7!3m6!1s0x406abcf7b3e30373:0xe887eedc1fd6ead8!8m2!3d40.1739738!4d44.5135608!16s%2Fg%2F11g6rjcc_j!19sChIJcwPjs_e8akAR2OrWH9zuh-g,"clothing store in Nor Nork, Yerevan"
0x406abce0d761683f:0xa9d5f48fb8a8d280,Modern Boutic,Clothing store,магазин одежды,Ереван,"25 Abovyan St, Yerevan 0001, Armenia",+37493515367,,,,,,,,5.0,,open,,40.1860462,44.5212833,https://www.google.com/maps/place/Modern+Boutic/data=!4m7!3m6!1s0x406abce0d761683f:0xa9d5f48fb8a8d280!8m2!3d40.1860462!4d44.5212833!16s%2Fg%2F11d_8g_ck0!19sChIJP2hh1-C8akARgNKouI_01ak,"clothing store in Kentron, Yerevan"
0x406abc588ea98f05:0x45365a0b24d880f7,Monangel,Shopping mall,магазин одежды,Ереван,"5CFW+H67, Yerevan, Armenia",+37410545499,,,,,,,,3.1,,open,,40.1739149,44.4455418,https://www.google.com/maps/place/Monangel/data=!4m7!3m6!1s0x406abc588ea98f05:0x45365a0b24d880f7!8m2!3d40.1739149!4d44.4455418!16s%2Fg%2F12lkgkn3p!19sChIJBY-pjli8akAR94DYJAtaNkU,"clothing store in Malatia-Sebastia, Yerevan"
0x406abda94c255555:0xba2ca4e0866b619d,Monsoon,Women's clothing store,магазин одежды,Ереван,"5FHQ+V6G, Yerevan, Armenia",,,,,,,,,4.8,,open,,40.1796832,44.4880912,https://www.google.com/maps/place/Monsoon/data=!4m7!3m6!1s0x406abda94c255555:0xba2ca4e0866b619d!8m2!3d40.1796832!4d44.4880912!16s%2Fg%2F11cs4yxp45!19sChIJVVUlTKm9akARnWFrhuCkLLo,"clothing store in Shengavit, Yerevan"
0x406abcf067d26ccd:0x81ca83460354cc1f,Mosini,Clothing store,магазин одежды,Ереван,"N1, 62 Hanrapetutyan St, Yerevan 0010, Armenia",+37499247274,,,,,,,,5.0,,open,,40.1777475,44.5191517,https://www.google.com/maps/place/Mosini/data=!4m7!3m6!1s0x406abcf067d26ccd:0x81ca83460354cc1f!8m2!3d40.1777475!4d44.5191517!16s%2Fg%2F11bzt06nqm!19sChIJzWzSZ_C8akARH8xUA0aDyoE,"clothing store in Kentron, Yerevan"
0x406abce53d85a7c7:0xcd484782be65fb5b,NANA Fashion,Women's clothing store,магазин одежды,Ереван,"98 Nalbandyan St, Yerevan 0010, Armenia",+37410567525,,,,,,,,5.0,,open,,40.180609,44.5195667,https://www.google.com/maps/place/NANA+Fashion/data=!4m7!3m6!1s0x406abce53d85a7c7:0xcd484782be65fb5b!8m2!3d40.180609!4d44.5195667!16s%2Fg%2F1tm1nys_!19sChIJx6eFPeW8akARW_tlvoJHSM0,"clothing store in Kentron, Yerevan"
0x406abdbadc4bed4b:0x4773843577574245,Nobby Individual Boutique,Clothing store,магазин одежды,Ереван,"15 Tumanyan St, Yerevan 0012, Armenia",+37411801001,,,,,,,,,,open,,40.1814242,44.5185666,https://www.google.com/maps/place/Nobby+Individual+Boutique/data=!4m7!3m6!1s0x406abdbadc4bed4b:0x4773843577574245!8m2!3d40.1814242!4d44.5185666!16s%2Fg%2F11l97706dq!19sChIJS-1L3Lq9akARRUJXdzWEc0c,"clothing store in Kentron, Yerevan"
0x406abd005901d0c7:0xea4e557a40aac403,Nourp,Women's clothing store,магазин одежды,Ереван,"30 Komitas Ave, Yerevan, Armenia",+37441575067,,,,,,,,,,open,,40.2038415,44.5018736,https://www.google.com/maps/place/Nourp/data=!4m7!3m6!1s0x406abd005901d0c7:0xea4e557a40aac403!8m2!3d40.2038415!4d44.5018736!16s%2Fg%2F11xkwfn1qb!19sChIJx9ABWQC9akARA8SqQHpVTuo,"clothing store in Nor Nork, Yerevan"
0x406abd9b214ace4b:0x47db521d6b2417ee,Oh lala boutique yerevan,Clothing store,магазин одежды,Ереван,"17 Mesrop Mashtots Ave, Yerevan 0002, Armenia",+37433553344,,,,,,,,5.0,,open,,40.1828635,44.5095786,https://www.google.com/maps/place/Oh+lala+boutique+yerevan/data=!4m7!3m6!1s0x406abd9b214ace4b:0x47db521d6b2417ee!8m2!3d40.1828635!4d44.5095786!16s%2Fg%2F11q3ybkq9n!19sChIJS85KIZu9akAR7hckax1S20c,"clothing store in Kentron, Yerevan"
0x406abd6346b368bd:0x173f3df4f10e4632,Okaidi Mega mall,Clothing store,магазин одежды,Ереван,"16 Gai Ave, Yerevan, Armenia",+37498720897,,,,,,,,5.0,,open,,40.1972284,44.5658731,https://www.google.com/maps/place/Okaidi+Mega+mall/data=!4m7!3m6!1s0x406abd6346b368bd:0x173f3df4f10e4632!8m2!3d40.1972284!4d44.5658731!16s%2Fg%2F11w9fgy9s0!19sChIJvWizRmO9akARMkYO8fQ9Pxc,"clothing store in Nor Nork, Yerevan"
0x406abd1d2544743d:0x46475fc3b9529607,Otto,Clothing store,магазин одежды,Ереван,"51 Pushkin St, Yerevan 0002, Armenia",+37410534762,,,,,,,,5.0,,open,,40.1856893,44.5081113,https://www.google.com/maps/place/Otto/data=!4m7!3m6!1s0x406abd1d2544743d:0x46475fc3b9529607!8m2!3d40.1856893!4d44.5081113!16s%2Fg%2F1hdzt71q8!19sChIJPXREJR29akARB5ZSucNfR0Y,"clothing store in Kentron, Yerevan"
0x406abb681cd27257:0x8ca46a598f16d5bf,Outlet Econom,Clothing store,магазин одежды,Ереван,"47 Artsakh Ave, Yerevan, Armenia",+37477374998,,,,,,,,2.3,,open,,40.1385766,44.5113833,https://www.google.com/maps/place/Outlet+Econom/data=!4m7!3m6!1s0x406abb681cd27257:0x8ca46a598f16d5bf!8m2!3d40.1385766!4d44.5113833!16s%2Fg%2F11vlbgm7vt!19sChIJV3LSHGi7akARv9UWj1lqpIw,"clothing store in Erebuni, Yerevan"
0x406abd94dfeaa5dd:0xd8ec2a093bbb45b7,Phanes Yerevan,Boutique,магазин одежды,Ереван,"7, 11 Mesrop Mashtots Ave, Yerevan 0002, Armenia",+37495057605,,,,,,,,5.0,,open,,40.1801723,44.5064389,https://www.google.com/maps/place/Phanes+Yerevan/data=!4m7!3m6!1s0x406abd94dfeaa5dd:0xd8ec2a093bbb45b7!8m2!3d40.1801723!4d44.5064389!16s%2Fg%2F11ywmzbsbp!19sChIJ3aXq35S9akARt0W7Owkq7Ng,"clothing store in Kentron, Yerevan"
0x406abd007027959d:0x34de69354b78da6b,Pirouette Dance Store,Clothing store,магазин одежды,Ереван,"23, 6 Margaryan St, Yerevan, Armenia",,,,,,,,,5.0,,open,,40.2046088,44.4746676,https://www.google.com/maps/place/Pirouette+Dance+Store/data=!4m7!3m6!1s0x406abd007027959d:0x34de69354b78da6b!8m2!3d40.2046088!4d44.4746676!16s%2Fg%2F11z7jmc1dt!19sChIJnZUncAC9akARa9p4SzVp3jQ,"clothing store in Malatia-Sebastia, Yerevan"
0x406abc1455a7d535:0xc177be6ea2abc307,Premium One,Clothing store,магазин одежды,Ереван,"Yerevan Mall, 34/3 Arshakunyats Ave, Yerevan 0026, Armenia",+37455888008,,,,,,,,4.5,,open,,40.155662,44.499561,https://www.google.com/maps/place/Premium+One/data=!4m7!3m6!1s0x406abc1455a7d535:0xc177be6ea2abc307!8m2!3d40.155662!4d44.499561!16s%2Fg%2F11b6z10s2h!19sChIJNdWnVRS8akARB8Orom6-d8E,"clothing store in Shengavit, Yerevan"
0x406abd17a7d8ee51:0x8854351fa6ccace5,Promesa,Women's clothing store,магазин одежды,Ереван,"48 Komitas Ave, Yerevan, Armenia",+37495480049,,,,,,,,5.0,,open,,40.2066576,44.5117677,https://www.google.com/maps/place/Promesa/data=!4m7!3m6!1s0x406abd17a7d8ee51:0x8854351fa6ccace5!8m2!3d40.2066576!4d44.5117677!16s%2Fg%2F11k65s4r0z!19sChIJUe7Ypxe9akAR5azMph81VIg,"clothing store in Arabkir, Yerevan"
0x406abc14597499c3:0xecbaaf2868f00d5,Quiz,Clothing store,магазин одежды,Ереван,"34 Arshakunyats Ave, Yerevan, Armenia",+37493868150,,,,,,,,5.0,,open,,40.1554986,44.5001825,https://www.google.com/maps/place/Quiz/data=!4m7!3m6!1s0x406abc14597499c3:0xecbaaf2868f00d5!8m2!3d40.1554986!4d44.5001825!16s%2Fg%2F11f0kxlr2h!19sChIJw5l0WRS8akAR1QCPhvKqyw4,"clothing store in Shengavit, Yerevan"
0x406abcada35e83df:0x75d4c49c79c8185,R style,Clothing store,магазин одежды,Ереван,"27 Mikoyan St, Yerevan 0079, Armenia",+374 35 969632,,,,,,,,5.0,,open,,40.1823566,44.5705403,https://www.google.com/maps/place/R+style/data=!4m7!3m6!1s0x406abcada35e83df:0x75d4c49c79c8185!8m2!3d40.1823566!4d44.5705403!16s%2Fg%2F11g8kw_18y!19sChIJ34Neo628akARhYGcx0lMXQc,"clothing store in Nor Nork, Yerevan"
0x406abc58a2402953:0x6261a73c070dd605,Real Store,Clothing store,магазин одежды,Ереван,"16 Tigran Mets Ave, Yerevan, Armenia",+37460680100,,,,,,,,3.6,,open,,40.1719623,44.5132446,https://www.google.com/maps/place/Real+Store/data=!4m7!3m6!1s0x406abc58a2402953:0x6261a73c070dd605!8m2!3d40.1719623!4d44.5132446!16s%2Fg%2F1ygb7n9__!19sChIJUylAoli8akARBdYNBzynYWI,"clothing store in Kentron, Yerevan"
0x406abd4e27767d71:0x8e4ad36390112946,Reggenza,Men's clothing store,магазин одежды,Ереван,"10 Northern Ave, Yerevan 0010, Armenia",+37443003010,,,,,,,,5.0,,open,,40.1817862,44.5144236,https://www.google.com/maps/place/Reggenza/data=!4m7!3m6!1s0x406abd4e27767d71:0x8e4ad36390112946!8m2!3d40.1817862!4d44.5144236!16s%2Fg%2F11flbg0dcg!19sChIJcX12J069akARRikRkGPTSo4,"clothing store in Kentron, Yerevan"
0x406abd65d5b491b9:0xf766fd85b552b3b0,Ruzanē,Clothing store,магазин одежды,Ереван,"15 Ghazar Parpetsi St, Yerevan 0002, Armenia",,,,,,,,,,,open,,40.1859983,44.5114243,https://www.google.com/maps/place/Ruzan%C4%93/data=!4m7!3m6!1s0x406abd65d5b491b9:0xf766fd85b552b3b0!8m2!3d40.1859983!4d44.5114243!16s%2Fg%2F11jsmjsc26!19sChIJuZG01WW9akARsLNStYX9Zvc,"clothing store in Arabkir, Yerevan"
0x406abd0039c85e57:0xf63587c4b3952bb6,SER.EVN,Clothing store,магазин одежды,Ереван,"31 Moskovyan Street, Yerevan, Armenia",+37433150013,,,,,,,,4.7,,open,,40.1867037,44.5136102,https://www.google.com/maps/place/SER.EVN/data=!4m7!3m6!1s0x406abd0039c85e57:0xf63587c4b3952bb6!8m2!3d40.1867037!4d44.5136102!16s%2Fg%2F11msmr_qdp!19sChIJV17IOQC9akARtiuVs8SHNfY,"clothing store in Kentron, Yerevan"
0x406abcfcd5c5fcfd:0xa5b9f002056895bd,Safinafashion Official,Clothing store,магазин одежды,Ереван,"31 Pushkin St, Yerevan 0002, Armenia",+37491155538,,,,,,,,5.0,,open,,40.1828501,44.5121612,https://www.google.com/maps/place/Safinafashion+Official/data=!4m7!3m6!1s0x406abcfcd5c5fcfd:0xa5b9f002056895bd!8m2!3d40.1828501!4d44.5121612!16s%2Fg%2F11gfd_kj8s!19sChIJ_fzF1fy8akARvZVoBQLwuaU,"clothing store in Shengavit, Yerevan"
0x406abd0cfa91fcdb:0x5138840a500448ec,Second Hand European,Second hand store,магазин одежды,Ереван,"Mashtoc 3/57, Yerevan 0002, Armenia",+37491409933,,,,,,,,3.6,,open,,40.177701,44.5033936,https://www.google.com/maps/place/Second+Hand+European/data=!4m7!3m6!1s0x406abd0cfa91fcdb:0x5138840a500448ec!8m2!3d40.177701!4d44.5033936!16s%2Fg%2F11t3z9w05p!19sChIJ2_yR-gy9akAR7EgEUAqEOFE,"clothing store in Kentron, Yerevan"
0x406abcff5bb836ad:0xcfc687afb7c66f4b,Second hand Belgium,Clothing store,магазин одежды,Ереван,"5GG3+WH2, Mesrop Mashtots Ave, Yerevan, Armenia",,,,,,,,,3.5,,open,,40.1772707,44.5038986,https://www.google.com/maps/place/Second+hand+Belgium/data=!4m7!3m6!1s0x406abcff5bb836ad:0xcfc687afb7c66f4b!8m2!3d40.1772707!4d44.5038986!16s%2Fg%2F12ll782hy!19sChIJrTa4W_-8akARS2_Gt6-Hxs8,"clothing store in Kentron, Yerevan"
0x406abce38a8a505f:0x1a4dc35147a5c251,Sharan Crafts Center,Craft store,магазин одежды,Ереван,"28 Yeznik Koghbatsi St, Yerevan, Armenia",,,,,,,,,4.6,,open,,40.18148,44.5110655,https://www.google.com/maps/place/Sharan+Crafts+Center/data=!4m7!3m6!1s0x406abce38a8a505f:0x1a4dc35147a5c251!8m2!3d40.18148!4d44.5110655!16s%2Fg%2F11c30qs61k!19sChIJX1CKiuO8akARUcKlR1HDTRo,"clothing store in Arabkir, Yerevan"
0x406abce19a2a8f19:0x681c4bdad9ad4c09,Shorik.am,Clothing store,магазин одежды,Ереван,"6 Byron St, Yerevan 0009, Armenia",+37455746745,,,,,,,,5.0,,open,,40.1862155,44.5176767,https://www.google.com/maps/place/Shorik.am/data=!4m7!3m6!1s0x406abce19a2a8f19:0x681c4bdad9ad4c09!8m2!3d40.1862155!4d44.5176767!16s%2Fg%2F11cs5mr6c0!19sChIJGY8qmuG8akARCUyt2dpLHGg,"clothing store in Nor Nork, Yerevan"
0x406abc8a84af284f:0x2e320267e74d1be4,SirAnj Royal Boutique,Clothing store,магазин одежды,Ереван,"6, 1 Vardanants St, Yerevan 0010, Armenia",+37494860050,,,,,,,,5.0,,open,,40.168567,44.5218825,https://www.google.com/maps/place/SirAnj+Royal+Boutique/data=!4m7!3m6!1s0x406abc8a84af284f:0x2e320267e74d1be4!8m2!3d40.168567!4d44.5218825!16s%2Fg%2F11dym6jh7y!19sChIJTyivhIq8akAR5BtN52cCMi4,"clothing store in Arabkir, Yerevan"
0x406abd00795a2949:0xed6a41f963ced348,Sonovi Atelier,Clothing store,магазин одежды,Ереван,"53 Arno Babajanyan St, Yerevan, Armenia",+37494012291,,,,,,,,5.0,,open,,40.1680813,44.4400899,https://www.google.com/maps/place/Sonovi+Atelier/data=!4m7!3m6!1s0x406abd00795a2949:0xed6a41f963ced348!8m2!3d40.1680813!4d44.4400899!16s%2Fg%2F11vyr_mdg1!19sChIJSSlaeQC9akARSNPOY_lBau0,"clothing store in Malatia-Sebastia, Yerevan"
0x406abcf50bfeef4d:0xd55110a0ed597c1d,Stock House,Clothing store,магазин одежды,Ереван,"2, 1 Kajaznuni St, Yerevan, Armenia",+37410571166,,,,,,,,,,open,,40.171091,44.5193865,https://www.google.com/maps/place/Stock+House/data=!4m7!3m6!1s0x406abcf50bfeef4d:0xd55110a0ed597c1d!8m2!3d40.171091!4d44.5193865!16s%2Fg%2F11b6_dx5n6!19sChIJTe_-C_W8akARHXxZ7aAQUdU,"clothing store in Nor Nork, Yerevan"
0x406aa3e66c950327:0x835576cd0a55785d,StudioOnlyFor,Clothing store,магазин одежды,Ереван,"Avan, Charenc 10/11, Yerevan 0060, Armenia",+37477760967,,,,,,,,5.0,,open,,40.2153506,44.5848525,https://www.google.com/maps/place/StudioOnlyFor/data=!4m7!3m6!1s0x406aa3e66c950327:0x835576cd0a55785d!8m2!3d40.2153506!4d44.5848525!16s%2Fg%2F11q9m8qpw0!19sChIJJwOVbOajakARXXhVCs12VYM,"clothing store in Nor Nork, Yerevan"
0x406abce30f8718af:0xfc51a46c1904dde9,Tashir Street Shopping Center,Shopping mall,магазин одежды,Ереван,"6/2 Northern Ave, Yerevan 0001, Armenia",+37412202202,,,,,,,,4.4,,open,,40.1827246,44.5147398,https://www.google.com/maps/place/Tashir+Street+Shopping+Center/data=!4m7!3m6!1s0x406abce30f8718af:0xfc51a46c1904dde9!8m2!3d40.1827246!4d44.5147398!16s%2Fg%2F11cn8z2y7f!19sChIJrxiHD-O8akAR6d0EGWykUfw,"clothing store in Kentron, Yerevan"
0x406abdc400662b73:0x7d09fd04adde8da3,Textile Land,Store,магазин одежды,Ереван,"91 Sebastia St, Yerevan 0065, Armenia",+37411338033,,,,,,,,4.7,,open,,40.178397,44.4592761,https://www.google.com/maps/place/Textile+Land/data=!4m7!3m6!1s0x406abdc400662b73:0x7d09fd04adde8da3!8m2!3d40.178397!4d44.4592761!16s%2Fg%2F11g6xrqqpl!19sChIJcytmAMS9akARo43erQT9CX0,"clothing store in Malatia-Sebastia, Yerevan"
0x406abd283ffd1407:0x3f03211efce69485,Under Armour Armenia,Sportswear store,магазин одежды,Ереван,"4 Aram Street, Yerevan 0010, Armenia",+37443303047,,,,,,,,4.9,,open,,40.1790579,44.5146633,https://www.google.com/maps/place/Under+Armour+Armenia/data=!4m7!3m6!1s0x406abd283ffd1407:0x3f03211efce69485!8m2!3d40.1790579!4d44.5146633!16s%2Fg%2F11xd__k95t!19sChIJBxT9Pyi9akARhZTm_B4hAz8,"clothing store in Kentron, Yerevan"
0x406abd0003ccdae1:0x416e72d300399d44,Unique,Boutique,магазин одежды,Ереван,"39 Komitas Ave, Yerevan 0051, Armenia",,,,,,,,,,,open,,40.2071821,44.5106689,https://www.google.com/maps/place/Unique/data=!4m7!3m6!1s0x406abd0003ccdae1:0x416e72d300399d44!8m2!3d40.2071821!4d44.5106689!16s%2Fg%2F11vyw053pk!19sChIJ4drMAwC9akARRJ05ANNybkE,"clothing store in Arabkir, Yerevan"
0x406aa3f7e12a2bef:0x889f2d6aa278975e,Van Cliff,Men's clothing store,магазин одежды,Ереван,"16 Gai Ave, Yerevan, Armenia",+37412200030,,,,,,,,3.7,,open,,40.197242,44.5672477,https://www.google.com/maps/place/Van+Cliff/data=!4m7!3m6!1s0x406aa3f7e12a2bef:0x889f2d6aa278975e!8m2!3d40.197242!4d44.5672477!16s%2Fg%2F11kpm8p5vk!19sChIJ7ysq4fejakARXpd4omotn4g,"clothing store in Nor Nork, Yerevan"
0x406abd65f3cc233d:0x6da89052e3c8e88a,Wonderland Woman's Clothing Shop,Women's clothing store,магазин одежды,Ереван,"63 Komitas Ave, Yerevan 0014, Armenia",+37410232170,,,,,,,,5.0,,open,,40.2065052,44.5238354,https://www.google.com/maps/place/Wonderland+Woman%27s+Clothing+Shop/data=!4m7!3m6!1s0x406abd65f3cc233d:0x6da89052e3c8e88a!8m2!3d40.2065052!4d44.5238354!16s%2Fg%2F11j84v2m0j!19sChIJPSPM82W9akARiujI41KQqG0,"clothing store in Nor Nork, Yerevan"
0x406abda22815a92b:0x95f614ef7c7703ea,Wrangler Lee Northern Avenue,Clothing store,магазин одежды,Ереван,"11 Northern Ave, Yerevan 0011, Armenia",+37460700650,,,,,,,,1.0,,open,,40.1807235,44.5149018,https://www.google.com/maps/place/Wrangler+Lee+Northern+Avenue/data=!4m7!3m6!1s0x406abda22815a92b:0x95f614ef7c7703ea!8m2!3d40.1807235!4d44.5149018!16s%2Fg%2F11lymjcy0f!19sChIJK6kVKKK9akAR6gN3fO8U9pU,"clothing store in Nor Nork, Yerevan"
0x406abd003b5f29a7:0x4ea55c52733f8b05,XOXA shop ԽՈԽԱ խանութ,Baby clothing store,магазин одежды,Ереван,"4 Adonts St, Yerevan, Armenia",+37433339692,,,,,,,,5.0,,open,,40.2125194,44.524537,https://www.google.com/maps/place/XOXA+shop+%D4%BD%D5%88%D4%BD%D4%B1+%D5%AD%D5%A1%D5%B6%D5%B8%D6%82%D5%A9/data=!4m7!3m6!1s0x406abd003b5f29a7:0x4ea55c52733f8b05!8m2!3d40.2125194!4d44.524537!16s%2Fg%2F11y29ydlq8!19sChIJpylfOwC9akARBYs_c1JcpU4,"clothing store in Arabkir, Yerevan"
0x406abd77c7419d45:0x4d87cb324b0cf45c,Xtep Yerevan,Clothes market,магазин одежды,Ереван,"29A Tigran Mets Ave, Yerevan 0018, Armenia",+37497997676,,,,,,,,1.0,,open,,40.1692062,44.5143314,https://www.google.com/maps/place/Xtep+Yerevan/data=!4m7!3m6!1s0x406abd77c7419d45:0x4d87cb324b0cf45c!8m2!3d40.1692062!4d44.5143314!16s%2Fg%2F11z5_s5rm3!19sChIJRZ1Bx3e9akARXPQMSzLLh00,"clothing store in Arabkir, Yerevan"
0x406abd021dbd9dd7:0xee902215053fa4eb,Xtextile,Clothing store,магазин одежды,Ереван,"8 Koryun St, Yerevan 0009, Armenia",+37433520082,,,,,,,,5.0,,open,,40.189059,44.5232069,https://www.google.com/maps/place/Xtextile/data=!4m7!3m6!1s0x406abd021dbd9dd7:0xee902215053fa4eb!8m2!3d40.189059!4d44.5232069!16s%2Fg%2F11gmc0w6gq!19sChIJ1529HQK9akAR66Q_BRUikO4,"clothing store in Kentron, Yerevan"
0x406abd7a0dacdfa1:0xfc58826c21873409,Your Choice,Clothing store,магазин одежды,Ереван,"17 Bagratunyanc, Yerevan 0046, Armenia",+37477188798,,,,,,,,,,open,,40.1508524,44.5180828,https://www.google.com/maps/place/Your+Choice/data=!4m7!3m6!1s0x406abd7a0dacdfa1:0xfc58826c21873409!8m2!3d40.1508524!4d44.5180828!16s%2Fg%2F11yvfqx9qb!19sChIJod-sDXq9akARCTSHIWyCWPw,"clothing store in Erebuni, Yerevan"
0x406aa3cf31e16821:0xdb2e7b1587524103,Z&A Stores,Men's clothing store,магазин одежды,Ереван,"27, 25 Griboyedov St, Yerevan 0012, Armenia",,,,,,,,,3.7,,open,,40.2143392,44.5155334,https://www.google.com/maps/place/Z%26A+Stores/data=!4m7!3m6!1s0x406aa3cf31e16821:0xdb2e7b1587524103!8m2!3d40.2143392!4d44.5155334!16s%2Fg%2F11y0qwv_35!19sChIJIWjhMc-jakARA0FShxV7Lts,"clothing store in Kentron, Yerevan"
0x406abd007118f13b:0x8f6cfba40d05d9d4,Zarina,Women's clothing store,магазин одежды,Ереван,"16 Tigran Mets Ave, Yerevan, Armenia",,,,,,,,,5.0,,open,,40.1717724,44.5129339,https://www.google.com/maps/place/Zarina/data=!4m7!3m6!1s0x406abd007118f13b:0x8f6cfba40d05d9d4!8m2!3d40.1717724!4d44.5129339!16s%2Fg%2F11xmjsq6yq!19sChIJO_EYcQC9akAR1NkFDaT7bI8,"clothing store in Arabkir, Yerevan"
0x406abd001f65469d:0xa4507f2ec7a028af,next,Women's clothing store,магазин одежды,Ереван,"34, 2 Arshakunyats Ave, Yerevan, Armenia",,,,,,,,,,,open,,40.1553472,44.4992112,https://www.google.com/maps/place/next/data=!4m7!3m6!1s0x406abd001f65469d:0xa4507f2ec7a028af!8m2!3d40.1553472!4d44.4992112!16s%2Fg%2F11zy04hqw2!19sChIJnUZlHwC9akARryigxy5_UKQ,"clothing store in Erebuni, Yerevan"
0x406abdebb19a49bd:0x1d7875755dca7570,shoonch.evn,Clothing store,магазин одежды,Ереван,"Yerevan, Armenia",+37433530034,,,,,,,,,,open,,40.1856817,44.5635585,https://www.google.com/maps/place/shoonch.evn/data=!4m7!3m6!1s0x406abdebb19a49bd:0x1d7875755dca7570!8m2!3d40.1856817!4d44.5635585!16s%2Fg%2F11yp8w06s6!19sChIJvUmaseu9akARcHXKXXV1eB0,"clothing store in Nor Nork, Yerevan"
0x406abd002b78f1cb:0x9d3033dbbef50dbb,Գուավա Նովա,Clothing store,магазин одежды,Ереван,"5CHW+8FC, Andranik Zoravar St, Yerevan, Armenia",,,,,,,,,5.0,,open,,40.1783005,44.4461352,https://www.google.com/maps/place/%D4%B3%D5%B8%D6%82%D5%A1%D5%BE%D5%A1+%D5%86%D5%B8%D5%BE%D5%A1/data=!4m7!3m6!1s0x406abd002b78f1cb:0x9d3033dbbef50dbb!8m2!3d40.1783005!4d44.4461352!16s%2Fg%2F11ydqkwx5r!19sChIJy_F4KwC9akARuw31vtszMJ0,"clothing store in Malatia-Sebastia, Yerevan"
0x406abddd6486db41:0xee0a8e2076a3888f,Էրմիէլ,Clothing store,магазин одежды,Ереван,"58 Andranik Zoravar St, Yerevan 0004, Armenia",,,,,,,,,4.9,,open,,40.1726491,44.4455532,https://www.google.com/maps/place/%D4%B7%D6%80%D5%B4%D5%AB%D5%A7%D5%AC/data=!4m7!3m6!1s0x406abddd6486db41:0xee0a8e2076a3888f!8m2!3d40.1726491!4d44.4455532!16s%2Fg%2F11df2pp8l9!19sChIJQduGZN29akARj4ijdiCOCu4,"clothing store in Malatia-Sebastia, Yerevan"
0x406abd5296bb5537:0x140c464d75dddb9f,Լայթ Աֆեկտ,Clothing store,магазин одежды,Ереван,"6, 2 Northern Ave, Yerevan 0001, Armenia",+37444098014,,,,,,,,4.6,,open,,40.1833681,44.5149988,https://www.google.com/maps/place/%D4%BC%D5%A1%D5%B5%D5%A9+%D4%B1%D6%86%D5%A5%D5%AF%D5%BF/data=!4m7!3m6!1s0x406abd5296bb5537:0x140c464d75dddb9f!8m2!3d40.1833681!4d44.5149988!16s%2Fg%2F11frp8gyv3!19sChIJN1W7llK9akARn9vddU1GDBQ,"clothing store in Kentron, Yerevan"
0x406abf22c3629051:0x3c71e5deaad1d0a4,Հագուստի խանութ,Clothing store,магазин одежды,Ереван,"Shirak Street, 6/1 5th line, Yerevan 0085, Armenia",,,,,,,,,5.0,,open,,40.142325,44.4353732,https://www.google.com/maps/place/%D5%80%D5%A1%D5%A3%D5%B8%D6%82%D5%BD%D5%BF%D5%AB+%D5%AD%D5%A1%D5%B6%D5%B8%D6%82%D5%A9/data=!4m7!3m6!1s0x406abf22c3629051:0x3c71e5deaad1d0a4!8m2!3d40.142325!4d44.4353732!16s%2Fg%2F11zwp3j2ps!19sChIJUZBiwyK_akARpNDRqt7lcTw,"clothing store in Shengavit, Yerevan"
0x406abd007fdcc1dd:0xe274e2ccc3e5d01a,Հեփի Քիդս,Clothing store,магазин одежды,Ереван,"39, 3a Raffi St, Yerevan, Armenia",,,,,,,,,5.0,,open,,40.1734569,44.4436521,https://www.google.com/maps/place/%D5%80%D5%A5%D6%83%D5%AB+%D5%94%D5%AB%D5%A4%D5%BD/data=!4m7!3m6!1s0x406abd007fdcc1dd:0xe274e2ccc3e5d01a!8m2!3d40.1734569!4d44.4436521!16s%2Fg%2F11wfffhn6s!19sChIJ3cHcfwC9akARGtDlw8zidOI,"clothing store in Malatia-Sebastia, Yerevan"
0x406abd0010d06f53:0x7d9beee4644d99f5,4wood,Furniture manufacturer,мебель,Ереван,"3 Galshoyan St, Yerevan, Armenia",,,,,,,,,5.0,,open,,40.1836456,44.5723523,https://www.google.com/maps/place/4wood/data=!4m7!3m6!1s0x406abd0010d06f53:0x7d9beee4644d99f5!8m2!3d40.1836456!4d44.5723523!16s%2Fg%2F11x2lw0wmd!19sChIJU2_QEAC9akAR9ZlNZOTum30,"furniture maker in Kentron, Yerevan"
0x85a58c4281fad747:0x7a1ff55f714a099e,AJOR,Furniture maker,мебель,Ереван,,+37494883320,,,,,,,,5.0,,open,,40.0706942,45.0408032,https://www.google.com/maps/place/AJOR/data=!4m7!3m6!1s0x85a58c4281fad747:0x7a1ff55f714a099e!8m2!3d40.0706942!4d45.0408032!16s%2Fg%2F11xp31nwb6!19sChIJR9f6gUKMpYURnglKcV_1H3o,"furniture maker in Kentron, Yerevan"
0x406abbbd0725d9c5:0x42c27df54b2b0f67,ARRwood Furniture,Furniture manufacturer,мебель,Ереван,"Arrwood furniture, 47 Artsakh Ave, Yerevan 0041, Armenia",+37477064470,,,,,,,,5.0,,open,,40.1384393,44.5113823,https://www.google.com/maps/place/ARRwood+Furniture/data=!4m7!3m6!1s0x406abbbd0725d9c5:0x42c27df54b2b0f67!8m2!3d40.1384393!4d44.5113823!16s%2Fg%2F11h7cpj3kj!19sChIJxdklB727akARZw8rS_V9wkI,"furniture maker in Kentron, Yerevan"
0x406a973674f7df33:0x67dd5c52f3447fee,ASkahuyq,Furniture manufacturer,мебель,Ереван,"Սահակ Պարթև 38\2, Yerevan, Armenia",,,,,,,,,,,open,,40.1837996,44.5116065,https://www.google.com/maps/place/ASkahuyq/data=!4m7!3m6!1s0x406a973674f7df33:0x67dd5c52f3447fee!8m2!3d40.1837996!4d44.5116065!16s%2Fg%2F11fct5hbtg!19sChIJM9_3dDaXakAR7n9E81Jc3Wc,"furniture maker in Kentron, Yerevan"
0x406aa1d69b7e070d:0x621c1f9b1ae39ac7,Akant,Furniture maker,мебель,Ереван,"Sevan 6, AM, 2201, Abovyan 2204, Armenia",+37444534005,,,,,,,,4.5,,open,,40.278425,44.621331,https://www.google.com/maps/place/Akant/data=!4m7!3m6!1s0x406aa1d69b7e070d:0x621c1f9b1ae39ac7!8m2!3d40.278425!4d44.621331!16s%2Fg%2F11bc744dcv!19sChIJDQd-m9ahakARx5rjGpsfHGI,"furniture maker in Erebuni, Yerevan"
0x406abdd8ba6c814b:0xd1ef4a912dc7fc70,Akhtamar Furniture,Furniture store,мебель,Ереван,"Mayraqaghaqayin 160, Parakar, Armenia",+37455111107,,,,,,,,3.0,,open,,40.1582983,44.4303299,https://www.google.com/maps/place/Akhtamar+Furniture/data=!4m7!3m6!1s0x406abdd8ba6c814b:0xd1ef4a912dc7fc70!8m2!3d40.1582983!4d44.4303299!16s%2Fg%2F11myz5plrz!19sChIJS4Fsuti9akARcPzHLZFK79E,"furniture maker in Arabkir, Yerevan"
0x406abd95ca265a89:0x98368fe8d1b3560,Arine Tagvor Design,Furniture maker,мебель,Ереван,"Proshyan ave 1 str #2/1 building #1 Apt, Yerevan, Armenia",+37493930642,,,,,,,,,,open,,40.1903304,44.5049436,https://www.google.com/maps/place/Arine+Tagvor+Design/data=!4m7!3m6!1s0x406abd95ca265a89:0x98368fe8d1b3560!8m2!3d40.1903304!4d44.5049436!16s%2Fg%2F11flt2j9gk!19sChIJiVomypW9akARYDUbjf5ogwk,"furniture maker in Kentron, Yerevan"
0x406abd007be9c213:0x8e19fe7667d9e479,Artefino,Furniture accessories supplier,мебель,Ереван,"A, str. Arshakunyats, 18/4 bld, Yerevan, Armenia",+37493252015,,,,,,,,1.0,,open,,40.16722,44.5040275,https://www.google.com/maps/place/Artefino/data=!4m7!3m6!1s0x406abd007be9c213:0x8e19fe7667d9e479!8m2!3d40.16722!4d44.5040275!16s%2Fg%2F11xh2c47_h!19sChIJE8LpewC9akAReeTZZ3b-GY4,"furniture maker in Nor Nork, Yerevan"
0x406abd002352e5db:0xf423ead64033e7fb,Atelier Home,Furniture accessories supplier,мебель,Ереван,"5GXP+MQ7, Davit Anhaght Street, Yerevan, Armenia",,,,,,,,,,,open,,40.1991563,44.5369117,https://www.google.com/maps/place/Atelier+Home/data=!4m7!3m6!1s0x406abd002352e5db:0xf423ead64033e7fb!8m2!3d40.1991563!4d44.5369117!16s%2Fg%2F11zfk4rm13!19sChIJ2-VSIwC9akAR--czQNbqI_Q,"furniture maker in Kentron, Yerevan"
0x406aa315430f9e85:0x9d0616373fbb0590,Bee Furniture,Furniture maker,мебель,Ереван,"6H2J+FXV, Yerevan, Armenia",+37494889889,,,,,,,,5.0,,open,,40.2012295,44.5824202,https://www.google.com/maps/place/Bee+Furniture/data=!4m7!3m6!1s0x406aa315430f9e85:0x9d0616373fbb0590!8m2!3d40.2012295!4d44.5824202!16s%2Fg%2F1pyqjftrj!19sChIJhZ4PQxWjakARkAW7PzcWBp0,"furniture maker in Nor Nork, Yerevan"
0x406a974dec056fc9:0xf6d90993326a846a,Bildex,Furniture accessories supplier,мебель,Ереван,"35, 2 Shiraz St, Yerevan 0088, Armenia",+37494559910,,,,,,,,5.0,,open,,40.2073616,44.4618588,https://www.google.com/maps/place/Bildex/data=!4m7!3m6!1s0x406a974dec056fc9:0xf6d90993326a846a!8m2!3d40.2073616!4d44.4618588!16s%2Fg%2F11yt1b17n6!19sChIJyW8F7E2XakARaoRqMpMJ2fY,"furniture maker in Kentron, Yerevan"
0x406abdf3c9c40c43:0xecc6b8df4c705266,CORRIDOR Furniture,Furniture maker,мебель,Ереван,"Yerevan, Armenia",,,,,,,,,,,open,,40.1872023,44.515209,https://www.google.com/maps/place/CORRIDOR+Furniture/data=!4m7!3m6!1s0x406abdf3c9c40c43:0xecc6b8df4c705266!8m2!3d40.1872023!4d44.515209!16s%2Fg%2F11k9my999_!19sChIJQwzEyfO9akARZlJwTN-4xuw,"furniture maker in Kentron, Yerevan"
0x406abd1e68e2d781:0x5547c354bdb21dd0,Canate furniture manufacturer,Furniture manufacturer,мебель,Ереван,"Artsakh St, 14 Area 4th Lane, Yerevan 0087, Armenia",,,,,,,,,5.0,,open,,40.034706,44.475903,https://www.google.com/maps/place/Canate+furniture+manufacturer/data=!4m7!3m6!1s0x406abd1e68e2d781:0x5547c354bdb21dd0!8m2!3d40.034706!4d44.475903!16s%2Fg%2F11sj4xd1ld!19sChIJgdfiaB69akAR0B2yvVTDR1U,"furniture maker in Arabkir, Yerevan"
0x406ac993efa4da5b:0x2d1a02588b1ac0ca,Canate | Furniture Manufacturer,Furniture manufacturer,мебель,Ереван,"Artsakh St, 14 Area 4th Lane, Yerevan 0087, Armenia",+37455410410,,,,,,,,,,open,,40.1092615,44.4953768,https://www.google.com/maps/place/Canate+%7C+Furniture+Manufacturer/data=!4m7!3m6!1s0x406ac993efa4da5b:0x2d1a02588b1ac0ca!8m2!3d40.1092615!4d44.4953768!16s%2Fg%2F11z4rxzk7j!19sChIJW9qk75PJakARysAai1gCGi0,"furniture maker in Shengavit, Yerevan"
0x46237355af321b49:0x9184ad683aaf42b1,Cascade Furniture,Furniture maker,мебель,Ереван,,+37441052393,,,,,,,,,,open,,40.1533904,44.4885671,https://www.google.com/maps/place/Cascade+Furniture/data=!4m7!3m6!1s0x46237355af321b49:0x9184ad683aaf42b1!8m2!3d40.1533904!4d44.4885671!16s%2Fg%2F11nb4qvdn8!19sChIJSRsyr1VzI0YRsUKvOmithJE,"furniture maker in Kentron, Yerevan"
0x406abd82c0557495:0xe0508094acfebb00,ChairGraft,Furniture manufacturer,мебель,Ереван,"Մալաթիա-Սեբաստիա Ն, 87/1 Hovnatan St, Yerevan 0061, Armenia",+37494564844,,,,,,,,,,open,,40.1784613,44.4553249,https://www.google.com/maps/place/ChairGraft/data=!4m7!3m6!1s0x406abd82c0557495:0xe0508094acfebb00!8m2!3d40.1784613!4d44.4553249!16s%2Fg%2F11zf41szz_!19sChIJlXRVwIK9akARALv-rJSAUOA,"furniture maker in Nor Nork, Yerevan"
0x41450a0a00dfbe2f:0x5541066c44f843d8,Corner furnitur,Furniture maker,мебель,Ереван,,+37491260020,,,,,,,,,,open,,40.1533904,44.4885671,https://www.google.com/maps/place/Corner+furnitur/data=!4m7!3m6!1s0x41450a0a00dfbe2f:0x5541066c44f843d8!8m2!3d40.1533904!4d44.4885671!16s%2Fg%2F11ybh1ts_5!19sChIJL77fAAoKRUER2EP4RGwGQVU,"furniture maker in Kentron, Yerevan"
0x406a950045e9acf7:0xcdbc55990f0549eb,Cosy House,Furniture maker,мебель,Ереван,"57FW+8JJ, Vagharshapat, Armenia",,,,,,,,,,,open,,40.1733391,44.2965119,https://www.google.com/maps/place/Cosy+House/data=!4m7!3m6!1s0x406a950045e9acf7:0xcdbc55990f0549eb!8m2!3d40.1733391!4d44.2965119!16s%2Fg%2F11vpz8x1fj!19sChIJ96zpRQCVakAR60kFD5lVvM0,"furniture maker in Shengavit, Yerevan"
0x406aa1ea80aedd03:0x16bec8c2084379cb,Cut Art,Furniture maker,мебель,Ереван,"7J7W+RJP, Abovyan, Armenia",+37493669726,,,,,,,,,,open,,40.2645958,44.6465905,https://www.google.com/maps/place/Cut+Art/data=!4m7!3m6!1s0x406aa1ea80aedd03:0x16bec8c2084379cb!8m2!3d40.2645958!4d44.6465905!16s%2Fg%2F11hzd1b86_!19sChIJA92ugOqhakARy3lDCMLIvhY,"furniture maker in Erebuni, Yerevan"
0x406abd760f6e51cb:0x3c5fed27a87fe4cf,DARAK Furniture,Furniture manufacturer,мебель,Ереван,"14 Boudapesht street, Yerevan, Armenia",+37444604020,,,,,,,,,,open,,40.1734371,44.4904575,https://www.google.com/maps/place/DARAK+Furniture/data=!4m7!3m6!1s0x406abd760f6e51cb:0x3c5fed27a87fe4cf!8m2!3d40.1734371!4d44.4904575!16s%2Fg%2F11lwmvq5fm!19sChIJy1FuD3a9akARz-R_qCftXzw,"furniture maker in Kentron, Yerevan"
0x406abdfed25cad8d:0x176b659378c14d63,DIVAN PLUS,Furniture manufacturer,мебель,Ереван,"9 Davit Anhaght Street, Yerevan, Armenia",,,,,,,,,2.8,,open,,40.2042896,44.5289474,https://www.google.com/maps/place/DIVAN+PLUS/data=!4m7!3m6!1s0x406abdfed25cad8d:0x176b659378c14d63!8m2!3d40.2042896!4d44.5289474!16s%2Fg%2F11v03m0rfq!19sChIJja1c0v69akARY03BeJNlaxc,"furniture maker in Kentron, Yerevan"
0x406abd67150269fb:0xefa8d8bd4e3b7160,EX GLASS,Furniture maker,мебель,Ереван,"99 Araratyan St, Yerevan, Armenia",+37499663967,,,,,,,,5.0,,open,,40.1385372,44.4647571,https://www.google.com/maps/place/EX+GLASS/data=!4m7!3m6!1s0x406abd67150269fb:0xefa8d8bd4e3b7160!8m2!3d40.1385372!4d44.4647571!16s%2Fg%2F11lg0l_5p5!19sChIJ-2kCFWe9akARYHE7Tr3YqO8,"furniture maker in Shengavit, Yerevan"
0x406aa399a6915e2b:0x2b25689f0078a8b6,Ebony,Furniture maker,мебель,Ереван,"34 Bagrevand St, Yerevan, Armenia",,,,,,,,,,,open,,40.2011412,44.5826291,https://www.google.com/maps/place/Ebony/data=!4m7!3m6!1s0x406aa399a6915e2b:0x2b25689f0078a8b6!8m2!3d40.2011412!4d44.5826291!16s%2Fg%2F11qk1t485x!19sChIJK16RppmjakARtqh4AJ9oJSs,"furniture maker in Arabkir, Yerevan"
0x406abd416f579ff5:0x88755138db5edc05,Elwood,Furniture store,мебель,Ереван,"27 Nikoghayos Tigranyan St, Yerevan 0012, Armenia",+37499018081,,,,,,,,5.0,,open,,40.2130253,44.5206059,https://www.google.com/maps/place/Elwood/data=!4m7!3m6!1s0x406abd416f579ff5:0x88755138db5edc05!8m2!3d40.2130253!4d44.5206059!16s%2Fg%2F11c20700b_!19sChIJ9Z9Xb0G9akARBdxe2zhRdYg,"furniture maker in Kentron, Yerevan"
0x406aa36fbc0b2169:0xa93f5cc2de2a3336,Euro Furniture,Furniture store,мебель,Ереван,"27 Nikoghayos Tigranyan St, Yerevan 0014, Armenia",+37494094165,,,,,,,,1.0,,open,,40.2126869,44.520562,https://www.google.com/maps/place/Euro+Furniture/data=!4m7!3m6!1s0x406aa36fbc0b2169:0xa93f5cc2de2a3336!8m2!3d40.2126869!4d44.520562!16s%2Fg%2F11ryll0p35!19sChIJaSELvG-jakARNjMq3sJcP6k,"furniture maker in Kentron, Yerevan"
0x406abdc4c608086b:0x1e1a1cb553697946,EuroWood Ptemium LLC,Furniture manufacturer,мебель,Ереван,"12 Հասրաթյան, Yerevan, Armenia",+37497707000,,,,,,,,,,open,,40.1940941,44.4631773,https://www.google.com/maps/place/EuroWood+Ptemium+LLC/data=!4m7!3m6!1s0x406abdc4c608086b:0x1e1a1cb553697946!8m2!3d40.1940941!4d44.4631773!16s%2Fg%2F11ywqc5djl!19sChIJawgIxsS9akARRnlpU7UcGh4,"furniture maker in Malatia-Sebastia, Yerevan"
0x406aa32a0710f393:0x46684f23c12bf79a,Ferrara Furniture -Ֆեռարա Կահույքի սրահ,Furniture maker,мебель,Ереван,"Նանսենի 17 շենք, 0056, Armenia",+37499170018,,,,,,,,5.0,,open,,40.1979038,44.5597569,https://www.google.com/maps/place/Ferrara+Furniture+-%D5%96%D5%A5%D5%BC%D5%A1%D6%80%D5%A1+%D4%BF%D5%A1%D5%B0%D5%B8%D6%82%D5%B5%D6%84%D5%AB+%D5%BD%D6%80%D5%A1%D5%B0/data=!4m7!3m6!1s0x406aa32a0710f393:0x46684f23c12bf79a!8m2!3d40.1979038!4d44.5597569!16s%2Fg%2F11ng64y98d!19sChIJk_MQByqjakARmvcrwSNPaEY,"furniture maker in Kentron, Yerevan"
0x406abd00189f38cf:0x8800f5b772117224,Fuka door,Furniture store,мебель,Ереван,"68 Marshal Baghramyan Ave, Yerevan, Armenia",,,,,,,,,,,open,,40.1947256,44.495914,https://www.google.com/maps/place/Fuka+door/data=!4m7!3m6!1s0x406abd00189f38cf:0x8800f5b772117224!8m2!3d40.1947256!4d44.495914!16s%2Fg%2F11lf46_73f!19sChIJzzifGAC9akARJHIRcrf1AIg,"furniture maker in Kentron, Yerevan"
0x406abb220fbf7c39:0xabc0858e565b8517,GAVI,Furniture maker,мебель,Ереван,"Yerevan, Armenia",+37495011012,,,,,,,,,,open,,40.1280185,44.5413779,https://www.google.com/maps/place/GAVI/data=!4m7!3m6!1s0x406abb220fbf7c39:0xabc0858e565b8517!8m2!3d40.1280185!4d44.5413779!16s%2Fg%2F11k39f_szl!19sChIJOXy_DyK7akARF4VbVo6FwKs,"furniture maker in Kentron, Yerevan"
0x406aa1f294d40a7f:0xecf2bd20d488ca58,Grigoryants woodworking-design House,Furniture maker,мебель,Ереван,"7J46+R5J, Balahovit, Armenia",+37496494666,,,,,,,,,,open,,40.2570984,44.6103943,https://www.google.com/maps/place/Grigoryants+woodworking-design+House/data=!4m7!3m6!1s0x406aa1f294d40a7f:0xecf2bd20d488ca58!8m2!3d40.2570984!4d44.6103943!16s%2Fg%2F11fy5qf5gs!19sChIJfwrUlPKhakARWMqI1CC98uw,"furniture maker in Erebuni, Yerevan"
0x620bc2d6b2a6066d:0xef379a91661b72ad,H.K. Furniture,Furniture maker,мебель,Ереван,,+37493800508,,,,,,,,,,open,,40.0706942,45.0408032,https://www.google.com/maps/place/H.K.+Furniture/data=!4m7!3m6!1s0x620bc2d6b2a6066d:0xef379a91661b72ad!8m2!3d40.0706942!4d45.0408032!16s%2Fg%2F11vwzbt5m3!19sChIJbQamstbCC2IRrXIbZpGaN-8,"furniture maker in Arabkir, Yerevan"
0x406abd6ef1bea02f:0x3df2ce7f552519db,Harmot կահույք,Furniture manufacturer,мебель,Ереван,"էջմիածին, 26 կոմիտաս, Yerevan, Armenia",+37433372333,,,,,,,,,,open,,40.2033158,44.5005409,https://www.google.com/maps/place/Harmot+%D5%AF%D5%A1%D5%B0%D5%B8%D6%82%D5%B5%D6%84/data=!4m7!3m6!1s0x406abd6ef1bea02f:0x3df2ce7f552519db!8m2!3d40.2033158!4d44.5005409!16s%2Fg%2F11sqmxt6ym!19sChIJL6C-8W69akAR2xklVX_O8j0,"furniture maker in Arabkir, Yerevan"
0x406abd9ae401cecf:0xe8197d65dfa111de,Holzburg Furniture,Kitchen furniture store,мебель,Ереван,,+37477444834,,,,,,,,4.5,,open,,40.0706942,45.0408032,https://www.google.com/maps/place/Holzburg+Furniture/data=!4m7!3m6!1s0x406abd9ae401cecf:0xe8197d65dfa111de!8m2!3d40.0706942!4d45.0408032!16s%2Fg%2F11rn21rr6l!19sChIJz84B5Jq9akAR3hGh32V9Geg,"furniture maker in Kentron, Yerevan"
0x406abdfdf9eb84a3:0x6094a8273db44c2d,Home modern Erevan,Furniture manufacturer,мебель,Ереван,"Yerevan, Armenia",+37499447355,,,,,,,,,,open,,40.1863705,44.5597913,https://www.google.com/maps/place/Home+modern+Erevan/data=!4m7!3m6!1s0x406abdfdf9eb84a3:0x6094a8273db44c2d!8m2!3d40.1863705!4d44.5597913!16s%2Fg%2F11rnn83vv5!19sChIJo4Tr-f29akARLUy0PSeolGA,"furniture maker in Nor Nork, Yerevan"
0x406a9774b2cde3d5:0xc5bd862a2495e99,Interhome furniture armenia,Furniture maker,мебель,Ереван,"39, Yerevan 0048, Armenia",+37499969909,,,,,,,,,,open,,40.2115085,44.4728647,https://www.google.com/maps/place/Interhome+furniture+armenia/data=!4m7!3m6!1s0x406a9774b2cde3d5:0xc5bd862a2495e99!8m2!3d40.2115085!4d44.4728647!16s%2Fg%2F11t7pjxtfn!19sChIJ1ePNsnSXakARmV5JomLYWww,"furniture maker in Kentron, Yerevan"
0x406abf00759a669b:0xc4feb59a65d41f73,Kahuyqi Kentron,Furniture maker,мебель,Ереван,"5C6Q+6QW, Parakar, Armenia",,,,,,,,,,,open,,40.1611343,44.4391424,https://www.google.com/maps/place/Kahuyqi+Kentron/data=!4m7!3m6!1s0x406abf00759a669b:0xc4feb59a65d41f73!8m2!3d40.1611343!4d44.4391424!16s%2Fg%2F11xf55bdyb!19sChIJm2aadQC_akARcx_UZZq1_sQ,"furniture maker in Shengavit, Yerevan"
0x406a950024ed3715:0xa20bbd0ec2853db3,King furniture,Furniture maker,мебель,Ереван,"59V9+G94, Baghramyan, Armenia",,,,,,,,,,,open,,40.1931961,44.3636603,https://www.google.com/maps/place/King+furniture/data=!4m7!3m6!1s0x406a950024ed3715:0xa20bbd0ec2853db3!8m2!3d40.1931961!4d44.3636603!16s%2Fg%2F11zk4hz8ry!19sChIJFTftJACVakARsz2Fwg69C6I,"furniture maker in Shengavit, Yerevan"
0x406a97e73913107b:0xa579bc2d44e8a31b,Koala Belarusian Furniture,Furniture store,мебель,Ереван,"6F7F+F86, Yerevan, Armenia",+37493808884,,,,,,,,4.4,,open,,40.2136735,44.4732748,https://www.google.com/maps/place/Koala+Belarusian+Furniture/data=!4m7!3m6!1s0x406a97e73913107b:0xa579bc2d44e8a31b!8m2!3d40.2136735!4d44.4732748!16s%2Fg%2F11f403c2zy!19sChIJexATOeeXakARG6PoRC28eaU,"furniture maker in Kentron, Yerevan"
0x406abd9b2377d69f:0xc994d60e2e140add,Li Vi furniture,Furniture maker,мебель,Ереван,"переулок 4 Artsakh Ave, Yerevan, Armenia",+37491423220,,,,,,,,,,open,,40.154761,44.5098105,https://www.google.com/maps/place/Li+Vi+furniture/data=!4m7!3m6!1s0x406abd9b2377d69f:0xc994d60e2e140add!8m2!3d40.154761!4d44.5098105!16s%2Fg%2F11x____yk0!19sChIJn9Z3I5u9akAR3QoULg7WlMk,"furniture maker in Kentron, Yerevan"
0x406abdc6f212a7c9:0xefe4f0e117736e76,MKHITARYAN'S Furniture LLC,Furniture manufacturer,мебель,Ереван,"41/2 Manandyan St, Yerevan 0001, Armenia",+37491993665,,,,,,,,5.0,,open,,40.146674,44.4774294,https://www.google.com/maps/place/MKHITARYAN%27S+Furniture+LLC/data=!4m7!3m6!1s0x406abdc6f212a7c9:0xefe4f0e117736e76!8m2!3d40.146674!4d44.4774294!16s%2Fg%2F11q4hwhlrv!19sChIJyacS8sa9akARdm5zF-Hw5O8,"furniture maker in Kentron, Yerevan"
0x8dc2a57cc0aba5b5:0xe938904f4b0dc3f,MNR Furniture,Furniture maker,мебель,Ереван,,+37444460640,,,,,,,,,,open,,40.0706942,45.0408032,https://www.google.com/maps/place/MNR+Furniture/data=!4m7!3m6!1s0x8dc2a57cc0aba5b5:0xe938904f4b0dc3f!8m2!3d40.0706942!4d45.0408032!16s%2Fg%2F11t0t00_3j!19sChIJtaWrwHylwo0RP9yw9ASJkw4,"furniture maker in Kentron, Yerevan"
0x406abb861a51e90d:0xd77b29f39d270c37,Magic Wood,Furniture manufacturer,мебель,Ереван,"104 Մասիսի, Yerevan, Armenia",,,,,,,,,5.0,,open,,40.1401083,44.5063581,https://www.google.com/maps/place/Magic+Wood/data=!4m7!3m6!1s0x406abb861a51e90d:0xd77b29f39d270c37!8m2!3d40.1401083!4d44.5063581!16s%2Fg%2F11t46hs90w!19sChIJDelRGoa7akARNwwnnfMpe9c,"furniture maker in Shengavit, Yerevan"
0x45b3032d2af2f185:0x92716e4d6aac2b3f,Miked kahuyq мебельная фабрика,Furniture maker,мебель,Ереван,,+37495560909,,,,,,,,,,open,,40.2235685,44.5744428,https://www.google.com/maps/place/Miked+kahuyq+%D0%BC%D0%B5%D0%B1%D0%B5%D0%BB%D1%8C%D0%BD%D0%B0%D1%8F+%D1%84%D0%B0%D0%B1%D1%80%D0%B8%D0%BA%D0%B0/data=!4m7!3m6!1s0x45b3032d2af2f185:0x92716e4d6aac2b3f!8m2!3d40.2235685!4d44.5744428!16s%2Fg%2F11z2lnfshv!19sChIJhfHyKi0Ds0URPyusak1ucZI,"furniture maker in Arabkir, Yerevan"
0x406abf005323f319:0xe4fa9782eca7e708,Modek Furniture,Furniture manufacturer,мебель,Ереван,"11, 2 Admiral Isakov Ave, Argavand, Armenia",,,,,,,,,4.5,,open,,40.1596435,44.4398386,https://www.google.com/maps/place/Modek+Furniture/data=!4m7!3m6!1s0x406abf005323f319:0xe4fa9782eca7e708!8m2!3d40.1596435!4d44.4398386!16s%2Fg%2F11w4z1cxr2!19sChIJGfMjUwC_akARCOen7IKX-uQ,"furniture maker in Shengavit, Yerevan"
0xacb5fbebde352a87:0x2a8e3dbfab087656,Modena furniture,Furniture maker,мебель,Ереван,,+37496865386,,,,,,,,,,open,,40.0706942,45.0408032,https://www.google.com/maps/place/Modena+furniture/data=!4m7!3m6!1s0xacb5fbebde352a87:0x2a8e3dbfab087656!8m2!3d40.0706942!4d45.0408032!16s%2Fg%2F11w7c9vrtt!19sChIJhyo13uv7tawRVnYIq789jio,"furniture maker in Kentron, Yerevan"
0x406abd2c8d0bf2ab:0x8346fcb47d3da7ce,Modul Divan,Furniture maker,мебель,Ереван,"King Pap St, Yerevan, Armenia",+37491630469,,,,,,,,,,open,,40.1806224,44.5081781,https://www.google.com/maps/place/Modul+Divan/data=!4m7!3m6!1s0x406abd2c8d0bf2ab:0x8346fcb47d3da7ce!8m2!3d40.1806224!4d44.5081781!16s%2Fg%2F11vxjtb0xt!19sChIJq_ILjSy9akARzqc9fbT8RoM,"furniture maker in Kentron, Yerevan"
0x406abdd9293ae57b:0xa198d23d677aecdd,Mollis,Furniture maker,мебель,Ереван,"9 Kentronakan 3rd street, Argavand, Armenia",+37444346664,,,,,,,,,,open,,40.1321756,44.4511291,https://www.google.com/maps/place/Mollis/data=!4m7!3m6!1s0x406abdd9293ae57b:0xa198d23d677aecdd!8m2!3d40.1321756!4d44.4511291!16s%2Fg%2F11n3_5wwcx!19sChIJe-U6Kdm9akAR3ex6Zz3SmKE,"furniture maker in Shengavit, Yerevan"
0x406abd25880e5cd9:0x96c8901ace233e9e,Moshni furniture,Furniture manufacturer,мебель,Ереван,"125 Արմենակ Արմենակյան, Yerevan 0047, Armenia",+37498952266,,,,,,,,,,open,,40.1866169,44.5351538,https://www.google.com/maps/place/Moshni+furniture/data=!4m7!3m6!1s0x406abd25880e5cd9:0x96c8901ace233e9e!8m2!3d40.1866169!4d44.5351538!16s%2Fg%2F11zyvlj9vd!19sChIJ2VwOiCW9akARnj4jzhqQyJY,"furniture maker in Kentron, Yerevan"
0x406abd2009244607:0xa350b2414214ae27,Paharan.am,Furniture maker,мебель,Ереван,"58, 20g Karapet Ulnetsi St, Yerevan, Armenia",+37491271082,,,,,,,,1.0,,open,,40.1981131,44.5348025,https://www.google.com/maps/place/Paharan.am/data=!4m7!3m6!1s0x406abd2009244607:0xa350b2414214ae27!8m2!3d40.1981131!4d44.5348025!16s%2Fg%2F11t0t8hs9g!19sChIJB0YkCSC9akARJ64UQkGyUKM,"furniture maker in Kentron, Yerevan"
0x406aa3232eeecf89:0x1c15dda116c9fe9c,Parkator,Furniture accessories,мебель,Ереван,,+37493760765,,,,,,,,,,open,,40.1533904,44.4885671,https://www.google.com/maps/place/Parkator/data=!4m7!3m6!1s0x406aa3232eeecf89:0x1c15dda116c9fe9c!8m2!3d40.1533904!4d44.4885671!16s%2Fg%2F11gyccygb5!19sChIJic_uLiOjakARnP7JFqHdFRw,"furniture maker in Arabkir, Yerevan"
0x406abdaa264cb65b:0x3ac525e79482b729,Pine / art & wood,Furniture store,мебель,Ереван,"apt. 97, 62 Hanrapetutyan St, Yerevan 0001, Armenia",+37498419198,,,,,,,,,,open,,40.1769685,44.5192756,https://www.google.com/maps/place/Pine+%2F+art+%26+wood/data=!4m7!3m6!1s0x406abdaa264cb65b:0x3ac525e79482b729!8m2!3d40.1769685!4d44.5192756!16s%2Fg%2F11h0sq4hqh!19sChIJW7ZMJqq9akARKbeClOclxTo,"furniture maker in Kentron, Yerevan"
0x406abf22c2447153:0x5df9bce6c1cd1a36,RAFA workshop,Furniture maker,мебель,Ереван,"5C7F+67G, Parakar, Armenia",,,,,,,,,,,open,,40.1630527,44.4232117,https://www.google.com/maps/place/RAFA+workshop/data=!4m7!3m6!1s0x406abf22c2447153:0x5df9bce6c1cd1a36!8m2!3d40.1630527!4d44.4232117!16s%2Fg%2F11jf_wwtzc!19sChIJU3FEwiK_akARNhrNwea8-V0,"furniture maker in Shengavit, Yerevan"
0x406aefccf8ad185d:0xc3bad866123a9c9a,ROYALwood Furniture Store,Furniture manufacturer,мебель,Ереван,"15, 5 Yerevanyan Street, Armavir, Armenia",+37498060602,,,,,,,,5.0,,open,,40.1437083,44.0387894,https://www.google.com/maps/place/ROYALwood+Furniture+Store/data=!4m7!3m6!1s0x406aefccf8ad185d:0xc3bad866123a9c9a!8m2!3d40.1437083!4d44.0387894!16s%2Fg%2F11gnhz53bl!19sChIJXRit-MzvakARmpw6EmbYusM,"furniture maker in Arabkir, Yerevan"
0x406abf9018c6c415:0xec264edd3f276546,R_FURNITURE,Display stand manufacturer,мебель,Ереван,"66/1 Shirak St, Yerevan, Armenia",+37441120922,,,,,,,,,,open,,40.1347698,44.4750686,https://www.google.com/maps/place/R_FURNITURE/data=!4m7!3m6!1s0x406abf9018c6c415:0xec264edd3f276546!8m2!3d40.1347698!4d44.4750686!16s%2Fg%2F11n9k3s5b7!19sChIJFcTGGJC_akARRmUnP91OJuw,"furniture maker in Shengavit, Yerevan"
0x406abd7cdc16271d:0x1be103f3b47cfe0a,Regal Plast,Furniture manufacturer,мебель,Ереван,"40/5 7-րդ զանգվախ, Yerevan, Armenia",+37493085599,,,,,,,,,,open,,40.1779091,44.5604871,https://www.google.com/maps/place/Regal+Plast/data=!4m7!3m6!1s0x406abd7cdc16271d:0x1be103f3b47cfe0a!8m2!3d40.1779091!4d44.5604871!16s%2Fg%2F11fnrd042r!19sChIJHScW3Hy9akARCv58tPMD4Rs,"furniture maker in Nor Nork, Yerevan"
0x406abdfdda3d5e13:0xe078ac3276fed0fc,SAYERLACK Armenia,Furniture accessories supplier,мебель,Ереван,"12/1 Davit Anhaght Street, Yerevan, Armenia",+37493417223,,,,,,,,5.0,,open,,40.1988199,44.5373913,https://www.google.com/maps/place/SAYERLACK+Armenia/data=!4m7!3m6!1s0x406abdfdda3d5e13:0xe078ac3276fed0fc!8m2!3d40.1988199!4d44.5373913!16s%2Fg%2F11k9mzhy6r!19sChIJE1492v29akAR_ND-djKseOA,"furniture maker in Kentron, Yerevan"
0x248db109758edf45:0x9387e059ed12d8ca,SEARfurniture,Furniture maker,мебель,Ереван,,+37491664381,,,,,,,,,,open,,40.0706942,45.0408032,https://www.google.com/maps/place/SEARfurniture/data=!4m7!3m6!1s0x248db109758edf45:0x9387e059ed12d8ca!8m2!3d40.0706942!4d45.0408032!16s%2Fg%2F11v0vpcmr6!19sChIJRd-OdQmxjSQRytgS7Vngh5M,"furniture maker in Kentron, Yerevan"
0x406abd2a6460557d:0x71db755af47f01f2,SHAHINYANs,Furniture manufacturer,мебель,Ереван,"Kotayq, Zovuni 168, Zovuni 2406, Armenia",+37455802060,,,,,,,,5.0,,open,,40.2377832,44.5133949,https://www.google.com/maps/place/SHAHINYANs/data=!4m7!3m6!1s0x406abd2a6460557d:0x71db755af47f01f2!8m2!3d40.2377832!4d44.5133949!16s%2Fg%2F11jchqch2k!19sChIJfVVgZCq9akAR8gF_9Fp123E,"furniture maker in Arabkir, Yerevan"
0x406abda941770461:0x73759484da7cf1b3,SM Furniture Armenia,Furniture manufacturer,мебель,Ереван,"6/1 Abelian St, Yerevan 0099, Armenia",+37493390063,,,,,,,,,,open,,40.2009577,44.4754269,https://www.google.com/maps/place/SM+Furniture+Armenia/data=!4m7!3m6!1s0x406abda941770461:0x73759484da7cf1b3!8m2!3d40.2009577!4d44.4754269!16s%2Fg%2F11q9m951ny!19sChIJYQR3Qam9akARs_F82oSUdXM,"furniture maker in Kentron, Yerevan"
0x406abdf2e5488ce1:0xa4395796cfad3fd1,SPHERA INTERIOR DESIGN STUDIO,Design agency,мебель,Ереван,"2/4 Hin Yerevansi, Yerevan 0001, Armenia",+37410701705,,,,,,,,5.0,,open,,40.1825914,44.5158923,https://www.google.com/maps/place/SPHERA+INTERIOR+DESIGN+STUDIO/data=!4m7!3m6!1s0x406abdf2e5488ce1:0xa4395796cfad3fd1!8m2!3d40.1825914!4d44.5158923!16s%2Fg%2F11fmg5bj2k!19sChIJ4YxI5fK9akAR0T-tz5ZXOaQ,"furniture maker in Kentron, Yerevan"
0x406abd54163a4b49:0xd33eddcb083d5ce2,SeatInn,Furniture manufacturer,мебель,Ереван,"No.2 Arshakunyats Ave, Yerevan 0023, Armenia",+18182880002,,,,,,,,,,open,,40.1704736,44.5078382,https://www.google.com/maps/place/SeatInn/data=!4m7!3m6!1s0x406abd54163a4b49:0xd33eddcb083d5ce2!8m2!3d40.1704736!4d44.5078382!16s%2Fg%2F11j53qzvjq!19sChIJSUs6FlS9akAR4lw9CMvdPtM,"furniture maker in Kentron, Yerevan"
0x406abd1668ac0aab:0x45227b9dee218da5,Smart Style,Furniture store,мебель,Ереван,"13 Sose St, Yerevan, Armenia",+37499997677,,,,,,,,5.0,,open,,40.1962884,44.5026206,https://www.google.com/maps/place/Smart+Style/data=!4m7!3m6!1s0x406abd1668ac0aab:0x45227b9dee218da5!8m2!3d40.1962884!4d44.5026206!16s%2Fg%2F11g8csxyp7!19sChIJqwqsaBa9akARpY0h7p17IkU,"furniture maker in Kentron, Yerevan"
0x17a15f2a59aed61:0x961d127d9963516c,Sunny Furniture,Furniture maker,мебель,Ереван,,+37477072317,,,,,,,,,,open,,40.0706942,45.0408032,https://www.google.com/maps/place/Sunny+Furniture/data=!4m7!3m6!1s0x17a15f2a59aed61:0x961d127d9963516c!8m2!3d40.0706942!4d45.0408032!16s%2Fg%2F11y3hsjr0p!19sChIJYe2apfIVegERbFFjmX0SHZY,"furniture maker in Kentron, Yerevan"
0xa0a7781f2df2d48f:0xcbf3ba4ad280f83f,Tonyan Stairs,Stair contractor,мебель,Ереван,"Abovyan 2204, Armenia",+37493261686,,,,,,,,,,open,,40.2803541,44.6211777,https://www.google.com/maps/place/Tonyan+Stairs/data=!4m7!3m6!1s0xa0a7781f2df2d48f:0xcbf3ba4ad280f83f!8m2!3d40.2803541!4d44.6211777!16s%2Fg%2F11vbt7lwky!19sChIJj9TyLR94p6ARP_iA0kq688s,"furniture maker in Erebuni, Yerevan"
0x406aa32901469c33:0x2a4f1191aad947e,VA Furniture,Furniture manufacturer,мебель,Ереван,"Yerevan, Armenia",+37495355531,,,,,,,,5.0,,open,,40.2051598,44.5405303,https://www.google.com/maps/place/VA+Furniture/data=!4m7!3m6!1s0x406aa32901469c33:0x2a4f1191aad947e!8m2!3d40.2051598!4d44.5405303!16s%2Fg%2F11sqbb8whd!19sChIJM5xGASmjakARfpStGhnxpAI,"furniture maker in Kentron, Yerevan"
0x406abf58edaa5595:0x5bcc24c94f8e0f4,VAG Furniture,Furniture store,мебель,Ереван,"32, 5 Admiral Isakov Ave, Yerevan 0027, Armenia",+37494724999,,,,,,,,5.0,,open,,40.1622535,44.4440839,https://www.google.com/maps/place/VAG+Furniture/data=!4m7!3m6!1s0x406abf58edaa5595:0x5bcc24c94f8e0f4!8m2!3d40.1622535!4d44.4440839!16s%2Fg%2F11f6542mx_!19sChIJlVWq7Vi_akAR9OD4lEzCvAU,"furniture maker in Shengavit, Yerevan"
0x65e09b31f25cb711:0xb6eae32f5936bff3,VAV Group,Furniture maker,мебель,Ереван,,+37499468866,,,,,,,,,,open,,40.0706942,45.0408032,https://www.google.com/maps/place/VAV+Group/data=!4m7!3m6!1s0x65e09b31f25cb711:0xb6eae32f5936bff3!8m2!3d40.0706942!4d45.0408032!16s%2Fg%2F11z2jbv6cf!19sChIJEbdc8jGb4GUR8782WS_j6rY,"furniture maker in Kentron, Yerevan"
0x406abd10bce54315:0x159a195005f622a1,Varm Furniture,Furniture manufacturer,мебель,Ереван,"42 Griboyedov St, Yerevan 0014, Armenia",+37498994484,,,,,,,,,,open,,40.2088848,44.5142647,https://www.google.com/maps/place/Varm+Furniture/data=!4m7!3m6!1s0x406abd10bce54315:0x159a195005f622a1!8m2!3d40.2088848!4d44.5142647!16s%2Fg%2F11kbx48387!19sChIJFUPlvBC9akARoSL2BVAZmhU,"furniture maker in Kentron, Yerevan"
0x406abdb914143c49:0xcb9f664029836355,William's Art Furniture,Furniture maker,мебель,Ереван,"Yerevan, Armenia",+37433030322,,,,,,,,,,open,,40.1872023,44.515209,https://www.google.com/maps/place/William%27s+Art+Furniture/data=!4m7!3m6!1s0x406abdb914143c49:0xcb9f664029836355!8m2!3d40.1872023!4d44.515209!16s%2Fg%2F11tcfbkzxb!19sChIJSTwUFLm9akARVWODKUBmn8s,"furniture maker in Kentron, Yerevan"
0x406abde17f2d66df:0x393b95e6b8121fc7,Wood Island Armenia,Furniture manufacturer,мебель,Ереван,"69, 1 Hamo Sahyan, Yerevan 0012, Armenia",+37455775159,,,,,,,,,,open,,40.2096758,44.4971671,https://www.google.com/maps/place/Wood+Island+Armenia/data=!4m7!3m6!1s0x406abde17f2d66df:0x393b95e6b8121fc7!8m2!3d40.2096758!4d44.4971671!16s%2Fg%2F11jr7fqpv8!19sChIJ32Ytf-G9akARxx8SuOaVOzk,"furniture maker in Kentron, Yerevan"
0x406abdb7e4081c2f:0x2cdae0fbc2cdf0e6,WoodIQ.project,Furniture manufacturer,мебель,Ереван,"Shinararneri St, Yerevan 0038, Armenia",+37477780330,,,,,,,,4.9,,open,,40.1949099,44.4737713,https://www.google.com/maps/place/WoodIQ.project/data=!4m7!3m6!1s0x406abdb7e4081c2f:0x2cdae0fbc2cdf0e6!8m2!3d40.1949099!4d44.4737713!16s%2Fg%2F11ywgqbdck!19sChIJLxwI5Le9akAR5vDNwvvg2iw,"furniture maker in Kentron, Yerevan"
0x406abdbcfd9a55a1:0x6e3517b6648d48eb,Woodi LLC,Furniture maker,мебель,Ереван,"ap, 21 Garegin Njdeh 10, Yerevan 0008, Armenia",,,,,,,,,,,open,,40.1809564,44.5040224,https://www.google.com/maps/place/Woodi+LLC/data=!4m7!3m6!1s0x406abdbcfd9a55a1:0x6e3517b6648d48eb!8m2!3d40.1809564!4d44.5040224!16s%2Fg%2F11y5k3nbhw!19sChIJoVWa_by9akAR60iNZLYXNW4,"furniture maker in Kentron, Yerevan"
0x406abd9874e70f79:0xa0dede277d8de82,XArt Furniture,Furniture manufacturer,мебель,Ереван,"15, 17 Nikoghayos Tigranyan St, Yerevan 0014, Armenia",+37494510303,,,,,,,,5.0,,open,,40.2089214,44.5201856,https://www.google.com/maps/place/XArt+Furniture/data=!4m7!3m6!1s0x406abd9874e70f79:0xa0dede277d8de82!8m2!3d40.2089214!4d44.5201856!16s%2Fg%2F11y2pw55hb!19sChIJeQ_ndJi9akARgt7Yd-LtDQo,"furniture maker in Kentron, Yerevan"
0x406aa5380c62d829:0xe17537940f75a277,YOUR_MEBELS,Furniture maker,мебель,Ереван,"Jrvezh 2227, Armenia",+37491322110,,,,,,,,5.0,,open,,40.1910767,44.6108216,https://www.google.com/maps/place/YOUR_MEBELS/data=!4m7!3m6!1s0x406aa5380c62d829:0xe17537940f75a277!8m2!3d40.1910767!4d44.6108216!16s%2Fg%2F11xlzgfvrm!19sChIJKdhiDDilakARd6J1D5Q3deE,"furniture maker in Nor Nork, Yerevan"
0x406a955b5733b1e1:0xef90c2c01359cddf,Yerevan woodshop,Furniture maker,мебель,Ереван,"93, 2 Voskehad Baregamutyan, Vagharshapat, Armenia",+37494622133,,,,,,,,,,open,,40.1632626,44.2935926,https://www.google.com/maps/place/Yerevan+woodshop/data=!4m7!3m6!1s0x406a955b5733b1e1:0xef90c2c01359cddf!8m2!3d40.1632626!4d44.2935926!16s%2Fg%2F11w1jzkxmy!19sChIJ4bEzV1uVakAR381ZE8DCkO8,"furniture maker in Shengavit, Yerevan"
0x406abf00664089dd:0x2004b5d659bba546,furniture workshop,Manufacturer,мебель,Ереван,"4CPG+799, Getapnya 0814, Armenia",,,,,,,,,,,open,,40.1353176,44.4250712,https://www.google.com/maps/place/furniture+workshop/data=!4m7!3m6!1s0x406abf00664089dd:0x2004b5d659bba546!8m2!3d40.1353176!4d44.4250712!16s%2Fg%2F11yjpx5gmw!19sChIJ3YlAZgC_akARRqW7Wda1BCA,"furniture maker in Shengavit, Yerevan"
0x8c4618e4056fbd8d:0x951a2c5a930eb80b,rozeri furniture,Furniture maker,мебель,Ереван,,+37494885755,,,,,,,,,,open,,40.0706942,45.0408032,https://www.google.com/maps/place/rozeri+furniture/data=!4m7!3m6!1s0x8c4618e4056fbd8d:0x951a2c5a930eb80b!8m2!3d40.0706942!4d45.0408032!16s%2Fg%2F11rv3jm_xk!19sChIJjb1vBeQYRowRC7gOk1osGpU,"furniture maker in Arabkir, Yerevan"
0x406abd47e3bd2cbd:0xffa6bc0b47e49e0e,woodstore,Furniture manufacturer,мебель,Ереван,"67 Hanrapetutyan St, Yerevan 0010, Armenia",+37444703020,,,,,,,,,,open,,40.178296,44.5191677,https://www.google.com/maps/place/woodstore/data=!4m7!3m6!1s0x406abd47e3bd2cbd:0xffa6bc0b47e49e0e!8m2!3d40.178296!4d44.5191677!16s%2Fg%2F11pvhn6tgn!19sChIJvSy940e9akARDp7kRwu8pv8,"furniture maker in Nor Nork, Yerevan"
0x406a93007a92af43:0x50756257af1bf47c,производство мебели,Furniture maker,мебель,Ереван,"67PR+7P, Aygeshat, Armenia",,,,,,,,,,,open,,40.2357265,44.2919029,https://www.google.com/maps/place/%D0%BF%D1%80%D0%BE%D0%B8%D0%B7%D0%B2%D0%BE%D0%B4%D1%81%D1%82%D0%B2%D0%BE+%D0%BC%D0%B5%D0%B1%D0%B5%D0%BB%D0%B8/data=!4m7!3m6!1s0x406a93007a92af43:0x50756257af1bf47c!8m2!3d40.2357265!4d44.2919029!16s%2Fg%2F11zx4ltnw5!19sChIJQ6-SegCTakARfPQbr1didVA,"furniture maker in Shengavit, Yerevan"
0x406abe7022b42f87:0x43f0b0aa18e97e95,Կահույքի արտադրամաս,Furniture maker,мебель,Ереван,"5C5P+MCQ, Parakar, Armenia",,,,,,,,,,,open,,40.1592127,44.4361131,https://www.google.com/maps/place/%D4%BF%D5%A1%D5%B0%D5%B8%D6%82%D5%B5%D6%84%D5%AB+%D5%A1%D6%80%D5%BF%D5%A1%D5%A4%D6%80%D5%A1%D5%B4%D5%A1%D5%BD/data=!4m7!3m6!1s0x406abe7022b42f87:0x43f0b0aa18e97e95!8m2!3d40.1592127!4d44.4361131!16s%2Fg%2F11c2k673jd!19sChIJhy-0InC-akARlX7pGKqw8EM,"furniture maker in Shengavit, Yerevan"
0x406aa1868c65d2b7:0x5a2e431c86c998c2,Ջերմ Օջախ Գրուպ,Furniture manufacturer,мебель,Ереван,"11 Sevan St, Abovyan 2204, Armenia",+37441160160,,,,,,,,5.0,,open,,40.2836934,44.6259989,https://www.google.com/maps/place/%D5%8B%D5%A5%D6%80%D5%B4+%D5%95%D5%BB%D5%A1%D5%AD+%D4%B3%D6%80%D5%B8%D6%82%D5%BA/data=!4m7!3m6!1s0x406aa1868c65d2b7:0x5a2e431c86c998c2!8m2!3d40.2836934!4d44.6259989!16s%2Fg%2F11y4ztbwdl!19sChIJt9JljIahakARwpjJhhxDLlo,"furniture maker in Erebuni, Yerevan"
0x406abfaaaf45ad71:0xabbb187d7774847e,Սեննարո,Furniture store,мебель,Ереван,"140 Admiral Isakov Ave, Yerevan, Armenia",+37410730335,,,,,,,,5.0,,open,,40.158027,44.432968,https://www.google.com/maps/place/%D5%8D%D5%A5%D5%B6%D5%B6%D5%A1%D6%80%D5%B8/data=!4m7!3m6!1s0x406abfaaaf45ad71:0xabbb187d7774847e!8m2!3d40.158027!4d44.432968!16s%2Fg%2F11g4fnf0m9!19sChIJca1Fr6q_akARfoR0d30Yu6s,"furniture maker in Kentron, Yerevan"
0x406aa147071ab525:0x43b8c824118df671,Փայտամշակման արհեստանոց,Furniture maker,мебель,Ереван,"4-99, г. Абовян, 4-й микрорайон, Abovyan 2206, Armenia",+37495330430,,,,,,,,,,open,,40.2797337,44.6358684,https://www.google.com/maps/place/%D5%93%D5%A1%D5%B5%D5%BF%D5%A1%D5%B4%D5%B7%D5%A1%D5%AF%D5%B4%D5%A1%D5%B6+%D5%A1%D6%80%D5%B0%D5%A5%D5%BD%D5%BF%D5%A1%D5%B6%D5%B8%D6%81/data=!4m7!3m6!1s0x406aa147071ab525:0x43b8c824118df671!8m2!3d40.2797337!4d44.6358684!16s%2Fg%2F11tf39vhwy!19sChIJJbUaB0ehakARcfaNESTIuEM,"furniture maker in Erebuni, Yerevan"
0x406abd4a95a716e5:0x21e33de4aecb1c5b,ALEM Hotel,,отель,Ереван,"Yerevan, Armenia",+37498306050,,,,,,,,4.3,,open,,40.1781914,44.4458905,https://www.google.com/maps/place/ALEM+Hotel/data=!4m10!3m9!1s0x406abd4a95a716e5:0x21e33de4aecb1c5b!5m2!4m1!1i2!8m2!3d40.1781914!4d44.4458905!16s%2Fg%2F11j4m7dxbf!19sChIJ5RanlUq9akARWxzLruQ94yE,"hotel in Malatia-Sebastia, Yerevan"
0x406abd9ef5cca793:0x996ce9e520f45a48,AMA HOTEL,,отель,Ереван,"51, 5 Gusan Sheram Street, Yerevan, Armenia",,,,,,,,,,,open,,40.1793369,44.4410772,https://www.google.com/maps/place/AMA+HOTEL/data=!4m10!3m9!1s0x406abd9ef5cca793:0x996ce9e520f45a48!5m2!4m1!1i2!8m2!3d40.1793369!4d44.4410772!16s%2Fg%2F11ssz68_qs!19sChIJk6fM9Z69akARSFr0IOXpbJk,"hotel in Malatia-Sebastia, Yerevan"
0x406abd8745167787:0xabdb6efd6ca5b87f,AS Hotel,,отель,Ереван,"33 1st St, Yerevan 0001, Armenia",+37477022025,,,,,,,,4.0,,open,,40.1961788,44.4520202,https://www.google.com/maps/place/AS+Hotel/data=!4m10!3m9!1s0x406abd8745167787:0xabdb6efd6ca5b87f!5m2!4m1!1i2!8m2!3d40.1961788!4d44.4520202!16s%2Fg%2F11qg0drzt1!19sChIJh3cWRYe9akARf7ilbP1u26s,"hotel in Malatia-Sebastia, Yerevan"
0x406abd2f2ad1f7d3:0xf57145ccebf96331,AUM Hostel Yerevan,,отель,Ереван,"Behind gold's market, Near malatiya mall, 1/2 Tserenc St, Yerevan 0032, Armenia",+37441103451,,,,,,,,,,open,,40.1716429,44.4541745,https://www.google.com/maps/place/AUM+Hostel+Yerevan/data=!4m10!3m9!1s0x406abd2f2ad1f7d3:0xf57145ccebf96331!5m2!4m1!1i2!8m2!3d40.1716429!4d44.4541745!16s%2Fg%2F11svfk41d2!19sChIJ0_fRKi-9akARMWP568xFcfU,"hotel in Malatia-Sebastia, Yerevan"
0x406abc51fdb3a7df:0x2378f214c3b8555d,Admiral Isakov Hotel,,отель,Ереван,"5FCV+GR9, Admiral Isakov Ave, Yerevan 0015, Armenia",+37495905011,,,,,,,,5.0,,open,,40.1712902,44.4946046,https://www.google.com/maps/place/Admiral+Isakov+Hotel/data=!4m10!3m9!1s0x406abc51fdb3a7df:0x2378f214c3b8555d!5m2!4m1!1i2!8m2!3d40.1712902!4d44.4946046!16s%2Fg%2F11srrtqvcv!19sChIJ36ez_VG8akARXVW4wxTyeCM,"hotel in Malatia-Sebastia, Yerevan"
0x406abd98897eacb1:0xc40b6434f01aecbf,Alba Hotel Yerevan,,отель,Ереван,"32 Proshyan 1st Lane, Yerevan, Armenia",+37411461414,,,,,,,,4.5,,open,,40.1900203,44.5049554,https://www.google.com/maps/place/Alba+Hotel+Yerevan/data=!4m10!3m9!1s0x406abd98897eacb1:0xc40b6434f01aecbf!5m2!4m1!1i2!8m2!3d40.1900203!4d44.5049554!16s%2Fg%2F11fb0w4_72!19sChIJsax-iZi9akARv-wa8DRkC8Q,"hotel in Arabkir, Yerevan"
0x406aa3f801b1a83f:0x8ba1ae26909da6e2,Anna Bella boutique hotel,,отель,Ереван,"17 Mamikoniants St, Yerevan 0014, Armenia",+37410240499,,,,,,,,4.5,,open,,40.2085984,44.5241389,https://www.google.com/maps/place/Anna+Bella+boutique+hotel/data=!4m10!3m9!1s0x406aa3f801b1a83f:0x8ba1ae26909da6e2!5m2!4m1!1i2!8m2!3d40.2085984!4d44.5241389!16s%2Fg%2F11fhyrt26s!19sChIJP6ixAfijakAR4qadkCauoYs,"hotel in Nor Nork, Yerevan"
0x406aa326b58109dd:0xea5d5cb33268a84b,Aquapark Hotel & Villas,,отель,Ереван,"40, 2 Myasnikyan Ave, Yerevan 0025, Armenia",+37496500205,,,,,,,,3.5,,open,,40.2057515,44.5598139,https://www.google.com/maps/place/Aquapark+Hotel+%26+Villas/data=!4m10!3m9!1s0x406aa326b58109dd:0xea5d5cb33268a84b!5m2!4m1!1i2!8m2!3d40.2057515!4d44.5598139!16s%2Fg%2F11wmhc75dx!19sChIJ3QmBtSajakARS6hoMrNcXeo,"hotel in Nor Nork, Yerevan"
0x406aa326735a932b:0x5840254e2b83079e,Aquatek Spa Hotel & Villas,,отель,Ереван,"40/2 Myasnikyan Ave, Yerevan 0025, Armenia",+37491500202,,,,,,,,3.7,,open,,40.2057637,44.5596423,https://www.google.com/maps/place/Aquatek+Spa+Hotel+%26+Villas/data=!4m10!3m9!1s0x406aa326735a932b:0x5840254e2b83079e!5m2!4m1!1i2!8m2!3d40.2057637!4d44.5596423!16s%2Fg%2F1tl1lylz!19sChIJK5NacyajakARngeDK04lQFg,"hotel in Nor Nork, Yerevan"
0x406abdfefc6ea25f:0x8431726a42b26c9,Araratta hotel,,отель,Ереван,"2A Bagratuniats St, Yerevan 0039, Armenia",,,,,,,,,5.0,,open,,40.1554288,44.4776834,https://www.google.com/maps/place/Araratta+hotel/data=!4m10!3m9!1s0x406abdfefc6ea25f:0x8431726a42b26c9!5m2!4m1!1i2!8m2!3d40.1554288!4d44.4776834!16s%2Fg%2F11gy637h2n!19sChIJX6Ju_P69akARySYrpCYXQwg,"hotel in Malatia-Sebastia, Yerevan"
0x406abd001112e36d:0xb87e2072d1c9fe71,Area Hotel Yerevan,,отель,Ереван,"106 Movses Khorenatsi Street, Yerevan, Armenia",,,,,,,,,4.3,,open,,40.1641593,44.5155703,https://www.google.com/maps/place/Area+Hotel+Yerevan/data=!4m10!3m9!1s0x406abd001112e36d:0xb87e2072d1c9fe71!5m2!4m1!1i2!8m2!3d40.1641593!4d44.5155703!16s%2Fg%2F11xnqj8r9x!19sChIJbeMSEQC9akARcf7J0XIgfrg,"hotel in Nor Nork, Yerevan"
0x406abc69678a373f:0x5bf9fcd4d6bed4ca,"Areg Hotel, Yerevan",,отель,Ереван,"80 Burnazian St, Yerevan 0008, Armenia",+37410456213,,,,,,,,4.5,,open,,40.1537395,44.5141337,"https://www.google.com/maps/place/Areg+Hotel,+Yerevan/data=!4m10!3m9!1s0x406abc69678a373f:0x5bf9fcd4d6bed4ca!5m2!4m1!1i2!8m2!3d40.1537395!4d44.5141337!16s%2Fg%2F1tfrkv17!19sChIJPzeKZ2m8akARytS-1tT8-Vs","hotel in Shengavit, Yerevan"
0x406abe6fa4e53875:0x7a2f1bf955dbf5c7,Argavand Hotel & Restaurant Complex,,отель,Ереван,"0082, 81 Admiral Isakov Ave, Yerevan, Armenia",+37494104080,,,,,,,,3.6,,open,,40.1598263,44.4390867,https://www.google.com/maps/place/Argavand+Hotel+%26+Restaurant+Complex/data=!4m10!3m9!1s0x406abe6fa4e53875:0x7a2f1bf955dbf5c7!5m2!4m1!1i2!8m2!3d40.1598263!4d44.4390867!16s%2Fg%2F11cm_g_xsn!19sChIJdTjlpG--akARx_XbVfkbL3o,"hotel in Malatia-Sebastia, Yerevan"
0x406abd152cc00001:0x3740fdab0cfef2f4,Arma Boutique Hotel,,отель,Ереван,"27 Gyulbenkyan St, Yerevan 0033, Armenia",+37441405048,,,,,,,,5.0,,open,,40.1986289,44.4967607,https://www.google.com/maps/place/Arma+Boutique+Hotel/data=!4m10!3m9!1s0x406abd152cc00001:0x3740fdab0cfef2f4!5m2!4m1!1i2!8m2!3d40.1986289!4d44.4967607!16s%2Fg%2F11sgdx3t6v!19sChIJAQDALBW9akAR9PL-DKv9QDc,"hotel in Arabkir, Yerevan"
0x406abfab536e1fed:0x360fd919b2e44384,Armen's Rest House,,отель,Ереван,"Home 5, 4 Street, Parakar 1149, Armenia",+37495590001,,,,,,,,4.9,,open,,40.1676295,44.4147944,https://www.google.com/maps/place/Armen%27s+Rest+House/data=!4m10!3m9!1s0x406abfab536e1fed:0x360fd919b2e44384!5m2!4m1!1i2!8m2!3d40.1676295!4d44.4147944!16s%2Fg%2F11f9zzcrkk!19sChIJ7R9uU6u_akARhEPkshnZDzY,"hotel in Malatia-Sebastia, Yerevan"
0x406abdd288642c93:0x772c80efa1b9e5c9,Armenia De Luxe,,отель,Ереван,"155 Sebastia St, Yerevan 0068, Armenia",+37410779900,,,,,,,,4.1,,open,,40.1643518,44.4647168,https://www.google.com/maps/place/Armenia+De+Luxe/data=!4m10!3m9!1s0x406abdd288642c93:0x772c80efa1b9e5c9!5m2!4m1!1i2!8m2!3d40.1643518!4d44.4647168!16s%2Fg%2F1tg_djmv!19sChIJkyxkiNK9akARyeW5oe-ALHc,"hotel in Malatia-Sebastia, Yerevan"
0x406aa30f22a34475:0x2eac52e861e6cede,Armenia village park hotel,,отель,Ереван,"40 Myasnikyan Ave, Yerevan, Armenia",+37499524000,,,,,,,,2.9,,open,,40.2063714,44.5609224,https://www.google.com/maps/place/Armenia+village+park+hotel/data=!4m10!3m9!1s0x406aa30f22a34475:0x2eac52e861e6cede!5m2!4m1!1i2!8m2!3d40.2063714!4d44.5609224!16s%2Fg%2F11h88tp1z9!19sChIJdUSjIg-jakAR3s7mYehSrC4,"hotel in Nor Nork, Yerevan"
0x406a962203ba1c05:0x33585fce0abf1413,Arvasar,,отель,Ереван,"300, 1 Tichina St, Yerevan 0065, Armenia",+37410740707,,,,,,,,4.6,,open,,40.1919453,44.4311089,https://www.google.com/maps/place/Arvasar/data=!4m10!3m9!1s0x406a962203ba1c05:0x33585fce0abf1413!5m2!4m1!1i2!8m2!3d40.1919453!4d44.4311089!16s%2Fg%2F11gzzgv6h!19sChIJBRy6AyKWakARExS_Cs5fWDM,"hotel in Malatia-Sebastia, Yerevan"
0x406abd007485c269:0x1f9e0c62e05665af,Avenue 30,,отель,Ереван,"30 Mesrop Mashtots Ave, Yerevan 0002, Armenia",+37455408884,,,,,,,,4.8,,open,,40.1827645,44.5110904,https://www.google.com/maps/place/Avenue+30/data=!4m10!3m9!1s0x406abd007485c269:0x1f9e0c62e05665af!5m2!4m1!1i2!8m2!3d40.1827645!4d44.5110904!16s%2Fg%2F11lmj96lmz!19sChIJacKFdAC9akARr2VW4GIMnh8,"hotel in Kentron, Yerevan"
0x406abf22e76d88ff:0xc49d422dcdb7709b,Barseghyans Villa near Airport Pool 4 km to Center,,отель,Ереван,"Андраника 2 ул. Зоравара, Parakar, Armenia",+37441776277,,,,,,,,5.0,,open,,40.1614773,44.4040331,https://www.google.com/maps/place/Barseghyans+Villa+near+Airport+Pool+4+km+to+Center/data=!4m10!3m9!1s0x406abf22e76d88ff:0xc49d422dcdb7709b!5m2!4m1!1i2!8m2!3d40.1614773!4d44.4040331!16s%2Fg%2F11zd6gvyct!19sChIJ_4ht5yK_akARm3C3zS1CncQ,"hotel in Malatia-Sebastia, Yerevan"
0x406abc6d71663ca5:0xc26937c1aa9eb960,Benefice Mini-hotel,,отель,Ереван,"66 Sasuntsi Davit St, Yerevan, Armenia",+37411770737,,,,,,,,4.3,,open,,40.1543752,44.5202714,https://www.google.com/maps/place/Benefice+Mini-hotel/data=!4m10!3m9!1s0x406abc6d71663ca5:0xc26937c1aa9eb960!5m2!4m1!1i2!8m2!3d40.1543752!4d44.5202714!16s%2Fg%2F11cnbm1m6p!19sChIJpTxmcW28akARYLmeqsE3acI,"hotel in Nor Nork, Yerevan"
0x406abcdca33abfeb:0x6763089cef9f4562,Best View Hotel,,отель,Ереван,"Norqi Ayginer 247/10, Yerevan 0047, Armenia",+37410651949,,,,,,,,3.7,,open,,40.1871,44.533859,https://www.google.com/maps/place/Best+View+Hotel/data=!4m10!3m9!1s0x406abcdca33abfeb:0x6763089cef9f4562!5m2!4m1!1i2!8m2!3d40.1871!4d44.533859!16s%2Fg%2F11cm_hx4qr!19sChIJ6786o9y8akARYkWf75wIY2c,"hotel in Nor Nork, Yerevan"
0x406abdac91b123d1:0xc04989cd1be6e4cc,Bien Hotel,,отель,Ереван,"72/1 Ayas St, Yerevan 0082, Armenia",+37411552222,,,,,,,,4.4,,open,,40.1773454,44.4885753,https://www.google.com/maps/place/Bien+Hotel/data=!4m10!3m9!1s0x406abdac91b123d1:0xc04989cd1be6e4cc!5m2!4m1!1i2!8m2!3d40.1773454!4d44.4885753!16s%2Fg%2F11f5q0dyty!19sChIJ0SOxkay9akARzOTmG82JScA,"hotel in Malatia-Sebastia, Yerevan"
0x406abd95d6860fb7:0xc47a261cb875c3d1,Bliss,,отель,Ереван,"22 Sebastia Street 1, Yerevan 0065, Armenia",+37493446500,,,,,,,,4.2,,open,,40.1825383,44.4601122,https://www.google.com/maps/place/Bliss/data=!4m10!3m9!1s0x406abd95d6860fb7:0xc47a261cb875c3d1!5m2!4m1!1i2!8m2!3d40.1825383!4d44.4601122!16s%2Fg%2F11d_z0b4nc!19sChIJtw-G1pW9akAR0cN1uBwmesQ,"hotel in Malatia-Sebastia, Yerevan"
0x406abcf326713ba7:0x4eaac20c5add65f7,Bloom Hotel Yerevan,,отель,Ереван,"76 Charents St, Yerevan 0025, Armenia",+37433444522,,,,,,,,4.3,,open,,40.1702487,44.5248176,https://www.google.com/maps/place/Bloom+Hotel+Yerevan/data=!4m10!3m9!1s0x406abcf326713ba7:0x4eaac20c5add65f7!5m2!4m1!1i2!8m2!3d40.1702487!4d44.5248176!16s%2Fg%2F11q9j6b6j3!19sChIJpztxJvO8akAR92XdWgzCqk4,"hotel in Nor Nork, Yerevan"
0x406abcfc549f704b:0xfc573d245cd1454,Boulevard Hotel,,отель,Ереван,"37 Улица Карена Демирчяна, Yerevan 0010, Armenia",+37412700007,,,,,,,,4.6,,open,,40.1809527,44.5100984,https://www.google.com/maps/place/Boulevard+Hotel/data=!4m10!3m9!1s0x406abcfc549f704b:0xfc573d245cd1454!5m2!4m1!1i2!8m2!3d40.1809527!4d44.5100984!16s%2Fg%2F11dzdh35jd!19sChIJS3CfVPy8akARVBTNRdJzxQ8,"hotel in Kentron, Yerevan"
0x406abdab493aebe3:0x353236663346ed86,Brandy Factory Hotel,,отель,Ереван,"1A Lusinyanci Str, Yerevan 0002, Armenia",+37498042913,,,,,,,,3.4,,open,,40.177271,44.4945305,https://www.google.com/maps/place/Brandy+Factory+Hotel/data=!4m10!3m9!1s0x406abdab493aebe3:0x353236663346ed86!5m2!4m1!1i2!8m2!3d40.177271!4d44.4945305!16s%2Fg%2F11h6cs7bnz!19sChIJ4-s6Sau9akARhu1GM2Y2MjU,"hotel in Malatia-Sebastia, Yerevan"
0x406abcefbed338b1:0x38f7b8fe78f841fe,Bridge House Armenia (Yerevan),,отель,Ереван,"41 Khanjyan St, Yerevan 0001, Armenia",+37499209290,,,,,,,,4.7,,open,,40.1792939,44.5231948,https://www.google.com/maps/place/Bridge+House+Armenia+%28Yerevan%29/data=!4m10!3m9!1s0x406abcefbed338b1:0x38f7b8fe78f841fe!5m2!4m1!1i2!8m2!3d40.1792939!4d44.5231948!16s%2Fg%2F11cm_htvs2!19sChIJsTjTvu-8akAR_kH4eP649zg,"hotel in Kentron, Yerevan"
0x406abcff5ba69937:0x71e868e032f0134e,Bunker Downtown Yerevan,,отель,Ереван,"4 Mesrop Mashtots Ave, Yerevan 0015, Armenia",+37410588768,,,,,,,,3.0,,open,,40.1766755,44.5031154,https://www.google.com/maps/place/Bunker+Downtown+Yerevan/data=!4m10!3m9!1s0x406abcff5ba69937:0x71e868e032f0134e!5m2!4m1!1i2!8m2!3d40.1766755!4d44.5031154!16s%2Fg%2F11c6cx903z!19sChIJN5mmW_-8akARThPwMuBo6HE,"hotel in Malatia-Sebastia, Yerevan"
0x406abd006bd47ad1:0x5ffd07202f0cc09e,C Hotel,,отель,Ереван,"237 4 Ayginer, Yerevan, Armenia",+37477655929,,,,,,,,4.4,,open,,40.1845146,44.5327296,https://www.google.com/maps/place/C+Hotel/data=!4m10!3m9!1s0x406abd006bd47ad1:0x5ffd07202f0cc09e!5m2!4m1!1i2!8m2!3d40.1845146!4d44.5327296!16s%2Fg%2F11n45b0s56!19sChIJ0XrUawC9akARnsAMLyAH_V8,"hotel in Nor Nork, Yerevan"
0x406abce378511067:0xb09fdc9f7924d911,"Center Hostel, Yerevan",,отель,Ереван,"4 Vardanants St, Yerevan 0010, Armenia",+37493444333,,,,,,,,4.2,,open,,40.1786501,44.5174335,"https://www.google.com/maps/place/Center+Hostel,+Yerevan/data=!4m10!3m9!1s0x406abce378511067:0xb09fdc9f7924d911!5m2!4m1!1i2!8m2!3d40.1786501!4d44.5174335!16s%2Fg%2F11bbrgkk9h!19sChIJZxBReOO8akAREdkkeZ_cn7A","hotel in Kentron, Yerevan"
0x406abd0000001b1b:0x8aa5cb6a06310dce,Chateau Gabriel,,отель,Ереван,"Erevan, 85/1 9th St, 91004999, Armenia",+37491004999,,,,,,,,,,open,,40.179188,44.499104,https://www.google.com/maps/place/Chateau+Gabriel/data=!4m10!3m9!1s0x406abd0000001b1b:0x8aa5cb6a06310dce!5m2!4m1!1i2!8m2!3d40.179188!4d44.499104!16s%2Fg%2F11mv46yzn4!19sChIJGxsAAAC9akARzg0xBmrLpYo,"hotel in Malatia-Sebastia, Yerevan"
0x406abf0002054105:0x6619a7b16cbd46fe,Chinese home,,отель,Ереван,"Armenia, Getapnya, 12th Street22 house邮政编码: 0814",,,,,,,,,5.0,,open,,40.1371888,44.4281504,https://www.google.com/maps/place/Chinese+home/data=!4m10!3m9!1s0x406abf0002054105:0x6619a7b16cbd46fe!5m2!4m1!1i2!8m2!3d40.1371888!4d44.4281504!16s%2Fg%2F11zjb5gs9t!19sChIJBUEFAgC_akAR_ka9bLGnGWY,"hotel in Malatia-Sebastia, Yerevan"
0x406abd004e576fdd:0xea57897b26061f50,Citrus,,отель,Ереван,"30 Paronyan St, Yerevan 0002, Armenia",+37494306105,,,,,,,,3.9,,open,,40.1811417,44.4994317,https://www.google.com/maps/place/Citrus/data=!4m10!3m9!1s0x406abd004e576fdd:0xea57897b26061f50!5m2!4m1!1i2!8m2!3d40.1811417!4d44.4994317!16s%2Fg%2F11rzbx3955!19sChIJ3W9XTgC9akARUB8GJnuJV-o,"hotel in Malatia-Sebastia, Yerevan"
0x406abd7d70c49b85:0x254d6a82117ba403,Corner Hotel,,отель,Ереван,"5, 1 Bagratuniats St, Yerevan, Armenia",+37497912121,,,,,,,,4.3,,open,,40.1555287,44.4782615,https://www.google.com/maps/place/Corner+Hotel/data=!4m10!3m9!1s0x406abd7d70c49b85:0x254d6a82117ba403!5m2!4m1!1i2!8m2!3d40.1555287!4d44.4782615!16s%2Fg%2F11vs246f38!19sChIJhZvEcH29akARA6R7EYJqTSU,"hotel in Shengavit, Yerevan"
0x406abd994f3a95cb:0xe09ddd6d3de8049,DREAMS HOUSE HOTEL & HOSTEL,,отель,Ереван,"59 Simeon Yerevantsi St, Yerevan 0002, Armenia",+37498881658,,,,,,,,4.8,,open,,40.1825545,44.498082,https://www.google.com/maps/place/DREAMS+HOUSE+HOTEL+%26+HOSTEL/data=!4m10!3m9!1s0x406abd994f3a95cb:0xe09ddd6d3de8049!5m2!4m1!1i2!8m2!3d40.1825545!4d44.498082!16s%2Fg%2F11z914f7k4!19sChIJy5U6T5m9akARSYDe09bdCQ4,"hotel in Malatia-Sebastia, Yerevan"
0x406abf9f19056e6b:0xf0e3b57f41ef2205,Davos Hotel,,отель,Ереван,"Narekatsi 1st street, Parakar 1129, Armenia",+37494358060,,,,,,,,5.0,,open,,40.1672703,44.4139973,https://www.google.com/maps/place/Davos+Hotel/data=!4m10!3m9!1s0x406abf9f19056e6b:0xf0e3b57f41ef2205!5m2!4m1!1i2!8m2!3d40.1672703!4d44.4139973!16s%2Fg%2F11yrnm2v1g!19sChIJa24FGZ-_akARBSLvQX-14_A,"hotel in Malatia-Sebastia, Yerevan"
0x406aa3110873c59d:0xbea47ebb9203e1e8,Dream Forest Hotel,,отель,Ереван,"40/1 Myasnikyan Ave, Yerevan 0025, Armenia",+37499055585,,,,,,,,3.3,,open,,40.2049231,44.5588474,https://www.google.com/maps/place/Dream+Forest+Hotel/data=!4m10!3m9!1s0x406aa3110873c59d:0xbea47ebb9203e1e8!5m2!4m1!1i2!8m2!3d40.2049231!4d44.5588474!16s%2Fg%2F11z5mxxw8r!19sChIJncVzCBGjakAR6OEDkrt-pL4,"hotel in Nor Nork, Yerevan"
0x406abd6c25f6accb:0xee613f31701a64b3,EVN Yerevan Boutique Hotel,,отель,Ереван,"9/2 Admiral Isakov Ave, Yerevan, Armenia",+37491881488,,,,,,,,4.5,,open,,40.1708515,44.4910822,https://www.google.com/maps/place/EVN+Yerevan+Boutique+Hotel/data=!4m10!3m9!1s0x406abd6c25f6accb:0xee613f31701a64b3!5m2!4m1!1i2!8m2!3d40.1708515!4d44.4910822!16s%2Fg%2F11nvv2ghm2!19sChIJy6z2JWy9akARs2QacDE_Ye4,"hotel in Malatia-Sebastia, Yerevan"
0x406abc51fc26ffbd:0xa4f725ddd6d4787c,Economy Type Rooms,,отель,Ереван,"3, 5 Admiral Isakov Ave, Yerevan 0082, Armenia",+37491208546,,,,,,,,,,open,,40.171383,44.494526,https://www.google.com/maps/place/Economy+Type+Rooms/data=!4m10!3m9!1s0x406abc51fc26ffbd:0xa4f725ddd6d4787c!5m2!4m1!1i2!8m2!3d40.171383!4d44.494526!16s%2Fg%2F11vsvjglvk!19sChIJvf8m_FG8akARfHjU1t0l96Q,"hotel in Malatia-Sebastia, Yerevan"
0x406abf0031bd177b:0x2eddbab6eccd53bd,Elkasa guest house,,отель,Ереван,"162 Admiral Isakov Ave, Parakar, Armenia",,,,,,,,,,,open,,40.1580049,44.4302807,https://www.google.com/maps/place/Elkasa+guest+house/data=!4m10!3m9!1s0x406abf0031bd177b:0x2eddbab6eccd53bd!5m2!4m1!1i2!8m2!3d40.1580049!4d44.4302807!16s%2Fg%2F11zbh0tzbd!19sChIJexe9MQC_akARvVPN7La63S4,"hotel in Malatia-Sebastia, Yerevan"
0x406abd9cf2abdec9:0xd74609a00d3362d4,FLY Hostel,,отель,Ереван,"1st Blind Alley Tichina St, Yerevan 0065, Armenia",+37455388457,,,,,,,,4.7,,open,,40.1822752,44.4614873,https://www.google.com/maps/place/FLY+Hostel/data=!4m10!3m9!1s0x406abd9cf2abdec9:0xd74609a00d3362d4!5m2!4m1!1i2!8m2!3d40.1822752!4d44.4614873!16s%2Fg%2F11wv0yxk0y!19sChIJyd6r8py9akAR1GIzDaAJRtc,"hotel in Malatia-Sebastia, Yerevan"
0x406abff080bff9d9:0xd25079b4fc850bd,Friend’s Home,,отель,Ереван,"дом 15, улица 20, Geghanist 0806, Armenia",+37477375759,,,,,,,,4.8,,open,,40.1404259,44.4249992,https://www.google.com/maps/place/Friend%E2%80%99s+Home/data=!4m10!3m9!1s0x406abff080bff9d9:0xd25079b4fc850bd!5m2!4m1!1i2!8m2!3d40.1404259!4d44.4249992!16s%2Fg%2F11t2ybtnly!19sChIJ2fm_gPC_akARvVDIT5sHJQ0,"hotel in Malatia-Sebastia, Yerevan"
0x406aef2bbe2664cd:0xcab9caeff4a6ca8a,GALSTYANS HOTEL ZVARTNOTS AIRPORT,,отель,Ереван,"3 Մայրաքաղաքային, Parakar, Armenia",+37493360003,,,,,,,,3.3,,open,,40.1648042,44.4141927,https://www.google.com/maps/place/GALSTYANS+HOTEL+ZVARTNOTS+AIRPORT/data=!4m10!3m9!1s0x406aef2bbe2664cd:0xcab9caeff4a6ca8a!5m2!4m1!1i2!8m2!3d40.1648042!4d44.4141927!16s%2Fg%2F11whrx88y4!19sChIJzWQmvivvakARisqm9O_Kuco,"hotel in Malatia-Sebastia, Yerevan"
0x406abdc1d910ce15:0xf92a86a42c87c207,Garden Lounge Hotel,,отель,Ереван,"Bagratunyats avenue, 21 3rd St, Yerevan 0046, Armenia",+37494063039,,,,,,,,4.6,,open,,40.1487194,44.482366,https://www.google.com/maps/place/Garden+Lounge+Hotel/data=!4m10!3m9!1s0x406abdc1d910ce15:0xf92a86a42c87c207!5m2!4m1!1i2!8m2!3d40.1487194!4d44.482366!16s%2Fg%2F11hzbyc2yb!19sChIJFc4Q2cG9akARB8KHLKSGKvk,"hotel in Malatia-Sebastia, Yerevan"
0x406abd2552a4f7ef:0xad56a09e263d6c2a,Golden Resort,,отель,Ереван,"14th St, Yerevan, Armenia",+37433577175,,,,,,,,5.0,,open,,40.1634708,44.5293082,https://www.google.com/maps/place/Golden+Resort/data=!4m10!3m9!1s0x406abd2552a4f7ef:0xad56a09e263d6c2a!5m2!4m1!1i2!8m2!3d40.1634708!4d44.5293082!16s%2Fg%2F11t3d5_p6s!19sChIJ7_ekUiW9akARKmw9Jp6gVq0,"hotel in Nor Nork, Yerevan"
0x406abc545b2337eb:0x5176cd69972a0cc9,Grand F Hotel,,отель,Ереван,"5G92+W5J, Tairov St, Yerevan 0082, Armenia",+37498667667,,,,,,,,4.2,,open,,40.1698389,44.5003754,https://www.google.com/maps/place/Grand+F+Hotel/data=!4m10!3m9!1s0x406abc545b2337eb:0x5176cd69972a0cc9!5m2!4m1!1i2!8m2!3d40.1698389!4d44.5003754!16s%2Fg%2F11qr2cmx06!19sChIJ6zcjW1S8akARyQwql2nNdlE,"hotel in Malatia-Sebastia, Yerevan"
0x406abd5574aa7b91:0x535c696865188f08,Green Garden,,отель,Ереван,"5FG3+G4P, Svachyan St, Yerevan, Armenia",,,,,,,,,,,open,,40.1772102,44.4535685,https://www.google.com/maps/place/Green+Garden/data=!4m10!3m9!1s0x406abd5574aa7b91:0x535c696865188f08!5m2!4m1!1i2!8m2!3d40.1772102!4d44.4535685!16s%2Fg%2F11svv3jcjw!19sChIJkXuqdFW9akARCI8YZWhpXFM,"hotel in Malatia-Sebastia, Yerevan"
0x406abe1141150973:0x6685a97081b91f28,Green House Hostel Parakar,,отель,Ереван,"Stolichnaya str. 16, P'arak'ar 1149, Armenia",+37493839988,,,,,,,,3.9,,open,,40.1642811,44.4158165,https://www.google.com/maps/place/Green+House+Hostel+Parakar/data=!4m10!3m9!1s0x406abe1141150973:0x6685a97081b91f28!5m2!4m1!1i2!8m2!3d40.1642811!4d44.4158165!16s%2Fg%2F11dxd929zj!19sChIJcwkVQRG-akARKB-5gXCphWY,"hotel in Malatia-Sebastia, Yerevan"
0x406aa32614951c55:0x156c15109c4ea061,Guest House Myasnikyan,,отель,Ереван,"39 Myasnikyan Ave, Yerevan 0025, Armenia",+37477400803,,,,,,,,5.0,,open,,40.2037763,44.5564092,https://www.google.com/maps/place/Guest+House+Myasnikyan/data=!4m10!3m9!1s0x406aa32614951c55:0x156c15109c4ea061!5m2!4m1!1i2!8m2!3d40.2037763!4d44.5564092!16s%2Fg%2F11gn21w90l!19sChIJVRyVFCajakARYaBOnBAVbBU,"hotel in Nor Nork, Yerevan"
0x406abc1ef234d09b:0xb0139c381577ff8e,Guest House on 2 Araratian,,отель,Ереван,"Araratian 2 back Street, dom 1, Yerevan 0046, Armenia",+37491460100,,,,,,,,5.0,,open,,40.1479786,44.4853549,https://www.google.com/maps/place/Guest+House+on+2+Araratian/data=!4m10!3m9!1s0x406abc1ef234d09b:0xb0139c381577ff8e!5m2!4m1!1i2!8m2!3d40.1479786!4d44.4853549!16s%2Fg%2F11f04by78f!19sChIJm9A08h68akARjv93FTicE7A,"hotel in Malatia-Sebastia, Yerevan"
0x406abd60b50e76c7:0xa3b714bbb9a2a584,Guesthouse Richie,,отель,Ереван,"3 Իսահակյան փողոց, Parakar 1149, Armenia",+37494611348,,,,,,,,3.0,,open,,40.1627738,44.4161322,https://www.google.com/maps/place/Guesthouse+Richie/data=!4m10!3m9!1s0x406abd60b50e76c7:0xa3b714bbb9a2a584!5m2!4m1!1i2!8m2!3d40.1627738!4d44.4161322!16s%2Fg%2F11h_q159tp!19sChIJx3YOtWC9akARhKWiubsUt6M,"hotel in Malatia-Sebastia, Yerevan"
0x406abdfeaec27997:0x22ca7466d0709949,Guesthouse Welcome,,отель,Ереван,"37 Lusinyanc str, Yerevan, Armenia",+37477311118,,,,,,,,5.0,,open,,40.1754477,44.4918657,https://www.google.com/maps/place/Guesthouse+Welcome/data=!4m10!3m9!1s0x406abdfeaec27997:0x22ca7466d0709949!5m2!4m1!1i2!8m2!3d40.1754477!4d44.4918657!16s%2Fg%2F11x613j4jp!19sChIJl3nCrv69akARSZlw0GZ0yiI,"hotel in Malatia-Sebastia, Yerevan"
0x406abdab4805c9ad:0xf968de066c76702a,Gyumri Hotel,,отель,Ереван,"5FHV+2R3, Yerevan, Armenia",+37410582726,,,,,,,,3.3,,open,,40.1775231,44.4945491,https://www.google.com/maps/place/Gyumri+Hotel/data=!4m10!3m9!1s0x406abdab4805c9ad:0xf968de066c76702a!5m2!4m1!1i2!8m2!3d40.1775231!4d44.4945491!16s%2Fg%2F11cn9sk511!19sChIJrckFSKu9akARKnB2bAbeaPk,"hotel in Malatia-Sebastia, Yerevan"
0x406abd007e082a01:0x5c162d5b3cdec50,HOT HOSTEL,,отель,Ереван,"5F3F+VW6, Bagratuniats St, Yerevan, Armenia",,,,,,,,,3.2,,open,,40.1546537,44.4747754,https://www.google.com/maps/place/HOT+HOSTEL/data=!4m10!3m9!1s0x406abd007e082a01:0x5c162d5b3cdec50!5m2!4m1!1i2!8m2!3d40.1546537!4d44.4747754!16s%2Fg%2F11zdbtw5gz!19sChIJASoIfgC9akARUOzNs9ViwQU,"hotel in Malatia-Sebastia, Yerevan"
0x406abd0000000039:0xe08004a0763a031f,Hayoc Ojax - Hayots` Ojakh,,отель,Ереван,"M4, Sevan 1503, Armenia",+37494868929,,,,,,,,3.5,,open,,40.179186,44.499103,https://www.google.com/maps/place/Hayoc+Ojax+-+Hayots%60+Ojakh/data=!4m10!3m9!1s0x406abd0000000039:0xe08004a0763a031f!5m2!4m1!1i2!8m2!3d40.179186!4d44.499103!16s%2Fg%2F11g1lmr5gc!19sChIJOQAAAAC9akARHwM6dqAEgOA,"hotel in Malatia-Sebastia, Yerevan"
0x406abd81559885ed:0xce43ac8cc80001fd,Hostel 5x5,,отель,Ереван,"23, 11 Leningradyan St, Yerevan, Armenia",+37444088101,,,,,,,,3.9,,open,,40.1901604,44.4685491,https://www.google.com/maps/place/Hostel+5x5/data=!4m10!3m9!1s0x406abd81559885ed:0xce43ac8cc80001fd!5m2!4m1!1i2!8m2!3d40.1901604!4d44.4685491!16s%2Fg%2F11fjb11r3j!19sChIJ7YWYVYG9akAR_QEAyIysQ84,"hotel in Malatia-Sebastia, Yerevan"
0x406abdf1fc572bd9:0x1f2075c073416b73,Hostel International,,отель,Ереван,"40 Leningradyan St, Yerevan 0099, Armenia",+37491466582,,,,,,,,,,open,,40.1916311,44.4698483,https://www.google.com/maps/place/Hostel+International/data=!4m10!3m9!1s0x406abdf1fc572bd9:0x1f2075c073416b73!5m2!4m1!1i2!8m2!3d40.1916311!4d44.4698483!16s%2Fg%2F11s7c33dqy!19sChIJ2StX_PG9akARc2tBc8B1IB8,"hotel in Malatia-Sebastia, Yerevan"
0x406abc52012fb933:0x7514f8582751a286,Hotel Amaras,,отель,Ереван,"46 Tairov Street, Yerevan 0082, Armenia",+37491255571,,,,,,,,4.0,,open,,40.1716609,44.4939142,https://www.google.com/maps/place/Hotel+Amaras/data=!4m10!3m9!1s0x406abc52012fb933:0x7514f8582751a286!5m2!4m1!1i2!8m2!3d40.1716609!4d44.4939142!16s%2Fg%2F11f4wt81zq!19sChIJM7kvAVK8akARhqJRJ1j4FHU,"hotel in Malatia-Sebastia, Yerevan"
0x406abc3601f8f473:0xd5957333fc44ef9b,Hotel Amigo,,отель,Ереван,"106 American St, Yerevan 0082, Armenia",+37499520015,,,,,,,,4.5,,open,,40.167111,44.4870821,https://www.google.com/maps/place/Hotel+Amigo/data=!4m10!3m9!1s0x406abc3601f8f473:0xd5957333fc44ef9b!5m2!4m1!1i2!8m2!3d40.167111!4d44.4870821!16s%2Fg%2F11rvjz4bq1!19sChIJc_T4ATa8akARm-9E_DNzldU,"hotel in Malatia-Sebastia, Yerevan"
0x406abfd263473c19:0x2f3eac4d0ca401ef,Hotel ECO,,отель,Ереван,"144 Admiral Isakov Ave, Yerevan, Armenia",+37495545422,,,,,,,,4.0,,open,,40.1583642,44.4286211,https://www.google.com/maps/place/Hotel+ECO/data=!4m10!3m9!1s0x406abfd263473c19:0x2f3eac4d0ca401ef!5m2!4m1!1i2!8m2!3d40.1583642!4d44.4286211!16s%2Fg%2F11gnpv4np_!19sChIJGTxHY9K_akAR7wGkDE2sPi8,"hotel in Malatia-Sebastia, Yerevan"
0x406abb1eccb626a7:0x16c5bca9739aa20a,Hotel Erebuni Plaza,,отель,Ереван,"33 St, Yerevan, Armenia",+37441305204,,,,,,,,4.9,,open,,40.1429968,44.5331098,https://www.google.com/maps/place/Hotel+Erebuni+Plaza/data=!4m10!3m9!1s0x406abb1eccb626a7:0x16c5bca9739aa20a!5m2!4m1!1i2!8m2!3d40.1429968!4d44.5331098!16s%2Fg%2F11txs5l2cr!19sChIJpya2zB67akARCqKac6m8xRY,"hotel in Erebuni, Yerevan"
0x406abd589ddda79b:0x7d85b0b37821e86e,Hotel International,,отель,Ереван,"23, 11 Leningradyan St, Yerevan, Armenia",+37498790990,,,,,,,,4.0,,open,,40.1902229,44.4686162,https://www.google.com/maps/place/Hotel+International/data=!4m10!3m9!1s0x406abd589ddda79b:0x7d85b0b37821e86e!5m2!4m1!1i2!8m2!3d40.1902229!4d44.4686162!16s%2Fg%2F11kjx_lsf9!19sChIJm6fdnVi9akARbugheLOwhX0,"hotel in Malatia-Sebastia, Yerevan"
0x406abd0031eed4f3:0x589010bfb198c974,Hotel Mandarin,,отель,Ереван,"15 Argishti St, Yerevan, Armenia",,,,,,,,,,,open,,40.1737797,44.5042197,https://www.google.com/maps/place/Hotel+Mandarin/data=!4m10!3m9!1s0x406abd0031eed4f3:0x589010bfb198c974!5m2!4m1!1i2!8m2!3d40.1737797!4d44.5042197!16s%2Fg%2F11zfhtf62k!19sChIJ89TuMQC9akARdMmYsb8QkFg,"hotel in Malatia-Sebastia, Yerevan"
0x406aa32a7a7f3f17:0xfbab5191d5a7572c,Hotel Roma,,отель,Ереван,"Rubinyants Street Yerevan AM 0069, Rubinyants St, Yerevan, Armenia",+37410200020,,,,,,,,4.5,,open,,40.2102587,44.5515496,https://www.google.com/maps/place/Hotel+Roma/data=!4m10!3m9!1s0x406aa32a7a7f3f17:0xfbab5191d5a7572c!5m2!4m1!1i2!8m2!3d40.2102587!4d44.5515496!16s%2Fg%2F11b6hyp7xg!19sChIJFz9_eiqjakARLFen1ZFRq_s,"hotel in Nor Nork, Yerevan"
0x406abc2436e3681f:0x2fd47640ccdcfb47,Hotel VEM BB on Bagratuniats 3/2,,отель,Ереван,"2A Bagratuniats St, Yerevan 0039, Armenia",+37455877170,,,,,,,,,,open,,40.1549374,44.4774789,https://www.google.com/maps/place/Hotel+VEM+BB+on+Bagratuniats+3%2F2/data=!4m10!3m9!1s0x406abc2436e3681f:0x2fd47640ccdcfb47!5m2!4m1!1i2!8m2!3d40.1549374!4d44.4774789!16s%2Fg%2F11c3177jdn!19sChIJH2jjNiS8akARR_vczEB21C8,"hotel in Malatia-Sebastia, Yerevan"
0x406abd00164c56d5:0x6199c6d42a93d91e,Hov Hotel,,отель,Ереван,"Паронян 28 (Чкалова 38) Ереван Армения, Yerevan 0015, Armenia",+37491091987,,,,,,,,5.0,,open,,40.180184,44.499459,https://www.google.com/maps/place/Hov+Hotel/data=!4m10!3m9!1s0x406abd00164c56d5:0x6199c6d42a93d91e!5m2!4m1!1i2!8m2!3d40.180184!4d44.499459!16s%2Fg%2F11fylll5tr!19sChIJ1VZMFgC9akARHtmTKtTGmWE,"hotel in Malatia-Sebastia, Yerevan"
0x406abf0030bb1c1f:0xdcb2aa291c8a6ead,Hovakimyans Hotel,,отель,Ереван,"596R+G46, Parakar, Armenia",+37441100054,,,,,,,,4.6,,open,,40.1612842,44.3902504,https://www.google.com/maps/place/Hovakimyans+Hotel/data=!4m10!3m9!1s0x406abf0030bb1c1f:0xdcb2aa291c8a6ead!5m2!4m1!1i2!8m2!3d40.1612842!4d44.3902504!16s%2Fg%2F11lp7zpg08!19sChIJHxy7MAC_akARrW6KHCmqstw,"hotel in Malatia-Sebastia, Yerevan"
0x406abc557fb6b8a9:0x1e6c6a4385aad05b,In City Hotel,,отель,Ереван,"1 Dzorapi St, Yerevan 0015, Armenia",+37433541915,,,,,,,,3.4,,open,,40.1804938,44.498845,https://www.google.com/maps/place/In+City+Hotel/data=!4m10!3m9!1s0x406abc557fb6b8a9:0x1e6c6a4385aad05b!5m2!4m1!1i2!8m2!3d40.1804938!4d44.498845!16s%2Fg%2F11h807ypfy!19sChIJqbi2f1W8akARW9CqhUNqbB4,"hotel in Malatia-Sebastia, Yerevan"
0x406abd9dd82c0a7f:0x5f0c929e5fb790f3,Inga Hotel Yerevan,,отель,Ереван,"27 Leningradyan St, Yerevan 0099, Armenia",+37411330031,,,,,,,,4.6,,open,,40.1910067,44.4707103,https://www.google.com/maps/place/Inga+Hotel+Yerevan/data=!4m10!3m9!1s0x406abd9dd82c0a7f:0x5f0c929e5fb790f3!5m2!4m1!1i2!8m2!3d40.1910067!4d44.4707103!16s%2Fg%2F1tcxbpfn!19sChIJfwos2J29akAR85C3X56SDF8,"hotel in Malatia-Sebastia, Yerevan"
0x406abd0036114273:0x5ec5af23f63afb87,InnCity Hotel by Picnic,,отель,Ереван,"13, 1 Mesrop Mashtots Ave, Yerevan, Armenia",,,,,,,,,5.0,,open,,40.1771064,44.502793,https://www.google.com/maps/place/InnCity+Hotel+by+Picnic/data=!4m10!3m9!1s0x406abd0036114273:0x5ec5af23f63afb87!5m2!4m1!1i2!8m2!3d40.1771064!4d44.502793!16s%2Fg%2F11n43g78jw!19sChIJc0IRNgC9akARh_s69iOvxV4,"hotel in Malatia-Sebastia, Yerevan"
0x406abd0039f09695:0xffb57069b496cfc2,Ithaka,,отель,Ереван,"51, 53 Hanrapetutyan St, Yerevan, Armenia",,,,,,,,,5.0,,open,,40.1763106,44.5150268,https://www.google.com/maps/place/Ithaka/data=!4m10!3m9!1s0x406abd0039f09695:0xffb57069b496cfc2!5m2!4m1!1i2!8m2!3d40.1763106!4d44.5150268!16s%2Fg%2F11z84hwppm!19sChIJlZbwOQC9akARws-WtGlwtf8,"hotel in Nor Nork, Yerevan"
0x406abd2cad681081:0x3094cb7793c2923f,Ivy Boutique Hotel,,отель,Ереван,"31 տուն, 10 փողոց, Yerevan, Armenia",+37493119010,,,,,,,,4.3,,open,,40.1798151,44.5305065,https://www.google.com/maps/place/Ivy+Boutique+Hotel/data=!4m10!3m9!1s0x406abd2cad681081:0x3094cb7793c2923f!5m2!4m1!1i2!8m2!3d40.1798151!4d44.5305065!16s%2Fg%2F11sr9vhvdc!19sChIJgRBorSy9akARP5LCk3fLlDA,"hotel in Nor Nork, Yerevan"
0x406abd302620acd1:0xa28b53519c04c791,JOY Hotel,,отель,Ереван,"155 Sebastia St, Yerevan 0068, Armenia",,,,,,,,,3.3,,open,,40.163986,44.4640285,https://www.google.com/maps/place/JOY+Hotel/data=!4m10!3m9!1s0x406abd302620acd1:0xa28b53519c04c791!5m2!4m1!1i2!8m2!3d40.163986!4d44.4640285!16s%2Fg%2F11kqlpdcm5!19sChIJ0awgJjC9akARkccEnFFTi6I,"hotel in Malatia-Sebastia, Yerevan"
0x406abd753573a30b:0xcae8cdc041a1e08d,JaVaXk Hostel,,отель,Ереван,"Halabyan Street 1 этаж 12 комнат, 0073, Armenia",+37477361876,,,,,,,,5.0,,open,,40.1901025,44.4793403,https://www.google.com/maps/place/JaVaXk+Hostel/data=!4m10!3m9!1s0x406abd753573a30b:0xcae8cdc041a1e08d!5m2!4m1!1i2!8m2!3d40.1901025!4d44.4793403!16s%2Fg%2F11fktzk6x0!19sChIJC6NzNXW9akARjeChQcDN6Mo,"hotel in Malatia-Sebastia, Yerevan"
0x406abdabe0a1568b:0x8fb77f9bd63b8c2f,KILIKIO GARDEN - TUNN KILIKIO,,отель,Ереван,"4, 5 Tsitsernakaberd Hwy, Yerevan 0082, Armenia",+37493097929,,,,,,,,3.9,,open,,40.1809061,44.4891592,https://www.google.com/maps/place/KILIKIO+GARDEN+-+TUNN+KILIKIO/data=!4m10!3m9!1s0x406abdabe0a1568b:0x8fb77f9bd63b8c2f!5m2!4m1!1i2!8m2!3d40.1809061!4d44.4891592!16s%2Fg%2F11f66tc26r!19sChIJi1ah4Ku9akARL4w71pt_t48,"hotel in Malatia-Sebastia, Yerevan"
0x406abcffedbafb9d:0x288af6a297d58b94,Kamurj Apart Hotel,,отель,Ереван,"Dzoragyugh Azgagrakana 21/1 Yerevan centr, 0063, Armenia",+37499606789,,,,,,,,3.7,,open,,40.1784282,44.4996263,https://www.google.com/maps/place/Kamurj+Apart+Hotel/data=!4m10!3m9!1s0x406abcffedbafb9d:0x288af6a297d58b94!5m2!4m1!1i2!8m2!3d40.1784282!4d44.4996263!16s%2Fg%2F11g69gsx5l!19sChIJnfu67f-8akARlIvVl6L2iig,"hotel in Malatia-Sebastia, Yerevan"
0x406abd002e36bd4d:0x8951063286d28f08,Kokik hotel,,отель,Ереван,"Չարենցի փողոց, 49/4 2 նրբանցք, Yerevan 0025, Armenia",,,,,,,,,5.0,,open,,40.1704355,44.5268019,https://www.google.com/maps/place/Kokik+hotel/data=!4m10!3m9!1s0x406abd002e36bd4d:0x8951063286d28f08!5m2!4m1!1i2!8m2!3d40.1704355!4d44.5268019!16s%2Fg%2F11z3b6gm_7!19sChIJTb02LgC9akARCI_ShjIGUYk,"hotel in Nor Nork, Yerevan"
0x406aa28fd8ae4d65:0x78fc0d4485259a51,LILIA Hotel,,отель,Ереван,"14 Mesrop Mashtots Ave, Yerevan, Armenia",+37495260140,,,,,,,,4.6,,open,,40.1789861,44.5061035,https://www.google.com/maps/place/LILIA+Hotel/data=!4m10!3m9!1s0x406aa28fd8ae4d65:0x78fc0d4485259a51!5m2!4m1!1i2!8m2!3d40.1789861!4d44.5061035!16s%2Fg%2F11hzxyk3ns!19sChIJZU2u2I-iakARUZolhUQN_Hg,"hotel in Nor Nork, Yerevan"
0x406a9621f6e95555:0x34d550f424b2cd5e,La Defense,,отель,Ереван,"300, 9 Tichina St, Yerevan 0077, Armenia",+37433740707,,,,,,,,4.0,,open,,40.1924525,44.4308471,https://www.google.com/maps/place/La+Defense/data=!4m10!3m9!1s0x406a9621f6e95555:0x34d550f424b2cd5e!5m2!4m1!1i2!8m2!3d40.1924525!4d44.4308471!16s%2Fg%2F11swpbkmsy!19sChIJVVXp9iGWakARXs2yJPRQ1TQ,"hotel in Malatia-Sebastia, Yerevan"
0x406abd0061b9d197:0x80098abdedb71752,Li Yes Yerevan hotel,,отель,Ереван,"Burnazian St, Yerevan, Armenia",,,,,,,,,4.0,,open,,40.1592438,44.5150492,https://www.google.com/maps/place/Li+Yes+Yerevan+hotel/data=!4m10!3m9!1s0x406abd0061b9d197:0x80098abdedb71752!5m2!4m1!1i2!8m2!3d40.1592438!4d44.5150492!16s%2Fg%2F11mz2nz86n!19sChIJl9G5YQC9akARUhe37b2KCYA,"hotel in Shengavit, Yerevan"
0x406abc5701effc45:0xacf7e64f520e699a,Linciln Hotel,,отель,Ереван,"4 Apt 33, 11 Argishti St, Yerevan 0015, Armenia",+37499305588,,,,,,,,5.0,,open,,40.1738303,44.5042241,https://www.google.com/maps/place/Linciln+Hotel/data=!4m10!3m9!1s0x406abc5701effc45:0xacf7e64f520e699a!5m2!4m1!1i2!8m2!3d40.1738303!4d44.5042241!16s%2Fg%2F11kq4q_7hj!19sChIJRfzvAVe8akARmmkOUk_m96w,"hotel in Malatia-Sebastia, Yerevan"
0x406abd1edb51b7e9:0x8ef24f77fc21d7e,Lux Hotel,,отель,Ереван,"6 Aragatz St, Yerevan 0075, Armenia",+37499360360,,,,,,,,4.6,,open,,40.1574596,44.482002,https://www.google.com/maps/place/Lux+Hotel/data=!4m10!3m9!1s0x406abd1edb51b7e9:0x8ef24f77fc21d7e!5m2!4m1!1i2!8m2!3d40.1574596!4d44.482002!16s%2Fg%2F11x6splrmy!19sChIJ6bdR2x69akARfh3Cf_ck7wg,"hotel in Malatia-Sebastia, Yerevan"
0x406abe3d297e993d:0x2d4a8778bf216c56,Lux Plaza Touristic hotel near EVN airport,,отель,Ереван,"5C63+P84, Parakar, Armenia",,,,,,,,,3.4,,open,,40.161779,44.403336,https://www.google.com/maps/place/Lux+Plaza+Touristic+hotel+near+EVN+airport/data=!4m10!3m9!1s0x406abe3d297e993d:0x2d4a8778bf216c56!5m2!4m1!1i2!8m2!3d40.161779!4d44.403336!16s%2Fg%2F11kt56xybr!19sChIJPZl-KT2-akARVmwhv3iHSi0,"hotel in Malatia-Sebastia, Yerevan"
0x406abfc064224ec1:0x2d4a8778bf216c56,Lux Plaza Touristic hotel near EVN airport,,отель,Ереван,"5C63+P84, Parakar, Armenia",,,,,,,,,3.4,,open,,40.1617794,44.403336,https://www.google.com/maps/place/Lux+Plaza+Touristic+hotel+near+EVN+airport/data=!4m10!3m9!1s0x406abfc064224ec1:0x2d4a8778bf216c56!5m2!4m1!1i2!8m2!3d40.1617794!4d44.403336!16s%2Fg%2F11kt56xybr!19sChIJwU4iZMC_akARVmwhv3iHSi0,"hotel in Malatia-Sebastia, Yerevan"
0x406abd1522d0b50f:0x5a8504f286e929cd,M&G hostel,,отель,Ереван,"28 Paronyan St, Yerevan, Armenia",+37477477345,,,,,,,,5.0,,open,,40.1803229,44.5005679,https://www.google.com/maps/place/M%26G+hostel/data=!4m10!3m9!1s0x406abd1522d0b50f:0x5a8504f286e929cd!5m2!4m1!1i2!8m2!3d40.1803229!4d44.5005679!16s%2Fg%2F11h9l7v244!19sChIJD7XQIhW9akARzSnphvIEhVo,"hotel in Malatia-Sebastia, Yerevan"
0x406abc5f8f8a5555:0xd88cd6e3b8b36b9b,MBM Hotel,,отель,Ереван,"12, 2 King Pap St, Yerevan 0070, Armenia",+37444400999,,,,,,,,3.9,,open,,40.1809474,44.5085635,https://www.google.com/maps/place/MBM+Hotel/data=!4m10!3m9!1s0x406abc5f8f8a5555:0xd88cd6e3b8b36b9b!5m2!4m1!1i2!8m2!3d40.1809474!4d44.5085635!16s%2Fg%2F11ggt3hrsp!19sChIJVVWKj1-8akARm2uzuOPWjNg,"hotel in Nor Nork, Yerevan"
0x406abcf7faafffff:0x6dddd0378a0d856b,MIST Hotel,,отель,Ереван,"Мгер Мкртчян 1, Yerevan 0010, Armenia",+37491914488,,,,,,,,3.5,,open,,40.1744847,44.5107136,https://www.google.com/maps/place/MIST+Hotel/data=!4m10!3m9!1s0x406abcf7faafffff:0x6dddd0378a0d856b!5m2!4m1!1i2!8m2!3d40.1744847!4d44.5107136!16s%2Fg%2F11p_6dxz7m!19sChIJ__-v-ve8akARa4UNijfQ3W0,"hotel in Nor Nork, Yerevan"
0x406abebda6646dcd:0x88da95f878706f5c,Maganda,,отель,Ереван,"Shirak Street 1 Строение, Yerevan 0043, Armenia",+37498098336,,,,,,,,,,open,,40.1406893,44.467201,https://www.google.com/maps/place/Maganda/data=!4m10!3m9!1s0x406abebda6646dcd:0x88da95f878706f5c!5m2!4m1!1i2!8m2!3d40.1406893!4d44.467201!16s%2Fg%2F11gn21t519!19sChIJzW1kpr2-akARXG9wePiV2og,"hotel in Malatia-Sebastia, Yerevan"
0x406abce5595d5e95:0xe442720143f33308,Mandarin Hotel,,отель,Ереван,"9a, 010 Tumanyan St, Yerevan 0010, Armenia",+37411801515,,,,,,,,4.2,,open,,40.1797335,44.519814,https://www.google.com/maps/place/Mandarin+Hotel/data=!4m10!3m9!1s0x406abce5595d5e95:0xe442720143f33308!5m2!4m1!1i2!8m2!3d40.1797335!4d44.519814!16s%2Fg%2F11j8hh313l!19sChIJlV5dWeW8akARCDPzQwFyQuQ,"hotel in Nor Nork, Yerevan"
0x406abdf98b25b891:0x5d21fbb5784beeb0,Mayrig Yerevan,,отель,Ереван,"4, 6 King Pap St, Yerevan, Armenia",+37441760760,,,,,,,,4.3,,open,,40.1802698,44.5110545,https://www.google.com/maps/place/Mayrig+Yerevan/data=!4m10!3m9!1s0x406abdf98b25b891:0x5d21fbb5784beeb0!5m2!4m1!1i2!8m2!3d40.1802698!4d44.5110545!16s%2Fg%2F11g4c2h4mp!19sChIJkbgli_m9akARsO5LeLX7IV0,"hotel in Nor Nork, Yerevan"
0x406abc24487783f3:0x3259c9eaf86a0ae7,Miami International Suite Hotel,,отель,Ереван,"3, 2 Bagratuniats St, Yerevan, Armenia",+37495460346,,,,,,,,3.7,,open,,40.1552854,44.4781557,https://www.google.com/maps/place/Miami+International+Suite+Hotel/data=!4m10!3m9!1s0x406abc24487783f3:0x3259c9eaf86a0ae7!5m2!4m1!1i2!8m2!3d40.1552854!4d44.4781557!16s%2Fg%2F11c5btx1f2!19sChIJ84N3SCS8akAR5wpq-OrJWTI,"hotel in Malatia-Sebastia, Yerevan"
0x406abfeb55bea477:0x442419823f2bdf18,Mini Hotel #59,,отель,Ереван,"4FX4+WQH Hovhannes Hovhannisyan 59, Yerevan, Armenia",,,,,,,,,4.2,,open,,40.1498102,44.4569979,https://www.google.com/maps/place/Mini+Hotel+%2359/data=!4m10!3m9!1s0x406abfeb55bea477:0x442419823f2bdf18!5m2!4m1!1i2!8m2!3d40.1498102!4d44.4569979!16s%2Fg%2F11j239dlby!19sChIJd6S-Veu_akARGN8rP4IZJEQ,"hotel in Malatia-Sebastia, Yerevan"
0x406abce494500001:0x5a4eea512878f303,Moscow Boutique Hotel,,отель,Ереван,"18 Abovyan St, Yerevan 0001, Armenia",+37411440404,,,,,,,,4.1,,open,,40.1820635,44.5173329,https://www.google.com/maps/place/Moscow+Boutique+Hotel/data=!4m10!3m9!1s0x406abce494500001:0x5a4eea512878f303!5m2!4m1!1i2!8m2!3d40.1820635!4d44.5173329!16s%2Fg%2F11gnsf3spr!19sChIJAQBQlOS8akARA_N4KFHqTlo,"hotel in Nor Nork, Yerevan"
0x406abf6b772de5eb:0xdc9beff6e0539d18,Musa_Garden House,,отель,Ереван,"Armenia Musaler, Grigor Narekatsi 16, Vagharshapat 1140, Armenia",,,,,,,,,5.0,,open,,40.1579334,44.3815494,https://www.google.com/maps/place/Musa_Garden+House/data=!4m10!3m9!1s0x406abf6b772de5eb:0xdc9beff6e0539d18!5m2!4m1!1i2!8m2!3d40.1579334!4d44.3815494!16s%2Fg%2F11zgqjrsp4!19sChIJ6-Utd2u_akARGJ1T4Pbvm9w,"hotel in Malatia-Sebastia, Yerevan"
0x406abce70fd00001:0x89da49b1fc06e0f8,My Hotel Yerevan,,отель,Ереван,"47/1 Nalbandyan Street, Yerevan 0025, Armenia",+37491600709,,,,,,,,4.7,,open,,40.1852531,44.5246315,https://www.google.com/maps/place/My+Hotel+Yerevan/data=!4m10!3m9!1s0x406abce70fd00001:0x89da49b1fc06e0f8!5m2!4m1!1i2!8m2!3d40.1852531!4d44.5246315!16s%2Fg%2F11b6dhs02p!19sChIJAQDQD-e8akAR-OAG_LFJ2ok,"hotel in Kentron, Yerevan"
0x406abd002a264481:0x44dd303037c89d3b,Noah's Sunlight villa hostel,,отель,Ереван,"1, 10 Adana Street, KILIKIA, Armenia",+37441011688,,,,,,,,4.4,,open,,40.175795,44.4945468,https://www.google.com/maps/place/Noah%27s+Sunlight+villa+hostel/data=!4m10!3m9!1s0x406abd002a264481:0x44dd303037c89d3b!5m2!4m1!1i2!8m2!3d40.175795!4d44.4945468!16s%2Fg%2F11wxcqdbq9!19sChIJgUQmKgC9akARO53INzAw3UQ,"hotel in Malatia-Sebastia, Yerevan"
0x406abdb465cee633:0x4cf52a9b80432685,Noragyugh guesthouse,,отель,Ереван,"72/23 street, Yerevan 0082, Armenia",+37498713432,,,,,,,,4.2,,open,,40.1696149,44.4922794,https://www.google.com/maps/place/Noragyugh+guesthouse/data=!4m10!3m9!1s0x406abdb465cee633:0x4cf52a9b80432685!5m2!4m1!1i2!8m2!3d40.1696149!4d44.4922794!16s%2Fg%2F11sw9211p_!19sChIJM-bOZbS9akARhSZDgJsq9Uw,"hotel in Malatia-Sebastia, Yerevan"
0x406abc23e25cd3c3:0xccfde791fbe17cfc,Nordstrom Chekhov,,отель,Ереван,"30 Chekhov St, Yerevan 0411, Armenia",+37495905011,,,,,,,,5.0,,open,,40.152982,44.479491,https://www.google.com/maps/place/Nordstrom+Chekhov/data=!4m10!3m9!1s0x406abc23e25cd3c3:0xccfde791fbe17cfc!5m2!4m1!1i2!8m2!3d40.152982!4d44.479491!16s%2Fg%2F11kb1kgcdx!19sChIJw9Nc4iO8akAR_Hzh-5Hn_cw,"hotel in Malatia-Sebastia, Yerevan"
0x406abdd1a19d5d27:0x934927d42041264c,Nordstrom Sebastia,,отель,Ереван,"5F85+7H8, Sebastia St, Yerevan 0015, Armenia",+37495905011,,,,,,,,,,open,,40.165658,44.458953,https://www.google.com/maps/place/Nordstrom+Sebastia/data=!4m10!3m9!1s0x406abdd1a19d5d27:0x934927d42041264c!5m2!4m1!1i2!8m2!3d40.165658!4d44.458953!16s%2Fg%2F11sjyrct64!19sChIJJ12dodG9akARTCZBINQnSZM,"hotel in Malatia-Sebastia, Yerevan"
0x406abcdd19379a45:0xe95f85fc1408ad54,Nork Hotel,,отель,Ереван,"91, 1 Armenak Armenakyan St, Yerevan 0047, Armenia",+37412331111,,,,,,,,4.5,,open,,40.1873862,44.5306145,https://www.google.com/maps/place/Nork+Hotel/data=!4m10!3m9!1s0x406abcdd19379a45:0xe95f85fc1408ad54!5m2!4m1!1i2!8m2!3d40.1873862!4d44.5306145!16s%2Fg%2F11fktzk9bx!19sChIJRZo3Gd28akARVK0IFPyFX-k,"hotel in Nor Nork, Yerevan"
0x406aa338182cf339:0x122ab9d30968c6d1,Nork Residence Hotel,,отель,Ереван,"56, 1 Moldovakan St, Yerevan 0062, Armenia",+37410670051,,,,,,,,3.7,,open,,40.1958333,44.5713889,https://www.google.com/maps/place/Nork+Residence+Hotel/data=!4m10!3m9!1s0x406aa338182cf339:0x122ab9d30968c6d1!5m2!4m1!1i2!8m2!3d40.1958333!4d44.5713889!16s%2Fg%2F1tvdh8gz!19sChIJOfMsGDijakAR0cZoCdO5KhI,"hotel in Nor Nork, Yerevan"
0x406abd0d9233d23f:0x692f8f5e5a5adef8,Nuryan Hotel Yerevan,,отель,Ереван,"76, 1 Charents St, Yerevan 0025, Armenia",+37433444212,,,,,,,,4.6,,open,,40.1700126,44.524268,https://www.google.com/maps/place/Nuryan+Hotel+Yerevan/data=!4m10!3m9!1s0x406abd0d9233d23f:0x692f8f5e5a5adef8!5m2!4m1!1i2!8m2!3d40.1700126!4d44.524268!16s%2Fg%2F11fmyk22rh!19sChIJP9Izkg29akAR-N5aWl6PL2k,"hotel in Nor Nork, Yerevan"
0x406abcfb7e4fffff:0xc873da0b4ccafd42,Olive hotel,,отель,Ереван,"42 Aram Street, Yerevan 0001, Armenia",+37491044440,,,,,,,,4.3,,open,,40.1805232,44.5124517,https://www.google.com/maps/place/Olive+hotel/data=!4m10!3m9!1s0x406abcfb7e4fffff:0xc873da0b4ccafd42!5m2!4m1!1i2!8m2!3d40.1805232!4d44.5124517!16s%2Fg%2F11q7zl4yws!19sChIJ__9Pfvu8akARQv3KTAvac8g,"hotel in Nor Nork, Yerevan"
0x406abd6bba273511:0x6ebdb1cf9ab8bd21,Orion ApartHotel,,отель,Ереван,"улица Амиряна 23/3, 2 Улица Амиряана23, Yerevan 0002, Armenia",+37455135557,,,,,,,,4.3,,open,,40.1814592,44.505915,https://www.google.com/maps/place/Orion+ApartHotel/data=!4m10!3m9!1s0x406abd6bba273511:0x6ebdb1cf9ab8bd21!5m2!4m1!1i2!8m2!3d40.1814592!4d44.505915!16s%2Fg%2F11kqgn5tk6!19sChIJETUnumu9akARIb24ms-xvW4,"hotel in Kentron, Yerevan"
0x406abdcbfb772149:0x7c14916f1faa28df,Otel,,отель,Ереван,"19, 4 Dzorapi St, Yerevan, Armenia",,,,,,,,,,,open,,40.180717,44.4982155,https://www.google.com/maps/place/Otel/data=!4m10!3m9!1s0x406abdcbfb772149:0x7c14916f1faa28df!5m2!4m1!1i2!8m2!3d40.180717!4d44.4982155!16s%2Fg%2F11sjjwjtts!19sChIJSSF3-8u9akAR3yiqH2-RFHw,"hotel in Malatia-Sebastia, Yerevan"
0x406abcd302d9eceb:0x263490f66bdb337,Palma Palace Hotel,,отель,Ереван,"59 Myasnikyan Ave, Yerevan 0025, Armenia",+37410241130,,,,,,,,4.1,,open,,40.2046317,44.5566131,https://www.google.com/maps/place/Palma+Palace+Hotel/data=!4m10!3m9!1s0x406abcd302d9eceb:0x263490f66bdb337!5m2!4m1!1i2!8m2!3d40.2046317!4d44.5566131!16s%2Fg%2F11cm_h73my!19sChIJ6-zZAtO8akARN7O9Zg9JYwI,"hotel in Nor Nork, Yerevan"
0x406abda62a43a9db:0x7948964d8dc71c42,Pars,,отель,Ереван,"4 Tsitsernakaberd Hwy, Yerevan 0028, Armenia",+37493976703,,,,,,,,,,open,,40.1829051,44.4857078,https://www.google.com/maps/place/Pars/data=!4m10!3m9!1s0x406abda62a43a9db:0x7948964d8dc71c42!5m2!4m1!1i2!8m2!3d40.1829051!4d44.4857078!16s%2Fg%2F11gs6bz2m2!19sChIJ26lDKqa9akARQhzHjU2WSHk,"hotel in Malatia-Sebastia, Yerevan"
0x406abcd52a7d1ae1:0x8cc1af0eb6c8cd4,Patriott Hotel,,отель,Ереван,"44 Gogol St, Yerevan 0069, Armenia",+37494667774,,,,,,,,4.7,,open,,40.1986595,44.5475409,https://www.google.com/maps/place/Patriott+Hotel/data=!4m10!3m9!1s0x406abcd52a7d1ae1:0x8cc1af0eb6c8cd4!5m2!4m1!1i2!8m2!3d40.1986595!4d44.5475409!16s%2Fg%2F11h0vrgbnv!19sChIJ4Rp9KtW8akAR1Ixs6_AazAg,"hotel in Nor Nork, Yerevan"
0x406abcef79d2bb4f:0x13ef2fc76479f386,Premium Hotel Yerevan,,отель,Ереван,"82, Apartament, 33 Sayat-Nova Street, Yerevan, Armenia",+37499100309,,,,,,,,4.0,,open,,40.1808662,44.5226258,https://www.google.com/maps/place/Premium+Hotel+Yerevan/data=!4m10!3m9!1s0x406abcef79d2bb4f:0x13ef2fc76479f386!5m2!4m1!1i2!8m2!3d40.1808662!4d44.5226258!16s%2Fg%2F11fp84blyv!19sChIJT7vSee-8akARhvN5ZMcv7xM,"hotel in Nor Nork, Yerevan"
0x406abddaafabed6f:0x7ad90267cfb23075,Private Room with Private. Balcony in Yerevan Heart and Tours,,отель,Ереван,"Argishti St, Yerevan 0015, Armenia",,,,,,,,,,,open,,40.1714506,44.5038624,https://www.google.com/maps/place/Private+Room+with+Private.+Balcony+in+Yerevan+Heart+and+Tours/data=!4m10!3m9!1s0x406abddaafabed6f:0x7ad90267cfb23075!5m2!4m1!1i2!8m2!3d40.1714506!4d44.5038624!16s%2Fg%2F11nqlstz6c!19sChIJb-2rr9q9akARdTCyz2cC2Xo,"hotel in Malatia-Sebastia, Yerevan"
0x406abdc14e2bbf77:0xc79ee74acec9a671,REST Guest House,,отель,Ереван,"48 Malatia St, Yerevan 0032, Armenia",+37443198298,,,,,,,,,,open,,40.1743514,44.4576144,https://www.google.com/maps/place/REST+Guest+House/data=!4m10!3m9!1s0x406abdc14e2bbf77:0xc79ee74acec9a671!5m2!4m1!1i2!8m2!3d40.1743514!4d44.4576144!16s%2Fg%2F11gnp10jch!19sChIJd78rTsG9akARcabJzkrnnsc,"hotel in Malatia-Sebastia, Yerevan"
0x406abf77864ee7b5:0x381eccbf99225eca,Riposo Hotel Armenia,,отель,Ереван,"Parakar narekacu 7, Parakar 1149, Armenia",+37441100015,,,,,,,,4.6,,open,,40.1667518,44.4138658,https://www.google.com/maps/place/Riposo+Hotel+Armenia/data=!4m10!3m9!1s0x406abf77864ee7b5:0x381eccbf99225eca!5m2!4m1!1i2!8m2!3d40.1667518!4d44.4138658!16s%2Fg%2F11vz6ck8sc!19sChIJtedOhne_akARyl4imb_MHjg,"hotel in Malatia-Sebastia, Yerevan"
0x406abd6412dc7665:0x5344bc0275a5a9db,Riverside Guest House,,отель,Ереван,"Tigran Mets ave, 3rd backstreet, Yerevan 0018, Armenia",+37491300220,,,,,,,,4.8,,open,,40.1680399,44.5115946,https://www.google.com/maps/place/Riverside+Guest+House/data=!4m10!3m9!1s0x406abd6412dc7665:0x5344bc0275a5a9db!5m2!4m1!1i2!8m2!3d40.1680399!4d44.5115946!16s%2Fg%2F11sy6tc486!19sChIJZXbcEmS9akAR26mldQK8RFM,"hotel in Nor Nork, Yerevan"
0x406abe2f6b5aad45:0x51e73219b887fe18,Ruz & Arian Near Zvartnots Airport,,отель,Ереван,"595R+J3C, Parakar, Armenia",,,,,,,,,4.9,,open,,40.159074,44.390141,https://www.google.com/maps/place/Ruz+%26+Arian+Near+Zvartnots+Airport/data=!4m10!3m9!1s0x406abe2f6b5aad45:0x51e73219b887fe18!5m2!4m1!1i2!8m2!3d40.159074!4d44.390141!16s%2Fg%2F11xt0079yr!19sChIJRa1aay--akARGP6HuBky51E,"hotel in Malatia-Sebastia, Yerevan"
0x406abf00213f594b:0x51e73219b887fe18,Ruz & Arian Near Zvartnots Airport,,отель,Ереван,"595R+J3C, Parakar, Armenia",,,,,,,,,4.9,,open,,40.1590739,44.3901408,https://www.google.com/maps/place/Ruz+%26+Arian+Near+Zvartnots+Airport/data=!4m10!3m9!1s0x406abf00213f594b:0x51e73219b887fe18!5m2!4m1!1i2!8m2!3d40.1590739!4d44.3901408!16s%2Fg%2F11xt0079yr!19sChIJS1k_IQC_akARGP6HuBky51E,"hotel in Malatia-Sebastia, Yerevan"
0x406abfefa7fae537:0xe56b4eaf0fa5636c,STYLE Guest House,,отель,Ереван,"50 Hovhannisian St, Yerevan 0086, Armenia",+37477467667,,,,,,,,5.0,,open,,40.148472,44.461939,https://www.google.com/maps/place/STYLE+Guest+House/data=!4m10!3m9!1s0x406abfefa7fae537:0xe56b4eaf0fa5636c!5m2!4m1!1i2!8m2!3d40.148472!4d44.461939!16s%2Fg%2F11lc9z1k9_!19sChIJN-X6p--_akARbGOlD69Oa-U,"hotel in Malatia-Sebastia, Yerevan"
0x406aa344f88d8109:0x96e86faa720c2709,Shaber Hotel,,отель,Ереван,"19 Tevosyan Street, Yerevan 0089, Armenia",+37410637167,,,,,,,,4.7,,open,,40.1926849,44.5829768,https://www.google.com/maps/place/Shaber+Hotel/data=!4m10!3m9!1s0x406aa344f88d8109:0x96e86faa720c2709!5m2!4m1!1i2!8m2!3d40.1926849!4d44.5829768!16s%2Fg%2F11b6dp8hbg!19sChIJCYGN-ESjakARCScMcqpv6JY,"hotel in Nor Nork, Yerevan"
0x406abf007bc983c5:0x80a31d4e864be7fc,Sirik hotel,,отель,Ереван,"Mayraqaxaqayin 107, Yerevan, Armenia",,,,,,,,,3.4,,open,,40.1607249,44.4278858,https://www.google.com/maps/place/Sirik+hotel/data=!4m10!3m9!1s0x406abf007bc983c5:0x80a31d4e864be7fc!5m2!4m1!1i2!8m2!3d40.1607249!4d44.4278858!16s%2Fg%2F11vyfdnt05!19sChIJxYPJewC_akAR_OdLhk4do4A,"hotel in Malatia-Sebastia, Yerevan"
0x406abe1130e1269b:0xa286fe763e9ee896,Star Zvartnots Yerevan Airport,,отель,Ереван,"1 Mekenagortsner Street, Parakar 1149, Armenia",+37491004999,,,,,,,,1.0,,open,,40.164319,44.414602,https://www.google.com/maps/place/Star+Zvartnots+Yerevan+Airport/data=!4m10!3m9!1s0x406abe1130e1269b:0xa286fe763e9ee896!5m2!4m1!1i2!8m2!3d40.164319!4d44.414602!16s%2Fg%2F11vyb75y7_!19sChIJmybhMBG-akARluiePnb-hqI,"hotel in Malatia-Sebastia, Yerevan"
0x406abdeea80d7e59:0x6177fb40017a2129,Styopa Hotel,,отель,Ереван,"20 Isakov 3, Yerevan 0082, Armenia",+37493811105,,,,,,,,4.4,,open,,40.1717196,44.4937267,https://www.google.com/maps/place/Styopa+Hotel/data=!4m10!3m9!1s0x406abdeea80d7e59:0x6177fb40017a2129!5m2!4m1!1i2!8m2!3d40.1717196!4d44.4937267!16s%2Fg%2F11wfl645ks!19sChIJWX4NqO69akARKSF6AUD7d2E,"hotel in Malatia-Sebastia, Yerevan"
0x406abd826bbf767f:0x6857ab06a003c5a,Taaj Restaurant,,отель,Ереван,"27, 6 Grigor Hasratyan St, Yerevan 0031, Armenia",+37493234093,,,,,,,,5.0,,open,,40.1941265,44.4627915,https://www.google.com/maps/place/Taaj+Restaurant/data=!4m10!3m9!1s0x406abd826bbf767f:0x6857ab06a003c5a!5m2!4m1!1i2!8m2!3d40.1941265!4d44.4627915!16s%2Fg%2F11z0vcc3wk!19sChIJf3a_a4K9akARWjwAarB6hQY,"hotel in Malatia-Sebastia, Yerevan"
0x406abf000296f8b5:0x1058972d9056aed4,Tevosyan EVN Airport,,отель,Ереван,"597W+R7, Parakar, Armenia",,,,,,,,,4.5,,open,,40.1645625,44.3956876,https://www.google.com/maps/place/Tevosyan+EVN+Airport/data=!4m10!3m9!1s0x406abf000296f8b5:0x1058972d9056aed4!5m2!4m1!1i2!8m2!3d40.1645625!4d44.3956876!16s%2Fg%2F11wj40_474!19sChIJtfiWAgC_akAR1K5WkC2XWBA,"hotel in Malatia-Sebastia, Yerevan"
0x406abd4c1620dac7:0xd3eed3ed52f04f29,The Arte Hotel,,отель,Ереван,"1 Agatangeghos St, Yerevan, Armenia",+37444201089,,,,,,,,5.0,,open,,40.17191,44.5093083,https://www.google.com/maps/place/The+Arte+Hotel/data=!4m10!3m9!1s0x406abd4c1620dac7:0xd3eed3ed52f04f29!5m2!4m1!1i2!8m2!3d40.17191!4d44.5093083!16s%2Fg%2F11zfjl9f1r!19sChIJx9ogFky9akARKU_wUu3T7tM,"hotel in Shengavit, Yerevan"
0x406abd13b5603f25:0x378984d13d1250aa,The Hill Guesthouse,,отель,Ереван,"1 sero khandzadyan street, Yerevan 0011, Armenia",+37496408088,,,,,,,,4.3,,open,,40.1918576,44.5335124,https://www.google.com/maps/place/The+Hill+Guesthouse/data=!4m10!3m9!1s0x406abd13b5603f25:0x378984d13d1250aa!5m2!4m1!1i2!8m2!3d40.1918576!4d44.5335124!16s%2Fg%2F11srzx7gh8!19sChIJJT9gtRO9akARqlASPdGEiTc,"hotel in Nor Nork, Yerevan"
0x406abd1d53b00001:0x9ee83b511efbe488,The Phoenix Hotel,,отель,Ереван,"10, 43 Pushkin St, Yerevan, Armenia",+37411600069,,,,,,,,4.4,,open,,40.1844605,44.50965,https://www.google.com/maps/place/The+Phoenix+Hotel/data=!4m10!3m9!1s0x406abd1d53b00001:0x9ee83b511efbe488!5m2!4m1!1i2!8m2!3d40.1844605!4d44.50965!16s%2Fg%2F11rdc71jjp!19sChIJAQCwUx29akARiOT7HlE76J4,"hotel in Kentron, Yerevan"
0x406abe801154c777:0xbc03dae02ade61ad,Urartu Complex,,отель,Ереван,"Tcovakal, 26 Admiral Isakov Ave, Yerevan 0004, Armenia",+37499424008,,,,,,,,3.5,,open,,40.1574074,44.4576425,https://www.google.com/maps/place/Urartu+Complex/data=!4m10!3m9!1s0x406abe801154c777:0xbc03dae02ade61ad!5m2!4m1!1i2!8m2!3d40.1574074!4d44.4576425!16s%2Fg%2F11fd763w9r!19sChIJd8dUEYC-akARrWHeKuDaA7w,"hotel in Malatia-Sebastia, Yerevan"
0x406abdd9ab612751:0xf156dd08f45efb21,Vard & Garden Hotel,,отель,Ереван,"Noragyugh 70/1, Yerevan 0082, Armenia",+79263730070,,,,,,,,4.7,,open,,40.1700755,44.493406,https://www.google.com/maps/place/Vard+%26+Garden+Hotel/data=!4m10!3m9!1s0x406abdd9ab612751:0xf156dd08f45efb21!5m2!4m1!1i2!8m2!3d40.1700755!4d44.493406!16s%2Fg%2F11nvfc5fyv!19sChIJUSdhq9m9akARIfte9AjdVvE,"hotel in Malatia-Sebastia, Yerevan"
0x406abc5f19a92a4d:0x38ed676602849b5e,Victoria Hotel,,отель,Ереван,"27a Tigran Mets Ave, Yerevan 0018, Armenia",+37444818382,,,,,,,,4.4,,open,,40.1699323,44.5139446,https://www.google.com/maps/place/Victoria+Hotel/data=!4m10!3m9!1s0x406abc5f19a92a4d:0x38ed676602849b5e!5m2!4m1!1i2!8m2!3d40.1699323!4d44.5139446!16s%2Fg%2F11gn21yt8s!19sChIJTSqpGV-8akARXpuEAmZn7Tg,"hotel in Shengavit, Yerevan"
0x406abda1048cfa21:0xd8c72bab990ccb2d,Villa Nors,,отель,Ереван,"76, 5 Gusan Sheram Street, Yerevan 0034, Armenia",+37494242580,,,,,,,,4.7,,open,,40.1790775,44.4396741,https://www.google.com/maps/place/Villa+Nors/data=!4m10!3m9!1s0x406abda1048cfa21:0xd8c72bab990ccb2d!5m2!4m1!1i2!8m2!3d40.1790775!4d44.4396741!16s%2Fg%2F11h84g4nw8!19sChIJIfqMBKG9akARLcsMmasrx9g,"hotel in Malatia-Sebastia, Yerevan"
0x406abbec78092885:0x81781e64bb5c63c9,White House Hotel,,отель,Ереван,"Ayvazovsky Street 29, Yerevan 3720, Armenia",+37410458088,,,,,,,,3.5,,open,,40.1392545,44.5327827,https://www.google.com/maps/place/White+House+Hotel/data=!4m10!3m9!1s0x406abbec78092885:0x81781e64bb5c63c9!5m2!4m1!1i2!8m2!3d40.1392545!4d44.5327827!16s%2Fg%2F12vrdnx58!19sChIJhSgJeOy7akARyWNcu2QeeIE,"hotel in Nor Nork, Yerevan"
0x406abd9c8db19f6f:0x116f3bce4886bd28,YEREVAN HOTEL,,отель,Ереван,"14 Paronyan St, Yerevan 0002, Armenia",+37443502005,,,,,,,,3.9,,open,,40.1797822,44.5016411,https://www.google.com/maps/place/YEREVAN+HOTEL/data=!4m10!3m9!1s0x406abd9c8db19f6f:0x116f3bce4886bd28!5m2!4m1!1i2!8m2!3d40.1797822!4d44.5016411!16s%2Fg%2F11smlrwrf4!19sChIJb5-xjZy9akARKL2GSM47bxE,"hotel in Nor Nork, Yerevan"
0x406abd0052681971:0x857167d1f2e67283,Yan Hotel,,отель,Ереван,"1 Lusinyants St, Yerevan, Armenia",,,,,,,,,3.1,,open,,40.1774616,44.494958,https://www.google.com/maps/place/Yan+Hotel/data=!4m10!3m9!1s0x406abd0052681971:0x857167d1f2e67283!5m2!4m1!1i2!8m2!3d40.1774616!4d44.494958!16s%2Fg%2F11w7l4jynv!19sChIJcRloUgC9akARg3Lm8tFncYU,"hotel in Malatia-Sebastia, Yerevan"
0x406abcf8ddd91349:0xc5ecf545aea49242,Yerevan Resident Hotel,,отель,Ереван,"13Ա Movses Khorenatsi Street, Yerevan 0010, Armenia",+37498855866,,,,,,,,3.0,,open,,40.1775998,44.5081641,https://www.google.com/maps/place/Yerevan+Resident+Hotel/data=!4m10!3m9!1s0x406abcf8ddd91349:0xc5ecf545aea49242!5m2!4m1!1i2!8m2!3d40.1775998!4d44.5081641!16s%2Fg%2F11ng23t5s1!19sChIJSRPZ3fi8akARQpKkrkX17MU,"hotel in Shengavit, Yerevan"
0x406abdc67d79cafd:0x266ccb1b673b2741,Yerevan Street Hotel & Restaurant,,отель,Ереван,"46/82 Admiral Isakov Ave, Yerevan 0002, Armenia",+37496260260,,,,,,,,4.8,,open,,40.1714124,44.4923244,https://www.google.com/maps/place/Yerevan+Street+Hotel+%26+Restaurant/data=!4m10!3m9!1s0x406abdc67d79cafd:0x266ccb1b673b2741!5m2!4m1!1i2!8m2!3d40.1714124!4d44.4923244!16s%2Fg%2F11nhp56xqr!19sChIJ_cp5fca9akARQSc7ZxvLbCY,"hotel in Shengavit, Yerevan"
0x406abdaa86b62e6b:0xd9e3bbe617222e28,Zangu hotel,,отель,Ереван,"Noragyugh 163/1, Yerevan 0054, Armenia",+37498090030,,,,,,,,4.8,,open,,40.1713474,44.4930776,https://www.google.com/maps/place/Zangu+hotel/data=!4m10!3m9!1s0x406abdaa86b62e6b:0xd9e3bbe617222e28!5m2!4m1!1i2!8m2!3d40.1713474!4d44.4930776!16s%2Fg%2F11wb_3z15j!19sChIJay62hqq9akARKC4iF-a749k,"hotel in Malatia-Sebastia, Yerevan"
0x406abcfce8d8df91:0x2aef3d92dc004847,«Villa 29 Yerevan» Hotel,,отель,Ереван,"5GH5+V92, 29 Yeznik Koghbatsi St, Yerevan, Armenia",,,,,,,,,4.6,,open,,40.1795648,44.50849,https://www.google.com/maps/place/%C2%ABVilla+29+Yerevan%C2%BB+Hotel/data=!4m10!3m9!1s0x406abcfce8d8df91:0x2aef3d92dc004847!5m2!4m1!1i2!8m2!3d40.1795648!4d44.50849!16s%2Fg%2F11b73m7q5n!19sChIJkd_Y6Py8akARR0gA3JI97yo,"hotel in Shengavit, Yerevan"
0x406abe6e7d4dda31:0x2e9fc9edd642e76e,“TNAK” Complex Hotel,,отель,Ереван,"127 Admiral Isakov Ave, Yerevan, Armenia",+37494205373,,,,,,,,4.7,,open,,40.159177,44.429606,https://www.google.com/maps/place/%E2%80%9CTNAK%E2%80%9D+Complex+Hotel/data=!4m10!3m9!1s0x406abe6e7d4dda31:0x2e9fc9edd642e76e!5m2!4m1!1i2!8m2!3d40.159177!4d44.429606!16s%2Fg%2F11ltzsqkqv!19sChIJMdpNfW6-akARbudC1u3Jny4,"hotel in Nor Nork, Yerevan"
0x406abf000580d31b:0x2e9fc9edd642e76e,“TNAK” Complex Hotel,,отель,Ереван,"127 Admiral Isakov Ave, Yerevan, Armenia",+37494205373,,,,,,,,4.7,,open,,40.1591767,44.4296059,https://www.google.com/maps/place/%E2%80%9CTNAK%E2%80%9D+Complex+Hotel/data=!4m10!3m9!1s0x406abf000580d31b:0x2e9fc9edd642e76e!5m2!4m1!1i2!8m2!3d40.1591767!4d44.4296059!16s%2Fg%2F11ltzsqkqv!19sChIJG9OABQC_akARbudC1u3Jny4,"hotel in Malatia-Sebastia, Yerevan"
0x406abd00250500f5:0xd104257b732bf6c3,AVA Bakery,Bakery,пекарня,Ереван,"23, 11 Kirk Kerkorian St, Yerevan, Armenia",,,,,,,,,,,open,,40.1887303,44.4767253,https://www.google.com/maps/place/AVA+Bakery/data=!4m7!3m6!1s0x406abd00250500f5:0xd104257b732bf6c3!8m2!3d40.1887303!4d44.4767253!16s%2Fg%2F11zgvn38_0!19sChIJ9QAFJQC9akARw_Yrc3slBNE,"bakery in Malatia-Sebastia, Yerevan"
0x406aa3006dfea079:0xc4560c8dc8a6157e,Adonci 19/8,Bakery,пекарня,Ереван,"6G6F+X59, Nikoghayos Adonts St, Yerevan, Armenia",,,,,,,,,5.0,,open,,40.2124117,44.5229735,https://www.google.com/maps/place/Adonci+19%2F8/data=!4m7!3m6!1s0x406aa3006dfea079:0xc4560c8dc8a6157e!8m2!3d40.2124117!4d44.5229735!16s%2Fg%2F11vy2blrg4!19sChIJeaD-bQCjakARfhWmyI0MVsQ,"bakery in Arabkir, Yerevan"
0x96262d34f8d5fe5:0x90330dbe95af9439,Armaliti Cake,Cake shop,пекарня,Ереван,,+37494066091,,,,,,,,,,open,,40.0706942,45.0408032,https://www.google.com/maps/place/Armaliti+Cake/data=!4m7!3m6!1s0x96262d34f8d5fe5:0x90330dbe95af9439!8m2!3d40.0706942!4d45.0408032!16s%2Fg%2F11t1h48k08!19sChIJ5V-NT9NiYgkROZSvlb4NM5A,"bakery in Malatia-Sebastia, Yerevan"
0x406aa3b11107e7b9:0x3742bb7d51db7c29,Bakery,Bakery,пекарня,Ереван,"55, 5 Tsarav Aghbyur St, Yerevan, Armenia",,,,,,,,,3.0,,open,,40.2167619,44.5519324,https://www.google.com/maps/place/Bakery/data=!4m7!3m6!1s0x406aa3b11107e7b9:0x3742bb7d51db7c29!8m2!3d40.2167619!4d44.5519324!16s%2Fg%2F11v6x18y2k!19sChIJuecHEbGjakARKXzbUX27Qjc,"bakery in Arabkir, Yerevan"
0x406abd1212d863a7:0x9e5c032b518c17a2,Choco Ren,Chocolate cafe,пекарня,Ереван,"12 King Pap St, Yerevan 0001, Armenia",+79057317070,,,,,,,,,,open,,40.1805269,44.5086263,https://www.google.com/maps/place/Choco+Ren/data=!4m7!3m6!1s0x406abd1212d863a7:0x9e5c032b518c17a2!8m2!3d40.1805269!4d44.5086263!16s%2Fg%2F11vwqxjjfg!19sChIJp2PYEhK9akARoheMUSsDXJ4,"bakery in Nor Nork, Yerevan"
0x406abd87e778b2fd:0x1f86f0e3c6907275,Finch Café & Bakery,Cafe,пекарня,Ереван,"16/4 Vratsakan St, Yerevan, Armenia",+37443949448,,,,,,,,4.7,,open,,40.2080315,44.5112972,https://www.google.com/maps/place/Finch+Caf%C3%A9+%26+Bakery/data=!4m7!3m6!1s0x406abd87e778b2fd:0x1f86f0e3c6907275!8m2!3d40.2080315!4d44.5112972!16s%2Fg%2F11ntk5zbxv!19sChIJ_bJ454e9akARdXKQxuPwhh8,"bakery in Arabkir, Yerevan"
0x406abd3d01d75c4b:0x18311b552b2cd01f,Hagrid,Bakery,пекарня,Ереван,"Halabyan 30 Tumanyan 21, 5 King Pap St, Yerevan 0036, Armenia",,,,,,,,,,,open,,40.1828475,44.5171818,https://www.google.com/maps/place/Hagrid/data=!4m7!3m6!1s0x406abd3d01d75c4b:0x18311b552b2cd01f!8m2!3d40.1828475!4d44.5171818!16s%2Fg%2F11zfrcntrt!19sChIJS1zXAT29akARH9AsK1UbMRg,"bakery in Arabkir, Yerevan"
0x406a97d854eab59d:0x8130d5d152952b17,Johnny Cake,Pastry shop,пекарня,Ереван,"7th St, Yerevan 0054, Armenia",+37499441541,,,,,,,,,,open,,40.2159485,44.481572,https://www.google.com/maps/place/Johnny+Cake/data=!4m7!3m6!1s0x406a97d854eab59d:0x8130d5d152952b17!8m2!3d40.2159485!4d44.481572!16s%2Fg%2F11xl65tqpf!19sChIJnbXqVNiXakARFyuVUtHVMIE,"bakery in Malatia-Sebastia, Yerevan"
0x406abd004896ec7f:0x265e5f5f6f469549,Kcc,Bakery,пекарня,Ереван,"6G29+MP9, 51st St, Yerevan, Armenia",,,,,,,,,,,open,,40.2016629,44.5192973,https://www.google.com/maps/place/Kcc/data=!4m7!3m6!1s0x406abd004896ec7f:0x265e5f5f6f469549!8m2!3d40.2016629!4d44.5192973!16s%2Fg%2F11nvwwlv30!19sChIJf-yWSAC9akARSZVGb19fXiY,"bakery in Arabkir, Yerevan"
0xa18ea2baed073581:0x641d6f80c877e859,Klaris.pastry,Cake shop,пекарня,Ереван,,+37495108069,,,,,,,,,,open,,40.0706942,45.0408032,https://www.google.com/maps/place/Klaris.pastry/data=!4m7!3m6!1s0xa18ea2baed073581:0x641d6f80c877e859!8m2!3d40.0706942!4d45.0408032!16s%2Fg%2F11q3xbmyhx!19sChIJgTUH7bqijqERWeh3yIBvHWQ,"bakery in Malatia-Sebastia, Yerevan"
0x406aa33b0c4f62a7:0xaca3de19ac6476ef,La Villa,Cafe,пекарня,Ереван,"6H28+9XP, Totovents 4th Ln, Yerevan, Armenia",,,,,,,,,4.1,,open,,40.2009737,44.5674418,https://www.google.com/maps/place/La+Villa/data=!4m7!3m6!1s0x406aa33b0c4f62a7:0xaca3de19ac6476ef!8m2!3d40.2009737!4d44.5674418!16s%2Fg%2F11d_d27ph_!19sChIJp2JPDDujakAR73ZkrBneo6w,"bakery in Nor Nork, Yerevan"
0x406abcff9fc4b7cb:0x407eff19db7c7f1e,Mushabak,Bakery,пекарня,Ереван,"Paronian d/st, Yerevan, Armenia",,,,,,,,,3.0,,open,,40.1785331,44.502874,https://www.google.com/maps/place/Mushabak/data=!4m7!3m6!1s0x406abcff9fc4b7cb:0x407eff19db7c7f1e!8m2!3d40.1785331!4d44.502874!16s%2Fg%2F1ptzjfp1g!19sChIJy7fEn_-8akARHn982xn_fkA,"bakery in Arabkir, Yerevan"
0x406abd0af7b575a5:0x85252a83a1653725,New Bakery,Bakery,пекарня,Ереван,"Unnamed Road, Yerevan, Armenia",+37410377377,,,,,,,,4.3,,open,,40.1665767,44.4430621,https://www.google.com/maps/place/New+Bakery/data=!4m7!3m6!1s0x406abd0af7b575a5:0x85252a83a1653725!8m2!3d40.1665767!4d44.4430621!16s%2Fg%2F11fhm1l2hq!19sChIJpXW19wq9akARJTdloYMqJYU,"bakery in Malatia-Sebastia, Yerevan"
0x406abd91e147a501:0x846be7c611896d29,Nomo Coffee & Bakery,Cafe,пекарня,Ереван,"8 Isahakyan St, Yerevan, Armenia",+37493775344,,,,,,,,,,open,,40.1848178,44.5244224,https://www.google.com/maps/place/Nomo+Coffee+%26+Bakery/data=!4m7!3m6!1s0x406abd91e147a501:0x846be7c611896d29!8m2!3d40.1848178!4d44.5244224!16s%2Fg%2F11z6wh2tf0!19sChIJAaVH4ZG9akARKW2JEcbna4Q,"bakery in Nor Nork, Yerevan"
0x406abd1cc7644255:0xc5dce1d6bacb9a21,PAUL Armenia,French restaurant,пекарня,Ереван,"8 Abovyan St, Yerevan 0010, Armenia",+37444100400,,,,,,,,4.1,,open,,40.1803068,44.5151687,https://www.google.com/maps/place/PAUL+Armenia/data=!4m7!3m6!1s0x406abd1cc7644255:0xc5dce1d6bacb9a21!8m2!3d40.1803068!4d44.5151687!16s%2Fg%2F11s66v8z9l!19sChIJVUJkxxy9akARIZrLutbh3MU,"bakery in Nor Nork, Yerevan"
0x406abd4681593973:0xb3134aa3ea2cff46,Papazyan Bakery,Bakery,пекарня,Ереван,"24 Vahram Papazyan St, Yerevan 0012, Armenia",+37410228853,,,,,,,,3.5,,open,,40.2059256,44.5012933,https://www.google.com/maps/place/Papazyan+Bakery/data=!4m7!3m6!1s0x406abd4681593973:0xb3134aa3ea2cff46!8m2!3d40.2059256!4d44.5012933!16s%2Fg%2F11c1s1zc92!19sChIJczlZgUa9akARRv8s6qNKE7M,"bakery in Arabkir, Yerevan"
0x406abd000c779ef3:0x8dee08111a90f5f1,Puri Genatsavale,Bakery,пекарня,Ереван,"35, 4 Komitas Ave, Yerevan, Armenia",,,,,,,,,5.0,,open,,40.2071307,44.5084792,https://www.google.com/maps/place/Puri+Genatsavale/data=!4m7!3m6!1s0x406abd000c779ef3:0x8dee08111a90f5f1!8m2!3d40.2071307!4d44.5084792!16s%2Fg%2F11lcsvjt40!19sChIJ8553DAC9akAR8fWQGhEI7o0,"bakery in Arabkir, Yerevan"
0x406a97001a05ec4b:0xcf60dee991fa8c34,Richard Leon,Bakery,пекарня,Ереван,"5CWC+9VW, Yerevan, Armenia",,,,,,,,,,,open,,40.1959879,44.4222064,https://www.google.com/maps/place/Richard+Leon/data=!4m7!3m6!1s0x406a97001a05ec4b:0xcf60dee991fa8c34!8m2!3d40.1959879!4d44.4222064!16s%2Fg%2F11mt0vw1n4!19sChIJS-wFGgCXakARNIz6keneYM8,"bakery in Malatia-Sebastia, Yerevan"
0x406aa300625f6d3f:0x85aa1b0e0b383b1d,Sevani Lavash,Bakery,пекарня,Ереван,"6H48+276, Moldovakan St, Yerevan, Armenia",,,,,,,,,3.0,,open,,40.2050458,44.5656441,https://www.google.com/maps/place/Sevani+Lavash/data=!4m7!3m6!1s0x406aa300625f6d3f:0x85aa1b0e0b383b1d!8m2!3d40.2050458!4d44.5656441!16s%2Fg%2F11vrryyxk2!19sChIJP21fYgCjakARHTs4Cw4bqoU,"bakery in Nor Nork, Yerevan"
0x406abd003e610b4d:0x8293bfd6f4dc8d5c,Shavarma,Bakery,пекарня,Ереван,"40 General Babayan St, Yerevan, Armenia",,,,,,,,,,,open,,40.2008421,44.511386,https://www.google.com/maps/place/Shavarma/data=!4m7!3m6!1s0x406abd003e610b4d:0x8293bfd6f4dc8d5c!8m2!3d40.2008421!4d44.511386!16s%2Fg%2F11nvv9q8x7!19sChIJTQthPgC9akARXI3c9Na_k4I,"bakery in Arabkir, Yerevan"
0x406abd5650190cd1:0x18a73dee1d75d8f5,Strowberry,Bakery,пекарня,Ереван,"home, Shahumyan 17 street, 10 Mashtots 31, Yerevan 0031, Armenia",,,,,,,,,,,open,,40.2031108,44.5074788,https://www.google.com/maps/place/Strowberry/data=!4m7!3m6!1s0x406abd5650190cd1:0x18a73dee1d75d8f5!8m2!3d40.2031108!4d44.5074788!16s%2Fg%2F11z8z85rjt!19sChIJ0QwZUFa9akAR9dh1He49pxg,"bakery in Arabkir, Yerevan"
0x406abd00424c3a97:0x4017f6c77c479d7b,Sweet Secrets,Bakery,пекарня,Ереван,"57 Teryan St, Yerevan 0009, Armenia",,,,,,,,,5.0,,open,,40.1854193,44.5173193,https://www.google.com/maps/place/Sweet+Secrets/data=!4m7!3m6!1s0x406abd00424c3a97:0x4017f6c77c479d7b!8m2!3d40.1854193!4d44.5173193!16s%2Fg%2F11n52qsfgk!19sChIJlzpMQgC9akARe51HfMf2F0A,"bakery in Kentron, Yerevan"
0x406abdd58694108f:0xde4a4dbc50b3da6a,Tes,Bakery,пекарня,Ереван,"11/11 Argishti St, Yerevan 0001, Armenia",,,,,,,,,,,open,,40.1737796,44.5042197,https://www.google.com/maps/place/Tes/data=!4m7!3m6!1s0x406abdd58694108f:0xde4a4dbc50b3da6a!8m2!3d40.1737796!4d44.5042197!16s%2Fg%2F11zd875h7g!19sChIJjxCUhtW9akARatqzULxNSt4,"bakery in Arabkir, Yerevan"
0x406aa33b16b987b5:0xce27fcd676f6ddd1,Tonratun,Bakery,пекарня,Ереван,"6H28+FP7, Totovents back., martuni, Armenia",,,,,,,,,4.8,,open,,40.2011625,44.5667968,https://www.google.com/maps/place/Tonratun/data=!4m7!3m6!1s0x406aa33b16b987b5:0xce27fcd676f6ddd1!8m2!3d40.2011625!4d44.5667968!16s%2Fg%2F11g6phqhv8!19sChIJtYe5FjujakAR0d32dtb8J84,"bakery in Nor Nork, Yerevan"
0x406abd0031d33205:0xcf41988344061528,Tumanyan bakery,Bakery,пекарня,Ереван,"30 Tumanyan St, Yerevan, Armenia",,,,,,,,,5.0,,open,,40.1829206,44.5169704,https://www.google.com/maps/place/Tumanyan+bakery/data=!4m7!3m6!1s0x406abd0031d33205:0xcf41988344061528!8m2!3d40.1829206!4d44.5169704!16s%2Fg%2F11xm_nq2w7!19sChIJBTLTMQC9akARKBUGRIOYQc8,"bakery in Kentron, Yerevan"
0x406aa3f26418ad2d:0x3d2f3ed742eedca7,julias.cake7,Bakery,пекарня,Ереван,"8 Rubinyants St, Yerevan 0050, Armenia",+37477999209,,,,,,,,,,open,,40.2005222,44.5427746,https://www.google.com/maps/place/julias.cake7/data=!4m7!3m6!1s0x406aa3f26418ad2d:0x3d2f3ed742eedca7!8m2!3d40.2005222!4d44.5427746!16s%2Fg%2F11y_jl1qn_!19sChIJLa0YZPKjakARp9zuQtc-Lz0,"bakery in Arabkir, Yerevan"
0x406abd004d12cb9f:0xc9dca434c9e8df5b,Здесь очень вкусный женгялов хац,Bakery,пекарня,Ереван,"21, 4 Yervand Kochar St, Yerevan, Armenia",,,,,,,,,5.0,,open,,40.1694523,44.5175118,https://www.google.com/maps/place/%D0%97%D0%B4%D0%B5%D1%81%D1%8C+%D0%BE%D1%87%D0%B5%D0%BD%D1%8C+%D0%B2%D0%BA%D1%83%D1%81%D0%BD%D1%8B%D0%B9+%D0%B6%D0%B5%D0%BD%D0%B3%D1%8F%D0%BB%D0%BE%D0%B2+%D1%85%D0%B0%D1%86/data=!4m7!3m6!1s0x406abd004d12cb9f:0xc9dca434c9e8df5b!8m2!3d40.1694523!4d44.5175118!16s%2Fg%2F11y_t33q5n!19sChIJn8sSTQC9akARW9_oyTSk3Mk,"bakery in Kentron, Yerevan"
0x406abe1140526f6f:0x74a6e2480518830a,ԹՈՆՐԱՏՈՒՆ,Bakery,пекарня,Ереван,"5C78+P8W, Parakar, Armenia",,,,,,,,,5.0,,open,,40.1643686,44.4158406,https://www.google.com/maps/place/%D4%B9%D5%88%D5%86%D5%90%D4%B1%D5%8F%D5%88%D5%92%D5%86/data=!4m7!3m6!1s0x406abe1140526f6f:0x74a6e2480518830a!8m2!3d40.1643686!4d44.4158406!16s%2Fg%2F1q6l0h4pb!19sChIJb29SQBG-akARCoMYBUjipnQ,"bakery in Malatia-Sebastia, Yerevan"
0x406abdbf9cb91403:0xd62f4ba034716956,Խլեբնիցա bakary,Bakery,пекарня,Ереван,"54 Komitas Ave, Yerevan, Armenia",,,,,,,,,4.0,,open,,40.2064492,44.5155099,https://www.google.com/maps/place/%D4%BD%D5%AC%D5%A5%D5%A2%D5%B6%D5%AB%D6%81%D5%A1+bakary/data=!4m7!3m6!1s0x406abdbf9cb91403:0xd62f4ba034716956!8m2!3d40.2064492!4d44.5155099!16s%2Fg%2F11t3csmd_y!19sChIJAxS5nL-9akARVmlxNKBLL9Y,"bakery in Arabkir, Yerevan"
0x406abd004fdaf27b:0xf1fdbb2a771d66c5,Հացաբուլկեղեն,Bakery,пекарня,Ереван,"5FVF+CG9, Yerevan, Armenia",,,,,,,,,,,open,,40.1935817,44.4738501,https://www.google.com/maps/place/%D5%80%D5%A1%D6%81%D5%A1%D5%A2%D5%B8%D6%82%D5%AC%D5%AF%D5%A5%D5%B2%D5%A5%D5%B6/data=!4m7!3m6!1s0x406abd004fdaf27b:0xf1fdbb2a771d66c5!8m2!3d40.1935817!4d44.4738501!16s%2Fg%2F11zgrc35r0!19sChIJe_LaTwC9akARxWYddyq7_fE,"bakery in Arabkir, Yerevan"
0x406abd0078d97e89:0xa7015e95283db72e,Տաք Հաց,Bakery,пекарня,Ереван,"113 Vahram Papazian back, Yerevan, Armenia",,,,,,,,,5.0,,open,,40.2111913,44.5001355,https://www.google.com/maps/place/%D5%8F%D5%A1%D6%84+%D5%80%D5%A1%D6%81/data=!4m7!3m6!1s0x406abd0078d97e89:0xa7015e95283db72e!8m2!3d40.2111913!4d44.5001355!16s%2Fg%2F11xmzf2y_d!19sChIJiX7ZeAC9akARLrc9KJVeAac,"bakery in Arabkir, Yerevan"
0x406abd0059a83077:0x53dd4a6d56b4d94d,Տաք հաց,Bakery,пекарня,Ереван,"74, 62 Avet Avetisyan St, Yerevan, Armenia",,,,,,,,,,,open,,40.1985337,44.5019198,https://www.google.com/maps/place/%D5%8F%D5%A1%D6%84+%D5%B0%D5%A1%D6%81/data=!4m7!3m6!1s0x406abd0059a83077:0x53dd4a6d56b4d94d!8m2!3d40.1985337!4d44.5019198!16s%2Fg%2F11z20cbrnk!19sChIJdzCoWQC9akARTdm0Vm1K3VM,"bakery in Arabkir, Yerevan"
0x406aa366bcc88a3d:0x80b9ad19414710d,"""MER ASHKHARH"" RESTAURANT AND HOTEL COMPLEX",Armenian restaurant,ресторан,Ереван,"5JW3+427, Unnamed Road, Yerevan, Armenia",+37499627775,,,,,,,,4.3,,open,,40.1952757,44.6025568,https://www.google.com/maps/place/%22MER+ASHKHARH%22+RESTAURANT+AND+HOTEL+COMPLEX/data=!4m7!3m6!1s0x406aa366bcc88a3d:0x80b9ad19414710d!8m2!3d40.1952757!4d44.6025568!16s%2Fg%2F11f15frt8h!19sChIJPYrIvGajakARDXEUlNGaCwg,"restaurant in Nor Nork, Yerevan"
0x406aa352350414e1:0x5b650b4533ef070f,"""Parnas"" Restaurant & Hotel",Restaurant,ресторан,Ереван,"3/1 Tevosyan st, Yerevan, Armenia",+37491428626,,,,,,,,4.6,,open,,40.1855006,44.5786238,https://www.google.com/maps/place/%22Parnas%22+Restaurant+%26+Hotel/data=!4m7!3m6!1s0x406aa352350414e1:0x5b650b4533ef070f!8m2!3d40.1855006!4d44.5786238!16s%2Fg%2F11c1pg3lm7!19sChIJ4RQENVKjakARDwfvM0ULZVs,"restaurant in Nor Nork, Yerevan"
0x406abb004f05db57:0x44ded50ef328c959,798 BINGO NOODLES,Chinese restaurant,ресторан,Ереван,"21 46th St, Yerevan 0001, Armenia",+37491856789,,,,,,,,5.0,,open,,40.1472312,44.5316213,https://www.google.com/maps/place/798+BINGO+NOODLES/data=!4m7!3m6!1s0x406abb004f05db57:0x44ded50ef328c959!8m2!3d40.1472312!4d44.5316213!16s%2Fg%2F11zb39wtz_!19sChIJV9sFTwC7akARWcko8w7V3kQ,"restaurant in Erebuni, Yerevan"
0x406abd9eeac94fb3:0x331e0897ffe2ea1,AMRITSARI KULCHA RESTAURANT AND FAST FOOD,Restaurant,ресторан,Ереван,"58 Malatia St, Yerevan 0069, Armenia",+37498998585,,,,,,,,5.0,,open,,40.1747756,44.456597,https://www.google.com/maps/place/AMRITSARI+KULCHA+RESTAURANT+AND+FAST+FOOD/data=!4m7!3m6!1s0x406abd9eeac94fb3:0x331e0897ffe2ea1!8m2!3d40.1747756!4d44.456597!16s%2Fg%2F11z7jym1g1!19sChIJs0_J6p69akARoS7-f4ngMQM,"restaurant in Malatia-Sebastia, Yerevan"
0x406abb0f53a5e8db:0x436a13bfe698c0cd,ARARAT HOUSE,Restaurant,ресторан,Ереван,"Гургена Маари 1, Yerevan, Armenia",+37491200000,,,,,,,,4.5,,open,,40.1429726,44.5339291,https://www.google.com/maps/place/ARARAT+HOUSE/data=!4m7!3m6!1s0x406abb0f53a5e8db:0x436a13bfe698c0cd!8m2!3d40.1429726!4d44.5339291!16s%2Fg%2F11pvqlb8q_!19sChIJ2-ilUw-7akARzcCY5r8TakM,"restaurant in Erebuni, Yerevan"
0x406abb003366a9f9:0x5a2777232d6b6f62,Abu Kevo,Barbecue restaurant,ресторан,Ереван,"70 Ayvazovskiy St, Yerevan, Armenia",+37477259309,,,,,,,,,,open,,40.1354363,44.5286896,https://www.google.com/maps/place/Abu+Kevo/data=!4m7!3m6!1s0x406abb003366a9f9:0x5a2777232d6b6f62!8m2!3d40.1354363!4d44.5286896!16s%2Fg%2F11w_lc132z!19sChIJ-almMwC7akARYm9rLSN3J1o,"restaurant in Erebuni, Yerevan"
0x406abd41b50995a9:0xa526db68a2e28cb6,Afrikyan's Restaurant,Armenian restaurant,ресторан,Ереван,"Jrvezh 16 Jrvezh 16, Jrvezh 2227, Armenia",+37496667788,,,,,,,,4.8,,open,,40.1869741,44.6047486,https://www.google.com/maps/place/Afrikyan%27s+Restaurant/data=!4m7!3m6!1s0x406abd41b50995a9:0xa526db68a2e28cb6!8m2!3d40.1869741!4d44.6047486!16s%2Fg%2F11rtncpm71!19sChIJqZUJtUG9akARtoziomjbJqU,"restaurant in Nor Nork, Yerevan"
0x406aa4a1057a30a9:0xbc52d00eb37165bb,Alga Restaurant,Restaurant,ресторан,Ереван,"Kochinyan St, Yerevan 0089, Armenia",+37496033231,,,,,,,,4.5,,open,,40.186947,44.6037304,https://www.google.com/maps/place/Alga+Restaurant/data=!4m7!3m6!1s0x406aa4a1057a30a9:0xbc52d00eb37165bb!8m2!3d40.186947!4d44.6037304!16s%2Fg%2F11g722mzld!19sChIJqTB6BaGkakARu2Vxsw7QUrw,"restaurant in Nor Nork, Yerevan"
0x406abd007eafe011:0xec189e148f516ec9,Alpenberg Yerevan,Brewpub,ресторан,Ереван,"48 Aram Street, Yerevan 0002, Armenia",+37444975555,,,,,,,,4.3,,open,,40.1811718,44.5115795,https://www.google.com/maps/place/Alpenberg+Yerevan/data=!4m7!3m6!1s0x406abd007eafe011:0xec189e148f516ec9!8m2!3d40.1811718!4d44.5115795!16s%2Fg%2F11y2tr_nh4!19sChIJEeCvfgC9akARyW5RjxSeGOw,"restaurant in Kentron, Yerevan"
0x406abd4cdc475ce9:0xbeaa5dbf304257ae,American Hot Wings,Restaurant,ресторан,Ереван,"29 Mesrop Mashtots Ave, Yerevan 0010, Armenia",+37498125525,,,,,,,,4.7,,open,,40.1846749,44.5118667,https://www.google.com/maps/place/American+Hot+Wings/data=!4m7!3m6!1s0x406abd4cdc475ce9:0xbeaa5dbf304257ae!8m2!3d40.1846749!4d44.5118667!16s%2Fg%2F11rhdzsrr9!19sChIJ6VxH3Ey9akARrldCML9dqr4,"restaurant in Kentron, Yerevan"
0x406abddf34da36b3:0xef268355521b494d,Anush bakery,Restaurant,ресторан,Ереван,"5C8V+M8P, Yerevan, Armenia",+37491733743,,,,,,,,4.6,,open,,40.1667245,44.4433142,https://www.google.com/maps/place/Anush+bakery/data=!4m7!3m6!1s0x406abddf34da36b3:0xef268355521b494d!8m2!3d40.1667245!4d44.4433142!16s%2Fg%2F1hhn_1fq7!19sChIJszbaNN-9akARTUkbUlWDJu8,"restaurant in Malatia-Sebastia, Yerevan"
0x406abdd505f8ab91:0x54db36d72159d993,Après Restaurant Yvn,Restaurant,ресторан,Ереван,"2, 9 Khanjyan St, Yerevan 0010, Armenia",+37495404090,,,,,,,,4.5,,open,,40.1727615,44.5159223,https://www.google.com/maps/place/Apr%C3%A8s+Restaurant+Yvn/data=!4m7!3m6!1s0x406abdd505f8ab91:0x54db36d72159d993!8m2!3d40.1727615!4d44.5159223!16s%2Fg%2F11y43xvq4g!19sChIJkav4BdW9akARk9lZIdc221Q,"restaurant in Erebuni, Yerevan"
0x406aa30046e4e511:0xb7a6aa78b7be4c5d,Aria By Igdir,Restaurant,ресторан,Ереван,"24, Ashot, 1 Hovhannisian St, Yerevan 0076, Armenia",+37496645534,,,,,,,,4.5,,open,,40.1875453,44.5817603,https://www.google.com/maps/place/Aria+By+Igdir/data=!4m7!3m6!1s0x406aa30046e4e511:0xb7a6aa78b7be4c5d!8m2!3d40.1875453!4d44.5817603!16s%2Fg%2F11fcst2qpv!19sChIJEeXkRgCjakARXUy-t3iqprc,"restaurant in Nor Nork, Yerevan"
0x406aa4a0b0f813d3:0x293912d633ff3074,Armenia,Armenian restaurant,ресторан,Ереван,"Jrvezh, H-3, 2227, Armenia",+37491490090,,,,,,,,4.2,,open,,40.1872839,44.5994729,https://www.google.com/maps/place/Armenia/data=!4m7!3m6!1s0x406aa4a0b0f813d3:0x293912d633ff3074!8m2!3d40.1872839!4d44.5994729!16s%2Fg%2F12qgp_nlq!19sChIJ0xP4sKCkakARdDD_M9YSOSk,"restaurant in Nor Nork, Yerevan"
0x406abd0056a6f2b5:0x899c5d92fad40015,Armenia Brasserie Restaurant,Breakfast restaurant,ресторан,Ереван,"9 Vazgen Sargsyan St, Yerevan 0010, Armenia",,,,,,,,,4.5,,open,,40.177381,44.511175,https://www.google.com/maps/place/Armenia+Brasserie+Restaurant/data=!4m7!3m6!1s0x406abd0056a6f2b5:0x899c5d92fad40015!8m2!3d40.177381!4d44.511175!16s%2Fg%2F11yn_25qsg!19sChIJtfKmVgC9akARFQDU-pJdnIk,"restaurant in Kentron, Yerevan"
0x406abd3fcc4ef707:0x6798adf246fea571,Astral Music Hall,Restaurant,ресторан,Ереван,"10 Sayat-Nova 2, Yerevan 0001, Armenia",+37444770771,,,,,,,,4.5,,open,,40.1872023,44.515209,https://www.google.com/maps/place/Astral+Music+Hall/data=!4m7!3m6!1s0x406abd3fcc4ef707:0x6798adf246fea571!8m2!3d40.1872023!4d44.515209!16s%2Fg%2F11sr_3l2h2!19sChIJB_dOzD-9akARcaX-RvKtmGc,"restaurant in Kentron, Yerevan"
0x406abce2353cd07f:0x295a1201544a698a,Astral Restaurant & Coffee,Restaurant,ресторан,Ереван,"5 Sayat-Nova Ave, Yerevan 0001, Armenia",+37443474798,,,,,,,,4.1,,open,,40.1857022,44.5169238,https://www.google.com/maps/place/Astral+Restaurant+%26+Coffee/data=!4m7!3m6!1s0x406abce2353cd07f:0x295a1201544a698a!8m2!3d40.1857022!4d44.5169238!16s%2Fg%2F11g81xlg1s!19sChIJf9A8NeK8akARimlKVAESWik,"restaurant in Arabkir, Yerevan"
0x406abb28c41301fd:0x2abb6c15bfea521,Aygi Hatsatun,Armenian restaurant,ресторан,Ереван,"50, Yerevan 0075, Armenia",+37493891444,,,,,,,,4.8,,open,,40.1452181,44.5344718,https://www.google.com/maps/place/Aygi+Hatsatun/data=!4m7!3m6!1s0x406abb28c41301fd:0x2abb6c15bfea521!8m2!3d40.1452181!4d44.5344718!16s%2Fg%2F11h1m4r49m!19sChIJ_QETxCi7akARIaX-W8G2qwI,"restaurant in Erebuni, Yerevan"
0x406abcfda720768b:0x9d7efa28d9f03581,Babylon,Armenian restaurant,ресторан,Ереван,"0002, 91 Улица Карена Демирчяна, Yerevan 0002, Armenia",+37493588885,,,,,,,,4.3,,open,,40.1829611,44.5072718,https://www.google.com/maps/place/Babylon/data=!4m7!3m6!1s0x406abcfda720768b:0x9d7efa28d9f03581!8m2!3d40.1829611!4d44.5072718!16s%2Fg%2F11fzfdgt5_!19sChIJi3Ygp_28akARgTXw2Sj6fp0,"restaurant in Kentron, Yerevan"
0x406abd85d21a5ae5:0x2e68e9c718ac5036,Bar B.Q.,Fast food restaurant,ресторан,Ереван,"40 Pushkin St, Yerevan, Armenia",+37433333222,,,,,,,,4.3,,open,,40.182719,44.5127834,https://www.google.com/maps/place/Bar+B.Q./data=!4m7!3m6!1s0x406abd85d21a5ae5:0x2e68e9c718ac5036!8m2!3d40.182719!4d44.5127834!16s%2Fg%2F11r88017jk!19sChIJ5Voa0oW9akARNlCsGMfpaC4,"restaurant in Kentron, Yerevan"
0x406abd0724e3df11:0x5e009cef3099480f,Bardiner Restaurant,Restaurant,ресторан,Ереван,"71 Hrazdan Gorge, Yerevan, Armenia",+37498540771,,,,,,,,4.3,,open,,40.1900144,44.496506,https://www.google.com/maps/place/Bardiner+Restaurant/data=!4m7!3m6!1s0x406abd0724e3df11:0x5e009cef3099480f!8m2!3d40.1900144!4d44.496506!16s%2Fg%2F11ggn0x0v9!19sChIJEd_jJAe9akARD0iZMO-cAF4,"restaurant in Arabkir, Yerevan"
0x406abddc1e631cf7:0xdf329651d85d97fc,Bastard Meat Bar,Restaurant,ресторан,Ереван,"3, 11 Tamanyan St, Yerevan 0009, Armenia",+37411313333,,,,,,,,4.5,,open,,40.1894828,44.5150644,https://www.google.com/maps/place/Bastard+Meat+Bar/data=!4m7!3m6!1s0x406abddc1e631cf7:0xdf329651d85d97fc!8m2!3d40.1894828!4d44.5150644!16s%2Fg%2F11s5vk1ndg!19sChIJ9xxjHty9akAR_Jdd2FGWMt8,"restaurant in Kentron, Yerevan"
0x406abd4b3cc4beef:0xfa0985c26b434027,Benedict Restaurant-Bar,Restaurant,ресторан,Ереван,"64/2 Barbusse St, Yerevan 0035, Armenia",+37444004555,,,,,,,,5.0,,open,,40.1935681,44.4826037,https://www.google.com/maps/place/Benedict+Restaurant-Bar/data=!4m7!3m6!1s0x406abd4b3cc4beef:0xfa0985c26b434027!8m2!3d40.1935681!4d44.4826037!16s%2Fg%2F11rqxv97z1!19sChIJ777EPEu9akARJ0BDa8KFCfo,"restaurant in Kentron, Yerevan"
0x406abd8d1c28fce3:0xa93e7be72d298529,Bora,Restaurant,ресторан,Ереван,"125/5, Tichina St, Yerevan, Armenia",,,,,,,,,4.5,,open,,40.1855677,44.4473655,https://www.google.com/maps/place/Bora/data=!4m7!3m6!1s0x406abd8d1c28fce3:0xa93e7be72d298529!8m2!3d40.1855677!4d44.4473655!16s%2Fg%2F11c5_ty3nb!19sChIJ4_woHI29akARKYUpLed7Pqk,"restaurant in Malatia-Sebastia, Yerevan"
0x406ab9e4abe83501:0x3fb6a43cbf85f1b4,Buffet Lunch House,Buffet restaurant,ресторан,Ереван,"6, Erebuni, Yerevan, Armenia Arin-Berdi St, Yerevan, Armenia",+37460702222,,,,,,,,4.8,,open,,40.1243368,44.5095777,https://www.google.com/maps/place/Buffet+Lunch+House/data=!4m7!3m6!1s0x406ab9e4abe83501:0x3fb6a43cbf85f1b4!8m2!3d40.1243368!4d44.5095777!16s%2Fg%2F11ffqprv7l!19sChIJATXoq-S5akARtPGFvzyktj8,"restaurant in Erebuni, Yerevan"
0x406abb88ce40e9ef:0xb6e09a894021053f,Bughacha,Armenian restaurant,ресторан,Ереван,"5G2G+HX2, Yerevan, Armenia",+37410457478,,,,,,,,4.3,,open,,40.1513878,44.5273895,https://www.google.com/maps/place/Bughacha/data=!4m7!3m6!1s0x406abb88ce40e9ef:0xb6e09a894021053f!8m2!3d40.1513878!4d44.5273895!16s%2Fg%2F11szg0jxsg!19sChIJ7-lAzoi7akARPwUhQIma4LY,"restaurant in Erebuni, Yerevan"
0x406aa3d7aa8bd5db:0x24b8da461ab73160,Caxkunq Hacatun,Food court,ресторан,Ереван,"Jrvej Kochinyan street banavan 19, Yerevan, Armenia",+37494801518,,,,,,,,4.8,,open,,40.1887725,44.5925786,https://www.google.com/maps/place/Caxkunq+Hacatun/data=!4m7!3m6!1s0x406aa3d7aa8bd5db:0x24b8da461ab73160!8m2!3d40.1887725!4d44.5925786!16s%2Fg%2F11fk8dk1j1!19sChIJ29WLqtejakARYDG3GkbauCQ,"restaurant in Nor Nork, Yerevan"
0x406abceec276708d:0x2372d44a1a7bab7b,Charentsi 28 Restaurant,Restaurant,ресторан,Ереван,"28 Charents St, Yerevan, Armenia",+37443282080,,,,,,,,4.5,,open,,40.1793447,44.5273361,https://www.google.com/maps/place/Charentsi+28+Restaurant/data=!4m7!3m6!1s0x406abceec276708d:0x2372d44a1a7bab7b!8m2!3d40.1793447!4d44.5273361!16s%2Fg%2F1tdj2pv7!19sChIJjXB2wu68akARe6t7GkrUciM,"restaurant in Kentron, Yerevan"
0x406abdf4c00587b7:0xbc11ab5a8f75171c,Chekhovi Lahmajo,Restaurant,ресторан,Ереван,"23/4 Chekhov St, Yerevan 0039, Armenia",+37410499449,,,,,,,,5.0,,open,,40.1526446,44.4801865,https://www.google.com/maps/place/Chekhovi+Lahmajo/data=!4m7!3m6!1s0x406abdf4c00587b7:0xbc11ab5a8f75171c!8m2!3d40.1526446!4d44.4801865!16s%2Fg%2F11zh1s1zxl!19sChIJt4cFwPS9akARHBd1j1qrEbw,"restaurant in Shengavit, Yerevan"
0x406abdccc9f09a93:0xb11370a4277ff948,Cherry Hostel & Restaurant,,ресторан,Ереван,"25 Leningradyan St, Yerevan 0099, Armenia",+37477333017,,,,,,,,4.0,,open,,40.1913235,44.472646,https://www.google.com/maps/place/Cherry+Hostel+%26+Restaurant/data=!4m10!3m9!1s0x406abdccc9f09a93:0xb11370a4277ff948!5m2!4m1!1i2!8m2!3d40.1913235!4d44.472646!16s%2Fg%2F11s55tn8pl!19sChIJk5rwycy9akARSPl_J6RwE7E,"restaurant in Arabkir, Yerevan"
0x406abd27e7c47d35:0xfe90b3950e5b91ef,Chicken N'7 Spices,Fast food restaurant,ресторан,Ереван,"15/7 Arshakunyats Ave, Yerevan 0023, Armenia",+37444770773,,,,,,,,4.9,,open,,40.1651747,44.5052078,https://www.google.com/maps/place/Chicken+N%277+Spices/data=!4m7!3m6!1s0x406abd27e7c47d35:0xfe90b3950e5b91ef!8m2!3d40.1651747!4d44.5052078!16s%2Fg%2F11ypgc9g7q!19sChIJNX3E5ye9akAR75FbDpWzkP4,"restaurant in Shengavit, Yerevan"
0x406abd127db6f10f:0x1ea176dd6561ff8a,Coffee Craft Northern Avenue,Coffee shop,ресторан,Ереван,"8, 5 Northern Ave, Yerevan 0001, Armenia",,,,,,,,,5.0,,open,,40.1823059,44.5143472,https://www.google.com/maps/place/Coffee+Craft+Northern+Avenue/data=!4m7!3m6!1s0x406abd127db6f10f:0x1ea176dd6561ff8a!8m2!3d40.1823059!4d44.5143472!16s%2Fg%2F11x7qdkm6y!19sChIJD_G2fRK9akARiv9hZd12oR4,"restaurant in Nor Nork, Yerevan"
0x406abdeb8aaf06cf:0xcd498912a393b8f1,Dante Yerevan,Restaurant,ресторан,Ереван,"17 Pavstos Buzand St, Yerevan, Armenia",+37433335338,,,,,,,,4.2,,open,,40.1799605,44.5112697,https://www.google.com/maps/place/Dante+Yerevan/data=!4m7!3m6!1s0x406abdeb8aaf06cf:0xcd498912a393b8f1!8m2!3d40.1799605!4d44.5112697!16s%2Fg%2F11kq9gwg2p!19sChIJzwaviuu9akAR8biToxKJSc0,"restaurant in Kentron, Yerevan"
0x406abcfb3aeaaaa9:0xed44390f1c1d72ec,Dolmama - Armenia's Restaurant,Armenian restaurant,ресторан,Ереван,"10 Pushkin St, Yerevan 0010, Armenia",+37410561354,,,,,,,,4.2,,open,,40.1804694,44.5158998,https://www.google.com/maps/place/Dolmama+-+Armenia%27s+Restaurant/data=!4m7!3m6!1s0x406abcfb3aeaaaa9:0xed44390f1c1d72ec!8m2!3d40.1804694!4d44.5158998!16s%2Fg%2F1vqmgvw3!19sChIJqarqOvu8akAR7HIdHA85RO0,"restaurant in Kentron, Yerevan"
0x406abde76504f38d:0x47966d9be2a7881b,Drip Roastery Yerevan,Cafe,ресторан,Ереван,"9 Martiros Saryan St, Yerevan 0010, Armenia",+37495575757,,,,,,,,4.1,,open,,40.1864581,44.5087487,https://www.google.com/maps/place/Drip+Roastery+Yerevan/data=!4m7!3m6!1s0x406abde76504f38d:0x47966d9be2a7881b!8m2!3d40.1864581!4d44.5087487!16s%2Fg%2F11njq1qgw3!19sChIJjfMEZee9akARG4in4pttlkc,"restaurant in Kentron, Yerevan"
0x406abd7772247177:0xccea393d2b036b46,Dulcet Pastry Shop and Cafe Yerevan,Cafe,ресторан,Ереван,"2/1 Byron St, Yerevan, Armenia",+37496331301,,,,,,,,4.8,,open,,40.1862585,44.5167152,https://www.google.com/maps/place/Dulcet+Pastry+Shop+and+Cafe+Yerevan/data=!4m7!3m6!1s0x406abd7772247177:0xccea393d2b036b46!8m2!3d40.1862585!4d44.5167152!16s%2Fg%2F11vkghkgdr!19sChIJd3Ekcne9akARRmsDKz056sw,"restaurant in Arabkir, Yerevan"
0x406abd41c9c300d7:0x9e0c45bce6ca26d8,Eastern Cuisine,Restaurant,ресторан,Ереван,"16, 1 Komitas Ave, Yerevan 0012, Armenia",+37410271620,,,,,,,,3.9,,open,,40.2016139,44.4963486,https://www.google.com/maps/place/Eastern+Cuisine/data=!4m7!3m6!1s0x406abd41c9c300d7:0x9e0c45bce6ca26d8!8m2!3d40.2016139!4d44.4963486!16s%2Fg%2F1q5bm8cqj!19sChIJ1wDDyUG9akAR2CbK5rxFDJ4,"restaurant in Arabkir, Yerevan"
0x406aa32ce77032a7:0x51629585c91507f5,Elba,Armenian restaurant,ресторан,Ереван,"Yerevan, Armenia",+37496037333,,,,,,,,4.7,,open,,40.1964719,44.5489428,https://www.google.com/maps/place/Elba/data=!4m7!3m6!1s0x406aa32ce77032a7:0x51629585c91507f5!8m2!3d40.1964719!4d44.5489428!16s%2Fg%2F11g8whsxff!19sChIJpzJw5yyjakAR9QcVyYWVYlE,"restaurant in Nor Nork, Yerevan"
0x406abb94c9d127a5:0xd51ef43b64a6d325,Erebuni Fortress,Fortress,ресторан,Ереван,"2 3rd St, Yerevan, Armenia",+37410458207,,,,,,,,4.5,,open,,40.1406957,44.5380056,https://www.google.com/maps/place/Erebuni+Fortress/data=!4m7!3m6!1s0x406abb94c9d127a5:0xd51ef43b64a6d325!8m2!3d40.1406957!4d44.5380056!16zL20vMGRzeThs!19sChIJpSfRyZS7akARJdOmZDv0HtU,"restaurant in Erebuni, Yerevan"
0x406abbb38c44fd9f:0x96a98220be04ed77,Erebuni Hacatun,Armenian restaurant,ресторан,Ереван,"1, Yerevan, Armenia",+37443551551,,,,,,,,,,open,,40.1429577,44.5117002,https://www.google.com/maps/place/Erebuni+Hacatun/data=!4m7!3m6!1s0x406abbb38c44fd9f:0x96a98220be04ed77!8m2!3d40.1429577!4d44.5117002!16s%2Fg%2F11mcbr3rs6!19sChIJn_1EjLO7akARd-0EviCCqZY,"restaurant in Erebuni, Yerevan"
0x406abd098f40a767:0xaa32b9d2ed0912a2,Fabrica Restaurant & More,Steak house,ресторан,Ереван,"9 Martiros Saryan St, Yerevan 0002, Armenia",+37444341111,,,,,,,,4.3,,open,,40.1864231,44.5085596,https://www.google.com/maps/place/Fabrica+Restaurant+%26+More/data=!4m7!3m6!1s0x406abd098f40a767:0xaa32b9d2ed0912a2!8m2!3d40.1864231!4d44.5085596!16s%2Fg%2F11ptys10vt!19sChIJZ6dAjwm9akARohIJ7dK5Mqo,"restaurant in Kentron, Yerevan"
0x406abd23ddb8c2f1:0x880392267190d9e4,Farsh Burger Yerevan,Restaurant,ресторан,Ереван,"75 Yeznik Koghbatsi St, Yerevan 0006, Armenia",+37441997779,,,,,,,,4.1,,open,,40.1833734,44.5128518,https://www.google.com/maps/place/Farsh+Burger+Yerevan/data=!4m7!3m6!1s0x406abd23ddb8c2f1:0x880392267190d9e4!8m2!3d40.1833734!4d44.5128518!16s%2Fg%2F11npt4fym6!19sChIJ8cK43SO9akAR5NmQcSaSA4g,"restaurant in Kentron, Yerevan"
0x406abd0b5acf0e15:0x5f287533978bfc77,Frunze Restaurant,Restaurant,ресторан,Ереван,"2, 2 Azatutyan Ave, Yerevan 0037, Armenia",+37410300200,,,,,,,,4.1,,open,,40.1963192,44.517451,https://www.google.com/maps/place/Frunze+Restaurant/data=!4m7!3m6!1s0x406abd0b5acf0e15:0x5f287533978bfc77!8m2!3d40.1963192!4d44.517451!16s%2Fg%2F11v3sfcy79!19sChIJFQ7PWgu9akARd_yLlzN1KF8,"restaurant in Arabkir, Yerevan"
0x406abda0a6459ff9:0x159890c8c301f7c,George’s Dom,Family restaurant,ресторан,Ереван,"19 Martiros Saryan St, Yerevan 0002, Armenia",+37444221919,,,,,,,,4.0,,open,,40.1857576,44.5078076,https://www.google.com/maps/place/George%E2%80%99s+Dom/data=!4m7!3m6!1s0x406abda0a6459ff9:0x159890c8c301f7c!8m2!3d40.1857576!4d44.5078076!16s%2Fg%2F11spg4kpl0!19sChIJ-Z9FpqC9akARfB8wjAyJWQE,"restaurant in Kentron, Yerevan"
0x406aa3f51d515119:0x42b5e2432ccf5414,Georjia,Family restaurant,ресторан,Ереван,"5HMJ+6RW, Yerevan, Armenia",,,,,,,,,5.0,,open,,40.1834406,44.5816998,https://www.google.com/maps/place/Georjia/data=!4m7!3m6!1s0x406aa3f51d515119:0x42b5e2432ccf5414!8m2!3d40.1834406!4d44.5816998!16s%2Fg%2F11s47x_d2r!19sChIJGVFRHfWjakARFFTPLEPitUI,"restaurant in Nor Nork, Yerevan"
0x406abd094ebb1a8d:0x1f246db82ebaaf4,Getap Restaurant,Restaurant,ресторан,Ереван,"5FMW+C4, Yerevan, Armenia",+37477424241,,,,,,,,3.4,,open,,40.1835404,44.4952643,https://www.google.com/maps/place/Getap+Restaurant/data=!4m7!3m6!1s0x406abd094ebb1a8d:0x1f246db82ebaaf4!8m2!3d40.1835404!4d44.4952643!16s%2Fg%2F11scg74x41!19sChIJjRq7Tgm9akAR9KrrgttG8gE,"restaurant in Arabkir, Yerevan"
0x406abc2bccce5945:0x6002cc89288cfc7c,Golden Kiss,Restaurant,ресторан,Ереван,"27/6 Admiral Isakov Ave, Yerevan 0004, Armenia",+37410778770,,,,,,,,4.4,,open,,40.1575851,44.464901,https://www.google.com/maps/place/Golden+Kiss/data=!4m7!3m6!1s0x406abc2bccce5945:0x6002cc89288cfc7c!8m2!3d40.1575851!4d44.464901!16s%2Fg%2F113gjp12f!19sChIJRVnOzCu8akARfPyMKInMAmA,"restaurant in Malatia-Sebastia, Yerevan"
0x406aa3c41cbacd89:0x248a9724c914bb6c,Grill,Restaurant,ресторан,Ереван,"1, 36 Totovents St, Yerevan, Armenia",+37494672483,,,,,,,,4.0,,open,,40.2016568,44.5680409,https://www.google.com/maps/place/Grill/data=!4m7!3m6!1s0x406aa3c41cbacd89:0x248a9724c914bb6c!8m2!3d40.2016568!4d44.5680409!16s%2Fg%2F11kj811htx!19sChIJic26HMSjakARbLsUySSXiiQ,"restaurant in Nor Nork, Yerevan"
0x406aa35fbee96e57:0x73b668bff0450a45,Hamp,Fast food restaurant,ресторан,Ереван,"16 Gai Ave, Yerevan 0056, Armenia",+37455426700,,,,,,,,5.0,,open,,40.1966041,44.5677391,https://www.google.com/maps/place/Hamp/data=!4m7!3m6!1s0x406aa35fbee96e57:0x73b668bff0450a45!8m2!3d40.1966041!4d44.5677391!16s%2Fg%2F11zd381pzy!19sChIJV27pvl-jakARRQpF8L9otnM,"restaurant in Nor Nork, Yerevan"
0x406abd6eb9d864c3:0xb6c8bb9c9efb6c63,In Yan hand Roll,Sushi takeaway,ресторан,Ереван,"Yerevan, Armenia",+37494228034,,,,,,,,5.0,,open,,40.1421976,44.4951676,https://www.google.com/maps/place/In+Yan+hand+Roll/data=!4m7!3m6!1s0x406abd6eb9d864c3:0xb6c8bb9c9efb6c63!8m2!3d40.1421976!4d44.4951676!16s%2Fg%2F11yl75p6_8!19sChIJw2TYuW69akARY2z7npy7yLY,"restaurant in Shengavit, Yerevan"
0x406abd0049d58969:0x32e41cf46875c988,JAY KUBER INDIAN RESTAURANT,Indian restaurant,ресторан,Ереван,"58 Malatia St, Yerevan 0064, Armenia",+37433453145,,,,,,,,4.6,,open,,40.1746509,44.4565537,https://www.google.com/maps/place/JAY+KUBER+INDIAN+RESTAURANT/data=!4m7!3m6!1s0x406abd0049d58969:0x32e41cf46875c988!8m2!3d40.1746509!4d44.4565537!16s%2Fg%2F11wpp3_13b!19sChIJaYnVSQC9akARiMl1aPQc5DI,"restaurant in Malatia-Sebastia, Yerevan"
0x406abcf2280a629f:0x575115e2f55f6f31,Karap Cafe,Cafe,ресторан,Ереван,"10/1 Alek Manukyan St, Yerevan, Armenia",+37412559959,,,,,,,,4.2,,open,,40.1758905,44.5228853,https://www.google.com/maps/place/Karap+Cafe/data=!4m7!3m6!1s0x406abcf2280a629f:0x575115e2f55f6f31!8m2!3d40.1758905!4d44.5228853!16s%2Fg%2F1q64ldds4!19sChIJn2IKKPK8akARMW9f9eIVUVc,"restaurant in Arabkir, Yerevan"
0x406abbf177927945:0xcf5a932d6dfddd98,Kavkaz,Restaurant,ресторан,Ереван,"20 Erebuni St, Yerevan 0020, Armenia",,,,,,,,,5.0,,open,,40.1416798,44.5222183,https://www.google.com/maps/place/Kavkaz/data=!4m7!3m6!1s0x406abbf177927945:0xcf5a932d6dfddd98!8m2!3d40.1416798!4d44.5222183!16s%2Fg%2F1v62g41p!19sChIJRXmSd_G7akARmN39bS2TWs8,"restaurant in Erebuni, Yerevan"
0x406abd1545003169:0xb044a0c4428e12dd,Keto Yerevan,Fast food restaurant,ресторан,Ереван,"3 Tsitsernakaberd Hwy, Yerevan 0082, Armenia",+37441777127,,,,,,,,4.2,,open,,40.1797631,44.4880087,https://www.google.com/maps/place/Keto+Yerevan/data=!4m7!3m6!1s0x406abd1545003169:0xb044a0c4428e12dd!8m2!3d40.1797631!4d44.4880087!16s%2Fg%2F11mt2x6xs1!19sChIJaTEARRW9akAR3RKOQsSgRLA,"restaurant in Kentron, Yerevan"
0x406abd10e630b5ff:0xa4c7997b6a5c7da3,Khutorok,Restaurant,ресторан,Ереван,"5CFQ+V3G, Gusan Sheram Street, Yerevan, Armenia",+37411708090,,,,,,,,4.4,,open,,40.1746822,44.4377107,https://www.google.com/maps/place/Khutorok/data=!4m7!3m6!1s0x406abd10e630b5ff:0xa4c7997b6a5c7da3!8m2!3d40.1746822!4d44.4377107!16s%2Fg%2F11flzq8frv!19sChIJ_7Uw5hC9akARo31canuZx6Q,"restaurant in Malatia-Sebastia, Yerevan"
0x406abd41b6100001:0x99cdf40e4beb4e19,Koozh Restaurant,Family restaurant,ресторан,Ереван,"16 Komitas Ave, Yerevan 0033, Armenia",+37410274441,,,,,,,,4.1,,open,,40.2018816,44.4970117,https://www.google.com/maps/place/Koozh+Restaurant/data=!4m7!3m6!1s0x406abd41b6100001:0x99cdf40e4beb4e19!8m2!3d40.2018816!4d44.4970117!16s%2Fg%2F11hd1q3cph!19sChIJAQAQtkG9akARGU7rSw70zZk,"restaurant in Arabkir, Yerevan"
0x406abd005966660f:0x9aa872697918f45b,Kraken Yerevan Seafood Restaurant,Seafood restaurant,ресторан,Ереван,"36 Moskovyan Street, Yerevan 0002, Armenia",+37433135300,,,,,,,,4.8,,open,,40.1877284,44.5104317,https://www.google.com/maps/place/Kraken+Yerevan+Seafood+Restaurant/data=!4m7!3m6!1s0x406abd005966660f:0x9aa872697918f45b!8m2!3d40.1877284!4d44.5104317!16s%2Fg%2F11nhh80_f8!19sChIJD2ZmWQC9akARW_QYeWlyqJo,"restaurant in Kentron, Yerevan"
0x406abd2de5e2d6d5:0x9011848a09a28ec9,La Maison De La Gastro,French restaurant,ресторан,Ереван,"Next to Paris Hotel, 4/6 King Pap St, Yerevan 0011, Armenia",+37411262524,,,,,,,,3.8,,open,,40.179871,44.5106225,https://www.google.com/maps/place/La+Maison+De+La+Gastro/data=!4m7!3m6!1s0x406abd2de5e2d6d5:0x9011848a09a28ec9!8m2!3d40.179871!4d44.5106225!16s%2Fg%2F11fmqsyy14!19sChIJ1dbi5S29akARyY6iCYqEEZA,"restaurant in Kentron, Yerevan"
0x406abce36330584b:0xf87bea155165fdac,Lavash Restaurant,Armenian restaurant,ресторан,Ереван,"21 Tumanyan St, Yerevan 0001, Armenia",+37410608800,,,,,,,,4.5,,open,,40.1830394,44.516282,https://www.google.com/maps/place/Lavash+Restaurant/data=!4m7!3m6!1s0x406abce36330584b:0xf87bea155165fdac!8m2!3d40.1830394!4d44.516282!16s%2Fg%2F11c718sv13!19sChIJS1gwY-O8akARrP1lURXqe_g,"restaurant in Kentron, Yerevan"
0x406abda997585f0f:0xd48e8031e27f2d92,Lime Lounge Cafe,Fast food restaurant,ресторан,Ереван,"20 Komitas Ave, Yerevan 0012, Armenia",+37444200620,,,,,,,,4.6,,open,,40.2022078,44.4981452,https://www.google.com/maps/place/Lime+Lounge+Cafe/data=!4m7!3m6!1s0x406abda997585f0f:0xd48e8031e27f2d92!8m2!3d40.2022078!4d44.4981452!16s%2Fg%2F11sf9zkltb!19sChIJD19Yl6m9akARki1_4jGAjtQ,"restaurant in Arabkir, Yerevan"
0x406abd57bbea8671:0xd89cced1ab79d123,Los Pueblos Mexican Restaurant,Mexican restaurant,ресторан,Ереван,"4, 6 King Pap St, Yerevan 0001, Armenia",+37455459544,,,,,,,,4.5,,open,,40.1799497,44.5104813,https://www.google.com/maps/place/Los+Pueblos+Mexican+Restaurant/data=!4m7!3m6!1s0x406abd57bbea8671:0xd89cced1ab79d123!8m2!3d40.1799497!4d44.5104813!16s%2Fg%2F11sp88hsdm!19sChIJcYbqu1e9akARI9F5q9HOnNg,"restaurant in Kentron, Yerevan"
0x406abdda06352917:0x4fa72cac2578fada,Luna Gastro Bar,Restaurant,ресторан,Ереван,"36, 3 Yeznik Koghbatsi St, Yerevan 0002, Armenia",+37433051051,,,,,,,,4.0,,open,,40.1824745,44.5125303,https://www.google.com/maps/place/Luna+Gastro+Bar/data=!4m7!3m6!1s0x406abdda06352917:0x4fa72cac2578fada!8m2!3d40.1824745!4d44.5125303!16s%2Fg%2F11kqc3_2l5!19sChIJFyk1Btq9akAR2vp4Jawsp08,"restaurant in Kentron, Yerevan"
0x406abba7792b40a7:0xe83a161f0922ae1,MER ERGIR,Restaurant,ресторан,Ереван,"4GWM+2PM, Yerevan, Armenia",+37410434646,,,,,,,,5.0,,open,,40.145091,44.5342863,https://www.google.com/maps/place/MER+ERGIR/data=!4m7!3m6!1s0x406abba7792b40a7:0xe83a161f0922ae1!8m2!3d40.145091!4d44.5342863!16s%2Fg%2F11rq6mwmvd!19sChIJp0Areae7akAR4SqS8GGhgw4,"restaurant in Erebuni, Yerevan"
0x406abc5641ce97c3:0xafa3292341c42902,MORA Restaurant,Italian restaurant,ресторан,Ереван,"4/2 Grigor Lusavorich Street, Yerevan 0015, Armenia",+37411555347,,,,,,,,4.2,,open,,40.1721491,44.5085078,https://www.google.com/maps/place/MORA+Restaurant/data=!4m7!3m6!1s0x406abc5641ce97c3:0xafa3292341c42902!8m2!3d40.1721491!4d44.5085078!16s%2Fg%2F11c709k0_1!19sChIJw5fOQVa8akARAinEQSMpo68,"restaurant in Kentron, Yerevan"
0x406abd1755b513ab:0x29e1edaaa11bfdfc,Masoor Restaurant,Restaurant,ресторан,Ереван,"3, 25 Pavstos Buzand St, Yerevan, Armenia",+37412810810,,,,,,,,4.1,,open,,40.1770945,44.515641,https://www.google.com/maps/place/Masoor+Restaurant/data=!4m7!3m6!1s0x406abd1755b513ab:0x29e1edaaa11bfdfc!8m2!3d40.1770945!4d44.515641!16s%2Fg%2F11fm9tvhy4!19sChIJqxO1VRe9akAR_P0boart4Sk,"restaurant in Kentron, Yerevan"
0x406abd9a4207b579:0x539ddbc2294ea0a0,Maxima,Restaurant,ресторан,Ереван,"141, 5 Sebastia St, Yerevan 0065, Armenia",+37410739291,,,,,,,,4.0,,open,,40.1881657,44.4621029,https://www.google.com/maps/place/Maxima/data=!4m7!3m6!1s0x406abd9a4207b579:0x539ddbc2294ea0a0!8m2!3d40.1881657!4d44.4621029!16s%2Fg%2F1hd_x7pgw!19sChIJebUHQpq9akARoKBOKcLbnVM,"restaurant in Malatia-Sebastia, Yerevan"
0x406abb0069196a11:0x7a28f101b807c654,Mehfil Erebuni,Indian restaurant,ресторан,Ереван,"23, 2 Titogradian St, Yerevan, Armenia",,,,,,,,,5.0,,open,,40.1288125,44.5242579,https://www.google.com/maps/place/Mehfil+Erebuni/data=!4m7!3m6!1s0x406abb0069196a11:0x7a28f101b807c654!8m2!3d40.1288125!4d44.5242579!16s%2Fg%2F11wfj9pwqg!19sChIJEWoZaQC7akARVMYHuAHxKHo,"restaurant in Erebuni, Yerevan"
0x406abdc28dc4866d:0x390086833cfe3baf,Mer Toone,Restaurant,ресторан,Ереван,"23, 3 Raffi St, Yerevan, Armenia",+37496720056,,,,,,,,4.5,,open,,40.1743698,44.4500769,https://www.google.com/maps/place/Mer+Toone/data=!4m7!3m6!1s0x406abdc28dc4866d:0x390086833cfe3baf!8m2!3d40.1743698!4d44.4500769!16s%2Fg%2F1tfvxmz3!19sChIJbYbEjcK9akARrzv-PIOGADk,"restaurant in Malatia-Sebastia, Yerevan"
0x406abd304ebf12e5:0x8e5a6120da1aa8a,MiO. Yerevan,Italian restaurant,ресторан,Ереван,"14 Abovyan St, Yerevan 0009, Armenia",+37412221414,,,,,,,,4.4,,open,,40.1812201,44.5161533,https://www.google.com/maps/place/MiO.+Yerevan/data=!4m7!3m6!1s0x406abd304ebf12e5:0x8e5a6120da1aa8a!8m2!3d40.1812201!4d44.5161533!16s%2Fg%2F11yx_v3njs!19sChIJ5RK_TjC9akARiqqhDRKm5Qg,"restaurant in Kentron, Yerevan"
0x406abd00264de89f:0xfc1f32fbfa484d6,Mira Restaurant,Restaurant,ресторан,Ереван,"8 Abovyan St, Yerevan 0010, Armenia",+37444443311,,,,,,,,4.8,,open,,40.1805796,44.5154147,https://www.google.com/maps/place/Mira+Restaurant/data=!4m7!3m6!1s0x406abd00264de89f:0xfc1f32fbfa484d6!8m2!3d40.1805796!4d44.5154147!16s%2Fg%2F11zymktwtd!19sChIJn-hNJgC9akAR1oSkvy_zwQ8,"restaurant in Kentron, Yerevan"
0x406abd52b6604313:0x7d5fdb83a2a5d382,Munchy Burger,Fast food restaurant,ресторан,Ереван,"26 Ghazar Parpetsi St, Yerevan 0022, Armenia",+37441331888,,,,,,,,5.0,,open,,40.1855287,44.5112349,https://www.google.com/maps/place/Munchy+Burger/data=!4m7!3m6!1s0x406abd52b6604313:0x7d5fdb83a2a5d382!8m2!3d40.1855287!4d44.5112349!16s%2Fg%2F11ys2n4dq_!19sChIJE0NgtlK9akARgtOlooPbX30,"restaurant in Nor Nork, Yerevan"
0x406abd2de790baf9:0xbf04cc8f435839ac,NAG Restaurant,Restaurant,ресторан,Ереван,"12, 6 Alek Manukyan St, Yerevan 0070, Armenia",+37441337338,,,,,,,,4.8,,open,,40.1750773,44.5217528,https://www.google.com/maps/place/NAG+Restaurant/data=!4m7!3m6!1s0x406abd2de790baf9:0xbf04cc8f435839ac!8m2!3d40.1750773!4d44.5217528!16s%2Fg%2F11tc207b10!19sChIJ-bqQ5y29akARrDlYQ4_MBL8,"restaurant in Kentron, Yerevan"
0x406abdd65400c22d:0x78229fc5bd1a0a80,NEW SPIDAG,Restaurant,ресторан,Ереван,"STRPAN, Stepan Zoryan St, Yerevan 0002, Armenia",+37494306409,,,,,,,,4.6,,open,,40.1881084,44.5139523,https://www.google.com/maps/place/NEW+SPIDAG/data=!4m7!3m6!1s0x406abdd65400c22d:0x78229fc5bd1a0a80!8m2!3d40.1881084!4d44.5139523!16s%2Fg%2F11t1m25fvs!19sChIJLcIAVNa9akARgAoavcWfIng,"restaurant in Kentron, Yerevan"
0x406aa3c00e0904cb:0xf7eb57f30f7cb91e,Nairi Restaurant,Restaurant,ресторан,Ереван,"Kotayk Region, T-6-29, Yerevan 0001, Armenia",+37496100096,,,,,,,,4.9,,open,,40.1936121,44.5915256,https://www.google.com/maps/place/Nairi+Restaurant/data=!4m7!3m6!1s0x406aa3c00e0904cb:0xf7eb57f30f7cb91e!8m2!3d40.1936121!4d44.5915256!16s%2Fg%2F11vdq4s1qm!19sChIJywQJDsCjakARHrl8D_NX6_c,"restaurant in Nor Nork, Yerevan"
0x406abd66d88f9325:0x218a2c3df6cc0bb8,Neko Yerevan,Cafe,ресторан,Ереван,"Demerchyan 27, Yerevan, Armenia",+37494724676,,,,,,,,4.3,,open,,40.186438,44.5064295,https://www.google.com/maps/place/Neko+Yerevan/data=!4m7!3m6!1s0x406abd66d88f9325:0x218a2c3df6cc0bb8!8m2!3d40.186438!4d44.5064295!16s%2Fg%2F11mcj5v576!19sChIJJZOP2Ga9akARuAvM9j0siiE,"restaurant in Kentron, Yerevan"
0x406abbdce91accc5:0x9d497901d52097e2,Nor Nreni Restaurant,Restaurant,ресторан,Ереван,"David bek 108/3, Yerevan 0008, Armenia",+37444311512,,,,,,,,3.5,,open,,40.1535943,44.5388916,https://www.google.com/maps/place/Nor+Nreni+Restaurant/data=!4m7!3m6!1s0x406abbdce91accc5:0x9d497901d52097e2!8m2!3d40.1535943!4d44.5388916!16s%2Fg%2F11vz5lwcll!19sChIJxcwa6dy7akAR4pcg1QF5SZ0,"restaurant in Nor Nork, Yerevan"
0x406abe6dcb2f996b:0x6c67cea91f760e02,Nur House Restaurant,Restaurant,ресторан,Ереван,"Parakar, Armenia",+37477490404,,,,,,,,4.5,,open,,40.16004,44.4279263,https://www.google.com/maps/place/Nur+House+Restaurant/data=!4m7!3m6!1s0x406abe6dcb2f996b:0x6c67cea91f760e02!8m2!3d40.16004!4d44.4279263!16s%2Fg%2F11gbk435v9!19sChIJa5kvy22-akARAg52H6nOZ2w,"restaurant in Malatia-Sebastia, Yerevan"
0x406abc12cb050cdd:0xbde0725d585928c2,Old Sation Restaurant,Restaurant,ресторан,Ереван,"1, 1 Sasuntsi Davit St, Yerevan, Armenia",+37410570045,,,,,,,,4.3,,open,,40.1542366,44.5081891,https://www.google.com/maps/place/Old+Sation+Restaurant/data=!4m7!3m6!1s0x406abc12cb050cdd:0xbde0725d585928c2!8m2!3d40.1542366!4d44.5081891!16s%2Fg%2F11bv5tjw79!19sChIJ3QwFyxK8akARwihZWF1y4L0,"restaurant in Erebuni, Yerevan"
0x406abd5322493b79:0xf9bae3d25439a7a5,"On The Rocks ,azatutyan ,yerevan ,armenia",Restaurant,ресторан,Ереван,"1, 24 Azatutyan Ave, Yerevan 0025, Armenia",+37495909967,,,,,,,,3.0,,open,,40.1990326,44.5178957,"https://www.google.com/maps/place/On+The+Rocks+,azatutyan+,yerevan+,armenia/data=!4m7!3m6!1s0x406abd5322493b79:0xf9bae3d25439a7a5!8m2!3d40.1990326!4d44.5178957!16s%2Fg%2F11x8h9qqj7!19sChIJeTtJIlO9akARpac5VNLjuvk","restaurant in Arabkir, Yerevan"
0x406abd00712b0363:0xe99f990f61eac985,Onanyan Restaurant,Restaurant,ресторан,Ереван,"30 Tumanyan St, Yerevan 0019, Armenia",+37496222444,,,,,,,,4.2,,open,,40.1829469,44.5170357,https://www.google.com/maps/place/Onanyan+Restaurant/data=!4m7!3m6!1s0x406abd00712b0363:0xe99f990f61eac985!8m2!3d40.1829469!4d44.5170357!16s%2Fg%2F11vx0mxty2!19sChIJYwMrcQC9akARhcnqYQ-Zn-k,"restaurant in Malatia-Sebastia, Yerevan"
0x406abd9b21fb72e3:0x4a296866dfde9937,Oxygen Cafe & Restaurant,Restaurant,ресторан,Ереван,"42, 6 Mesrop Mashtots Ave, Yerevan, Armenia",+37455900222,,,,,,,,3.9,,open,,40.1857814,44.5139314,https://www.google.com/maps/place/Oxygen+Cafe+%26+Restaurant/data=!4m7!3m6!1s0x406abd9b21fb72e3:0x4a296866dfde9937!8m2!3d40.1857814!4d44.5139314!16s%2Fg%2F11svzm_ktg!19sChIJ43L7IZu9akARN5ne32ZoKUo,"restaurant in Kentron, Yerevan"
0x406abe6c32957901:0xfbd9bea489b6391c,Pandok Tairov,Restaurant,ресторан,Ереван,"Mayraqaghaqayin 119, Parakar 1129, Armenia",+37423131023,,,,,,,,4.9,,open,,40.1597744,44.4281103,https://www.google.com/maps/place/Pandok+Tairov/data=!4m7!3m6!1s0x406abe6c32957901:0xfbd9bea489b6391c!8m2!3d40.1597744!4d44.4281103!16s%2Fg%2F1yg4fjk5t!19sChIJAXmVMmy-akARHDm2iaS-2fs,"restaurant in Malatia-Sebastia, Yerevan"
0x406abd0ad6e71ee1:0x7eb6d0e23cb2cf68,Park Bridge Restaurant & Music Hub,Restaurant,ресторан,Ереван,"1 Kirk Kerkorian St, Yerevan, Armenia",,,,,,,,,4.4,,open,,40.189992,44.4804657,https://www.google.com/maps/place/Park+Bridge+Restaurant+%26+Music+Hub/data=!4m7!3m6!1s0x406abd0ad6e71ee1:0x7eb6d0e23cb2cf68!8m2!3d40.189992!4d44.4804657!16s%2Fg%2F1tfpsrw4!19sChIJ4R7n1gq9akARaM-yPOLQtn4,"restaurant in Arabkir, Yerevan"
0x406abc6d59540001:0xc3cb4197877105ad,Parvana Restaurant,,ресторан,Ереван,"1, 85 Artsakh Ave, Yerevan, Armenia",+37431242155,,,,,,,,5.0,,open,,40.1541624,44.510469,https://www.google.com/maps/place/Parvana+Restaurant/data=!4m7!3m6!1s0x406abc6d59540001:0xc3cb4197877105ad!8m2!3d40.1541624!4d44.510469!16s%2Fg%2F11j48g_z4w!19sChIJAQBUWW28akARrQVxh5dBy8M,"restaurant in Erebuni, Yerevan"
0x406aa33efde5a44f:0xb9cbc15c81181c1,Patat,Fast food restaurant,ресторан,Ереван,"Gai avenue 16 Erebuni 17/1, Yerevan, Armenia",+37455155060,,,,,,,,4.4,,open,,40.1972436,44.5664312,https://www.google.com/maps/place/Patat/data=!4m7!3m6!1s0x406aa33efde5a44f:0xb9cbc15c81181c1!8m2!3d40.1972436!4d44.5664312!16s%2Fg%2F11v4pw8b4_!19sChIJT6Tl_T6jakARwYERyBW8nAs,"restaurant in Nor Nork, Yerevan"
0x406abd0000409a19:0xcfbd8ce3ce8ef9ca,Pesto Cafe Osteria,Italian restaurant,ресторан,Ереван,"86 Aram Street, Yerevan 0002, Armenia",+37444075555,,,,,,,,3.8,,open,,40.184275,44.507246,https://www.google.com/maps/place/Pesto+Cafe+Osteria/data=!4m7!3m6!1s0x406abd0000409a19:0xcfbd8ce3ce8ef9ca!8m2!3d40.184275!4d44.507246!16s%2Fg%2F11vz9q66dv!19sChIJGZpAAAC9akARyvmOzuOMvc8,"restaurant in Kentron, Yerevan"
0x406aa59e1363b7e1:0x3552d4775a437a6b,Picante Restaurant,Restaurant,ресторан,Ереван,"Village of Jrvezh 21 street 5/50 Jrvezh, Yerevan, Armenia",+37499033231,,,,,,,,5.0,,open,,40.1879479,44.6034578,https://www.google.com/maps/place/Picante+Restaurant/data=!4m7!3m6!1s0x406aa59e1363b7e1:0x3552d4775a437a6b!8m2!3d40.1879479!4d44.6034578!16s%2Fg%2F11w23g7kyp!19sChIJ4bdjE56lakARa3pDWnfUUjU,"restaurant in Nor Nork, Yerevan"
0x406aa3004f09cd07:0x4ebd93637307a945,ROAST Kitchen and Coffee,Family restaurant,ресторан,Ереван,"1, 12 Nansen Street, Yerevan, Armenia",+37444331331,,,,,,,,4.2,,open,,40.1996519,44.5655595,https://www.google.com/maps/place/ROAST+Kitchen+and+Coffee/data=!4m7!3m6!1s0x406aa3004f09cd07:0x4ebd93637307a945!8m2!3d40.1996519!4d44.5655595!16s%2Fg%2F11lyl2p8yw!19sChIJB80JTwCjakARRakHc2OTvU4,"restaurant in Nor Nork, Yerevan"
0x406abebda62e66a5:0x567cdc0e773f75ae,Renaissance,Restaurant,ресторан,Ереван,"2 Shirak St, Yerevan, Armenia",+37410480077,,,,,,,,4.2,,open,,40.1310821,44.4801451,https://www.google.com/maps/place/Renaissance/data=!4m7!3m6!1s0x406abebda62e66a5:0x567cdc0e773f75ae!8m2!3d40.1310821!4d44.4801451!16s%2Fg%2F11bz_8j4fp!19sChIJpWYupr2-akARrnU_dw7cfFY,"restaurant in Shengavit, Yerevan"
0x406abdb91afdd589:0x11065035ae33f4b3,Restaurant Arian رستوران ایرانی آرین,Persian restaurant,ресторан,Ереван,"06 Tigran Mets Ave, Yerevan 0033, Armenia",+37493362026,,,,,,,,4.4,,open,,40.1751817,44.5136789,https://www.google.com/maps/place/Restaurant+Arian+%D8%B1%D8%B3%D8%AA%D9%88%D8%B1%D8%A7%D9%86+%D8%A7%DB%8C%D8%B1%D8%A7%D9%86%DB%8C+%D8%A2%D8%B1%DB%8C%D9%86%E2%80%AD/data=!4m7!3m6!1s0x406abdb91afdd589:0x11065035ae33f4b3!8m2!3d40.1751817!4d44.5136789!16s%2Fg%2F11x_qyd8rr!19sChIJidX9Grm9akARs_QzrjVQBhE,"restaurant in Kentron, Yerevan"
0x406abd7e0b997933:0x668b0e1bce3d9a40,Rooftop Official,Lounge bar,ресторан,Ереван,"40 Paronyan St, Yerevan, Armenia",+37455202028,,,,,,,,5.0,,open,,40.1811129,44.4994569,https://www.google.com/maps/place/Rooftop+Official/data=!4m7!3m6!1s0x406abd7e0b997933:0x668b0e1bce3d9a40!8m2!3d40.1811129!4d44.4994569!16s%2Fg%2F11hyxqtkn5!19sChIJM3mZC369akARQJo9zhsOi2Y,"restaurant in Kentron, Yerevan"
0x406aa3435a6bf1ed:0xa4f7b58735c29ba5,Royal Yerevan,Armenian restaurant,ресторан,Ереван,"102 Bagrevand St, Yerevan, Armenia",+37443001200,,,,,,,,4.7,,open,,40.193159,44.5873046,https://www.google.com/maps/place/Royal+Yerevan/data=!4m7!3m6!1s0x406aa3435a6bf1ed:0xa4f7b58735c29ba5!8m2!3d40.193159!4d44.5873046!16s%2Fg%2F11ggmc3gvk!19sChIJ7fFrWkOjakARpZvCNYe196Q,"restaurant in Nor Nork, Yerevan"
0x406abd7551c6b997:0x5639118c7ea6aec8,Ruby,Restaurant,ресторан,Ереван,"11 Abovyan St, Yerevan 0001, Armenia",+37441988900,,,,,,,,4.5,,open,,40.1829241,44.517494,https://www.google.com/maps/place/Ruby/data=!4m7!3m6!1s0x406abd7551c6b997:0x5639118c7ea6aec8!8m2!3d40.1829241!4d44.517494!16s%2Fg%2F11z6157c43!19sChIJl7nGUXW9akARyK6mfowROVY,"restaurant in Kentron, Yerevan"
0x406abd170a87c871:0xa6533fa9507c6e27,Sasunci Davit Garden,Restaurant,ресторан,Ереван,"Տիգրան Մեծ 80, Yerevan 0018, Armenia",+37444288828,,,,,,,,5.0,,open,,40.1553278,44.5084806,https://www.google.com/maps/place/Sasunci+Davit+Garden/data=!4m7!3m6!1s0x406abd170a87c871:0xa6533fa9507c6e27!8m2!3d40.1553278!4d44.5084806!16s%2Fg%2F11yghcn1vr!19sChIJcciHChe9akARJ258UKk_U6Y,"restaurant in Erebuni, Yerevan"
0x406aa30e445d0675:0x557cfe23f3fee729,Sky Kids,Family restaurant,ресторан,Ереван,"28 Lvovyan St, Yerevan 0056, Armenia",+37493100018,,,,,,,,5.0,,open,,40.2019756,44.5595488,https://www.google.com/maps/place/Sky+Kids/data=!4m7!3m6!1s0x406aa30e445d0675:0x557cfe23f3fee729!8m2!3d40.2019756!4d44.5595488!16s%2Fg%2F11z9cbv1l_!19sChIJdQZdRA6jakARKef-8yP-fFU,"restaurant in Nor Nork, Yerevan"
0x406abd0030a1532f:0xdc5b98c0af3f1627,SkyLand Yerevan,European restaurant,ресторан,Ереван,"24 Rostom St, Yerevan, Armenia",+37444770717,,,,,,,,3.6,,open,,40.1672279,44.5178937,https://www.google.com/maps/place/SkyLand+Yerevan/data=!4m7!3m6!1s0x406abd0030a1532f:0xdc5b98c0af3f1627!8m2!3d40.1672279!4d44.5178937!16s%2Fg%2F11vssg10wv!19sChIJL1OhMAC9akARJxY_r8CYW9w,"restaurant in Arabkir, Yerevan"
0x406abb37feafcc5f:0x105c096293ee60bd,Sorriso Gelato Erebuni Mall,Coffee shop,ресторан,Ереван,"17, Erebuni Mall, 1 Erebuni St, Yerevan, Armenia",+37493399377,,,,,,,,4.8,,open,,40.1421762,44.5214421,https://www.google.com/maps/place/Sorriso+Gelato+Erebuni+Mall/data=!4m7!3m6!1s0x406abb37feafcc5f:0x105c096293ee60bd!8m2!3d40.1421762!4d44.5214421!16s%2Fg%2F11xl6btfzh!19sChIJX8yv_je7akARvWDuk2IJXBA,"restaurant in Erebuni, Yerevan"
0x406abde6e15c3829:0x7bea696a131fccee,Spice n Rice - India’s Delight,Indian restaurant,ресторан,Ереван,"City Super Market, 5GH3+FJ, 5, 2 nd Floor Mesrop Mashtots Ave, Yerevan, Armenia",+37495777469,,,,,,,,4.8,,open,,40.1786875,44.5040625,https://www.google.com/maps/place/Spice+n+Rice+-+India%E2%80%99s+Delight/data=!4m7!3m6!1s0x406abde6e15c3829:0x7bea696a131fccee!8m2!3d40.1786875!4d44.5040625!16s%2Fg%2F11yfvbr54b!19sChIJKThc4ea9akAR7swfE2pp6ns,"restaurant in Kentron, Yerevan"
0x406abd0031d440cb:0xc9c7bbdd7630a1a,Storia Bar Restaurant,Restaurant,ресторан,Ереван,"2 Marshal Baghramyan Ave, Yerevan, Armenia",+37498777010,,,,,,,,4.6,,open,,40.1891718,44.5139016,https://www.google.com/maps/place/Storia+Bar+Restaurant/data=!4m7!3m6!1s0x406abd0031d440cb:0xc9c7bbdd7630a1a!8m2!3d40.1891718!4d44.5139016!16s%2Fg%2F11y4sykxvg!19sChIJy0DUMQC9akARGgpj1717nAw,"restaurant in Kentron, Yerevan"
0x406abdc9d7b4f56d:0xd48e1657dc98cc5e,Summer Caffee Restourant,Restaurant,ресторан,Ереван,"130 Dzorapi Street, Yerevan, Armenia",+37412200120,,,,,,,,3.0,,open,,40.1866635,44.501554,https://www.google.com/maps/place/Summer+Caffee+Restourant/data=!4m7!3m6!1s0x406abdc9d7b4f56d:0xd48e1657dc98cc5e!8m2!3d40.1866635!4d44.501554!16s%2Fg%2F11h4xhrn4_!19sChIJbfW018m9akARXsyY3FcWjtQ,"restaurant in Arabkir, Yerevan"
0x406ab92c9918b11f:0x57c02858269ec30f,Tabu Yerevan,Restaurant,ресторан,Ереван,"Isahakyan42/3, Yerevan, Armenia",+37493804020,,,,,,,,3.7,,open,,40.1895768,44.514458,https://www.google.com/maps/place/Tabu+Yerevan/data=!4m7!3m6!1s0x406ab92c9918b11f:0x57c02858269ec30f!8m2!3d40.1895768!4d44.514458!16s%2Fg%2F11mrs4xrfh!19sChIJH7EYmSy5akARD8OeJlgowFc,"restaurant in Kentron, Yerevan"
0x406abd4a0cdddfb1:0xe29440f15cc40978,Tava Restaurant,Restaurant,ресторан,Ереван,"6 Admiral Isakov Ave, Yerevan, Armenia",,,,,,,,,5.0,,open,,40.1718761,44.4907082,https://www.google.com/maps/place/Tava+Restaurant/data=!4m7!3m6!1s0x406abd4a0cdddfb1:0xe29440f15cc40978!8m2!3d40.1718761!4d44.4907082!16s%2Fg%2F11v3h0qg8g!19sChIJsd_dDEq9akAReAnEXPFAlOI,"restaurant in Arabkir, Yerevan"
0x406abde452ce34df:0x4b7328caeac59e6f,Tec Shaurma,Bistro,ресторан,Ереван,"2, Багратунянц 93, 8 Arin Berd St, Yerevan, Armenia",+37498040423,,,,,,,,4.6,,open,,40.1251898,44.5053812,https://www.google.com/maps/place/Tec+Shaurma/data=!4m7!3m6!1s0x406abde452ce34df:0x4b7328caeac59e6f!8m2!3d40.1251898!4d44.5053812!16s%2Fg%2F11l5tfp80q!19sChIJ3zTOUuS9akARb57F6sooc0s,"restaurant in Erebuni, Yerevan"
0x406abde8e1af4b9f:0xd698febffdbcded5,The Garden,Restaurant,ресторан,Ереван,"20/7 Mesrop Mashtots Ave, Yerevan 0002, Armenia",+37444808909,,,,,,,,4.0,,open,,40.1820347,44.5094386,https://www.google.com/maps/place/The+Garden/data=!4m7!3m6!1s0x406abde8e1af4b9f:0xd698febffdbcded5!8m2!3d40.1820347!4d44.5094386!16s%2Fg%2F11rd8jyfdy!19sChIJn0uv4ei9akAR1d68_b_-mNY,"restaurant in Kentron, Yerevan"
0x406abc71b1288e79:0x398fdba4e6b8c8d4,Topaz Restaurant,Restaurant,ресторан,Ереван,"5G49+JCH, Yerevan, Armenia",+37410577488,,,,,,,,4.3,,open,,40.1565553,44.5186222,https://www.google.com/maps/place/Topaz+Restaurant/data=!4m7!3m6!1s0x406abc71b1288e79:0x398fdba4e6b8c8d4!8m2!3d40.1565553!4d44.5186222!16s%2Fg%2F11g02tmcw9!19sChIJeY4osXG8akAR1Mi45qTbjzk,"restaurant in Erebuni, Yerevan"
0x406abf0048affc95:0xf0798e6bd970a085,Troya Garden,Restaurant,ресторан,Ереван,"4CHX+3R3, Yerevan, Armenia",,,,,,,,,5.0,,open,,40.127438,44.4500962,https://www.google.com/maps/place/Troya+Garden/data=!4m7!3m6!1s0x406abf0048affc95:0xf0798e6bd970a085!8m2!3d40.127438!4d44.4500962!16s%2Fg%2F11njsg98nm!19sChIJlfyvSAC_akARhaBw2WuOefA,"restaurant in Shengavit, Yerevan"
0x406abce347bb6683:0xe57c4747fc593c03,Tun Lahmajo,Restaurant,ресторан,Ереван,"23 Teryan St, Yerevan, Armenia",+37410538717,,,,,,,,4.1,,open,,40.182829,44.5143534,https://www.google.com/maps/place/Tun+Lahmajo/data=!4m7!3m6!1s0x406abce347bb6683:0xe57c4747fc593c03!8m2!3d40.182829!4d44.5143534!16s%2Fg%2F11csq9dmpv!19sChIJg2a7R-O8akARAzxZ_EdHfOU,"restaurant in Arabkir, Yerevan"
0x406abdfd920f5cf9:0x6c882a9075ba6a5d,UNTZ UNTZ YEREVAN,Restaurant,ресторан,Ереван,"3A Pushkin St, Yerevan 0002, Armenia",+37441000501,,,,,,,,4.6,,open,,40.1799528,44.5159296,https://www.google.com/maps/place/UNTZ+UNTZ+YEREVAN/data=!4m7!3m6!1s0x406abdfd920f5cf9:0x6c882a9075ba6a5d!8m2!3d40.1799528!4d44.5159296!16s%2Fg%2F11x5nyz2ff!19sChIJ-VwPkv29akARXWq6dZAqiGw,"restaurant in Nor Nork, Yerevan"
0x406abd0168a1e7f5:0x2082ab52340acc81,Urartu Restaurant,Restaurant,ресторан,Ереван,"1, 1 Dzorapi St, Yerevan, Armenia",+37410538323,,,,,,,,4.1,,open,,40.1803498,44.4989878,https://www.google.com/maps/place/Urartu+Restaurant/data=!4m7!3m6!1s0x406abd0168a1e7f5:0x2082ab52340acc81!8m2!3d40.1803498!4d44.4989878!16s%2Fg%2F11d_y8vbtl!19sChIJ9eehaAG9akARgcwKNFKrgiA,"restaurant in Malatia-Sebastia, Yerevan"
0x406abc0200519301:0x846d97bf22c29163,Voske Gavat,Restaurant,ресторан,Ереван,"69/1 Arshakuniats Avenue, Yerevan 0007, Armenia",+37410444277,,,,,,,,4.6,,open,,40.1404378,44.494494,https://www.google.com/maps/place/Voske+Gavat/data=!4m7!3m6!1s0x406abc0200519301:0x846d97bf22c29163!8m2!3d40.1404378!4d44.494494!16s%2Fg%2F1hm5fc7dv!19sChIJAZNRAAK8akARY5HCIr-XbYQ,"restaurant in Shengavit, Yerevan"
0x406abde39667f683:0x7438380df5f35d12,Yerevan Garden,Restaurant,ресторан,Ереван,"1, 5 Leningradyan St, Yerevan 0031, Armenia",+37477800989,,,,,,,,5.0,,open,,40.1904307,44.4633523,https://www.google.com/maps/place/Yerevan+Garden/data=!4m7!3m6!1s0x406abde39667f683:0x7438380df5f35d12!8m2!3d40.1904307!4d44.4633523!16s%2Fg%2F11js7j_r8_!19sChIJg_ZnluO9akAREl3z9Q04OHQ,"restaurant in Arabkir, Yerevan"
0x406abdc742720c7b:0xb24c0efce211de3c,Yerevans,Restaurant,ресторан,Ереван,"7 Abovyan St, Yerevan 0001, Armenia",+37441777740,,,,,,,,4.3,,open,,40.1818859,44.5165209,https://www.google.com/maps/place/Yerevans/data=!4m7!3m6!1s0x406abdc742720c7b:0xb24c0efce211de3c!8m2!3d40.1818859!4d44.5165209!16s%2Fg%2F11vdjl0ppm!19sChIJewxyQse9akARPN4R4vwOTLI,"restaurant in Nor Nork, Yerevan"
0x406aa3573543a065:0xdf553d9ed84b1ed6,Yume Sushi Bar,Asian restaurant,ресторан,Ереван,"6 Nikoghayos Adonts St, Yerevan 0014, Armenia",+37441770717,,,,,,,,4.5,,open,,40.2127989,44.5237431,https://www.google.com/maps/place/Yume+Sushi+Bar/data=!4m7!3m6!1s0x406aa3573543a065:0xdf553d9ed84b1ed6!8m2!3d40.2127989!4d44.5237431!16s%2Fg%2F11v9vlg052!19sChIJZaBDNVejakAR1h5L2J49Vd8,"restaurant in Arabkir, Yerevan"
0x406abdbf062f8c03:0xeac376606e875c9c,Zara Restaurant,Indian restaurant,ресторан,Ереван,"Sebastia St, Yerevan 0064, Armenia",+37493167095,,,,,,,,4.8,,open,,40.1895734,44.462208,https://www.google.com/maps/place/Zara+Restaurant/data=!4m7!3m6!1s0x406abdbf062f8c03:0xeac376606e875c9c!8m2!3d40.1895734!4d44.462208!16s%2Fg%2F11ff48c1vq!19sChIJA4wvBr-9akARnFyHbmB2w-o,"restaurant in Arabkir, Yerevan"
0x406abd1e558f6325:0x3d42bf1900b21aa1,Zeituna Home Of Food,Restaurant,ресторан,Ереван,"5GJ5+MXJ, 20, 8 Mesrop Mashtots Ave, Yerevan, Armenia",+37477663662,,,,,,,,4.4,,open,,40.1820591,44.5095859,https://www.google.com/maps/place/Zeituna+Home+Of+Food/data=!4m7!3m6!1s0x406abd1e558f6325:0x3d42bf1900b21aa1!8m2!3d40.1820591!4d44.5095859!16s%2Fg%2F11c6cqx2vb!19sChIJJWOPVR69akARoRqyABm_Qj0,"restaurant in Arabkir, Yerevan"
0x406abd005c5d913f:0xa9a9fb3eb4048a17,Zepyur Restaurant,Family restaurant,ресторан,Ереван,"2 этаж, 1 Sayat-Nova Ave, Yerevan, Armenia",+37441202022,,,,,,,,4.0,,open,,40.1835222,44.5192801,https://www.google.com/maps/place/Zepyur+Restaurant/data=!4m7!3m6!1s0x406abd005c5d913f:0xa9a9fb3eb4048a17!8m2!3d40.1835222!4d44.5192801!16s%2Fg%2F11y9p9x25l!19sChIJP5FdXAC9akARF4oEtD77qak,"restaurant in Kentron, Yerevan"
0x406abdf4e9dcd957:0xde47a0c0cccb1271,РЕСТАРАН 999,American restaurant,ресторан,Ереван,"64, 1 1-я ул, Yerevan 0081, Armenia",+37496079999,,,,,,,,5.0,,open,,40.1819801,44.4343842,https://www.google.com/maps/place/%D0%A0%D0%95%D0%A1%D0%A2%D0%90%D0%A0%D0%90%D0%9D+999/data=!4m7!3m6!1s0x406abdf4e9dcd957:0xde47a0c0cccb1271!8m2!3d40.1819801!4d44.4343842!16s%2Fg%2F11ms_v00sd!19sChIJV9nc6fS9akARcRLLzMCgR94,"restaurant in Malatia-Sebastia, Yerevan"
0x406abf9ca2635e9d:0x35b9d166abe99e22,Զավիկի Ղարս,Bistro,ресторан,Ереван,"Arno Babajanyan St, Yerevan, Armenia",+37499446564,,,,,,,,4.2,,open,,40.1642362,44.4402878,https://www.google.com/maps/place/%D4%B6%D5%A1%D5%BE%D5%AB%D5%AF%D5%AB+%D5%82%D5%A1%D6%80%D5%BD/data=!4m7!3m6!1s0x406abf9ca2635e9d:0x35b9d166abe99e22!8m2!3d40.1642362!4d44.4402878!16s%2Fg%2F11fwwx9cvd!19sChIJnV5jopy_akARIp7pq2bRuTU,"restaurant in Malatia-Sebastia, Yerevan"
0x406abfa1b849c869:0x49daf9175680f116,Կառավելլ,Restaurant,ресторан,Ереван,"278 Arshakuniats Avenue, Yerevan 0007, Armenia",+37498497575,,,,,,,,4.9,,open,,40.1364722,44.4893371,https://www.google.com/maps/place/%D4%BF%D5%A1%D5%BC%D5%A1%D5%BE%D5%A5%D5%AC%D5%AC/data=!4m7!3m6!1s0x406abfa1b849c869:0x49daf9175680f116!8m2!3d40.1364722!4d44.4893371!16s%2Fg%2F11k99x1d6m!19sChIJachJuKG_akARFvGAVhf52kk,"restaurant in Shengavit, Yerevan"
0x406abd0079dbedb1:0xe98c5ebcf8947f78,"Համով խորոված, շաուրմա",Barbecue restaurant,ресторан,Ереван,"5CJQ+G2C, Yerevan, Armenia",+37493854874,,,,,,,,5.0,,open,,40.1813071,44.4375239,"https://www.google.com/maps/place/%D5%80%D5%A1%D5%B4%D5%B8%D5%BE+%D5%AD%D5%B8%D6%80%D5%B8%D5%BE%D5%A1%D5%AE,+%D5%B7%D5%A1%D5%B8%D6%82%D6%80%D5%B4%D5%A1/data=!4m7!3m6!1s0x406abd0079dbedb1:0xe98c5ebcf8947f78!8m2!3d40.1813071!4d44.4375239!16s%2Fg%2F11zhly4zz_!19sChIJse3beQC9akAReH-U-LxejOk","restaurant in Malatia-Sebastia, Yerevan"
0x406abd001e5aeb37:0xde926f466404884e,Հին Ուռենի,Restaurant,ресторан,Ереван,"38 Mamikoniants St, Yerevan, Armenia",+37411201128,,,,,,,,5.0,,open,,40.2092986,44.5213762,https://www.google.com/maps/place/%D5%80%D5%AB%D5%B6+%D5%88%D6%82%D5%BC%D5%A5%D5%B6%D5%AB/data=!4m7!3m6!1s0x406abd001e5aeb37:0xde926f466404884e!8m2!3d40.2092986!4d44.5213762!16s%2Fg%2F11y4l7klk1!19sChIJN-taHgC9akARTogEZEZvkt4,"restaurant in Arabkir, Yerevan"
0x406aa35b6fa5e1ab:0x174ce7555fd24a2c,Հին Ջրվեժ,Armenian restaurant,ресторан,Ереван,"5HRQ+GG2, Bagrevand St, Yerevan, Armenia",+37491676400,,,,,,,,4.8,,open,,40.1912573,44.5887604,https://www.google.com/maps/place/%D5%80%D5%AB%D5%B6+%D5%8B%D6%80%D5%BE%D5%A5%D5%AA/data=!4m7!3m6!1s0x406aa35b6fa5e1ab:0x174ce7555fd24a2c!8m2!3d40.1912573!4d44.5887604!16s%2Fg%2F11cn3fx0zn!19sChIJq-Glb1ujakARLErSX1XnTBc,"restaurant in Nor Nork, Yerevan"
0x406aa35a6f81d175:0xe64bc5c2b58b979d,Ղարս,Armenian restaurant,ресторан,Ереван,"5HQP+FJP, Yerevan, Armenia",+37410685850,,,,,,,,4.6,,open,,40.1887214,44.5865877,https://www.google.com/maps/place/%D5%82%D5%A1%D6%80%D5%BD/data=!4m7!3m6!1s0x406aa35a6f81d175:0xe64bc5c2b58b979d!8m2!3d40.1887214!4d44.5865877!16s%2Fg%2F11g8bh9_4k!19sChIJddGBb1qjakARnZeLtcLFS-Y,"restaurant in Nor Nork, Yerevan"
0x406aa36efb76b40b:0x69a88097ac9970d1,Մասիվի Լահմաջո / Massive Lahmajo,Fast food restaurant,ресторан,Ереван,"5HX9+95G, Nelson Stepanyan St, Yerevan, Armenia",+37491645880,,,,,,,,4.7,,open,,40.1984433,44.5679497,https://www.google.com/maps/place/%D5%84%D5%A1%D5%BD%D5%AB%D5%BE%D5%AB+%D4%BC%D5%A1%D5%B0%D5%B4%D5%A1%D5%BB%D5%B8+%2F+Massive+Lahmajo/data=!4m7!3m6!1s0x406aa36efb76b40b:0x69a88097ac9970d1!8m2!3d40.1984433!4d44.5679497!16s%2Fg%2F11l5hjj2v6!19sChIJC7R2-26jakAR0XCZrJeAqGk,"restaurant in Nor Nork, Yerevan"
0x406abddffae3a58d:0xfad426a985025c33,ՎՍՎ,Restaurant,ресторан,Ереван,"5C9Q+C37, Arno Babajanyan St, Yerevan, Armenia",+37493417757,,,,,,,,4.3,,open,,40.1685369,44.4376715,https://www.google.com/maps/place/%D5%8E%D5%8D%D5%8E/data=!4m7!3m6!1s0x406abddffae3a58d:0xfad426a985025c33!8m2!3d40.1685369!4d44.4376715!16s%2Fg%2F11f0l4sr66!19sChIJjaXj-t-9akARM1wChakm1Po,"restaurant in Malatia-Sebastia, Yerevan"
0x403e7b0058e05a4d:0xb98ebbd5f58f9af3,王子烧烤,Chinese restaurant,ресторан,Ереван,"13 Kochinyan St, Yerevan, Armenia",+37493549888,,,,,,,,4.8,,open,,40.1909671,44.5991088,https://www.google.com/maps/place/%E7%8E%8B%E5%AD%90%E7%83%A7%E7%83%A4/data=!4m7!3m6!1s0x403e7b0058e05a4d:0xb98ebbd5f58f9af3!8m2!3d40.1909671!4d44.5991088!16s%2Fg%2F11zxjkmkq2!19sChIJTVrgWAB7PkAR85qP9dW7jrk,"restaurant in Nor Nork, Yerevan"
0x406abdffcfff653d:0x8545add21655e4e5,1111 Beauty Boutique Yerevan,Beauty salon,салон красоты,Ереван,"37 Nalbandyan St, Yerevan, Armenia",+37433371111,,,,,,,,5.0,,open,,40.1831161,44.5221471,https://www.google.com/maps/place/1111+Beauty+Boutique+Yerevan/data=!4m7!3m6!1s0x406abdffcfff653d:0x8545add21655e4e5!8m2!3d40.1831161!4d44.5221471!16s%2Fg%2F11y6knrpsm!19sChIJPWX_z_-9akAR5eRVFtKtRYU,"beauty salon in Kentron, Yerevan"
0x406abd8374aab07b:0xda452ea37510a577,A&A Nail Couture,,салон красоты,Ереван,,,,,,,,,,,,open,,40.1791006,44.521422,https://www.google.com/maps/place/A%26A+Nail+Couture/data=!4m7!3m6!1s0x406abd8374aab07b:0xda452ea37510a577!8m2!3d40.1791006!4d44.521422!16s%2Fg%2F11jzqs2swh!19sChIJe7CqdIO9akARd6UQdaMuRdo,"beauty salon in Kentron, Yerevan"
0x406abdebd2a85b7d:0xc535903edf4a4bdd,ANDO ᴛʜᴇ ᴘʀᴏғᴇssɪᴏɴᴀʟs SALON,,салон красоты,Ереван,,,,,,,,,,,,open,,40.1750194,44.4834313,https://www.google.com/maps/place/ANDO+%E1%B4%9B%CA%9C%E1%B4%87+%E1%B4%98%CA%80%E1%B4%8F%D2%93%E1%B4%87ss%C9%AA%E1%B4%8F%C9%B4%E1%B4%80%CA%9Fs+SALON/data=!4m7!3m6!1s0x406abdebd2a85b7d:0xc535903edf4a4bdd!8m2!3d40.1750194!4d44.4834313!16s%2Fg%2F11rk6534_k!19sChIJfVuo0uu9akAR3UtK3z6QNcU,"beauty salon in Kentron, Yerevan"
0x406abce2db0c927b:0x21ba1a5730010ee,Aesthetic & Beauty Center LK,Beauty salon,салон красоты,Ереван,"40a Mesrop Mashtots Ave, Yerevan 0002, Armenia",+37493500122,,,,,,,,4.9,,open,,40.183846,44.5125557,https://www.google.com/maps/place/Aesthetic+%26+Beauty+Center+LK/data=!4m7!3m6!1s0x406abce2db0c927b:0x21ba1a5730010ee!8m2!3d40.183846!4d44.5125557!16s%2Fg%2F11c1qs5t92!19sChIJe5IM2-K8akAR7hAAc6WhGwI,"beauty salon in Kentron, Yerevan"
0x406abde83a5a04a9:0x37f19c6bce2d7138,Aga Kankanyan Image Studio,Beauty salon,салон красоты,Ереван,"14 Isahakyan St, Yerevan 0025, Armenia",+37410565895,,,,,,,,4.8,,open,,40.1855435,44.5243803,https://www.google.com/maps/place/Aga+Kankanyan+Image+Studio/data=!4m7!3m6!1s0x406abde83a5a04a9:0x37f19c6bce2d7138!8m2!3d40.1855435!4d44.5243803!16s%2Fg%2F11fb2_nlyv!19sChIJqQRaOui9akAROHEtzmuc8Tc,"beauty salon in Kentron, Yerevan"
0x406abd6cbedb967f:0x236d321d47054ec7,Aleen Color Lab,,салон красоты,Ереван,,,,,,,,,,,,open,,40.1802489,44.505056,https://www.google.com/maps/place/Aleen+Color+Lab/data=!4m7!3m6!1s0x406abd6cbedb967f:0x236d321d47054ec7!8m2!3d40.1802489!4d44.505056!16s%2Fg%2F11hzvx6wrs!19sChIJf5bbvmy9akARx04FRx0ybSM,"beauty salon in Kentron, Yerevan"
0x406abcfd2ba2f62b:0x36796d6571a8665e,Anka Beauty Salon,Beauty salon,салон красоты,Ереван,"33 Pushkin St, Yerevan 0002, Armenia",+37444880880,,,,,,,,4.7,,open,,40.1831369,44.5116954,https://www.google.com/maps/place/Anka+Beauty+Salon/data=!4m7!3m6!1s0x406abcfd2ba2f62b:0x36796d6571a8665e!8m2!3d40.1831369!4d44.5116954!16s%2Fg%2F11c20d8wpt!19sChIJK_aiK_28akARXmaocWVteTY,"beauty salon in Kentron, Yerevan"
0x406abd2161974477:0x5793e3fe2690227f,Ari beauty space,Beauty salon,салон красоты,Ереван,"20 Yervand Kochar St, Yerevan, Armenia",+37444123111,,,,,,,,5.0,,open,,40.1692737,44.5156527,https://www.google.com/maps/place/Ari+beauty+space/data=!4m7!3m6!1s0x406abd2161974477:0x5793e3fe2690227f!8m2!3d40.1692737!4d44.5156527!16s%2Fg%2F11zddzbh9z!19sChIJd0SXYSG9akARfyKQJv7jk1c,"beauty salon in Kentron, Yerevan"
0x406abd020646e84d:0xcb7ac37d0fc58eb4,Arminka Beauty Studio,Beauty salon,салон красоты,Ереван,"30 Martiros Saryan St, Yerevan 0002, Armenia",+37410563464,,,,,,,,4.8,,open,,40.1821836,44.5046091,https://www.google.com/maps/place/Arminka+Beauty+Studio/data=!4m7!3m6!1s0x406abd020646e84d:0xcb7ac37d0fc58eb4!8m2!3d40.1821836!4d44.5046091!16s%2Fg%2F1hf0jtbly!19sChIJTehGBgK9akARtI7FD33Dess,"beauty salon in Kentron, Yerevan"
0x406abd00481f41af:0xb7f49eeda369a2fa,Art of Beauty,Beauty salon,салон красоты,Ереван,"24 Sayat-Nova Ave, Yerevan 0001, Armenia",+37477937093,,,,,,,,5.0,,open,,40.1801528,44.5228856,https://www.google.com/maps/place/Art+of+Beauty/data=!4m7!3m6!1s0x406abd00481f41af:0xb7f49eeda369a2fa!8m2!3d40.1801528!4d44.5228856!16s%2Fg%2F11z2tm1dws!19sChIJr0EfSAC9akAR-qJpo-2e9Lc,"beauty salon in Kentron, Yerevan"
0x406abce2a8da68bf:0xe9d581f6e96ad6fc,Avo Beauty Salon,Beauty salon,салон красоты,Ереван,"54 Pushkin St, Yerevan 0002, Armenia",+37410539030,,,,,,,,4.4,,open,,40.1845111,44.5102769,https://www.google.com/maps/place/Avo+Beauty+Salon/data=!4m7!3m6!1s0x406abce2a8da68bf:0xe9d581f6e96ad6fc!8m2!3d40.1845111!4d44.5102769!16s%2Fg%2F1tfc52mf!19sChIJv2jaqOK8akAR_NZq6faB1ek,"beauty salon in Kentron, Yerevan"
0x406abd1c575250c1:0x28566d3e2b8a3889,Beauty Base,,салон красоты,Ереван,,,,,,,,,,,,open,,40.1874214,44.5091411,https://www.google.com/maps/place/Beauty+Base/data=!4m7!3m6!1s0x406abd1c575250c1:0x28566d3e2b8a3889!8m2!3d40.1874214!4d44.5091411!16s%2Fg%2F11f2xy3tjz!19sChIJwVBSVxy9akARiTiKKz5tVig,"beauty salon in Kentron, Yerevan"
0x406abdc649c9137f:0xc1cc03cf78ec75f9,Beauty Bureau,Beauty salon,салон красоты,Ереван,"39 Tumanyan St, Yerevan 0001, Armenia",+37455100661,,,,,,,,4.5,,open,,40.1871296,44.5105095,https://www.google.com/maps/place/Beauty+Bureau/data=!4m7!3m6!1s0x406abdc649c9137f:0xc1cc03cf78ec75f9!8m2!3d40.1871296!4d44.5105095!16s%2Fg%2F11ty2dz745!19sChIJfxPJSca9akAR-XXseM8DzME,"beauty salon in Kentron, Yerevan"
0x406abcff68e1e4f1:0xa061b0db3814f1a7,Beauty Salon Mari,,салон красоты,Ереван,,,,,,,,,,,,open,,40.1780582,44.5039838,https://www.google.com/maps/place/Beauty+Salon+Mari/data=!4m7!3m6!1s0x406abcff68e1e4f1:0xa061b0db3814f1a7!8m2!3d40.1780582!4d44.5039838!16s%2Fg%2F1pzt6k95g!19sChIJ8eThaP-8akARp_EUONuwYaA,"beauty salon in Kentron, Yerevan"
0x406abc5f77ec689d:0xccd68909de16b73f,Beauty Salon Monroe,,салон красоты,Ереван,,,,,,,,,,,,open,,40.1700045,44.5165913,https://www.google.com/maps/place/Beauty+Salon+Monroe/data=!4m7!3m6!1s0x406abc5f77ec689d:0xccd68909de16b73f!8m2!3d40.1700045!4d44.5165913!16s%2Fg%2F11cn3lhjz3!19sChIJnWjsd1-8akARP7cW3gmJ1sw,"beauty salon in Kentron, Yerevan"
0x406abd069e704409:0x894846232222aa2d,Beauty Time Yerevan,Beauty salon,салон красоты,Ереван,"6 Tpagrichner St, Yerevan, Armenia",+37498242206,,,,,,,,5.0,,open,,40.1786994,44.5187472,https://www.google.com/maps/place/Beauty+Time+Yerevan/data=!4m7!3m6!1s0x406abd069e704409:0x894846232222aa2d!8m2!3d40.1786994!4d44.5187472!16s%2Fg%2F11ybhwhswn!19sChIJCURwnga9akARLaoiIiNGSIk,"beauty salon in Kentron, Yerevan"
0x406abd7434e4c793:0x26b273077033fc22,Beauty Vibe,,салон красоты,Ереван,,,,,,,,,,,,open,,40.183158,44.5034623,https://www.google.com/maps/place/Beauty+Vibe/data=!4m7!3m6!1s0x406abd7434e4c793:0x26b273077033fc22!8m2!3d40.183158!4d44.5034623!16s%2Fg%2F11vpxzqsy2!19sChIJk8fkNHS9akARIvwzcAdzsiY,"beauty salon in Kentron, Yerevan"
0x406abd766c177c2b:0xd5e356668b5b6f4e,Blend Salon,Beauty salon,салон красоты,Ереван,"18/4 Arshakunyats Ave, Yerevan, Armenia",+37441050590,,,,,,,,5.0,,open,,40.1672161,44.5040316,https://www.google.com/maps/place/Blend+Salon/data=!4m7!3m6!1s0x406abd766c177c2b:0xd5e356668b5b6f4e!8m2!3d40.1672161!4d44.5040316!16s%2Fg%2F11nq1r0vzy!19sChIJK3wXbHa9akARTm9bi2ZW49U,"beauty salon in Kentron, Yerevan"
0x406abd8bea872911:0xa9992de36cc3abca,Bloomybeauty,Beauty salon,салон красоты,Ереван,"6 Koryun St, Yerevan, Armenia",+37498564846,,,,,,,,5.0,,open,,40.1886509,44.5241598,https://www.google.com/maps/place/Bloomybeauty/data=!4m7!3m6!1s0x406abd8bea872911:0xa9992de36cc3abca!8m2!3d40.1886509!4d44.5241598!16s%2Fg%2F11zypb01lk!19sChIJESmH6ou9akARyqvDbOMtmak,"beauty salon in Kentron, Yerevan"
0x406abd1930d624f7:0x60260c78a498c801,CMYK Beauty Studio,,салон красоты,Ереван,,,,,,,,,,,,open,,40.1874058,44.5096095,https://www.google.com/maps/place/CMYK+Beauty+Studio/data=!4m7!3m6!1s0x406abd1930d624f7:0x60260c78a498c801!8m2!3d40.1874058!4d44.5096095!16s%2Fg%2F11ss8ctw13!19sChIJ9yTWMBm9akARAciYpHgMJmA,"beauty salon in Kentron, Yerevan"
0x406abddd1c35fc73:0xcd81606eaed87421,Diana Hakobyan Beauty Salon,Hairdresser,салон красоты,Ереван,"Паронян 1 83-територия, 1 Paronyan St, Yerevan 0015, Armenia",+37494875692,,,,,,,,5.0,,open,,40.1779279,44.5030621,https://www.google.com/maps/place/Diana+Hakobyan+Beauty+Salon/data=!4m7!3m6!1s0x406abddd1c35fc73:0xcd81606eaed87421!8m2!3d40.1779279!4d44.5030621!16s%2Fg%2F11rv6lvvx3!19sChIJc_w1HN29akARIXTYrm5ggc0,"beauty salon in Kentron, Yerevan"
0x406abcfd39032fb5:0x571760daee43049d,El Ka Beauty Salon,,салон красоты,Ереван,,,,,,,,,,,,open,,40.1783748,44.5074643,https://www.google.com/maps/place/El+Ka+Beauty+Salon/data=!4m7!3m6!1s0x406abcfd39032fb5:0x571760daee43049d!8m2!3d40.1783748!4d44.5074643!16s%2Fg%2F11f48kmy11!19sChIJtS8DOf28akARnQRD7tpgF1c,"beauty salon in Kentron, Yerevan"
0x406abd645f42fc8d:0xcbf5804d9c9d2d8f,Ellna Beauty Salon,,салон красоты,Ереван,,,,,,,,,,,,open,,40.1841468,44.5177918,https://www.google.com/maps/place/Ellna+Beauty+Salon/data=!4m7!3m6!1s0x406abd645f42fc8d:0xcbf5804d9c9d2d8f!8m2!3d40.1841468!4d44.5177918!16s%2Fg%2F11v0j57535!19sChIJjfxCX2S9akARjy2dnE2A9cs,"beauty salon in Kentron, Yerevan"
0x406abd3969b2e13f:0x1ae41028e766bf7c,Elya Ghazaryan Nail Studio,,салон красоты,Ереван,,,,,,,,,,,,open,,40.1845824,44.5067111,https://www.google.com/maps/place/Elya+Ghazaryan+Nail+Studio/data=!4m7!3m6!1s0x406abd3969b2e13f:0x1ae41028e766bf7c!8m2!3d40.1845824!4d44.5067111!16s%2Fg%2F11ksf5w9hk!19sChIJP-GyaTm9akARfL9m5ygQ5Bo,"beauty salon in Kentron, Yerevan"
0x406abdf09a5c747b:0xeba4e171ea34fc4b,Excelsior nail corner and more,,салон красоты,Ереван,,,,,,,,,,,,open,,40.1858588,44.5111599,https://www.google.com/maps/place/Excelsior+nail+corner+and+more/data=!4m7!3m6!1s0x406abdf09a5c747b:0xeba4e171ea34fc4b!8m2!3d40.1858588!4d44.5111599!16s%2Fg%2F11ly1d_49f!19sChIJe3RcmvC9akARS_w06nHhpOs,"beauty salon in Kentron, Yerevan"
0x406abd00444f92af:0x9c8e5d4555575596,Express Chic,,салон красоты,Ереван,,,,,,,,,,,,open,,40.1853474,44.5104978,https://www.google.com/maps/place/Express+Chic/data=!4m7!3m6!1s0x406abd00444f92af:0x9c8e5d4555575596!8m2!3d40.1853474!4d44.5104978!16s%2Fg%2F11z4d8_qbm!19sChIJr5JPRAC9akARllVXVUVdjpw,"beauty salon in Kentron, Yerevan"
0x6182a7e2a7f0ae5b:0x6efbe94f4e41f481,Form,,салон красоты,Ереван,,,,,,,,,,,,open,,40.168168,44.506436,https://www.google.com/maps/place/Form/data=!4m7!3m6!1s0x6182a7e2a7f0ae5b:0x6efbe94f4e41f481!8m2!3d40.168168!4d44.506436!16s%2Fg%2F11xf2j_dnj!19sChIJW67wp-KngmERgfRBTk_p-24,"beauty salon in Kentron, Yerevan"
0xaa6910fd97e86713:0xbe874be499d91b88,GRIGORYAN beauty stage,Beauty salon,салон красоты,Ереван,"8/1 ул. Вагана Теряна, Yerevan 0001, Armenia",+37499909390,,,,,,,,5.0,,open,,40.181385,44.5128913,https://www.google.com/maps/place/GRIGORYAN+beauty+stage/data=!4m7!3m6!1s0xaa6910fd97e86713:0xbe874be499d91b88!8m2!3d40.181385!4d44.5128913!16s%2Fg%2F11rgdl6g0b!19sChIJE2fol_0QaaoRiBvZmeRLh74,"beauty salon in Kentron, Yerevan"
0x406abd4d6613342d:0x56ace8c94cd5ba73,Gloss Beauty Space,Beauty salon,салон красоты,Ереван,"26, 1 Vazgen Sargsyan St, Yerevan, Armenia",+37444272777,,,,,,,,4.5,,open,,40.1762886,44.5125075,https://www.google.com/maps/place/Gloss+Beauty+Space/data=!4m7!3m6!1s0x406abd4d6613342d:0x56ace8c94cd5ba73!8m2!3d40.1762886!4d44.5125075!16s%2Fg%2F11krqcqwld!19sChIJLTQTZk29akARc7rVTMnorFY,"beauty salon in Kentron, Yerevan"
0x406abd2b3e1acd45:0xace1b380a9f8e68f,HAIR SALON ARSEN ABRAHAMYAN,,салон красоты,Ереван,,,,,,,,,,,,open,,40.1822935,44.5178702,https://www.google.com/maps/place/HAIR+SALON+ARSEN+ABRAHAMYAN/data=!4m7!3m6!1s0x406abd2b3e1acd45:0xace1b380a9f8e68f!8m2!3d40.1822935!4d44.5178702!16s%2Fg%2F11fd76f_l0!19sChIJRc0aPiu9akARj-b4qYCz4aw,"beauty salon in Kentron, Yerevan"
0x406abd811ea081df:0xc37d23339bade517,Hair Lust,Beauty salon,салон красоты,Ереван,"Spendaryan 1, Yerevan 0002, Armenia",+37495594370,,,,,,,,4.7,,open,,40.18766,44.5124702,https://www.google.com/maps/place/Hair+Lust/data=!4m7!3m6!1s0x406abd811ea081df:0xc37d23339bade517!8m2!3d40.18766!4d44.5124702!16s%2Fg%2F11vs7s9zcd!19sChIJ34GgHoG9akARF-WtmzMjfcM,"beauty salon in Kentron, Yerevan"
0x406abda6d8750bd7:0x20ccc376bb8286aa,Icon Beauty Salon,Beauty salon,салон красоты,Ереван,"6 Byron St, Yerevan 0009, Armenia",+37495089888,,,,,,,,5.0,,open,,40.1862219,44.5178577,https://www.google.com/maps/place/Icon+Beauty+Salon/data=!4m7!3m6!1s0x406abda6d8750bd7:0x20ccc376bb8286aa!8m2!3d40.1862219!4d44.5178577!16s%2Fg%2F11ntffq5qw!19sChIJ1wt12Ka9akARqoaCu3bDzCA,"beauty salon in Kentron, Yerevan"
0x406abdb82eb53fc5:0x10b76da67d7ec7ac,Ilona Vip Spa & Beauty Centre,,салон красоты,Ереван,,,,,,,,,,,,open,,40.1818652,44.5214191,https://www.google.com/maps/place/Ilona+Vip+Spa+%26+Beauty+Centre/data=!4m7!3m6!1s0x406abdb82eb53fc5:0x10b76da67d7ec7ac!8m2!3d40.1818652!4d44.5214191!16s%2Fg%2F11h07v7qj_!19sChIJxT-1Lri9akARrMd-faZttxA,"beauty salon in Kentron, Yerevan"
0x406abd0036914fb7:0x3e5cd5a0709bd634,LA Beauty Salon,Beauty salon,салон красоты,Ереван,"1, 2 Tsitsernakaberd Hwy, Yerevan 0082, Armenia",+37494297729,,,,,,,,5.0,,open,,40.1789253,44.4893064,https://www.google.com/maps/place/LA+Beauty+Salon/data=!4m7!3m6!1s0x406abd0036914fb7:0x3e5cd5a0709bd634!8m2!3d40.1789253!4d44.4893064!16s%2Fg%2F11vysjbpcz!19sChIJt0-RNgC9akARNNabcKDVXD4,"beauty salon in Kentron, Yerevan"
0x406abde2af36276f:0x892164971d502c01,Laser Glam Yerevan,Beauty salon,салон красоты,Ереван,"Hanrapetutyan St, Yerevan 0002, Armenia",+37493043777,,,,,,,,4.9,,open,,40.1782744,44.5202456,https://www.google.com/maps/place/Laser+Glam+Yerevan/data=!4m7!3m6!1s0x406abde2af36276f:0x892164971d502c01!8m2!3d40.1782744!4d44.5202456!16s%2Fg%2F11txztqhdm!19sChIJbyc2r-K9akARASxQHZdkIYk,"beauty salon in Kentron, Yerevan"
0x406abd02562a9e17:0x6504b80e6fdcf052,Le Beauty,,салон красоты,Ереван,,,,,,,,,,,,open,,40.1710532,44.5204368,https://www.google.com/maps/place/Le+Beauty/data=!4m7!3m6!1s0x406abd02562a9e17:0x6504b80e6fdcf052!8m2!3d40.1710532!4d44.5204368!16s%2Fg%2F11zxv3z_c5!19sChIJF54qVgK9akARUvDcbw64BGU,"beauty salon in Kentron, Yerevan"
0x85244758aa66c6ef:0xbaf078cfd9c3d6b3,Le Grotte Aesthetic Sanctuary,,салон красоты,Ереван,,,,,,,,,,,,open,,40.1787947,44.5220973,https://www.google.com/maps/place/Le+Grotte+Aesthetic+Sanctuary/data=!4m7!3m6!1s0x85244758aa66c6ef:0xbaf078cfd9c3d6b3!8m2!3d40.1787947!4d44.5220973!16s%2Fg%2F11yn2z3ddv!19sChIJ78ZmqlhHJIURs9bD2c948Lo,"beauty salon in Kentron, Yerevan"
0x406abd701efc5abd:0x9f19538ad0f12395,MK beauty Salon,,салон красоты,Ереван,,,,,,,,,,,,open,,40.1675066,44.5130573,https://www.google.com/maps/place/MK+beauty+Salon/data=!4m7!3m6!1s0x406abd701efc5abd:0x9f19538ad0f12395!8m2!3d40.1675066!4d44.5130573!16s%2Fg%2F11pw1_h8s_!19sChIJvVr8HnC9akARlSPx0IpTGZ8,"beauty salon in Kentron, Yerevan"
0x406abd007c663fad:0x487c8623b309b2e3,MODERN BEAUTY YEREVAN,,салон красоты,Ереван,,,,,,,,,,,,open,,40.1873154,44.5069982,https://www.google.com/maps/place/MODERN+BEAUTY+YEREVAN/data=!4m7!3m6!1s0x406abd007c663fad:0x487c8623b309b2e3!8m2!3d40.1873154!4d44.5069982!16s%2Fg%2F11wp9m1f63!19sChIJrT9mfAC9akAR47IJsyOGfEg,"beauty salon in Kentron, Yerevan"
0x406abce53f0da21d:0x8c9821af475aff63,Michelle Ange Beauty Salon & Spa,,салон красоты,Ереван,,,,,,,,,,,,open,,40.1805376,44.519667,https://www.google.com/maps/place/Michelle+Ange+Beauty+Salon+%26+Spa/data=!4m7!3m6!1s0x406abce53f0da21d:0x8c9821af475aff63!8m2!3d40.1805376!4d44.519667!16s%2Fg%2F11c54j447d!19sChIJHaINP-W8akARY_9aR68hmIw,"beauty salon in Kentron, Yerevan"
0x406abdeb46222c0b:0x11957967a6c3e0a7,Nail & Beauty Lounge,Beauty salon,салон красоты,Ереван,"13 Vardanants St, Yerevan 0010, Armenia",+37494906393,,,,,,,,4.8,,open,,40.1765986,44.5198998,https://www.google.com/maps/place/Nail+%26+Beauty+Lounge/data=!4m7!3m6!1s0x406abdeb46222c0b:0x11957967a6c3e0a7!8m2!3d40.1765986!4d44.5198998!16s%2Fg%2F11rtzg0tts!19sChIJCywiRuu9akARp-DDpmd5lRE,"beauty salon in Kentron, Yerevan"
0x3fa7d7fcb864b23:0x8402108231ed89eb,Nailroom by Oksana,,салон красоты,Ереван,,,,,,,,,,,,open,,40.1888513,44.5130444,https://www.google.com/maps/place/Nailroom+by+Oksana/data=!4m7!3m6!1s0x3fa7d7fcb864b23:0x8402108231ed89eb!8m2!3d40.1888513!4d44.5130444!16s%2Fg%2F11vkcr_bpt!19sChIJI0uGy399-gMR64ntMYIQAoQ,"beauty salon in Kentron, Yerevan"
0x406abce11d5131bd:0x4bea35ee117ce51,Nano Beauty Salon,Beauty salon,салон красоты,Ереван,"19 Moskovyan Street, Yerevan 0009, Armenia",+37410520616,,,,,,,,5.0,,open,,40.1866137,44.5204832,https://www.google.com/maps/place/Nano+Beauty+Salon/data=!4m7!3m6!1s0x406abce11d5131bd:0x4bea35ee117ce51!8m2!3d40.1866137!4d44.5204832!16s%2Fg%2F11f086g334!19sChIJvTFRHeG8akARUc4X4V6jvgQ,"beauty salon in Kentron, Yerevan"
0x406abd1fed7a1041:0xfd9849943311250e,Prolase Armenia,,салон красоты,Ереван,,,,,,,,,,,,open,,40.1898198,44.5178462,https://www.google.com/maps/place/Prolase+Armenia/data=!4m7!3m6!1s0x406abd1fed7a1041:0xfd9849943311250e!8m2!3d40.1898198!4d44.5178462!16s%2Fg%2F11gfkh8d5y!19sChIJQRB67R-9akARDiURM5RJmP0,"beauty salon in Kentron, Yerevan"
0x406abd0866874395:0xeb7f5db55896913e,Rihanna Beauty Salon Studio,,салон красоты,Ереван,,,,,,,,,,,,open,,40.1894487,44.5163252,https://www.google.com/maps/place/Rihanna+Beauty+Salon+Studio/data=!4m7!3m6!1s0x406abd0866874395:0xeb7f5db55896913e!8m2!3d40.1894487!4d44.5163252!16s%2Fg%2F11h565szxy!19sChIJlUOHZgi9akARPpGWWLVdf-s,"beauty salon in Kentron, Yerevan"
0x406abdfabaa2d117:0x8eca690a10b4170d,SALON AVENUE,Beauty salon,салон красоты,Ереван,"6 Northern Ave, Yerevan, Armenia",+37477816777,,,,,,,,4.2,,open,,40.1835724,44.5141842,https://www.google.com/maps/place/SALON+AVENUE/data=!4m7!3m6!1s0x406abdfabaa2d117:0x8eca690a10b4170d!8m2!3d40.1835724!4d44.5141842!16s%2Fg%2F11h1s3pd45!19sChIJF9Giuvq9akARDRe0EAppyo4,"beauty salon in Kentron, Yerevan"
0x5c9474862dcdcdf:0x7fd5cafd7070099e,Shine Laser Studio,Beauty salon,салон красоты,Ереван,"13 Leo St, Yerevan, Armenia",+37441090792,,,,,,,,5.0,,open,,40.1793788,44.5022487,https://www.google.com/maps/place/Shine+Laser+Studio/data=!4m7!3m6!1s0x5c9474862dcdcdf:0x7fd5cafd7070099e!8m2!3d40.1793788!4d44.5022487!16s%2Fg%2F11zbh1_xc7!19sChIJ39zcYkhHyQURnglwcP3K1X8,"beauty salon in Kentron, Yerevan"
0x406abd3c8783fb55:0x42cd9907c5937e52,Shine beauty salon,Laser hair removal service,салон красоты,Ереван,"7, 72 Yervand Kochar St, St 0010, Armenia",+37494849989,,,,,,,,5.0,,open,,40.1716259,44.5192408,https://www.google.com/maps/place/Shine+beauty+salon/data=!4m7!3m6!1s0x406abd3c8783fb55:0x42cd9907c5937e52!8m2!3d40.1716259!4d44.5192408!16s%2Fg%2F11frt5glcd!19sChIJVfuDhzy9akARUn6TxQeZzUI,"beauty salon in Kentron, Yerevan"
0x406abd47bd0352f3:0x18b73014a519159,Shu Shu beauty studio,,салон красоты,Ереван,,,,,,,,,,,,open,,40.1777382,44.5272447,https://www.google.com/maps/place/Shu+Shu+beauty+studio/data=!4m7!3m6!1s0x406abd47bd0352f3:0x18b73014a519159!8m2!3d40.1777382!4d44.5272447!16s%2Fg%2F11kjnb35jz!19sChIJ81IDvUe9akARWZFRSgFziwE,"beauty salon in Kentron, Yerevan"
0x406abdff3e42676b:0x104ec0c172d191e7,Sona Beauty Salon,,салон красоты,Ереван,,,,,,,,,,,,open,,40.1766717,44.5189637,https://www.google.com/maps/place/Sona+Beauty+Salon/data=!4m7!3m6!1s0x406abdff3e42676b:0x104ec0c172d191e7!8m2!3d40.1766717!4d44.5189637!16s%2Fg%2F11t637h_zp!19sChIJa2dCPv-9akAR55HRcsHAThA,"beauty salon in Kentron, Yerevan"
0x406abd33405b6065:0xa8de65c971e4b0dd,Studio36_beauty center,,салон красоты,Ереван,,,,,,,,,,,,open,,40.1821118,44.5055691,https://www.google.com/maps/place/Studio36_beauty+center/data=!4m7!3m6!1s0x406abd33405b6065:0xa8de65c971e4b0dd!8m2!3d40.1821118!4d44.5055691!16s%2Fg%2F11gn21fs2k!19sChIJZWBbQDO9akAR3bDkccll3qg,"beauty salon in Kentron, Yerevan"
0x406abd033ae94527:0x2067da5824cd5e97,Tatev’S Studio,,салон красоты,Ереван,,,,,,,,,,,,open,,40.1811101,44.5122071,https://www.google.com/maps/place/Tatev%E2%80%99S+Studio/data=!4m7!3m6!1s0x406abd033ae94527:0x2067da5824cd5e97!8m2!3d40.1811101!4d44.5122071!16s%2Fg%2F11fkjyn5pk!19sChIJJ0XpOgO9akARl17NJFjaZyA,"beauty salon in Kentron, Yerevan"
0x406abd1f46f6a9ed:0xf6cc296196483029,The Move Beauty Salon,Beauty salon,салон красоты,Ереван,"39/1 Tumanyan St, Yerevan 0002, Armenia",+37494088711,,,,,,,,5.0,,open,,40.1871113,44.5104503,https://www.google.com/maps/place/The+Move+Beauty+Salon/data=!4m7!3m6!1s0x406abd1f46f6a9ed:0xf6cc296196483029!8m2!3d40.1871113!4d44.5104503!16s%2Fg%2F11mf7tqmkj!19sChIJ7an2Rh-9akARKTBIlmEpzPY,"beauty salon in Kentron, Yerevan"
0x406abdc672612479:0xa3276b7b4d19c0b8,The Nail Place,,салон красоты,Ереван,,,,,,,,,,,,open,,40.1769213,44.5192424,https://www.google.com/maps/place/The+Nail+Place/data=!4m7!3m6!1s0x406abdc672612479:0xa3276b7b4d19c0b8!8m2!3d40.1769213!4d44.5192424!16s%2Fg%2F11rnny1dch!19sChIJeSRhcsa9akARuMAZTXtrJ6M,"beauty salon in Kentron, Yerevan"
0x406abd87b1cc768f:0xf26d9e73b261c4ea,Velvet Studio Hub,Beauty salon,салон красоты,Ереван,"13 Sarmen St, Yerevan, Armenia",+37433997950,,,,,,,,5.0,,open,,40.190597,44.516396,https://www.google.com/maps/place/Velvet+Studio+Hub/data=!4m7!3m6!1s0x406abd87b1cc768f:0xf26d9e73b261c4ea!8m2!3d40.190597!4d44.516396!16s%2Fg%2F11zx0sgx_q!19sChIJj3bMsYe9akAR6sRhsnOebfI,"beauty salon in Kentron, Yerevan"
0x406abc243fb7c787:0xbc386721b98fd43,julhakyans.official,Beauty salon,салон красоты,Ереван,"6, 44 Zakyan St, Yerevan, Armenia",+37495343433,,,,,,,,4.6,,open,,40.1775239,44.5072972,https://www.google.com/maps/place/julhakyans.official/data=!4m7!3m6!1s0x406abc243fb7c787:0xbc386721b98fd43!8m2!3d40.1775239!4d44.5072972!16s%2Fg%2F11c5629j9l!19sChIJh8e3PyS8akARQ_2YG3KGwws,"beauty salon in Kentron, Yerevan"
0x406abce52dd32239:0x2e700541eed36ad8,ԷՎԵԼԻՆԱ,Beauty salon,салон красоты,Ереван,"Նալբանդյան 17 փողոց, Yerevan 0010, Armenia",+37491629689,,,,,,,,4.6,,open,,40.1803449,44.5179456,https://www.google.com/maps/place/%D4%B7%D5%8E%D4%B5%D4%BC%D4%BB%D5%86%D4%B1/data=!4m7!3m6!1s0x406abce52dd32239:0x2e700541eed36ad8!8m2!3d40.1803449!4d44.5179456!16s%2Fg%2F1yg4vbgpz!19sChIJOSLTLeW8akAR2GrT7kEFcC4,"beauty salon in Kentron, Yerevan"
0x406abce0a8e633cf:0x9d1207d9bfca2dc7,"""Deluxe"" Dental Center",Dental clinic,стоматология,Ереван,"45, 1 Karapet Ulnetsi St, Yerevan, Armenia",+37410543582,,,,,,,,5.0,,open,,40.2042743,44.5350349,https://www.google.com/maps/place/%22Deluxe%22+Dental+Center/data=!4m7!3m6!1s0x406abce0a8e633cf:0x9d1207d9bfca2dc7!8m2!3d40.2042743!4d44.5350349!16s%2Fg%2F11c714jm25!19sChIJzzPmqOC8akARxy3Kv9kHEp0,"dentist in Kentron, Yerevan"
0x406abdc2582eb64b:0x7390dd2965cbc122,"""Maktus Dent""",Dental clinic,стоматология,Ереван,"19 Raffi St, Yerevan 0004, Armenia",+37410740542,,,,,,,,5.0,,open,,40.1740148,44.4520458,https://www.google.com/maps/place/%22Maktus+Dent%22/data=!4m7!3m6!1s0x406abdc2582eb64b:0x7390dd2965cbc122!8m2!3d40.1740148!4d44.4520458!16s%2Fg%2F1tdgn9p6!19sChIJS7YuWMK9akARIsHLZSndkHM,"dentist in Malatia-Sebastia, Yerevan"
0x406abcea0c776e09:0xfaa5bd38c7cec117,"""Nork"" Children's Dental Clinic. Hovard Karagheusian medical benevolent social organization",Dental clinic,стоматология,Ереван,"5GJP+GG5, Armenak Armenakian back, Yerevan, Armenia",,,,,,,,,5.0,,open,,40.1812599,44.5363621,https://www.google.com/maps/place/%22Nork%22+Children%27s+Dental+Clinic.+Hovard+Karagheusian+medical+benevolent+social+organization/data=!4m7!3m6!1s0x406abcea0c776e09:0xfaa5bd38c7cec117!8m2!3d40.1812599!4d44.5363621!16s%2Fg%2F11dymqsglj!19sChIJCW53DOq8akARF8HOxzi9pfo,"dentist in Nor Nork, Yerevan"
0x406abbf22e67ccd5:0x5de8c3772b40e643,"""Նորադենտ"" Ստոմատոլոգիական Կլինիկա",Dental clinic,стоматология,Ереван,"0020, 23 Erebuni St, Yerevan 0020, Armenia",+37410451141,,,,,,,,2.1,,open,,40.1421153,44.5239079,https://www.google.com/maps/place/%22%D5%86%D5%B8%D6%80%D5%A1%D5%A4%D5%A5%D5%B6%D5%BF%22+%D5%8D%D5%BF%D5%B8%D5%B4%D5%A1%D5%BF%D5%B8%D5%AC%D5%B8%D5%A3%D5%AB%D5%A1%D5%AF%D5%A1%D5%B6+%D4%BF%D5%AC%D5%AB%D5%B6%D5%AB%D5%AF%D5%A1/data=!4m7!3m6!1s0x406abbf22e67ccd5:0x5de8c3772b40e643!8m2!3d40.1421153!4d44.5239079!16s%2Fg%2F11ggr50q4b!19sChIJ1cxnLvK7akARQ-ZAK3fD6F0,"dentist in Erebuni, Yerevan"
0x406abd439196d203:0x2cb450e7b8ff0747,A&S Dental Clinic,Dental clinic,стоматология,Ереван,"13A Mesrop Mashtots Ave, Yerevan, Armenia",,,,,,,,,3.7,,open,,40.181678,44.5076168,https://www.google.com/maps/place/A%26S+Dental+Clinic/data=!4m7!3m6!1s0x406abd439196d203:0x2cb450e7b8ff0747!8m2!3d40.181678!4d44.5076168!16s%2Fg%2F11jgr7tzr6!19sChIJA9KWkUO9akARRwf_uOdQtCw,"dentist in Kentron, Yerevan"
0x406a98017a8c697b:0xe9d8f1ab472e84,ABRAHAMYAN DENTAL & IMPLANT CLINIC,Dental clinic,стоматология,Ереван,"39 building, Tigran Petrosyan St, Yerevan 0054, Armenia",+37441620062,,,,,,,,4.9,,open,,40.2232233,44.4960628,https://www.google.com/maps/place/ABRAHAMYAN+DENTAL+%26+IMPLANT+CLINIC/data=!4m7!3m6!1s0x406a98017a8c697b:0xe9d8f1ab472e84!8m2!3d40.2232233!4d44.4960628!16s%2Fg%2F11g9j2xhj4!19sChIJe2mMegGYakARhC5Hq_HY6QA,"dentist in Arabkir, Yerevan"
0x406abd63c0ce5e81:0xd723c6ca9a79af92,ANDRADENT Dental Clinic/ ԱՆԴՐԱԴԵՆՏ,Dental clinic,стоматология,Ереван,"65 Halabyan St, Yerevan, Armenia",+37496220460,,,,,,,,5.0,,open,,40.2048934,44.4795479,https://www.google.com/maps/place/ANDRADENT+Dental+Clinic%2F+%D4%B1%D5%86%D4%B4%D5%90%D4%B1%D4%B4%D4%B5%D5%86%D5%8F/data=!4m7!3m6!1s0x406abd63c0ce5e81:0xd723c6ca9a79af92!8m2!3d40.2048934!4d44.4795479!16s%2Fg%2F11f3jbyqmx!19sChIJgV7OwGO9akARkq95msrGI9c,"dentist in Arabkir, Yerevan"
0x406abd0635623a75:0x7019c5178129d32a,AO Dental Clinic,Dentist,стоматология,Ереван,"43 Pushkin St, Yerevan 0002, Armenia",+37441712171,,,,,,,,5.0,,open,,40.184511,44.509523,https://www.google.com/maps/place/AO+Dental+Clinic/data=!4m7!3m6!1s0x406abd0635623a75:0x7019c5178129d32a!8m2!3d40.184511!4d44.509523!16s%2Fg%2F11w8pkc_r9!19sChIJdTpiNQa9akARKtMpgRfFGXA,"dentist in Kentron, Yerevan"
0x406abd61e8b3987b:0x6b77a2bec0f02570,APEX dental clinic-Yerevan,Dental clinic,стоматология,Ереван,"39, 10 Raffi St, Yerevan 0064, Armenia",+37496969600,,,,,,,,5.0,,open,,40.1731127,44.4455523,https://www.google.com/maps/place/APEX+dental+clinic-Yerevan/data=!4m7!3m6!1s0x406abd61e8b3987b:0x6b77a2bec0f02570!8m2!3d40.1731127!4d44.4455523!16s%2Fg%2F11ltj9fbgw!19sChIJe5iz6GG9akARcCXwwL6id2s,"dentist in Malatia-Sebastia, Yerevan"
0x406abc7582881321:0x4947e187228086d0,ARTDENT,Hospital,стоматология,Ереван,"5G2F+226, Yerevan, Armenia",+37495325522,,,,,,,,5.0,,open,,40.150047,44.522518,https://www.google.com/maps/place/ARTDENT/data=!4m7!3m6!1s0x406abc7582881321:0x4947e187228086d0!8m2!3d40.150047!4d44.522518!16s%2Fg%2F11crz15zp2!19sChIJIROIgnW8akAR0IaAIofhR0k,"dentist in Erebuni, Yerevan"
0x406aa345e9ba2853:0x3d7330935f0c29fc,ATC Dental Clinic,Dental clinic,стоматология,Ереван,"5 Paruyr Sevak St, Yerevan 0069, Armenia",+37495550707,,,,,,,,,,open,,40.2109103,44.5342441,https://www.google.com/maps/place/ATC+Dental+Clinic/data=!4m7!3m6!1s0x406aa345e9ba2853:0x3d7330935f0c29fc!8m2!3d40.2109103!4d44.5342441!16s%2Fg%2F11z4yw0nc5!19sChIJUyi66UWjakAR_CkMX5Mwcz0,"dentist in Nor Nork, Yerevan"
0x406abdbbebf830a1:0xbc755cc886e84bb0,"Ale Gharibian, DMD",Dentist,стоматология,Ереван,"37 Gyulbenkyan St, Yerevan 0033, Armenia",+37444220430,,,,,,,,5.0,,open,,40.2024732,44.4940249,"https://www.google.com/maps/place/Ale+Gharibian,+DMD/data=!4m7!3m6!1s0x406abdbbebf830a1:0xbc755cc886e84bb0!8m2!3d40.2024732!4d44.4940249!16s%2Fg%2F11q9m9g29x!19sChIJoTD467u9akARsEvohshcdbw","dentist in Arabkir, Yerevan"
0x406abd6a940291cb:0x71d50d063e9624be,AlmaDent,Dental clinic,стоматология,Ереван,"0033, 30 Gyulbenkyan St, Yerevan 0033, Armenia",+37410260300,,,,,,,,5.0,,open,,40.2000599,44.4962956,https://www.google.com/maps/place/AlmaDent/data=!4m7!3m6!1s0x406abd6a940291cb:0x71d50d063e9624be!8m2!3d40.2000599!4d44.4962956!16s%2Fg%2F11c1q9yvbl!19sChIJy5EClGq9akARviSWPgYN1XE,"dentist in Arabkir, Yerevan"
0x406abd43f347c6bd:0x2af78555a7655e57,Ani Dent,Dental clinic,стоматология,Ереван,"37 Gyulbenkyan St, Yerevan 0033, Armenia",+37410229030,,,,,,,,4.0,,open,,40.2024732,44.4940249,https://www.google.com/maps/place/Ani+Dent/data=!4m7!3m6!1s0x406abd43f347c6bd:0x2af78555a7655e57!8m2!3d40.2024732!4d44.4940249!16s%2Fg%2F11pv61wp35!19sChIJvcZH80O9akARV15lp1WF9yo,"dentist in Arabkir, Yerevan"
0x406abd50d0343cdf:0x32f50b020e9623e3,Ar Dent,Dentist,стоматология,Ереван,"26 Mantashian St, Yerevan 0006, Armenia",+37494944107,,,,,,,,5.0,,open,,40.1510432,44.4886689,https://www.google.com/maps/place/Ar+Dent/data=!4m7!3m6!1s0x406abd50d0343cdf:0x32f50b020e9623e3!8m2!3d40.1510432!4d44.4886689!16s%2Fg%2F11svn_dft_!19sChIJ3zw00FC9akAR4yOWDgIL9TI,"dentist in Kentron, Yerevan"
0x406abd346f57ef9d:0xbbffda1d4d59626d,Armare Dent,Dental clinic,стоматология,Ереван,"57 Komitas Ave, Yerevan 0014, Armenia",+37410235654,,,,,,,,4.9,,open,,40.2066374,44.5206811,https://www.google.com/maps/place/Armare+Dent/data=!4m7!3m6!1s0x406abd346f57ef9d:0xbbffda1d4d59626d!8m2!3d40.2066374!4d44.5206811!16s%2Fg%2F1q6j6fjv3!19sChIJne9XbzS9akARbWJZTR3a_7s,"dentist in Arabkir, Yerevan"
0x406abcdee51615c3:0xbc1d360ad7e0ffd0,ArseDent,Dentist,стоматология,Ереван,"54 Abovyan St, Yerevan 0025, Armenia",+37410561766,,,,,,,,4.6,,open,,40.1897255,44.5263608,https://www.google.com/maps/place/ArseDent/data=!4m7!3m6!1s0x406abcdee51615c3:0xbc1d360ad7e0ffd0!8m2!3d40.1897255!4d44.5263608!16s%2Fg%2F113jpslct!19sChIJwxUW5d68akAR0P_g1wo2Hbw,"dentist in Kentron, Yerevan"
0x406abd512e0f5e15:0x5868b414de55f10d,Asatur Gyogchyan,Dentist,стоматология,Ереван,"11/3 Argishti St, Yerevan, Armenia",+37499662303,,,,,,,,,,open,,40.1698458,44.5039398,https://www.google.com/maps/place/Asatur+Gyogchyan/data=!4m7!3m6!1s0x406abd512e0f5e15:0x5868b414de55f10d!8m2!3d40.1698458!4d44.5039398!16s%2Fg%2F11nqr873yg!19sChIJFV4PLlG9akARDfFV3hS0aFg,"dentist in Shengavit, Yerevan"
0x406abd7f6c41db55:0xdc387a3b76786f5c,Atamis Dental Clinic,Dental clinic,стоматология,Ереван,"8 Street Orbeli Brothers St, Yerevan, Armenia",+37477282855,,,,,,,,5.0,,open,,40.1936394,44.4928361,https://www.google.com/maps/place/Atamis+Dental+Clinic/data=!4m7!3m6!1s0x406abd7f6c41db55:0xdc387a3b76786f5c!8m2!3d40.1936394!4d44.4928361!16s%2Fg%2F11ymtj5_qp!19sChIJVdtBbH-9akARXG94djt6ONw,"dentist in Arabkir, Yerevan"
0x406abd55908bd4df:0x69ed229d71df1d6b,Atoyan Dental clinic,Dental clinic,стоматология,Ереван,"Բագրատունյաց 28, Yerevan, Armenia",+37491558081,,,,,,,,5.0,,open,,40.1481811,44.4868284,https://www.google.com/maps/place/Atoyan+Dental+clinic/data=!4m7!3m6!1s0x406abd55908bd4df:0x69ed229d71df1d6b!8m2!3d40.1481811!4d44.4868284!16s%2Fg%2F11snyvr9ch!19sChIJ39SLkFW9akARax3fcZ0i7Wk,"dentist in Shengavit, Yerevan"
0x406abd0e922aaae7:0x1ba6ce46657ab264,Avalon Dental,Dental clinic,стоматология,Ереван,"47, 7 Movses Khorenatsi Street, Yerevan 0018, Armenia",+37477909570,,,,,,,,5.0,,open,,40.1655675,44.5165962,https://www.google.com/maps/place/Avalon+Dental/data=!4m7!3m6!1s0x406abd0e922aaae7:0x1ba6ce46657ab264!8m2!3d40.1655675!4d44.5165962!16s%2Fg%2F11rtql2lm1!19sChIJ56oqkg69akARZLJ6ZUbOphs,"dentist in Shengavit, Yerevan"
0x406abe998ae88581:0xfb081578457a006,Ave Dent,Dental clinic,стоматология,Ереван,"40/8 Artashesyan St, Yerevan, Armenia",+37410461266,,,,,,,,4.4,,open,,40.1543008,44.4783523,https://www.google.com/maps/place/Ave+Dent/data=!4m7!3m6!1s0x406abe998ae88581:0xfb081578457a006!8m2!3d40.1543008!4d44.4783523!16s%2Fg%2F11d_ttlmgf!19sChIJgYXoipm-akARBqBXhFeBsA8,"dentist in Shengavit, Yerevan"
0x406abd34fc197b29:0xe665ff5144152e0d,BM Dent dental clinic,Dental clinic,стоматология,Ереван,"13/16 Nikoghayos Tigranyan St, Yerevan 0014, Armenia",+37499776055,,,,,,,,5.0,,open,,40.2076565,44.5202801,https://www.google.com/maps/place/BM+Dent+dental+clinic/data=!4m7!3m6!1s0x406abd34fc197b29:0xe665ff5144152e0d!8m2!3d40.2076565!4d44.5202801!16s%2Fg%2F11g9jj3yv8!19sChIJKXsZ_DS9akARDS4VRFH_ZeY,"dentist in Shengavit, Yerevan"
0x406abd6845de7447:0x246e505de4d8f032,BMS Dental Clinic,Dentist,стоматология,Ереван,"3 Yeznik Koghbatsi St, Yerevan 0001, Armenia",+37433645444,,,,,,,,5.0,,open,,40.1798511,44.5079735,https://www.google.com/maps/place/BMS+Dental+Clinic/data=!4m7!3m6!1s0x406abd6845de7447:0x246e505de4d8f032!8m2!3d40.1798511!4d44.5079735!16s%2Fg%2F11nw7t6rkp!19sChIJR3TeRWi9akARMvDY5F1QbiQ,"dentist in Kentron, Yerevan"
0x406abdb8c8aac8ad:0x9a7e3318a539e244,Best Smile Dental Clinic,Dental clinic,стоматология,Ереван,"90 Tichina St, Yerevan 0065, Armenia",+37495304080,,,,,,,,4.1,,open,,40.1846481,44.453646,https://www.google.com/maps/place/Best+Smile+Dental+Clinic/data=!4m7!3m6!1s0x406abdb8c8aac8ad:0x9a7e3318a539e244!8m2!3d40.1846481!4d44.453646!16s%2Fg%2F11rw7g0fl6!19sChIJrciqyLi9akARROI5pRgzfpo,"dentist in Shengavit, Yerevan"
0x406abd35a1e55615:0x456368a9561fd0c9,Bianco dental clinic,Dental clinic,стоматология,Ереван,"49/12 Komitas Ave, Yerevan 0033, Armenia",+37455237000,,,,,,,,3.8,,open,,40.2080829,44.518109,https://www.google.com/maps/place/Bianco+dental+clinic/data=!4m7!3m6!1s0x406abd35a1e55615:0x456368a9561fd0c9!8m2!3d40.2080829!4d44.518109!16s%2Fg%2F11g9h0zrrs!19sChIJFVbloTW9akARydAfVqloY0U,"dentist in Arabkir, Yerevan"
0x406abd3efcf1a94d:0x8d018560890f902,CANINA CLINIC,Dental clinic,стоматология,Ереван,"5 Koryun St, Yerevan, Armenia",+37498911718,,,,,,,,5.0,,open,,40.1864092,44.5253576,https://www.google.com/maps/place/CANINA+CLINIC/data=!4m7!3m6!1s0x406abd3efcf1a94d:0x8d018560890f902!8m2!3d40.1864092!4d44.5253576!16s%2Fg%2F11j01pr09p!19sChIJTanx_D69akARAvmQCFYY0Ag,"dentist in Arabkir, Yerevan"
0x406abd1faa06c8f3:0xb954f39079a53b2,Cascade Dental Clinic,Dental clinic,стоматология,Ереван,"Yerevan, RA, 64, Tamanyan 3, Yerevan 0009, Armenia",+37410568413,,,,,,,,4.4,,open,,40.19032,44.5151562,https://www.google.com/maps/place/Cascade+Dental+Clinic/data=!4m7!3m6!1s0x406abd1faa06c8f3:0xb954f39079a53b2!8m2!3d40.19032!4d44.5151562!16s%2Fg%2F11gd20vmqx!19sChIJ88gGqh-9akARslOaBzlPlQs,"dentist in Kentron, Yerevan"
0x406abb0011fa062d:0x98aecf33a9c4cb0,Clinic Dental Planet,Dental clinic,стоматология,Ереван,"30/5 Erebuni St, Yerevan, Armenia",,,,,,,,,,,open,,40.1412166,44.5336756,https://www.google.com/maps/place/Clinic+Dental+Planet/data=!4m7!3m6!1s0x406abb0011fa062d:0x98aecf33a9c4cb0!8m2!3d40.1412166!4d44.5336756!16s%2Fg%2F11z6zv35v8!19sChIJLQb6EQC7akARsEycOvPsigk,"dentist in Erebuni, Yerevan"
0x406abd08ab4d1019:0x8addbfc8220bf84b,DENTAL 24/7 CLINIC,Dentist,стоматология,Ереван,"Виктора Амбарцумяна, дом 3, Yerevan, Armenia",+37443221275,,,,,,,,5.0,,open,,40.1955202,44.4961603,https://www.google.com/maps/place/DENTAL+24%2F7+CLINIC/data=!4m7!3m6!1s0x406abd08ab4d1019:0x8addbfc8220bf84b!8m2!3d40.1955202!4d44.4961603!16s%2Fg%2F11jj4zp6p2!19sChIJGRBNqwi9akARS_gLIsi_3Yo,"dentist in Arabkir, Yerevan"
0x406abd2b5bdf72fb:0xa7ceff57885c3a3d,Dante Dental Clinic,Dental clinic,стоматология,Ереван,"76 Hanrapetutyan St, Yerevan 0001, Armenia",+37477286828,,,,,,,,5.0,,open,,40.1786691,44.5212018,https://www.google.com/maps/place/Dante+Dental+Clinic/data=!4m7!3m6!1s0x406abd2b5bdf72fb:0xa7ceff57885c3a3d!8m2!3d40.1786691!4d44.5212018!16s%2Fg%2F11vsnvhkg3!19sChIJ-3LfWyu9akARPTpciFf_zqc,"dentist in Kentron, Yerevan"
0x406abd0053db2ebb:0x3e4d80e9dfe0117f,Denova (Դենովա) dental clinic,Dental clinic,стоматология,Ереван,"29, 3 Komitas Ave, Yerevan 0012, Armenia",+37412320032,,,,,,,,5.0,,open,,40.2059509,44.5055001,https://www.google.com/maps/place/Denova+%28%D4%B4%D5%A5%D5%B6%D5%B8%D5%BE%D5%A1%29+dental+clinic/data=!4m7!3m6!1s0x406abd0053db2ebb:0x3e4d80e9dfe0117f!8m2!3d40.2059509!4d44.5055001!16s%2Fg%2F11yjchcvs9!19sChIJuy7bUwC9akARfxHg3-mATT4,"dentist in Arabkir, Yerevan"
0x406abd1cb5391f11:0x60de97fb722b6918,Dent Artis,Dental clinic,стоматология,Ереван,"4/1 Paronyan St, Yerevan, Armenia",+37495535502,,,,,,,,5.0,,open,,40.1784671,44.5033942,https://www.google.com/maps/place/Dent+Artis/data=!4m7!3m6!1s0x406abd1cb5391f11:0x60de97fb722b6918!8m2!3d40.1784671!4d44.5033942!16s%2Fg%2F11q9m8f947!19sChIJER85tRy9akARGGkrcvuX3mA,"dentist in Kentron, Yerevan"
0x406abd39a32e60e7:0xca778a7083c77068,Dent Express,Dental clinic,стоматология,Ереван,"62, 98 Hanrapetutyan St, Yerevan 0010, Armenia",+37410537121,,,,,,,,5.0,,open,,40.1769456,44.5192643,https://www.google.com/maps/place/Dent+Express/data=!4m7!3m6!1s0x406abd39a32e60e7:0xca778a7083c77068!8m2!3d40.1769456!4d44.5192643!16s%2Fg%2F11vzfr69b3!19sChIJ52Auozm9akARaHDHg3CKd8o,"dentist in Kentron, Yerevan"
0x406abcf62ae1abaf:0xe31612a4e9eed2ef,Denta Vita,Dental clinic,стоматология,Ереван,"29, 12 Agatangeghos St, Yerevan, Armenia",+37410526237,,,,,,,,5.0,,open,,40.1728633,44.5124631,https://www.google.com/maps/place/Denta+Vita/data=!4m7!3m6!1s0x406abcf62ae1abaf:0xe31612a4e9eed2ef!8m2!3d40.1728633!4d44.5124631!16s%2Fg%2F11h460jzxd!19sChIJr6vhKva8akAR79Lu6aQSFuM,"dentist in Shengavit, Yerevan"
0x406abde666a97cb5:0xf0f5196ef67ae04,Dental Clinic,Dental clinic,стоматология,Ереван,"5CFR+V55, Svachyan St, Yerevan, Armenia",,,,,,,,,,,open,,40.1746476,44.4404966,https://www.google.com/maps/place/Dental+Clinic/data=!4m7!3m6!1s0x406abde666a97cb5:0xf0f5196ef67ae04!8m2!3d40.1746476!4d44.4404966!16s%2Fg%2F11cnxz3c2w!19sChIJtXypZua9akARBK5n75ZRDw8,"dentist in Malatia-Sebastia, Yerevan"
0x406abc0c4f89c3cf:0x5d1f257816f75204,Dental Clinic,Dental clinic,стоматология,Ереван,"5G25+4V5, Yerevan, Armenia",+37410433131,,,,,,,,5.0,,open,,40.1502719,44.5097492,https://www.google.com/maps/place/Dental+Clinic/data=!4m7!3m6!1s0x406abc0c4f89c3cf:0x5d1f257816f75204!8m2!3d40.1502719!4d44.5097492!16s%2Fg%2F11bztz9ccd!19sChIJz8OJTwy8akARBFL3FnglH10,"dentist in Malatia-Sebastia, Yerevan"
0x406abd007044e8d1:0xc8d4d5eb5efab119,Dental Clinic,Dental clinic,стоматология,Ереван,"28 Artsakh Ave, Yerevan 0041, Armenia",+37477743444,,,,,,,,5.0,,open,,40.1435386,44.5104044,https://www.google.com/maps/place/Dental+Clinic/data=!4m7!3m6!1s0x406abd007044e8d1:0xc8d4d5eb5efab119!8m2!3d40.1435386!4d44.5104044!16s%2Fg%2F11yt3jjvm1!19sChIJ0ehEcAC9akARGbH6XuvV1Mg,"dentist in Erebuni, Yerevan"
0x406abc2364f1a3d5:0xf2e466983166fc22,Dental Clinic.,Dental clinic,стоматология,Ереван,"14 Chekhov St, Yerevan 0039, Armenia",+37410420783,,,,,,,,4.3,,open,,40.1549071,44.4825267,https://www.google.com/maps/place/Dental+Clinic./data=!4m7!3m6!1s0x406abc2364f1a3d5:0xf2e466983166fc22!8m2!3d40.1549071!4d44.4825267!16s%2Fg%2F1tsyn84w!19sChIJ1aPxZCO8akARIvxmMZhm5PI,"dentist in Kentron, Yerevan"
0x406aa3bdc16f140b:0xdaf577798dbb1c61,Dentina Dental Clinic,Dental clinic,стоматология,Ереван,"57 Avetis Aharonyan St, Yerevan, Armenia",+37455196252,,,,,,,,5.0,,open,,40.2032489,44.5370582,https://www.google.com/maps/place/Dentina+Dental+Clinic/data=!4m7!3m6!1s0x406aa3bdc16f140b:0xdaf577798dbb1c61!8m2!3d40.2032489!4d44.5370582!16s%2Fg%2F11w9gbrd25!19sChIJCxRvwb2jakARYRy7jXl39do,"dentist in Nor Nork, Yerevan"
0x406abd004c42cf35:0x61a07378aa2321bb,Dentist,Dental clinic,стоматология,Ереван,"46-2 Arshakunyats street, 48 Komitas Ave, Yerevan, Armenia",,,,,,,,,,,open,,40.2066738,44.5109445,https://www.google.com/maps/place/Dentist/data=!4m7!3m6!1s0x406abd004c42cf35:0x61a07378aa2321bb!8m2!3d40.2066738!4d44.5109445!16s%2Fg%2F11mlzj59vh!19sChIJNc9CTAC9akARuyEjqnhzoGE,"dentist in Arabkir, Yerevan"
0x406abd706696ffa1:0x9b682888a22647c2,Dentist,Dentist,стоматология,Ереван,"5 Davit Anhaght Street, Yerevan, Armenia",+37477080773,,,,,,,,,,open,,40.2021265,44.53186,https://www.google.com/maps/place/Dentist/data=!4m7!3m6!1s0x406abd706696ffa1:0x9b682888a22647c2!8m2!3d40.2021265!4d44.53186!16s%2Fg%2F11nbnc3_15!19sChIJof-WZnC9akARwkcmoogoaJs,"dentist in Arabkir, Yerevan"
0x406abd3a892eb5c7:0x1a0e73295c56a302,Dentist Dr.Hasmik Avetisyan,Dentist,стоматология,Ереван,"44/2 Komitas Ave, Yerevan, Armenia",+37477282976,,,,,,,,,,open,,40.2067477,44.5098016,https://www.google.com/maps/place/Dentist+Dr.Hasmik+Avetisyan/data=!4m7!3m6!1s0x406abd3a892eb5c7:0x1a0e73295c56a302!8m2!3d40.2067477!4d44.5098016!16s%2Fg%2F11nbb39y5s!19sChIJx7UuiTq9akARAqNWXClzDho,"dentist in Arabkir, Yerevan"
0x406abd682b51a28f:0x70ff0b757b9de6c4,Dentova,Dental clinic,стоматология,Ереван,"Malatia Sebastia 26, Yerevan, Armenia",+37493030227,,,,,,,,5.0,,open,,40.1808387,44.4595482,https://www.google.com/maps/place/Dentova/data=!4m7!3m6!1s0x406abd682b51a28f:0x70ff0b757b9de6c4!8m2!3d40.1808387!4d44.4595482!16s%2Fg%2F11mdkfh907!19sChIJj6JRK2i9akARxOade3UL_3A,"dentist in Malatia-Sebastia, Yerevan"
0x406abf8afd7e4413:0xd6a66559ecada3cc,Dentrica Dental clinic,Dental clinic,стоматология,Ереван,"2, Ashot, 3 Hovhannisian St, Yerevan, Armenia",+37455535999,,,,,,,,5.0,,open,,40.1945455,44.5703656,https://www.google.com/maps/place/Dentrica+Dental+clinic/data=!4m7!3m6!1s0x406abf8afd7e4413:0xd6a66559ecada3cc!8m2!3d40.1945455!4d44.5703656!16s%2Fg%2F11mktq3_1w!19sChIJE0R-_Yq_akARzKOt7FllptY,"dentist in Kentron, Yerevan"
0x406abd412d507035:0xc1746a67316dfd6b,Dentx,Dentist,стоматология,Ереван,"2, 10 9 of May St, Yerevan, Armenia",,,,,,,,,5.0,,open,,40.153099,44.4915018,https://www.google.com/maps/place/Dentx/data=!4m7!3m6!1s0x406abd412d507035:0xc1746a67316dfd6b!8m2!3d40.153099!4d44.4915018!16s%2Fg%2F11l5xthf8f!19sChIJNXBQLUG9akARa_1tMWdqdME,"dentist in Shengavit, Yerevan"
0x406abce8cf72325d:0xf5bd0196f0c8468f,Doctor Danielyan Dental Clinic,Dentist,стоматология,Ереван,"10 Charents St, Yerevan 0025, Armenia",+37410555066,,,,,,,,3.9,,open,,40.1813406,44.5275182,https://www.google.com/maps/place/Doctor+Danielyan+Dental+Clinic/data=!4m7!3m6!1s0x406abce8cf72325d:0xf5bd0196f0c8468f!8m2!3d40.1813406!4d44.5275182!16s%2Fg%2F113dh1kk3!19sChIJXTJyz-i8akARj0bI8JYBvfU,"dentist in Kentron, Yerevan"
0x406abdd16667b0ad:0x99271aec110e463d,Dr. Bakalyan's Perio Team,Dental implants periodontist,стоматология,Ереван,"49/12 Komitas Ave, Yerevan 0051, Armenia",+37491471345,,,,,,,,5.0,1,open,,40.2069844,44.5158755,https://www.google.com/maps/place/Dr.+Bakalyan%27s+Perio+Team/data=!4m7!3m6!1s0x406abdd16667b0ad:0x99271aec110e463d!8m2!3d40.2069844!4d44.5158755!16s%2Fg%2F11xzl3jyrd!19sChIJrbBnZtG9akARPUYOEewaJ5k,"dentist in Arabkir, Yerevan"
0x406abd8b4ee54245:0x722f7ac136b43b24,Dr. Face clinic,Dental clinic,стоматология,Ереван,"9a Azatutyan Ave, Yerevan, Armenia",+37433200820,,,,,,,,4.7,,open,,40.2030192,44.5217555,https://www.google.com/maps/place/Dr.+Face+clinic/data=!4m7!3m6!1s0x406abd8b4ee54245:0x722f7ac136b43b24!8m2!3d40.2030192!4d44.5217555!16s%2Fg%2F11jwgbhpdb!19sChIJRULlTou9akARJDu0NsF6L3I,"dentist in Kentron, Yerevan"
0x47c3ea704d7f02d3:0xf36693ae66465d36,Dr.Ararat Khachikyan,Dentist,стоматология,Ереван,,+37494421435,,,,,,,,5.0,,open,,40.1533904,44.4885671,https://www.google.com/maps/place/Dr.Ararat+Khachikyan/data=!4m7!3m6!1s0x47c3ea704d7f02d3:0xf36693ae66465d36!8m2!3d40.1533904!4d44.4885671!16s%2Fg%2F11n57lfw4d!19sChIJ0wJ_TXDqw0cRNl1GZq6TZvM,"dentist in Arabkir, Yerevan"
0x406abdf7bfd0ecab:0xc1db5e725c56d6bb,Dr.ILEN ROSTAMI,Dental clinic,стоматология,Ереван,"29 Vahram Papazyan St, Yerevan 0012, Armenia",+37477775277,,,,,,,,5.0,,open,,40.2082954,44.4992198,https://www.google.com/maps/place/Dr.ILEN+ROSTAMI/data=!4m7!3m6!1s0x406abdf7bfd0ecab:0xc1db5e725c56d6bb!8m2!3d40.2082954!4d44.4992198!16s%2Fg%2F11sfb3gjqk!19sChIJq-zQv_e9akARu9ZWXHJe28E,"dentist in Arabkir, Yerevan"
0x406abd002bf02519:0xa4413708cafdd5da,Eco Smile,Dental clinic,стоматология,Ереван,"54, 3 Andranik Zoravar St, Yerevan, Armenia",+37496021010,,,,,,,,5.0,,open,,40.1705635,44.4456586,https://www.google.com/maps/place/Eco+Smile/data=!4m7!3m6!1s0x406abd002bf02519:0xa4413708cafdd5da!8m2!3d40.1705635!4d44.4456586!16s%2Fg%2F11yycy6d3g!19sChIJGSXwKwC9akAR2tX9ygg3QaQ,"dentist in Shengavit, Yerevan"
0x406abdfd277a408b:0xc30573fd9d880ab6,Emident lmplant Clinic,Dental clinic,стоматология,Ереван,"17, 3 Abelian St, Yerevan, Armenia",+37410319549,,,,,,,,4.4,,open,,40.1988215,44.4779043,https://www.google.com/maps/place/Emident+lmplant+Clinic/data=!4m7!3m6!1s0x406abdfd277a408b:0xc30573fd9d880ab6!8m2!3d40.1988215!4d44.4779043!16s%2Fg%2F11vf2zh041!19sChIJi0B6J_29akARtgqInf1zBcM,"dentist in Malatia-Sebastia, Yerevan"
0x406abb9104c80d89:0xfac66a40ef566a46,Erebouni Dental Clinic,Dental clinic,стоматология,Ереван,"14 Building Titogradian St, Yerevan 0087, Armenia",+37499936607,,,,,,,,,,open,,40.1329125,44.5235217,https://www.google.com/maps/place/Erebouni+Dental+Clinic/data=!4m7!3m6!1s0x406abb9104c80d89:0xfac66a40ef566a46!8m2!3d40.1329125!4d44.5235217!16s%2Fg%2F11tx93q6n8!19sChIJiQ3IBJG7akARRmpW70Bqxvo,"dentist in Erebuni, Yerevan"
0x406abc6928c39415:0x9d6a3f18c66ac1cc,Erodent dental clinic,Dental clinic,стоматология,Ереван,"5G66+2JV, Tigran Mets Ave, Yerevan, Armenia",+37494023626,,,,,,,,5.0,,open,,40.1601118,44.5115538,https://www.google.com/maps/place/Erodent+dental+clinic/data=!4m7!3m6!1s0x406abc6928c39415:0x9d6a3f18c66ac1cc!8m2!3d40.1601118!4d44.5115538!16s%2Fg%2F11hczzh4vj!19sChIJFZTDKGm8akARzMFqxhg_ap0,"dentist in Kentron, Yerevan"
0x406abd6240703107:0xffe80cce654ba8fb,FDC Dental Clinic,Dental clinic,стоматология,Ереван,"27/1 Raffi St, Yerevan, Armenia",+37455001020,,,,,,,,5.0,,open,,40.1741877,44.4502749,https://www.google.com/maps/place/FDC+Dental+Clinic/data=!4m7!3m6!1s0x406abd6240703107:0xffe80cce654ba8fb!8m2!3d40.1741877!4d44.4502749!16s%2Fg%2F11sy3h_gnr!19sChIJBzFwQGK9akAR-6hLZc4M6P8,"dentist in Malatia-Sebastia, Yerevan"
0x406abd38598996e9:0xce2290f77cfdcac9,Facio Clinic,Medical Center,стоматология,Ереван,"21 Mamikoniants St, Yerevan 0014, Armenia",+37499230107,,,,,,,,5.0,,open,,40.2088633,44.5223504,https://www.google.com/maps/place/Facio+Clinic/data=!4m7!3m6!1s0x406abd38598996e9:0xce2290f77cfdcac9!8m2!3d40.2088633!4d44.5223504!16s%2Fg%2F11wjkp5cqj!19sChIJ6ZaJWTi9akARycr9fPeQIs4,"dentist in Nor Nork, Yerevan"
0x406abd43e39cfa35:0xf46269ea66a726f7,Fan Stom Dental Clinic,Dentist,стоматология,Ереван,"24 Vagharsh Vagharshyan St, Yerevan 0012, Armenia",+37410270381,,,,,,,,5.0,,open,,40.2046363,44.4977081,https://www.google.com/maps/place/Fan+Stom+Dental+Clinic/data=!4m7!3m6!1s0x406abd43e39cfa35:0xf46269ea66a726f7!8m2!3d40.2046363!4d44.4977081!16s%2Fg%2F119vm9vvt!19sChIJNfqc40O9akAR9yanZuppYvQ,"dentist in Kentron, Yerevan"
0x406abdf5305a01c5:0x3d6672ace969c730,Fordent Clinic,Dental clinic,стоматология,Ереван,"12 M. Khorenatsi str., Yerevan 0015, Armenia",+37494333744,,,,,,,,4.8,,open,,40.1776903,44.5071449,https://www.google.com/maps/place/Fordent+Clinic/data=!4m7!3m6!1s0x406abdf5305a01c5:0x3d6672ace969c730!8m2!3d40.1776903!4d44.5071449!16s%2Fg%2F11h1vdbk0l!19sChIJxQFaMPW9akARMMdp6axyZj0,"dentist in Kentron, Yerevan"
0x406abd9c9a990215:0x37e56c807a9c9093,Gagik Amroyan Dental Clinic,Dentist,стоматология,Ереван,"32 Leningradyan St, Yerevan 0099, Armenia",+37410396688,,,,,,,,5.0,,open,,40.1917786,44.4731927,https://www.google.com/maps/place/Gagik+Amroyan+Dental+Clinic/data=!4m7!3m6!1s0x406abd9c9a990215:0x37e56c807a9c9093!8m2!3d40.1917786!4d44.4731927!16s%2Fg%2F119tlwffv!19sChIJFQKZmpy9akARk5CceoBs5Tc,"dentist in Kentron, Yerevan"
0x406aa300464668a9:0x781dd4f990e5fe17,Ghazaryan Dental Clinic,Dental clinic,стоматология,Ереван,"3 Totovents St, Yerevan, Armenia",,,,,,,,,,,open,,40.2020794,44.5697304,https://www.google.com/maps/place/Ghazaryan+Dental+Clinic/data=!4m7!3m6!1s0x406aa300464668a9:0x781dd4f990e5fe17!8m2!3d40.2020794!4d44.5697304!16s%2Fg%2F11mywg6y_d!19sChIJqWhGRgCjakARF_7lkPnUHXg,"dentist in Nor Nork, Yerevan"
0x406aa3245571ec59:0x4cdd3d088d40e83c,GoyDent,Dentist,стоматология,Ереван,"5 Nansen 1 lane, Yerevan, Armenia",+37410644100,,,,,,,,,,open,,40.2026967,44.5613056,https://www.google.com/maps/place/GoyDent/data=!4m7!3m6!1s0x406aa3245571ec59:0x4cdd3d088d40e83c!8m2!3d40.2026967!4d44.5613056!16s%2Fg%2F1vppr01w!19sChIJWexxVSSjakARPOhAjQg93Uw,"dentist in Nor Nork, Yerevan"
0x406aa327700e4bd3:0xdfec2de0efafa415,Green Lab Dental Clinic,Dental clinic,стоматология,Ереван,"5HW7+77C, Yerevan, Armenia",+37455779669,,,,,,,,5.0,,open,,40.1956612,44.5631177,https://www.google.com/maps/place/Green+Lab+Dental+Clinic/data=!4m7!3m6!1s0x406aa327700e4bd3:0xdfec2de0efafa415!8m2!3d40.1956612!4d44.5631177!16s%2Fg%2F11s60fbn3x!19sChIJ00sOcCejakARFaSv7-At7N8,"dentist in Nor Nork, Yerevan"
0x406abde471df4c31:0x8369c1d91cce3032,HAYRUNI DENTAL CLINIC,Dental clinic,стоматология,Ереван,"Вилнюса 24, Yerevan 0059, Armenia",+37494703537,,,,,,,,,,open,,40.1734318,44.5652298,https://www.google.com/maps/place/HAYRUNI+DENTAL+CLINIC/data=!4m7!3m6!1s0x406abde471df4c31:0x8369c1d91cce3032!8m2!3d40.1734318!4d44.5652298!16s%2Fg%2F11k9kshqld!19sChIJMUzfceS9akARMjDOHNnBaYM,"dentist in Nor Nork, Yerevan"
0x406abd594bd2fab5:0xdf3a427f0459392,Hakobyan's Dental Clinic,Dental clinic,стоматология,Ереван,"89 Улица Карена Демирчяна, Yerevan 0008, Armenia",,,,,,,,,5.0,,open,,40.1828197,44.5074373,https://www.google.com/maps/place/Hakobyan%27s+Dental+Clinic/data=!4m7!3m6!1s0x406abd594bd2fab5:0xdf3a427f0459392!8m2!3d40.1828197!4d44.5074373!16s%2Fg%2F11s8bf05gl!19sChIJtfrSS1m9akARkpNF8Cek8w0,"dentist in Malatia-Sebastia, Yerevan"
0x406abcfca68cb27f:0xc269652dff2d1490,Happy smile,Dental clinic,стоматология,Ереван,"21/3 Pushkin St, Yerevan 0010, Armenia",+37410569949,,,,,,,,4.3,,open,,40.1815494,44.5136461,https://www.google.com/maps/place/Happy+smile/data=!4m7!3m6!1s0x406abcfca68cb27f:0xc269652dff2d1490!8m2!3d40.1815494!4d44.5136461!16s%2Fg%2F11f0_bhky5!19sChIJf7KMpvy8akARkBQt_y1lacI,"dentist in Kentron, Yerevan"
0x406abdb30cc10b57:0x891e46ef776fe79a,ICI Dent,Dental clinic,стоматология,Ереван,"8, 44 Teryan St, Yerevan 0001, Armenia",+37455868688,,,,,,,,5.0,,open,,40.1812348,44.5129395,https://www.google.com/maps/place/ICI+Dent/data=!4m7!3m6!1s0x406abdb30cc10b57:0x891e46ef776fe79a!8m2!3d40.1812348!4d44.5129395!16s%2Fg%2F11z8tnlmj5!19sChIJVwvBDLO9akARmudvd-9GHok,"dentist in Kentron, Yerevan"
0x406abd006ccad2f3:0x69ec039cb4d6ee07,Impantalogia,Dentist,стоматология,Ереван,"20 Sebastia St, Yerevan 0065, Armenia",,,,,,,,,5.0,,open,,40.1834375,44.4604978,https://www.google.com/maps/place/Impantalogia/data=!4m7!3m6!1s0x406abd006ccad2f3:0x69ec039cb4d6ee07!8m2!3d40.1834375!4d44.4604978!16s%2Fg%2F11vxh9tjhn!19sChIJ89LKbAC9akARB-7WtJwD7Gk,"dentist in Malatia-Sebastia, Yerevan"
0x406abdc4c0a502f1:0xa0a72a1fa95431b2,Imperial Implant Center,Dental clinic,стоматология,Ереван,"29 Vahram Papazyan St, Yerevan 0012, Armenia",+37410320105,,,,,,,,5.0,,open,,40.2082954,44.4992198,https://www.google.com/maps/place/Imperial+Implant+Center/data=!4m7!3m6!1s0x406abdc4c0a502f1:0xa0a72a1fa95431b2!8m2!3d40.2082954!4d44.4992198!16s%2Fg%2F11fm5y02p9!19sChIJ8QKlwMS9akARsjFUqR8qp6A,"dentist in Kentron, Yerevan"
0x406abd714b70a91d:0x67c491919bad3f72,Implant Clinic,Dentist,стоматология,Ереван,"20 Khanjyan St, Yerevan 0010, Armenia",+37495761111,,,,,,,,5.0,,open,,40.1756973,44.5215603,https://www.google.com/maps/place/Implant+Clinic/data=!4m7!3m6!1s0x406abd714b70a91d:0x67c491919bad3f72!8m2!3d40.1756973!4d44.5215603!16s%2Fg%2F11y3swthsg!19sChIJHalwS3G9akARcj-tm5GRxGc,"dentist in Kentron, Yerevan"
0x406abd59d2e7fcf5:0x5d2448f5614f6d0f,Implant Clinic,Dental clinic,стоматология,Ереван,"7, 67 Aghbyur Serob St, Yerevan, Armenia",+37495110911,,,,,,,,4.4,,open,,40.1972214,44.5036278,https://www.google.com/maps/place/Implant+Clinic/data=!4m7!3m6!1s0x406abd59d2e7fcf5:0x5d2448f5614f6d0f!8m2!3d40.1972214!4d44.5036278!16s%2Fg%2F11rz429bkh!19sChIJ9fzn0lm9akARD21PYfVIJF0,"dentist in Kentron, Yerevan"
0x406abd001c98c4e9:0x4c05583825e6fd6a,Implant Clinic,Dental clinic,стоматология,Ереван,"36 Andranik Zoravar St, Yerevan 0034, Armenia",,,,,,,,,5.0,,open,,40.1778607,44.4457252,https://www.google.com/maps/place/Implant+Clinic/data=!4m7!3m6!1s0x406abd001c98c4e9:0x4c05583825e6fd6a!8m2!3d40.1778607!4d44.4457252!16s%2Fg%2F11z28bsm7k!19sChIJ6cSYHAC9akARav3mJThYBUw,"dentist in Malatia-Sebastia, Yerevan"
0x406abdfde98dbe87:0x403ceac96ca776f5,Implant Clinic,Dental clinic,стоматология,Ереван,"34, 2 Andranik Zoravar St, Yerevan 0084, Armenia",+37495621111,,,,,,,,,,open,,40.1778803,44.4458894,https://www.google.com/maps/place/Implant+Clinic/data=!4m7!3m6!1s0x406abdfde98dbe87:0x403ceac96ca776f5!8m2!3d40.1778803!4d44.4458894!16s%2Fg%2F11n9kj5267!19sChIJh76N6f29akAR9XanbMnqPEA,"dentist in Malatia-Sebastia, Yerevan"
0x406abcef9bd56983:0x7cd66f3687b0f9ac,Intellect Dental Clinic,Dentist,стоматология,Ереван,"26 Sayat-Nova Ave, Yerevan 0001, Armenia",+37410583924,,,,,,,,4.3,,open,,40.1798898,44.5230657,https://www.google.com/maps/place/Intellect+Dental+Clinic/data=!4m7!3m6!1s0x406abcef9bd56983:0x7cd66f3687b0f9ac!8m2!3d40.1798898!4d44.5230657!16s%2Fg%2F1hhmq6cjs!19sChIJg2nVm--8akARrPmwhzZv1nw,"dentist in Kentron, Yerevan"
0x406abdec6fa28ad5:0x216acbfac818ee11,Isajanyan dent - стоматологическая клиника,Dental clinic,стоматология,Ереван,"30 Tigran Mets Ave, Yerevan 0005, Armenia",+37494698898,,,,,,,,5.0,,open,,40.1665625,44.5126766,https://www.google.com/maps/place/Isajanyan+dent+-+%D1%81%D1%82%D0%BE%D0%BC%D0%B0%D1%82%D0%BE%D0%BB%D0%BE%D0%B3%D0%B8%D1%87%D0%B5%D1%81%D0%BA%D0%B0%D1%8F+%D0%BA%D0%BB%D0%B8%D0%BD%D0%B8%D0%BA%D0%B0/data=!4m7!3m6!1s0x406abdec6fa28ad5:0x216acbfac818ee11!8m2!3d40.1665625!4d44.5126766!16s%2Fg%2F11z1stl2_7!19sChIJ1Yqib-y9akAREe4YyPrLaiE,"dentist in Kentron, Yerevan"
0x406abfd1e0df5fcd:0x6dfe0d92ee8c1801,KN Dental Clinic,Dental clinic,стоматология,Ереван,"17 Manandyan St, Yerevan 0050, Armenia",+37441818781,,,,,,,,5.0,,open,,40.151897,44.4849663,https://www.google.com/maps/place/KN+Dental+Clinic/data=!4m7!3m6!1s0x406abfd1e0df5fcd:0x6dfe0d92ee8c1801!8m2!3d40.151897!4d44.4849663!16s%2Fg%2F11v63gjm8b!19sChIJzV_f4NG_akARARiM7pIN_m0,"dentist in Shengavit, Yerevan"
0x406abddf5e2d7545:0xd5e223980114d488,Karen Andreasyan Dental Clinic,Dentist,стоматология,Ереван,"79 Arno Babajanyan St, Yerevan, Armenia",+37493734888,,,,,,,,5.0,,open,,40.1662966,44.439709,https://www.google.com/maps/place/Karen+Andreasyan+Dental+Clinic/data=!4m7!3m6!1s0x406abddf5e2d7545:0xd5e223980114d488!8m2!3d40.1662966!4d44.439709!16s%2Fg%2F1hhhxwmhb!19sChIJRXUtXt-9akARiNQUAZgj4tU,"dentist in Malatia-Sebastia, Yerevan"
0x406abc8aa9e1b1c9:0x832353f8d7053e81,LUXODENT,Dental clinic,стоматология,Ереван,"9 Kajaznuni St, Yerevan 0070, Armenia",+37410578808,,,,,,,,4.5,,open,,40.1685512,44.5205498,https://www.google.com/maps/place/LUXODENT/data=!4m7!3m6!1s0x406abc8aa9e1b1c9:0x832353f8d7053e81!8m2!3d40.1685512!4d44.5205498!16s%2Fg%2F11g8vq84kl!19sChIJybHhqYq8akARgT4F1_hTI4M,"dentist in Kentron, Yerevan"
0x406aa333f73e9045:0xf9e9a5675f78dd6b,LUXURY SMILE DENTAL CLINIC,Dental clinic,стоматология,Ереван,"10 Gyulikevkhyan St, Yerevan, Armenia",+37496921010,,,,,,,,5.0,,open,,40.1886667,44.5690011,https://www.google.com/maps/place/LUXURY+SMILE+DENTAL+CLINIC/data=!4m7!3m6!1s0x406aa333f73e9045:0xf9e9a5675f78dd6b!8m2!3d40.1886667!4d44.5690011!16s%2Fg%2F11sq1jq23d!19sChIJRZA-9zOjakARa914X2el6fk,"dentist in Nor Nork, Yerevan"
0x406abddd1de1bd11:0xa500c54ead11240a,Leader Dental Clinic,Dental clinic,стоматология,Ереван,"Shopron Street, 6 2nd Lane, Yerevan 0090, Armenia",+37491414450,,,,,,,,5.0,,open,,40.1864277,44.5618913,https://www.google.com/maps/place/Leader+Dental+Clinic/data=!4m7!3m6!1s0x406abddd1de1bd11:0xa500c54ead11240a!8m2!3d40.1864277!4d44.5618913!16s%2Fg%2F11kj3mjxbn!19sChIJEb3hHd29akARCiQRrU7FAKU,"dentist in Kentron, Yerevan"
0x406abdf9bcdd32a1:0x3bb3f334b4a3e07e,Leader Dental Clinic,Dental clinic,стоматология,Ереван,"113/2 Muratsan St, Yerevan 0008, Armenia",+37491414450,,,,,,,,5.0,,open,,40.1489195,44.5171264,https://www.google.com/maps/place/Leader+Dental+Clinic/data=!4m7!3m6!1s0x406abdf9bcdd32a1:0x3bb3f334b4a3e07e!8m2!3d40.1489195!4d44.5171264!16s%2Fg%2F11txn5d0_k!19sChIJoTLdvPm9akARfuCjtDTzszs,"dentist in Shengavit, Yerevan"
0x406abd292cefc339:0x6413c7c78f8cfe7d,Leader F,Dentist,стоматология,Ереван,"Adonts Institute, 31 Karapet Ulnetsi St, Yerevan 0037, Armenia",+37410208414,,,,,,,,5.0,,open,,40.198806,44.5281512,https://www.google.com/maps/place/Leader+F/data=!4m7!3m6!1s0x406abd292cefc339:0x6413c7c78f8cfe7d!8m2!3d40.198806!4d44.5281512!16s%2Fg%2F11x9j9k0c!19sChIJOcPvLCm9akARff6Mj8fHE2Q,"dentist in Kentron, Yerevan"
0x406abd0006f57c65:0xc304a10007d56243,Lumex Implant Clinic,Dental clinic,стоматология,Ереван,"58 Mesrop Mashtots Ave, Yerevan, Armenia",+37441580580,,,,,,,,5.0,,open,,40.1913045,44.5205999,https://www.google.com/maps/place/Lumex+Implant+Clinic/data=!4m7!3m6!1s0x406abd0006f57c65:0xc304a10007d56243!8m2!3d40.1913045!4d44.5205999!16s%2Fg%2F11vybmz6j5!19sChIJZXz1BgC9akARQ2LVBwChBMM,"dentist in Arabkir, Yerevan"
0x406abdab0b0ed199:0x69ca6182c9bb7fa2,Luna dental & esthetic clinic,Dental clinic,стоматология,Ереван,"Манандян, 25 Manandyan 25, Yerevan 0046, Armenia",+37455476524,,,,,,,,5.0,,open,,40.1498537,44.4822385,https://www.google.com/maps/place/Luna+dental+%26+esthetic+clinic/data=!4m7!3m6!1s0x406abdab0b0ed199:0x69ca6182c9bb7fa2!8m2!3d40.1498537!4d44.4822385!16s%2Fg%2F11y8jgjvx6!19sChIJmdEOC6u9akARon-7yYJhymk,"dentist in Shengavit, Yerevan"
0x406abbdee0d3714f:0xa94bd20cd08b2690,MDent Clinic,Dentist,стоматология,Ереван,"15, 4 Khaghagh Don St, Yerevan 0087, Armenia",+37496707272,,,,,,,,5.0,,open,,40.1275132,44.5272348,https://www.google.com/maps/place/MDent+Clinic/data=!4m7!3m6!1s0x406abbdee0d3714f:0xa94bd20cd08b2690!8m2!3d40.1275132!4d44.5272348!16s%2Fg%2F11fx95wrb2!19sChIJT3HT4N67akARkCaL0AzSS6k,"dentist in Erebuni, Yerevan"
0x406abce27499feb3:0x61d6f0e65f9834f5,Marstom Dental Clinic,Dental clinic,стоматология,Ереван,"37 Mesrop Mashtots Ave, Yerevan 0002, Armenia",+37410534838,,,,,,,,3.7,,open,,40.186152,44.51356,https://www.google.com/maps/place/Marstom+Dental+Clinic/data=!4m7!3m6!1s0x406abce27499feb3:0x61d6f0e65f9834f5!8m2!3d40.186152!4d44.51356!16s%2Fg%2F11c6ddqbd0!19sChIJs_6ZdOK8akAR9TSYX-bw1mE,"dentist in Kentron, Yerevan"
0x406abd46d27d625b:0x7f18cb76a49f9b6c,Master Dent,Dental clinic,стоматология,Ереван,"19 Komitas Ave, Yerevan, Armenia",+37491415116,,,,,,,,5.0,,open,,40.203843,44.5004694,https://www.google.com/maps/place/Master+Dent/data=!4m7!3m6!1s0x406abd46d27d625b:0x7f18cb76a49f9b6c!8m2!3d40.203843!4d44.5004694!16s%2Fg%2F113fwy9qy!19sChIJW2J90ka9akARbJufpHbLGH8,"dentist in Arabkir, Yerevan"
0x406abd912d0b5e23:0xaedb09cc07211c49,Matevosyan Dental Clinic,Dental clinic,стоматология,Ереван,"Саят-Нова, 20 Sayat_Nova20, Yerevan, Armenia",+37433565544,,,,,,,,4.8,,open,,40.1802818,44.5221981,https://www.google.com/maps/place/Matevosyan+Dental+Clinic/data=!4m7!3m6!1s0x406abd912d0b5e23:0xaedb09cc07211c49!8m2!3d40.1802818!4d44.5221981!16s%2Fg%2F11l8lqtxk9!19sChIJI14LLZG9akARSRwhB8wJ264,"dentist in Kentron, Yerevan"
0x406aa37caf3c61e9:0xbd3fa7f58abbe8b2,Maxedent,Dental clinic,стоматология,Ереван,"6, 1 Nikoghayos Adonts St, Yerevan 0014, Armenia",+37491326972,,,,,,,,4.0,,open,,40.2129146,44.5215863,https://www.google.com/maps/place/Maxedent/data=!4m7!3m6!1s0x406aa37caf3c61e9:0xbd3fa7f58abbe8b2!8m2!3d40.2129146!4d44.5215863!16s%2Fg%2F11k01hhn_n!19sChIJ6WE8r3yjakARsui7ivWnP70,"dentist in Nor Nork, Yerevan"
0x406abdaf690d58a1:0xf1bed2647a5731d7,Medalliance Clinic,Dental clinic,стоматология,Ереван,"3, 2 Hakob Hakobyan St, Yerevan 0033, Armenia",+37491350600,,,,,,,,4.6,,open,,40.1984446,44.4900541,https://www.google.com/maps/place/Medalliance+Clinic/data=!4m7!3m6!1s0x406abdaf690d58a1:0xf1bed2647a5731d7!8m2!3d40.1984446!4d44.4900541!16s%2Fg%2F11sy718jwc!19sChIJoVgNaa-9akAR1zFXemTSvvE,"dentist in Arabkir, Yerevan"
0x406aa329ef84e715:0xcd159a6c0b9c8117,Medem - Dental Clinic,Dental clinic,стоматология,Ереван,"6G3W+3W7, Rubinyants St, Yerevan, Armenia",+37410207986,,,,,,,,4.7,,open,,40.2026594,44.5472937,https://www.google.com/maps/place/Medem+-+Dental+Clinic/data=!4m7!3m6!1s0x406aa329ef84e715:0xcd159a6c0b9c8117!8m2!3d40.2026594!4d44.5472937!16s%2Fg%2F11cs4kx38s!19sChIJFeeE7ymjakARF4GcC2yaFc0,"dentist in Kentron, Yerevan"
0x406abdcc95af03dd:0xa6ce503580753e06,Mediway Dental Clinic and more,Dental clinic,стоматология,Ереван,"15/1 Paronyan St, Yerevan 0015, Armenia",+37411310310,,,,,,,,5.0,,open,,40.1794957,44.5001302,https://www.google.com/maps/place/Mediway+Dental+Clinic+and+more/data=!4m7!3m6!1s0x406abdcc95af03dd:0xa6ce503580753e06!8m2!3d40.1794957!4d44.5001302!16s%2Fg%2F11shkfc9wg!19sChIJ3QOvlcy9akARBj51gDVQzqY,"dentist in Kentron, Yerevan"
0x406abde66694c03b:0x5719b42082263e84,Menua,Dental clinic,стоматология,Ереван,"0034, 50 /5 Svachyan St, Yerevan 0034, Armenia",+37491503517,,,,,,,,5.0,,open,,40.1746422,44.4406525,https://www.google.com/maps/place/Menua/data=!4m7!3m6!1s0x406abde66694c03b:0x5719b42082263e84!8m2!3d40.1746422!4d44.4406525!16s%2Fg%2F11bzzvbj35!19sChIJO8CUZua9akARhD4mgiC0GVc,"dentist in Malatia-Sebastia, Yerevan"
0x406abce6ad19ef47:0x21d112c65f014073,Mixx Dent,Dentist,стоматология,Ереван,"28 Abovyan St, Yerevan 0001, Armenia",+37410569490,,,,,,,,5.0,,open,,40.1846644,44.520539,https://www.google.com/maps/place/Mixx+Dent/data=!4m7!3m6!1s0x406abce6ad19ef47:0x21d112c65f014073!8m2!3d40.1846644!4d44.520539!16s%2Fg%2F1hhgdsy59!19sChIJR-8Zrea8akARc0ABX8YS0SE,"dentist in Shengavit, Yerevan"
0x406abd1380a1df51:0x562acfb0eaa117a3,My City Dentist,Dentist,стоматология,Ереван,"43 Marshal Baghramyan St, Yerevan 0019, Armenia",+37477454809,,,,,,,,4.7,,open,,40.1921298,44.5006771,https://www.google.com/maps/place/My+City+Dentist/data=!4m7!3m6!1s0x406abd1380a1df51:0x562acfb0eaa117a3!8m2!3d40.1921298!4d44.5006771!16s%2Fg%2F11g72c3w5k!19sChIJUd-hgBO9akARoxeh6rDPKlY,"dentist in Kentron, Yerevan"
0x406abd015053068f:0x63c304949d0c9b5d,Nairi Dental Eduard Tokhunts PhD (TE.CODE),Dentist,стоматология,Ереван,"21 Paronyan St, Yerevan 0015, Armenia",+37491429108,,,,,,,,3.5,,open,,40.183901,44.4991671,https://www.google.com/maps/place/Nairi+Dental+Eduard+Tokhunts+PhD+%28TE.CODE%29/data=!4m7!3m6!1s0x406abd015053068f:0x63c304949d0c9b5d!8m2!3d40.183901!4d44.4991671!16s%2Fg%2F11df813brn!19sChIJjwZTUAG9akARXZsMnZQEw2M,"dentist in Nor Nork, Yerevan"
0x406abc6eb74af055:0x5123a98e1fabcbcf,NaraDent,Dental clinic,стоматология,Ереван,"54 Tigran Mets Ave, Yerevan, Armenia",+37410574454,,,,,,,,4.6,,open,,40.1589228,44.5112388,https://www.google.com/maps/place/NaraDent/data=!4m7!3m6!1s0x406abc6eb74af055:0x5123a98e1fabcbcf!8m2!3d40.1589228!4d44.5112388!16s%2Fg%2F11g68y3hfj!19sChIJVfBKt268akARz8urH46pI1E,"dentist in Shengavit, Yerevan"
0x406abd483801cd69:0xd2e801dda6713ce1,Narine Shahnazaryan,Dentist,стоматология,Ереван,"11/3 Argishti St, Yerevan, Armenia",+37499662303,,,,,,,,,,open,,40.1698458,44.5039398,https://www.google.com/maps/place/Narine+Shahnazaryan/data=!4m7!3m6!1s0x406abd483801cd69:0xd2e801dda6713ce1!8m2!3d40.1698458!4d44.5039398!16s%2Fg%2F11z9gysrt6!19sChIJac0BOEi9akAR4Txxpt0B6NI,"dentist in Shengavit, Yerevan"
0x406abd418f0bd0a3:0x53c7db8912b6433,New Hope Dental Clinic,Dental clinic,стоматология,Ереван,"6 Mesrop Mashtots Ave, Yerevan 0015, Armenia",+37494581000,,,,,,,,4.7,,open,,40.1776238,44.5058632,https://www.google.com/maps/place/New+Hope+Dental+Clinic/data=!4m7!3m6!1s0x406abd418f0bd0a3:0x53c7db8912b6433!8m2!3d40.1776238!4d44.5058632!16s%2Fg%2F11l58h2fhy!19sChIJo9ALj0G9akARM2Qrkbh9PAU,"dentist in Kentron, Yerevan"
0x406abce32756b02d:0x24dc3fa582bc605d,New Smile,Dentist,стоматология,Ереван,"67/28 Yeznik Koghabatsi Street, Yerevan, Armenia",+37410539931,,,,,,,,4.5,,open,,40.1835865,44.5130719,https://www.google.com/maps/place/New+Smile/data=!4m7!3m6!1s0x406abce32756b02d:0x24dc3fa582bc605d!8m2!3d40.1835865!4d44.5130719!16s%2Fg%2F1tj200g2!19sChIJLbBWJ-O8akARXWC8gqU_3CQ,"dentist in Kentron, Yerevan"
0x406abd45a9907ff5:0xc36ad44a8d679c6e,ORTHODENT,Dental clinic,стоматология,Ереван,"Marshal Baghramyan 69, 69 Marshal Baghramyan Ave, Yerevan, Armenia",+37410265015,,,,,,,,5.0,,open,,40.1947428,44.4959328,https://www.google.com/maps/place/ORTHODENT/data=!4m7!3m6!1s0x406abd45a9907ff5:0xc36ad44a8d679c6e!8m2!3d40.1947428!4d44.4959328!16s%2Fg%2F11hz36zkdw!19sChIJ9X-QqUW9akARbpxnjUrUasM,"dentist in Kentron, Yerevan"
0x406aa33ac3b741ad:0x88bd2bef52178ee9,Omega Dental Clinic,Dental clinic,стоматология,Ереван,"4 Nansen Street, Yerevan 0056, Armenia",+37410648700,,,,,,,,5.0,,open,,40.2004326,44.5643368,https://www.google.com/maps/place/Omega+Dental+Clinic/data=!4m7!3m6!1s0x406aa33ac3b741ad:0x88bd2bef52178ee9!8m2!3d40.2004326!4d44.5643368!16s%2Fg%2F113j_79x6!19sChIJrUG3wzqjakAR6Y4XUu8rvYg,"dentist in Kentron, Yerevan"
0x406abde9e914eead:0x36c294c0e075e56c,Orthodontic & Dental Clinic,Dental clinic,стоматология,Ереван,"3 Arshakunyats Ave, Yerevan, Armenia",+37491595777,,,,,,,,5.0,,open,,40.1703153,44.5085174,https://www.google.com/maps/place/Orthodontic+%26+Dental+Clinic/data=!4m7!3m6!1s0x406abde9e914eead:0x36c294c0e075e56c!8m2!3d40.1703153!4d44.5085174!16s%2Fg%2F11ks1djmc0!19sChIJre4U6em9akARbOV14MCUwjY,"dentist in Kentron, Yerevan"
0x406abd79b36bb0b5:0xc68ed120ab1e7013,Ortholuxe Dental Clinic,Dental clinic,стоматология,Ереван,"51 Nalbandyan St, Yerevan, Armenia",+37493401856,,,,,,,,5.0,,open,,40.1856045,44.5252032,https://www.google.com/maps/place/Ortholuxe+Dental+Clinic/data=!4m7!3m6!1s0x406abd79b36bb0b5:0xc68ed120ab1e7013!8m2!3d40.1856045!4d44.5252032!16s%2Fg%2F11q9fkrd1_!19sChIJtbBrs3m9akARE3AeqyDRjsY,"dentist in Kentron, Yerevan"
0x406abd49a0900001:0xb77130e41ba73254,PS Stomatology,Dental clinic,стоматология,Ереван,"17 Vratsakan St, Yerevan 0051, Armenia",+37477674968,,,,,,,,5.0,,open,,40.2080782,44.5103578,https://www.google.com/maps/place/PS+Stomatology/data=!4m7!3m6!1s0x406abd49a0900001:0xb77130e41ba73254!8m2!3d40.2080782!4d44.5103578!16s%2Fg%2F11gh2pw11z!19sChIJAQCQoEm9akARVDKnG-Qwcbc,"dentist in Arabkir, Yerevan"
0x406abdfdeac62547:0xd63233e424843fc2,Panacea,Dental clinic,стоматология,Ереван,"15 Komitas Ave, Yerevan 0012, Armenia",+37455234244,,,,,,,,4.2,,open,,40.2036747,44.4994276,https://www.google.com/maps/place/Panacea/data=!4m7!3m6!1s0x406abdfdeac62547:0xd63233e424843fc2!8m2!3d40.2036747!4d44.4994276!16s%2Fg%2F11v0dh1nzg!19sChIJRyXG6v29akARwj-EJOQzMtY,"dentist in Arabkir, Yerevan"
0x406abd36635c3bcd:0x9e00ea97deee8d6e,Paul & Peter Dental Clinic,Dental clinic,стоматология,Ереван,"54 Komitas Ave, Yerevan 0014, Armenia",+37412506050,,,,,,,,4.5,,open,,40.2060943,44.516046,https://www.google.com/maps/place/Paul+%26+Peter+Dental+Clinic/data=!4m7!3m6!1s0x406abd36635c3bcd:0x9e00ea97deee8d6e!8m2!3d40.2060943!4d44.516046!16s%2Fg%2F11hb54mlzb!19sChIJzTtcYza9akARbo3u3pfqAJ4,"dentist in Arabkir, Yerevan"
0x406abd0716ddf257:0xf95b4a3d0fa25715,Princip Dental Clinic and Showroom,Dental clinic,стоматология,Ереван,"4 Charents St, Yerevan 0025, Armenia",+37499993220,,,,,,,,4.6,,open,,40.18412,44.5267452,https://www.google.com/maps/place/Princip+Dental+Clinic+and+Showroom/data=!4m7!3m6!1s0x406abd0716ddf257:0xf95b4a3d0fa25715!8m2!3d40.18412!4d44.5267452!16s%2Fg%2F11kpznbvf0!19sChIJV_LdFge9akARFVeiDz1KW_k,"dentist in Kentron, Yerevan"
0x406aa3005e6739ff:0x7e1fa60c5d3e0056,Prizmaline dental center,Dental clinic,стоматология,Ереван,"4, 0056 Nansen Street, Yerevan, Armenia",+37444624440,,,,,,,,5.0,,open,,40.2003513,44.5640825,https://www.google.com/maps/place/Prizmaline+dental+center/data=!4m7!3m6!1s0x406aa3005e6739ff:0x7e1fa60c5d3e0056!8m2!3d40.2003513!4d44.5640825!16s%2Fg%2F11zf76twp6!19sChIJ_zlnXgCjakARVgA-XQymH34,"dentist in Nor Nork, Yerevan"
0x406abd25010c004b:0x6fe26478e8dbfdd4,ROOTS Dental Clinic,Dental clinic,стоматология,Ереван,"Ազատության 7, Yerevan 0037, Armenia",+37433323277,,,,,,,,5.0,,open,,40.2015075,44.5216709,https://www.google.com/maps/place/ROOTS+Dental+Clinic/data=!4m7!3m6!1s0x406abd25010c004b:0x6fe26478e8dbfdd4!8m2!3d40.2015075!4d44.5216709!16s%2Fg%2F11zcjhw6vd!19sChIJSwAMASW9akAR1P3b6Hhk4m8,"dentist in Kentron, Yerevan"
0x406abc2244769a01:0x3ace911cc4dbe619,Rafayel Dental Clinic,Dental clinic,стоматология,Ереван,"13, 17 Yeghbayrutian St, Yerevan 0046, Armenia",+37493343595,,,,,,,,4.3,,open,,40.1520914,44.4834402,https://www.google.com/maps/place/Rafayel+Dental+Clinic/data=!4m7!3m6!1s0x406abc2244769a01:0x3ace911cc4dbe619!8m2!3d40.1520914!4d44.4834402!16s%2Fg%2F11g6pg_qy2!19sChIJAZp2RCK8akARGebbxByRzjo,"dentist in Shengavit, Yerevan"
0x406abd1da60b4119:0xfe26514163ccd763,Royal dental clinic,Dental clinic,стоматология,Ереван,"16, 5 Arzumanyan St, Yerevan, Armenia",+37495302515,,,,,,,,4.0,,open,,40.1933169,44.4728861,https://www.google.com/maps/place/Royal+dental+clinic/data=!4m7!3m6!1s0x406abd1da60b4119:0xfe26514163ccd763!8m2!3d40.1933169!4d44.4728861!16s%2Fg%2F11s8zb1hn6!19sChIJGUELph29akARY9fMY0FRJv4,"dentist in Arabkir, Yerevan"
0x406abd13760fab6d:0x4593deef7e3dc9c3,SAH Dental Clinic,Dental clinic,стоматология,Ереван,"68 Marshal Baghramyan Ave, Yerevan 0033, Armenia",+37410276200,,,,,,,,3.5,,open,,40.1956047,44.4953273,https://www.google.com/maps/place/SAH+Dental+Clinic/data=!4m7!3m6!1s0x406abd13760fab6d:0x4593deef7e3dc9c3!8m2!3d40.1956047!4d44.4953273!16s%2Fg%2F1thd096_!19sChIJbasPdhO9akARw8k9fu_ek0U,"dentist in Arabkir, Yerevan"
0x406abd432903c647:0x849662ca4fae3f45,STOMION ORTHODONTICS dental clinic,Dental clinic,стоматология,Ереван,"5 Koryun St, Yerevan 0025, Armenia",+37491405679,,,,,,,,3.7,,open,,40.1871571,44.5246519,https://www.google.com/maps/place/STOMION+ORTHODONTICS+dental+clinic/data=!4m7!3m6!1s0x406abd432903c647:0x849662ca4fae3f45!8m2!3d40.1871571!4d44.5246519!16s%2Fg%2F11f6k7mv_l!19sChIJR8YDKUO9akARRT-uT8piloQ,"dentist in Kentron, Yerevan"
0x406abe760c3724b5:0xc9d60f38958cb27d,SYUZI DENT,Dental clinic,стоматология,Ереван,"89 Arno Babajanyan St, Yerevan, Armenia",+37410747484,,,,,,,,5.0,,open,,40.1652127,44.4412117,https://www.google.com/maps/place/SYUZI+DENT/data=!4m7!3m6!1s0x406abe760c3724b5:0xc9d60f38958cb27d!8m2!3d40.1652127!4d44.4412117!16s%2Fg%2F11bzrgk27r!19sChIJtSQ3DHa-akARfbKMlTgP1sk,"dentist in Malatia-Sebastia, Yerevan"
0x406abd463265f085:0x28191a5e09e244e7,Sargsyan's dental clinic,Dental clinic,стоматология,Ереван,"50/1 Andranik Zoravar St, Yerevan, Armenia",+37499333290,,,,,,,,5.0,,open,,40.1759915,44.4442799,https://www.google.com/maps/place/Sargsyan%27s+dental+clinic/data=!4m7!3m6!1s0x406abd463265f085:0x28191a5e09e244e7!8m2!3d40.1759915!4d44.4442799!16s%2Fg%2F11q9m8h7bb!19sChIJhfBlMka9akAR50TiCV4aGSg,"dentist in Shengavit, Yerevan"
0x406abd07b3ca2789:0x2b2dbd330eaa78d4,Shahbazyan Dental Clinic,Dental clinic,стоматология,Ереван,"26 Griboyedov St, Yerevan, Armenia",+37495357177,,,,,,,,5.0,,open,,40.2074974,44.5141415,https://www.google.com/maps/place/Shahbazyan+Dental+Clinic/data=!4m7!3m6!1s0x406abd07b3ca2789:0x2b2dbd330eaa78d4!8m2!3d40.2074974!4d44.5141415!16s%2Fg%2F11zgsmck8w!19sChIJiSfKswe9akAR1HiqDjO9LSs,"dentist in Kentron, Yerevan"
0x406abd25dd009d67:0xc535dde4e2deb83f,Shams Dental Clinic,Dental clinic,стоматология,Ереван,"12 General Babayan St, Yerevan 0037, Armenia",+37410255588,,,,,,,,4.8,,open,,40.1995709,44.5186826,https://www.google.com/maps/place/Shams+Dental+Clinic/data=!4m7!3m6!1s0x406abd25dd009d67:0xc535dde4e2deb83f!8m2!3d40.1995709!4d44.5186826!16s%2Fg%2F11rxkym2lw!19sChIJZ50A3SW9akARP7je4uTdNcU,"dentist in Kentron, Yerevan"
0x406abd5444a86107:0x48c06373f88851b7,Smile by Tigran,Cosmetic dentist,стоматология,Ереван,"21 Sayat-Nova Ave, Yerevan 0002, Armenia",+37493333336,,,,,,,,5.0,,open,,40.1835685,44.5204962,https://www.google.com/maps/place/Smile+by+Tigran/data=!4m7!3m6!1s0x406abd5444a86107:0x48c06373f88851b7!8m2!3d40.1835685!4d44.5204962!16s%2Fg%2F11whybfggf!19sChIJB2GoRFS9akARt1GI-HNjwEg,"dentist in Nor Nork, Yerevan"
0x406abd56000b3ad3:0xbac2925474f7b7f2,Sorridi Dental Clinic,Dental clinic,стоматология,Ереван,"45/10 Komitas Ave, Yerevan 0012, Armenia",+37498799879,,,,,,,,5.0,,open,,40.2070151,44.5143669,https://www.google.com/maps/place/Sorridi+Dental+Clinic/data=!4m7!3m6!1s0x406abd56000b3ad3:0xbac2925474f7b7f2!8m2!3d40.2070151!4d44.5143669!16s%2Fg%2F11l724bnmb!19sChIJ0zoLAFa9akAR8rf3dFSSwro,"dentist in Arabkir, Yerevan"
0x406abd006017fa45:0xc21e6955909bedbd,TIG & AR Dental Clinic,Dental clinic,стоматология,Ереван,"53 Marshal Baghramyan Ave, Yerevan 0019, Armenia",+37491244550,,,,,,,,,,open,,40.1933016,44.4979499,https://www.google.com/maps/place/TIG+%26+AR+Dental+Clinic/data=!4m7!3m6!1s0x406abd006017fa45:0xc21e6955909bedbd!8m2!3d40.1933016!4d44.4979499!16s%2Fg%2F11nw3pj36g!19sChIJRfoXYAC9akARve2bkFVpHsI,"dentist in Arabkir, Yerevan"
0x406abd542f2a69d1:0x726d9c3344b84bf4,Tutunjyan Dental Clinic,Dentist,стоматология,Ереван,"15 Argishti St, Yerevan, Armenia",+37493506666,,,,,,,,5.0,,open,,40.1703164,44.5036579,https://www.google.com/maps/place/Tutunjyan+Dental+Clinic/data=!4m7!3m6!1s0x406abd542f2a69d1:0x726d9c3344b84bf4!8m2!3d40.1703164!4d44.5036579!16s%2Fg%2F11v9_b41gl!19sChIJ0WkqL1S9akAR9Eu4RDOcbXI,"dentist in Kentron, Yerevan"
0x406abee872e27e0d:0x47ee87e55ef90387,V.N.V. dental clinic,Dental clinic,стоматология,Ереван,"Nerqin Charbax 5 st. Home. 40 AM 0003, Yerevan, Armenia",+37491355700,,,,,,,,5.0,,open,,40.1335046,44.4465999,https://www.google.com/maps/place/V.N.V.+dental+clinic/data=!4m7!3m6!1s0x406abee872e27e0d:0x47ee87e55ef90387!8m2!3d40.1335046!4d44.4465999!16s%2Fg%2F11c48mt20d!19sChIJDX7icui-akARhwP5XuWH7kc,"dentist in Kentron, Yerevan"
0x406aa3de9b37aa2d:0xfc91a18793a882a3,VM Dental Clinic,Dental clinic,стоматология,Ереван,"5HR9+W7M, Yerevan, Armenia",+37410632504,,,,,,,,5.0,,open,,40.1923492,44.5681871,https://www.google.com/maps/place/VM+Dental+Clinic/data=!4m7!3m6!1s0x406aa3de9b37aa2d:0xfc91a18793a882a3!8m2!3d40.1923492!4d44.5681871!16s%2Fg%2F11gsbb21w8!19sChIJLao3m96jakARo4Kok4ehkfw,"dentist in Nor Nork, Yerevan"
0x406abce2fe353e97:0x30b3fa54ced7233,Van Dental Clinic,Dentist,стоматология,Ереван,"23 Tumanyan St, Yerevan 0001, Armenia",+37410538581,,,,,,,,3.7,,open,,40.1842883,44.5143645,https://www.google.com/maps/place/Van+Dental+Clinic/data=!4m7!3m6!1s0x406abce2fe353e97:0x30b3fa54ced7233!8m2!3d40.1842883!4d44.5143645!16s%2Fg%2F1td0lhkt!19sChIJlz41_uK8akARM3LtTKU_CwM,"dentist in Kentron, Yerevan"
0x406a97de21878dfb:0x5c8d13f6670a2e21,Z&L Dent Stom Clinic,Dental clinic,стоматология,Ереван,"Norashen (16th District), 44 Building, Yerevan 0048, Armenia",+37410357177,,,,,,,,5.0,,open,,40.21162,44.473736,https://www.google.com/maps/place/Z%26L+Dent+Stom+Clinic/data=!4m7!3m6!1s0x406a97de21878dfb:0x5c8d13f6670a2e21!8m2!3d40.21162!4d44.473736!16s%2Fg%2F11cmbklx4w!19sChIJ-42HId6XakARIS4KZ_YTjVw,"dentist in Arabkir, Yerevan"
0x406aa38780b6f76b:0x1edefed09290a52d,dranarebaveyan,Dental clinic,стоматология,Ереван,"50 Nalbandyan St, Yerevan, Armenia",+37444017888,,,,,,,,5.0,,open,,40.1796087,44.5177315,https://www.google.com/maps/place/dranarebaveyan/data=!4m7!3m6!1s0x406aa38780b6f76b:0x1edefed09290a52d!8m2!3d40.1796087!4d44.5177315!16s%2Fg%2F11yz1hc7q5!19sChIJa_e2gIejakARLaWQktD-3h4,"dentist in Kentron, Yerevan"
0x406abce09dcc6fc1:0xa8d3f9e885bde3e9,iDentist Dental Clinic,Dental clinic,стоматология,Ереван,"33 Abovyan St, Yerevan 0009, Armenia",+37410523553,,,,,,,,5.0,,open,,40.1877634,44.523271,https://www.google.com/maps/place/iDentist+Dental+Clinic/data=!4m7!3m6!1s0x406abce09dcc6fc1:0xa8d3f9e885bde3e9!8m2!3d40.1877634!4d44.523271!16s%2Fg%2F113g332x5!19sChIJwW_MneC8akAR6eO9hej506g,"dentist in Kentron, Yerevan"
0x406abd0453d16f15:0xbf3091dc186640e8,the Center,Dental clinic,стоматология,Ереван,"1/8 Malxasyants, Yerevan 0051, Armenia",+37455103000,,,,,,,,,,open,,40.2126365,44.503214,https://www.google.com/maps/place/the+Center/data=!4m7!3m6!1s0x406abd0453d16f15:0xbf3091dc186640e8!8m2!3d40.2126365!4d44.503214!16s%2Fg%2F11z48bwknw!19sChIJFW_RUwS9akAR6EBmGNyRML8,"dentist in Arabkir, Yerevan"
0x406abca84c91b4f3:0x144ece85e75c7a15,Առուստամյանս ստոմատոլոգիական կլինիկաներ,Dental clinic,стоматология,Ереван,"5/1 Minsk St, Yerevan, Armenia",+37499666066,,,,,,,,5.0,,open,,40.1764841,44.5729714,https://www.google.com/maps/place/%D4%B1%D5%BC%D5%B8%D6%82%D5%BD%D5%BF%D5%A1%D5%B4%D5%B5%D5%A1%D5%B6%D5%BD+%D5%BD%D5%BF%D5%B8%D5%B4%D5%A1%D5%BF%D5%B8%D5%AC%D5%B8%D5%A3%D5%AB%D5%A1%D5%AF%D5%A1%D5%B6+%D5%AF%D5%AC%D5%AB%D5%B6%D5%AB%D5%AF%D5%A1%D5%B6%D5%A5%D6%80/data=!4m7!3m6!1s0x406abca84c91b4f3:0x144ece85e75c7a15!8m2!3d40.1764841!4d44.5729714!16s%2Fg%2F11gbf9zh3l!19sChIJ87SRTKi8akARFXpc54XOThQ,"dentist in Nor Nork, Yerevan"
0x406abd26c11d3d0d:0xde21172f4046efee,"Դոկտոր Ղոչի, ատամնաբույժ",Dentist,стоматология,Ереван,"54v Komitas Ave, Yerevan, Armenia",+37498720448,,,,,,,,,,open,,40.2045585,44.5160758,"https://www.google.com/maps/place/%D4%B4%D5%B8%D5%AF%D5%BF%D5%B8%D6%80+%D5%82%D5%B8%D5%B9%D5%AB,+%D5%A1%D5%BF%D5%A1%D5%B4%D5%B6%D5%A1%D5%A2%D5%B8%D6%82%D5%B5%D5%AA/data=!4m7!3m6!1s0x406abd26c11d3d0d:0xde21172f4046efee!8m2!3d40.2045585!4d44.5160758!16s%2Fg%2F11zz1332ww!19sChIJDT0dwSa9akAR7u9GQC8XId4","dentist in Arabkir, Yerevan"
0x406abedc888f6669:0x3d4cd470b9a56998,ԼՍ ստոմատոլոգիա,Dental clinic,стоматология,Ереван,"3rd home, 2nd St, Yerevan 0003, Armenia",+37494935336,,,,,,,,5.0,,open,,40.1293156,44.4501706,https://www.google.com/maps/place/%D4%BC%D5%8D+%D5%BD%D5%BF%D5%B8%D5%B4%D5%A1%D5%BF%D5%B8%D5%AC%D5%B8%D5%A3%D5%AB%D5%A1/data=!4m7!3m6!1s0x406abedc888f6669:0x3d4cd470b9a56998!8m2!3d40.1293156!4d44.4501706!16s%2Fg%2F11f_0p8glf!19sChIJaWaPiNy-akARmGmluXDUTD0,"dentist in Shengavit, Yerevan"
0x406aa30ee47202e7:0x314fdffb9d6d6033,Հենրի Դենտ,Dental clinic,стоматология,Ереван,"4 Gyurjyan Street, Yerevan 0056, Armenia",+37441999998,,,,,,,,5.0,,open,,40.1916198,44.5611793,https://www.google.com/maps/place/%D5%80%D5%A5%D5%B6%D6%80%D5%AB+%D4%B4%D5%A5%D5%B6%D5%BF/data=!4m7!3m6!1s0x406aa30ee47202e7:0x314fdffb9d6d6033!8m2!3d40.1916198!4d44.5611793!16s%2Fg%2F11q3dy8vwq!19sChIJ5wJy5A6jakARM2BtnfvfTzE,"dentist in Nor Nork, Yerevan"
0x406abd46d246fc8b:0x86d20d9f48478cb,Ստոմատոլոգիական կլինիկա,Dentist,стоматология,Ереван,"54V Komitas Ave, Yerevan, Armenia",+37498720448,,,,,,,,,,open,,40.2045585,44.5160758,https://www.google.com/maps/place/%D5%8D%D5%BF%D5%B8%D5%B4%D5%A1%D5%BF%D5%B8%D5%AC%D5%B8%D5%A3%D5%AB%D5%A1%D5%AF%D5%A1%D5%B6+%D5%AF%D5%AC%D5%AB%D5%B6%D5%AB%D5%AF%D5%A1/data=!4m7!3m6!1s0x406abd46d246fc8b:0x86d20d9f48478cb!8m2!3d40.2045585!4d44.5160758!16s%2Fg%2F11p1bdr78n!19sChIJi_xG0ka9akARy3iE9NkgbQg,"dentist in Arabkir, Yerevan"
0x406abd316ecc34ff:0xcaff1e89c758996c,Ստոմինվեստ,Dental clinic,стоматология,Ереван,"2, 2 Hakob Hakobyan St, Yerevan 0033, Armenia",+37433574574,,,,,,,,5.0,,open,,40.2015014,44.4926772,https://www.google.com/maps/place/%D5%8D%D5%BF%D5%B8%D5%B4%D5%AB%D5%B6%D5%BE%D5%A5%D5%BD%D5%BF/data=!4m7!3m6!1s0x406abd316ecc34ff:0xcaff1e89c758996c!8m2!3d40.2015014!4d44.4926772!16s%2Fg%2F11zyxb_t7t!19sChIJ_zTMbjG9akARbJlYx4ke_8o,"dentist in Kentron, Yerevan"
0x406abd00327347af:0x2bdf022ac6aa5ce7,Վանե Դենտ,Dental clinic,стоматология,Ереван,"34 Minsk St, Yerevan, Armenia",,,,,,,,,,,open,,40.1739371,44.5695356,https://www.google.com/maps/place/%D5%8E%D5%A1%D5%B6%D5%A5+%D4%B4%D5%A5%D5%B6%D5%BF/data=!4m7!3m6!1s0x406abd00327347af:0x2bdf022ac6aa5ce7!8m2!3d40.1739371!4d44.5695356!16s%2Fg%2F11zd57t72q!19sChIJr0dzMgC9akAR51yqxioC3ys,"dentist in Nor Nork, Yerevan"
0x406abd00342718ab:0x3f86e00f7a8fb867,مطب دکتر ابراهیمی,Dentist,стоматология,Ереван,"29 Mamikoniants St, Yerevan 0014, Armenia",,,,,,,,,,,open,,40.2087294,44.5170178,https://www.google.com/maps/place/%D9%85%D8%B7%D8%A8+%D8%AF%DA%A9%D8%AA%D8%B1+%D8%A7%D8%A8%D8%B1%D8%A7%D9%87%DB%8C%D9%85%DB%8C%E2%80%AD/data=!4m7!3m6!1s0x406abd00342718ab:0x3f86e00f7a8fb867!8m2!3d40.2087294!4d44.5170178!16s%2Fg%2F11zglvn4yb!19sChIJqxgnNAC9akARZ7iPeg_ghj8,"dentist in Arabkir, Yerevan"
0x406abd9fecf1f7ef:0x460ce98a502cd457,"""Master Style"" Testing center",Educational testing service,учебный центр,Ереван,"1A Sarmen St, Yerevan 0019, Armenia",+37477022033,,,,,,,,3.0,,open,,40.1909451,44.5173038,https://www.google.com/maps/place/%22Master+Style%22+Testing+center/data=!4m7!3m6!1s0x406abd9fecf1f7ef:0x460ce98a502cd457!8m2!3d40.1909451!4d44.5173038!16s%2Fg%2F11gxthymz4!19sChIJ7_fx7J-9akARV9QsUIrpDEY,"language school in Kentron, Yerevan"
0x406abdb7060401c9:0xabd9fa9ded447546,B.A.S. E. Academy,Education center,учебный центр,Ереван,"11 Aram Street, Yerevan 0002, Armenia",+37477400502,,,,,,,,,,open,,40.1793965,44.514256,https://www.google.com/maps/place/B.A.S.+E.+Academy/data=!4m7!3m6!1s0x406abdb7060401c9:0xabd9fa9ded447546!8m2!3d40.1793965!4d44.514256!16s%2Fg%2F11myb5zr86!19sChIJyQEEBre9akARRnVE7Z362as,"language school in Kentron, Yerevan"
0x406aa369b99dc3a7:0x53001dd2d54c0902,Bee Lingo Armenia,Language school,учебный центр,Ереван,"51a Marshal Baghramyan Ave, Yerevan 0076, Armenia",+37494313121,,,,,,,,,,open,,40.1930776,44.4982647,https://www.google.com/maps/place/Bee+Lingo+Armenia/data=!4m7!3m6!1s0x406aa369b99dc3a7:0x53001dd2d54c0902!8m2!3d40.1930776!4d44.4982647!16s%2Fg%2F11q4j6drjn!19sChIJp8OduWmjakARAglM1dIdAFM,"language school in Kentron, Yerevan"
0x406abd2412578d8b:0x65f4d136606511a9,Cool Language Center,Education center,учебный центр,Ереван,"14 45/1 Hrachya Kochar St, Yerevan 0033, Armenia",+37441597778,,,,,,,,5.0,,open,,40.1998461,44.4986227,https://www.google.com/maps/place/Cool+Language+Center/data=!4m7!3m6!1s0x406abd2412578d8b:0x65f4d136606511a9!8m2!3d40.1998461!4d44.4986227!16s%2Fg%2F11rn8_4n7l!19sChIJi41XEiS9akARqRFlYDbR9GU,"language school in Kentron, Yerevan"
0x406abd9c1f500001:0x4efc2f0c26bb6874,DoYou,English language school,учебный центр,Ереван,"23, 11 Leningradyan St, Yerevan, Armenia",+37491081713,,,,,,,,,,open,,40.1900558,44.4686441,https://www.google.com/maps/place/DoYou/data=!4m7!3m6!1s0x406abd9c1f500001:0x4efc2f0c26bb6874!8m2!3d40.1900558!4d44.4686441!16s%2Fg%2F11j0jjyxsw!19sChIJAQBQH5y9akARdGi7Jgwv_E4,"language school in Kentron, Yerevan"
0x406abd2af9980a85:0xb0d9f8749a7a030d,Dramedy English School,English language school,учебный центр,Ереван,"Charents St, Yerevan, Armenia",+37477105436,,,,,,,,,,open,,40.1771242,44.5271912,https://www.google.com/maps/place/Dramedy+English+School/data=!4m7!3m6!1s0x406abd2af9980a85:0xb0d9f8749a7a030d!8m2!3d40.1771242!4d44.5271912!16s%2Fg%2F11y5sl2c0w!19sChIJhQqY-Sq9akARDQN6mnT42bA,"language school in Kentron, Yerevan"
0x406abd1da419b549:0x87078d7c149c49e4,ETC - English and Exam Training Center,English language school,учебный центр,Ереван,"3rd floor, Tumanyan 35/11 IMAC Business Center, Yerevan 0002, Armenia",+37495382382,,,,,,,,4.4,,open,,40.1866907,44.5110852,https://www.google.com/maps/place/ETC+-+English+and+Exam+Training+Center/data=!4m7!3m6!1s0x406abd1da419b549:0x87078d7c149c49e4!8m2!3d40.1866907!4d44.5110852!16s%2Fg%2F11cnx86j3n!19sChIJSbUZpB29akAR5EmcFHyNB4c,"language school in Kentron, Yerevan"
0x406abdcf1c752cd5:0xe1959550c38131ca,Easy Talk Language Centre,Language school,учебный центр,Ереван,"apt 3, 89 Marshal Baghramyan Ave, Yerevan 0089, Armenia",+37455042065,,,,,,,,,,open,,40.1972191,44.4929771,https://www.google.com/maps/place/Easy+Talk+Language+Centre/data=!4m7!3m6!1s0x406abdcf1c752cd5:0xe1959550c38131ca!8m2!3d40.1972191!4d44.4929771!16s%2Fg%2F11x1ns7_rq!19sChIJ1Sx1HM-9akARyjGBw1CVleE,"language school in Kentron, Yerevan"
0x406abd0aa19966ad:0xd99270566223649d,EduKids Yerevan,Education center,учебный центр,Ереван,"9 Street Belyakov, Yerevan 0002, Armenia",+37491355075,,,,,,,,5.0,,open,,40.1808515,44.5163073,https://www.google.com/maps/place/EduKids+Yerevan/data=!4m7!3m6!1s0x406abd0aa19966ad:0xd99270566223649d!8m2!3d40.1808515!4d44.5163073!16s%2Fg%2F11ryrx0bkv!19sChIJrWaZoQq9akARnWQjYlZwktk,"language school in Kentron, Yerevan"
0x406abdcafc4917c9:0x599c7d627454d182,EduMind Studio,Education center,учебный центр,Ереван,"9A Azatutyan Ave, Yerevan 0037, Armenia",+37455588814,,,,,,,,,,open,,40.2028016,44.5219875,https://www.google.com/maps/place/EduMind+Studio/data=!4m7!3m6!1s0x406abdcafc4917c9:0x599c7d627454d182!8m2!3d40.2028016!4d44.5219875!16s%2Fg%2F11z59j6fgv!19sChIJyRdJ_Mq9akARgtFUdGJ9nFk,"language school in Kentron, Yerevan"
0x406abce00746a88b:0xe4070c8ad8ed3a40,English Plus Education Center,English language school,учебный центр,Ереван,"21 Gevorg Kochar St, Yerevan, Armenia",+37491370377,,,,,,,,5.0,,open,,40.1896691,44.5203056,https://www.google.com/maps/place/English+Plus+Education+Center/data=!4m7!3m6!1s0x406abce00746a88b:0xe4070c8ad8ed3a40!8m2!3d40.1896691!4d44.5203056!16s%2Fg%2F11dxdzl38n!19sChIJi6hGB-C8akARQDrt2IoMB-Q,"language school in Kentron, Yerevan"
0x406abdab405b3d17:0x7dca9e0896eef3e7,English for Everyone with Liana,English language school,учебный центр,Ереван,"22 Vardanants St, Yerevan 0070, Armenia",+37455570887,,,,,,,,,,open,,40.1728068,44.5220401,https://www.google.com/maps/place/English+for+Everyone+with+Liana/data=!4m7!3m6!1s0x406abdab405b3d17:0x7dca9e0896eef3e7!8m2!3d40.1728068!4d44.5220401!16s%2Fg%2F11vjzrpln0!19sChIJFz1bQKu9akAR5_Pulgieyn0,"language school in Kentron, Yerevan"
0x406abd5a4cbb8495:0x4309f68ab9ddf31e,EnglishLab,Language school,учебный центр,Ереван,"37 Abovyan St, Yerevan 0009, Armenia",+37493868139,,,,,,,,,,open,,40.1888156,44.5243531,https://www.google.com/maps/place/EnglishLab/data=!4m7!3m6!1s0x406abd5a4cbb8495:0x4309f68ab9ddf31e!8m2!3d40.1888156!4d44.5243531!16s%2Fg%2F11rr2fj5qb!19sChIJlYS7TFq9akARHvPduYr2CUM,"language school in Kentron, Yerevan"
0x406aa2cdca80cb4b:0xcdc047df4f1efc70,Eurasia International University,University,учебный центр,Ереван,"24/2 Azatutyan street, Yerevan, 0014, 15 Azatutyan Ave, Yerevan, Armenia",+37410249438,,,,,,,,4.7,,open,,40.2081474,44.5314851,https://www.google.com/maps/place/Eurasia+International+University/data=!4m7!3m6!1s0x406aa2cdca80cb4b:0xcdc047df4f1efc70!8m2!3d40.2081474!4d44.5314851!16s%2Fm%2F03c9k9d!19sChIJS8uAys2iakARcPweT99HwM0,"language school in Kentron, Yerevan"
0x406aa31189c99a95:0xfb6bbde82b9f0a00,Eureka School,Education center,учебный центр,Ереван,"Nikoghayos Adonts St, Yerevan, Armenia",+37499950440,,,,,,,,3.6,,open,,40.2135593,44.5240011,https://www.google.com/maps/place/Eureka+School/data=!4m7!3m6!1s0x406aa31189c99a95:0xfb6bbde82b9f0a00!8m2!3d40.2135593!4d44.5240011!16s%2Fg%2F11rqsdvx58!19sChIJlZrJiRGjakARAAqfK-i9a_s,"language school in Arabkir, Yerevan"
0x406abce2cde30f51:0xfcce2d8499062766,Fes House,Education,учебный центр,Ереван,"1 Yekmalyan St, Yerevan 0010, Armenia",+37477536410,,,,,,,,4.1,,open,,40.1841473,44.5091566,https://www.google.com/maps/place/Fes+House/data=!4m7!3m6!1s0x406abce2cde30f51:0xfcce2d8499062766!8m2!3d40.1841473!4d44.5091566!16s%2Fg%2F11rcs7r55!19sChIJUQ_jzeK8akARZicGmYQtzvw,"language school in Kentron, Yerevan"
0x406abdfa26f9136f:0x8c32b385f1857d21,Fluemt English,English language school,учебный центр,Ереван,"36, Meliq Meliqyan, Yerevan 0038, Armenia",+37477113282,,,,,,,,,,open,,40.1872023,44.515209,https://www.google.com/maps/place/Fluemt+English/data=!4m7!3m6!1s0x406abdfa26f9136f:0x8c32b385f1857d21!8m2!3d40.1872023!4d44.515209!16s%2Fg%2F11x71w0y_5!19sChIJbxP5Jvq9akARIX2F8YWzMow,"language school in Kentron, Yerevan"
0x406abdfad7215891:0xde2892a49813a2fd,Forward 2,English language school,учебный центр,Ереван,"Yerevan 0006, Armenia",+37495659856,,,,,,,,,,open,,40.1872023,44.515209,https://www.google.com/maps/place/Forward+2/data=!4m7!3m6!1s0x406abdfad7215891:0xde2892a49813a2fd!8m2!3d40.1872023!4d44.515209!16s%2Fg%2F11l1_y9mbd!19sChIJkVgh1_q9akAR_aITmKSSKN4,"language school in Kentron, Yerevan"
0x406abd61bc52611b:0x8c50f9a4190cfe76,Ginkgo Educational Center,English language school,учебный центр,Ереван,"Spendiaryan 3, Yerevan 0002, Armenia",+37498106022,,,,,,,,4.7,,open,,40.1873019,44.5124502,https://www.google.com/maps/place/Ginkgo+Educational+Center/data=!4m7!3m6!1s0x406abd61bc52611b:0x8c50f9a4190cfe76!8m2!3d40.1873019!4d44.5124502!16s%2Fg%2F11h1f270q6!19sChIJG2FSvGG9akARdv4MGaT5UIw,"language school in Kentron, Yerevan"
0x406abd07160bfe33:0xb353c4ce72592f3a,HermeneuticsEd,Learning center,учебный центр,Ереван,"7 Vardanants St, Yerevan 0010, Armenia",+37495211422,,,,,,,,5.0,,open,,40.1786933,44.5183482,https://www.google.com/maps/place/HermeneuticsEd/data=!4m7!3m6!1s0x406abd07160bfe33:0xb353c4ce72592f3a!8m2!3d40.1786933!4d44.5183482!16s%2Fg%2F11q3ygmvv1!19sChIJM_4LFge9akAROi9Zcs7EU7M,"language school in Kentron, Yerevan"
0x406abd001eec1c37:0x7171366125ff6ecf,High-end Spanish,Language school,учебный центр,Ереван,"42a Mesrop Mashtots Ave, Yerevan 0002, Armenia",+37443421008,,,,,,,,5.0,,open,,40.1847768,44.5126624,https://www.google.com/maps/place/High-end+Spanish/data=!4m7!3m6!1s0x406abd001eec1c37:0x7171366125ff6ecf!8m2!3d40.1847768!4d44.5126624!16s%2Fg%2F11y2ml5y7n!19sChIJNxzsHgC9akARz27_JWE2cXE,"language school in Kentron, Yerevan"
0x406abdde58121bdb:0xd4297bd3b95cdc6a,ILS Armenia International Language School,Education center,учебный центр,Ереван,"8a Vardanants Blind Alley, Yerevan 0010, Armenia",+37455875885,,,,,,,,4.0,,open,,40.1768319,44.5210454,https://www.google.com/maps/place/ILS+Armenia+International+Language+School/data=!4m7!3m6!1s0x406abdde58121bdb:0xd4297bd3b95cdc6a!8m2!3d40.1768319!4d44.5210454!16s%2Fg%2F11pvwxn6yv!19sChIJ2xsSWN69akARatxcudN7KdQ,"language school in Kentron, Yerevan"
0xa2056fca0005732b:0x7c759129a890e657,Idiosyncratic You,Language school,учебный центр,Ереван,,+37441558947,,,,,,,,5.0,,open,,40.0706942,45.0408032,https://www.google.com/maps/place/Idiosyncratic+You/data=!4m7!3m6!1s0xa2056fca0005732b:0x7c759129a890e657!8m2!3d40.0706942!4d45.0408032!16s%2Fg%2F11nb6rh_d5!19sChIJK3MFAMpvBaIRV-aQqCmRdXw,"language school in Kentron, Yerevan"
0x406abdc95c36fdd9:0xef251a27a13dd14f,Inspire Education,Language school,учебный центр,Ереван,"45 Orbeli Brothers St, Yerevan 0028, Armenia",+37433831283,,,,,,,,,,open,,40.1929568,44.4905621,https://www.google.com/maps/place/Inspire+Education/data=!4m7!3m6!1s0x406abdc95c36fdd9:0xef251a27a13dd14f!8m2!3d40.1929568!4d44.4905621!16s%2Fg%2F11p1mvwkyn!19sChIJ2f02XMm9akART9E9oScaJe8,"language school in Kentron, Yerevan"
0x406abd1eeddcfdd7:0x41bbb76d87d1933b,International Academy,Language school,учебный центр,Ереван,"0019, 3 Marshal Baghramyan Ave, Yerevan 0019, Armenia",+37477247478,,,,,,,,,,open,,40.1894241,44.5128877,https://www.google.com/maps/place/International+Academy/data=!4m7!3m6!1s0x406abd1eeddcfdd7:0x41bbb76d87d1933b!8m2!3d40.1894241!4d44.5128877!16s%2Fg%2F11c0rw01ps!19sChIJ1_3c7R69akARO5PRh223u0E,"language school in Kentron, Yerevan"
0x406abd1e606055d5:0xb890a163bf4019f6,LIGHTBULB Academy of English,Language school,учебный центр,Ереван,"42 Marshal Baghramyan Ave, Yerevan 0019, Armenia",+37493271282,,,,,,,,,,open,,40.1928215,44.5035688,https://www.google.com/maps/place/LIGHTBULB+Academy+of+English/data=!4m7!3m6!1s0x406abd1e606055d5:0xb890a163bf4019f6!8m2!3d40.1928215!4d44.5035688!16s%2Fg%2F11g8_19hrj!19sChIJ1VVgYB69akAR9hlAv2OhkLg,"language school in Kentron, Yerevan"
0x406abd65fadefc21:0xaa038e559e4813f6,LINGARIS Language Center,Educational institution,учебный центр,Ереван,"12, 2 Gai Ave, Yerevan, Armenia",+37491370837,,,,,,,,,,open,,40.1986336,44.5659857,https://www.google.com/maps/place/LINGARIS+Language+Center/data=!4m7!3m6!1s0x406abd65fadefc21:0xaa038e559e4813f6!8m2!3d40.1986336!4d44.5659857!16s%2Fg%2F11zkhvx6kv!19sChIJIfze-mW9akAR9hNInlWOA6o,"language school in Kentron, Yerevan"
0x2ecc09fbb5d7a291:0x884799e4cab38218,Language on,Language school,учебный центр,Ереван,"3, 1 Belyakov Street, Yerevan 0010, Armenia",+37441909014,,,,,,,,5.0,,open,,40.180721,44.5172052,https://www.google.com/maps/place/Language+on/data=!4m7!3m6!1s0x2ecc09fbb5d7a291:0x884799e4cab38218!8m2!3d40.180721!4d44.5172052!16s%2Fg%2F11l20l4bn0!19sChIJkaLXtfsJzC4RGIKzyuSZR4g,"language school in Kentron, Yerevan"
0x4040fd2a10f996b7:0x5f49ea69df1ffe81,Lilit Khachinyan,Language school,учебный центр,Ереван,"3 Street, Yerevan, Armenia",,,,,,,,,,,open,,40.2031108,44.5074788,https://www.google.com/maps/place/Lilit+Khachinyan/data=!4m7!3m6!1s0x4040fd2a10f996b7:0x5f49ea69df1ffe81!8m2!3d40.2031108!4d44.5074788!16s%2Fg%2F11xgr8wpw8!19sChIJt5b5ECr9QEARgf4f32nqSV8,"language school in Kentron, Yerevan"
0x406aa344163454c3:0xc5bdcc6bb1abc84f,Lingostar Armenia Innovative English Center and Library,Book store,учебный центр,Ереван,"27 Azatutyan Ave, Yerevan, Armenia",,,,,,,,,5.0,,open,,40.2099669,44.5292529,https://www.google.com/maps/place/Lingostar+Armenia+Innovative+English+Center+and+Library/data=!4m7!3m6!1s0x406aa344163454c3:0xc5bdcc6bb1abc84f!8m2!3d40.2099669!4d44.5292529!16s%2Fg%2F11hdr2_jbq!19sChIJw1Q0FkSjakART8irsWvMvcU,"language school in Kentron, Yerevan"
0x406abd760ac3c243:0x3768c9598b57ed1b,Lingua LTC,Language school,учебный центр,Ереван,"33 Mesrop Mashtots Ave, Yerevan 0002, Armenia",+37496559995,,,,,,,,,,open,,40.1853364,44.5120927,https://www.google.com/maps/place/Lingua+LTC/data=!4m7!3m6!1s0x406abd760ac3c243:0x3768c9598b57ed1b!8m2!3d40.1853364!4d44.5120927!16s%2Fg%2F11f7kj1wlb!19sChIJQ8LDCna9akARG-1Xi1nJaDc,"language school in Kentron, Yerevan"
0x406abd028912795b:0x65736db250a6d756,Lingua Life Language Teaching Center,Language school,учебный центр,Ереван,"101 Улица Карена Демирчяна, Yerevan 0002, Armenia",+37499855668,,,,,,,,4.8,,open,,40.1836227,44.5061993,https://www.google.com/maps/place/Lingua+Life+Language+Teaching+Center/data=!4m7!3m6!1s0x406abd028912795b:0x65736db250a6d756!8m2!3d40.1836227!4d44.5061993!16s%2Fg%2F11c6lk_2jl!19sChIJW3kSiQK9akARVtemULJtc2U,"language school in Kentron, Yerevan"
0x406abd764a637c83:0xd3aa2eda0e68e440,LinguaMan language center,Language school,учебный центр,Ереван,"5GQC+W5V, Kentron, Yerevan, Armenia",+37499722322,,,,,,,,,,open,,40.1898673,44.520427,https://www.google.com/maps/place/LinguaMan+language+center/data=!4m7!3m6!1s0x406abd764a637c83:0xd3aa2eda0e68e440!8m2!3d40.1898673!4d44.520427!16s%2Fg%2F11f6g21_t0!19sChIJg3xjSna9akARQORoDtouqtM,"language school in Kentron, Yerevan"
0x406abd257f6d2c93:0x83da4636b7a80bb9,Linguaforum Language Center,English language school,учебный центр,Ереван,"89, 3 Teryan St, Yerevan 0009, Armenia",+37443544646,,,,,,,,,,open,,40.1886339,44.52087,https://www.google.com/maps/place/Linguaforum+Language+Center/data=!4m7!3m6!1s0x406abd257f6d2c93:0x83da4636b7a80bb9!8m2!3d40.1886339!4d44.52087!16s%2Fg%2F11gxmh6fmy!19sChIJkyxtfyW9akARuQuotzZG2oM,"language school in Kentron, Yerevan"
0x406abce0a88a9fa7:0xd8184cb9ec40c5a3,Linguaforum Language Center,Instruction,учебный центр,Ереван,"#2, 7/1 Koryun St, Yerevan 0025, Armenia",+37410585344,,,,,,,,,,open,,40.1872503,44.5243639,https://www.google.com/maps/place/Linguaforum+Language+Center/data=!4m7!3m6!1s0x406abce0a88a9fa7:0xd8184cb9ec40c5a3!8m2!3d40.1872503!4d44.5243639!16s%2Fg%2F1hf399_72!19sChIJp5-KqOC8akARo8VA7LlMGNg,"language school in Kentron, Yerevan"
0x406abd4bc073e73f:0xb06f85920730c6ce,Lingualand Լեզուների ուսուցման կենտրոն,Language school,учебный центр,Ереван,"61 Hanrapetutyan St, Yerevan 0010, Armenia",+37491535358,,,,,,,,,,open,,40.1775229,44.5174643,https://www.google.com/maps/place/Lingualand+%D4%BC%D5%A5%D5%A6%D5%B8%D6%82%D5%B6%D5%A5%D6%80%D5%AB+%D5%B8%D6%82%D5%BD%D5%B8%D6%82%D6%81%D5%B4%D5%A1%D5%B6+%D5%AF%D5%A5%D5%B6%D5%BF%D6%80%D5%B8%D5%B6/data=!4m7!3m6!1s0x406abd4bc073e73f:0xb06f85920730c6ce!8m2!3d40.1775229!4d44.5174643!16s%2Fg%2F11q9m8q1_d!19sChIJP-dzwEu9akARzsYwB5KFb7A,"language school in Kentron, Yerevan"
0x406abd0591e8c36b:0x42a282219c25d97d,Lumio Academy,Education center,учебный центр,Ереван,"49/12 Komitas Ave, Yerevan 0051, Armenia",+37443611112,,,,,,,,5.0,,open,,40.2081768,44.5182988,https://www.google.com/maps/place/Lumio+Academy/data=!4m7!3m6!1s0x406abd0591e8c36b:0x42a282219c25d97d!8m2!3d40.2081768!4d44.5182988!16s%2Fg%2F11zbd03snr!19sChIJa8PokQW9akARfdklnCGCokI,"language school in Kentron, Yerevan"
0x45b76498a7ca24c7:0xeeda90958f52be73,Milestone Language Academy,English language school,учебный центр,Ереван,"1 Voskanian St, Yerevan 0065, Armenia",+37443104106,,,,,,,,5.0,,open,,40.1784149,44.46146,https://www.google.com/maps/place/Milestone+Language+Academy/data=!4m7!3m6!1s0x45b76498a7ca24c7:0xeeda90958f52be73!8m2!3d40.1784149!4d44.46146!16s%2Fg%2F11svkly05p!19sChIJxyTKp5hkt0URc75Sj5WQ2u4,"language school in Kentron, Yerevan"
0x406abd4e411dbdb9:0x4f20dcd19953e6f9,ORDO,Education center,учебный центр,Ереван,"4, 5 King Pap St, Yerevan 0010, Armenia",,,,,,,,,,,open,,40.1790923,44.510762,https://www.google.com/maps/place/ORDO/data=!4m7!3m6!1s0x406abd4e411dbdb9:0x4f20dcd19953e6f9!8m2!3d40.1790923!4d44.510762!16s%2Fg%2F11zkt9rr3r!19sChIJub0dQU69akAR-eZTmdHcIE8,"language school in Kentron, Yerevan"
0xa1309e08163d9e3f:0x92c802d9e7257171,ORDO Learning Hub,Education center,учебный центр,Ереван,"4 King Pap St, Yerevan 0010, Armenia",+37444433044,,,,,,,,,,open,,40.17961,44.510239,https://www.google.com/maps/place/ORDO+Learning+Hub/data=!4m7!3m6!1s0xa1309e08163d9e3f:0x92c802d9e7257171!8m2!3d40.17961!4d44.510239!16s%2Fg%2F11z7cl0x2_!19sChIJP549FgieMKERcXEl59kCyJI,"language school in Kentron, Yerevan"
0x406abde75185ec91:0xaa987684867591c9,Pro Lingua Training LLC,English language school,учебный центр,Ереван,"Verin Antarain, Yerevan 0009, Armenia",+37493584305,,,,,,,,,,open,,40.1951759,44.5129277,https://www.google.com/maps/place/Pro+Lingua+Training+LLC/data=!4m7!3m6!1s0x406abde75185ec91:0xaa987684867591c9!8m2!3d40.1951759!4d44.5129277!16s%2Fg%2F11zhzymq50!19sChIJkeyFUee9akARyZF1hoR2mKo,"language school in Kentron, Yerevan"
0x406abd8284e8afc1:0xcaa19244c3d0a4b5,Rosary Language and skills Center,Education center,учебный центр,Ереван,"Ayasi 65, Yerevan, Armenia",+37444205210,,,,,,,,5.0,,open,,40.1774315,44.4912279,https://www.google.com/maps/place/Rosary+Language+and+skills+Center/data=!4m7!3m6!1s0x406abd8284e8afc1:0xcaa19244c3d0a4b5!8m2!3d40.1774315!4d44.4912279!16s%2Fg%2F11grc0_vc4!19sChIJwa_ohIK9akARtaTQw0SSoco,"language school in Kentron, Yerevan"
0x406abcf1ae5b1ae5:0xef0ed08dec6e6d9a,SELC School of English Language and Culture,Educational institution,учебный центр,Ереван,"8 Vardanants Blind Alley, Yerevan 0010, Armenia",+37495507055,,,,,,,,5.0,,open,,40.1767814,44.5209584,https://www.google.com/maps/place/SELC+School+of+English+Language+and+Culture/data=!4m7!3m6!1s0x406abcf1ae5b1ae5:0xef0ed08dec6e6d9a!8m2!3d40.1767814!4d44.5209584!16s%2Fg%2F11cs3dqmck!19sChIJ5RpbrvG8akARmm1u7I3QDu8,"language school in Kentron, Yerevan"
0x406a9729c2171b27:0x46b26478d7cc204c,SchoolBox Yerevan,Educational institution,учебный центр,Ереван,"27/3 Fuchik St, Yerevan 0037, Armenia",+37477106664,,,,,,,,5.0,,open,,40.2080835,44.4711221,https://www.google.com/maps/place/SchoolBox+Yerevan/data=!4m7!3m6!1s0x406a9729c2171b27:0x46b26478d7cc204c!8m2!3d40.2080835!4d44.4711221!16s%2Fg%2F11lctz9rg9!19sChIJJxsXwimXakARTCDM13hkskY,"language school in Kentron, Yerevan"
0x406abdc847a92295:0x9e30ae17d4277b8e,Skills4Life,Language school,учебный центр,Ереван,"2A Agatangeghos St, Yerevan 0023, Armenia",+37444544680,,,,,,,,4.6,,open,,40.1708522,44.509482,https://www.google.com/maps/place/Skills4Life/data=!4m7!3m6!1s0x406abdc847a92295:0x9e30ae17d4277b8e!8m2!3d40.1708522!4d44.509482!16s%2Fg%2F11vsgnpxh4!19sChIJlSKpR8i9akARjnsn1BeuMJ4,"language school in Shengavit, Yerevan"
0x406aa3c5dbc0cf7b:0xf0b5904ac9b4a89e,Smart Academy,Language school,учебный центр,Ереван,"55, 5 Tsarav Aghbyur St, Yerevan 0022, Armenia",+37491080715,,,,,,,,5.0,,open,,40.2179612,44.552749,https://www.google.com/maps/place/Smart+Academy/data=!4m7!3m6!1s0x406aa3c5dbc0cf7b:0xf0b5904ac9b4a89e!8m2!3d40.2179612!4d44.552749!16s%2Fg%2F11lf3g570r!19sChIJe8_A28WjakARnqi0yUqQtfA,"language school in Arabkir, Yerevan"
0x406abcfcafd24537:0x551734a1bae94ab7,Train Language School,Educational institution,учебный центр,Ереван,"42 Yeznik Koghbatsi St, Yerevan 0002, Armenia",+37498160806,,,,,,,,5.0,,open,,40.1832462,44.5132433,https://www.google.com/maps/place/Train+Language+School/data=!4m7!3m6!1s0x406abcfcafd24537:0x551734a1bae94ab7!8m2!3d40.1832462!4d44.5132433!16s%2Fg%2F11cm5tr9g9!19sChIJN0XSr_y8akARt0rpuqE0F1U,"language school in Kentron, Yerevan"
0x406abd0c16a72b4d:0xd93aec2f0307dd88,e-corner english school,English language school,учебный центр,Ереван,"16 Vratsakan St, Yerevan 0051, Armenia",+37477961010,,,,,,,,1.0,,open,,40.2077541,44.5109019,https://www.google.com/maps/place/e-corner+english+school/data=!4m7!3m6!1s0x406abd0c16a72b4d:0xd93aec2f0307dd88!8m2!3d40.2077541!4d44.5109019!16s%2Fg%2F11h1qtm7my!19sChIJTSunFgy9akARiN0HAy_sOtk,"language school in Kentron, Yerevan"
0x406abdc26854193f:0x625eea1134b66c94,sCool,Education center,учебный центр,Ереван,"14 Martiros Saryan St, Yerevan 0002, Armenia",+37455180190,,,,,,,,,,open,,40.1866405,44.5076263,https://www.google.com/maps/place/sCool/data=!4m7!3m6!1s0x406abdc26854193f:0x625eea1134b66c94!8m2!3d40.1866405!4d44.5076263!16s%2Fg%2F11m_8xh71p!19sChIJPxlUaMK9akARlGy2NBHqXmI,"language school in Kentron, Yerevan"
0x406aa3b888ea3fbd:0xe2a0a31928c07774,ԷԼԿԱ Մանկական զարգացման կենտրոն/Elka Children’s Developmental Center,Education center,учебный центр,Ереван,"3 Totovenc str, Yerevan, Armenia",+37441706626,,,,,,,,5.0,,open,,40.2018591,44.567567,https://www.google.com/maps/place/%D4%B7%D4%BC%D4%BF%D4%B1+%D5%84%D5%A1%D5%B6%D5%AF%D5%A1%D5%AF%D5%A1%D5%B6+%D5%A6%D5%A1%D6%80%D5%A3%D5%A1%D6%81%D5%B4%D5%A1%D5%B6+%D5%AF%D5%A5%D5%B6%D5%BF%D6%80%D5%B8%D5%B6%2FElka+Children%E2%80%99s+Developmental+Center/data=!4m7!3m6!1s0x406aa3b888ea3fbd:0xe2a0a31928c07774!8m2!3d40.2018591!4d44.567567!16s%2Fg%2F11zbt1w77b!19sChIJvT_qiLijakARdHfAKBmjoOI,"language school in Nor Nork, Yerevan"
0x406abd88d3baa127:0x6af8c69e665db44b,Պոլիգլոտ ուսումնական կենտրոն,Language school,учебный центр,Ереван,"22 Manandyan St, Yerevan, Armenia",+37494110308,,,,,,,,5.0,,open,,40.1520441,44.4846159,https://www.google.com/maps/place/%D5%8A%D5%B8%D5%AC%D5%AB%D5%A3%D5%AC%D5%B8%D5%BF+%D5%B8%D6%82%D5%BD%D5%B8%D6%82%D5%B4%D5%B6%D5%A1%D5%AF%D5%A1%D5%B6+%D5%AF%D5%A5%D5%B6%D5%BF%D6%80%D5%B8%D5%B6/data=!4m7!3m6!1s0x406abd88d3baa127:0x6af8c69e665db44b!8m2!3d40.1520441!4d44.4846159!16s%2Fg%2F11ghw6wvdc!19sChIJJ6G604i9akARS7RdZp7G-Go,"language school in Kentron, Yerevan"
0x406abd18ce784be7:0xc63db88a02dccb09,"""KILIKIA"" GYM HALL",Sports club,фитнес,Ереван,"1 Ayas St, Yerevan, Armenia",,,,,,,,,,,open,,40.1778008,44.4920981,https://www.google.com/maps/place/%22KILIKIA%22+GYM+HALL/data=!4m7!3m6!1s0x406abd18ce784be7:0xc63db88a02dccb09!8m2!3d40.1778008!4d44.4920981!16s%2Fg%2F11sf0dv69p!19sChIJ50t4zhi9akARCcvcAoq4PcY,"gym in Malatia-Sebastia, Yerevan"
0x406abdb198826823:0xa2139e1bcc79cac,12 Rounds Boxing Club,Boxing club,фитнес,Ереван,"47, 7 Movses Khorenatsi Street, Yerevan 0018, Armenia",+37495010012,,,,,,,,4.7,,open,,40.165479,44.5165969,https://www.google.com/maps/place/12+Rounds+Boxing+Club/data=!4m7!3m6!1s0x406abdb198826823:0xa2139e1bcc79cac!8m2!3d40.165479!4d44.5165969!16s%2Fg%2F11ky64gh_g!19sChIJI2iCmLG9akARrJzHvOE5IQo,"gym in Kentron, Yerevan"
0x406abd004c4bf973:0x7cb5b33f1a42aa42,Abelyan 6,Gym,фитнес,Ереван,"5FXG+X7P, Abelian St, Yerevan, Armenia",,,,,,,,,,,open,,40.1999655,44.475714,https://www.google.com/maps/place/Abelyan+6/data=!4m7!3m6!1s0x406abd004c4bf973:0x7cb5b33f1a42aa42!8m2!3d40.1999655!4d44.475714!16s%2Fg%2F11y8fcx_xt!19sChIJc_lLTAC9akARQqpCGj-ztXw,"gym in Arabkir, Yerevan"
0x406abd19f162b8a1:0x6c47becc50f71bd1,Action Fitness LLC,Gym,фитнес,Ереван,"19/1 Marshal Baghramyan Ave, Yerevan 0019, Armenia",+37410528856,,,,,,,,4.1,,open,,40.1918257,44.5055965,https://www.google.com/maps/place/Action+Fitness+LLC/data=!4m7!3m6!1s0x406abd19f162b8a1:0x6c47becc50f71bd1!8m2!3d40.1918257!4d44.5055965!16s%2Fg%2F11b7pysg4j!19sChIJobhi8Rm9akAR0Rv3UMy-R2w,"gym in Kentron, Yerevan"
0x406abce69753ca8b:0x7c0fa00d0091839d,Albert Azaryan School of Gymnastics,Gymnastics center,фитнес,Ереван,"3 Moskovyan Street, Yerevan 0001, Armenia",+37410521700,,,,,,,,4.2,,open,,40.183979,44.5220409,https://www.google.com/maps/place/Albert+Azaryan+School+of+Gymnastics/data=!4m7!3m6!1s0x406abce69753ca8b:0x7c0fa00d0091839d!8m2!3d40.183979!4d44.5220409!16s%2Fg%2F1hc2sksd8!19sChIJi8pTl-a8akARnYORAA2gD3w,"gym in Nor Nork, Yerevan"
0x406abcfa8411d907:0x720a65156ea8b14d,Alex Fitness,Gym,фитнес,Ереван,"5GH8+8XR, Yerevan, Armenia",+37493807880,,,,,,,,4.3,,open,,40.1783733,44.5173861,https://www.google.com/maps/place/Alex+Fitness/data=!4m7!3m6!1s0x406abcfa8411d907:0x720a65156ea8b14d!8m2!3d40.1783733!4d44.5173861!16s%2Fg%2F11c5rpfn78!19sChIJB9kRhPq8akARTbGobhVlCnI,"gym in Kentron, Yerevan"
0x406abd2a51d801a9:0x8bf77639bbaefc67,Anabolic Lab,Fitness center,фитнес,Ереван,"19/74 Komitas Ave, Yerevan, Armenia",+37493996402,,,,,,,,,,open,,40.2041042,44.5012583,https://www.google.com/maps/place/Anabolic+Lab/data=!4m7!3m6!1s0x406abd2a51d801a9:0x8bf77639bbaefc67!8m2!3d40.2041042!4d44.5012583!16s%2Fg%2F11wx76g_mx!19sChIJqQHYUSq9akARZ_yuuzl294s,"gym in Kentron, Yerevan"
0x406abd00436a7605:0x95ad6628cf2050bc,Arpi Yoga House,Yoga studio,фитнес,Ереван,"Sos Sargsyan, 21 Azatutyan Ave, Yerevan 0037, Armenia",+37444666035,,,,,,,,5.0,,open,,40.2007448,44.5199141,https://www.google.com/maps/place/Arpi+Yoga+House/data=!4m7!3m6!1s0x406abd00436a7605:0x95ad6628cf2050bc!8m2!3d40.2007448!4d44.5199141!16s%2Fg%2F11z2xrb3nf!19sChIJBXZqQwC9akARvFAgzyhmrZU,"gym in Nor Nork, Yerevan"
0x406abd1ff8676e41:0x3f1377206e673e3a,Atlant Gym,Gym,фитнес,Ереван,"54ա Mesrop Mashtots Ave, Yerevan, Armenia",+37496061172,,,,,,,,3.0,,open,,40.1898485,44.5192624,https://www.google.com/maps/place/Atlant+Gym/data=!4m7!3m6!1s0x406abd1ff8676e41:0x3f1377206e673e3a!8m2!3d40.1898485!4d44.5192624!16s%2Fg%2F1yg4d0p53!19sChIJQW5n-B-9akAROj5nbiB3Ez8,"gym in Kentron, Yerevan"
0x406abd87ba34b8f9:0x63da0b21cd63f9ed,AtletX Gym,Gym,фитнес,Ереван,"1, 1 Fuchik St, Yerevan 0048, Armenia",+37455883334,,,,,,,,4.5,,open,,40.1992966,44.4765743,https://www.google.com/maps/place/AtletX+Gym/data=!4m7!3m6!1s0x406abd87ba34b8f9:0x63da0b21cd63f9ed!8m2!3d40.1992966!4d44.4765743!16s%2Fg%2F11lntmggw4!19sChIJ-bg0uoe9akAR7fljzSEL2mM,"gym in Kentron, Yerevan"
0x406aa3006c3e4b5d:0x36d2c5f7336eaa3f,BAZEYAN BOXING CLUB,Boxing gym,фитнес,Ереван,"14, 1 4th St, Yerevan, Armenia",+37498851988,,,,,,,,5.0,,open,,40.2090615,44.5636358,https://www.google.com/maps/place/BAZEYAN+BOXING+CLUB/data=!4m7!3m6!1s0x406aa3006c3e4b5d:0x36d2c5f7336eaa3f!8m2!3d40.2090615!4d44.5636358!16s%2Fg%2F11lnjlx7n_!19sChIJXUs-bACjakARP6puM_fF0jY,"gym in Nor Nork, Yerevan"
0x406abd005a1c4b75:0x85d7719903c2f230,Billy Herington dungeon,Gym,фитнес,Ереван,"2, 3 Mesrop Mashtots Ave, Yerevan 0015, Armenia",,,,,,,,,5.0,,open,,40.1747377,44.502245,https://www.google.com/maps/place/Billy+Herington+dungeon/data=!4m7!3m6!1s0x406abd005a1c4b75:0x85d7719903c2f230!8m2!3d40.1747377!4d44.502245!16s%2Fg%2F11ldw12pyp!19sChIJdUscWgC9akARMPLCA5lx14U,"gym in Kentron, Yerevan"
0x406abd5a9dc772df:0x358dbe0fdb3e5ec1,"Boulderland Yerevan , Climbing Gym",Rock climbing gym,фитнес,Ереван,"1 Alek Manukyan St, Yerevan, Armenia",+37494911813,,,,,,,,4.9,,open,,40.1807885,44.5268565,"https://www.google.com/maps/place/Boulderland+Yerevan+,+Climbing+Gym/data=!4m7!3m6!1s0x406abd5a9dc772df:0x358dbe0fdb3e5ec1!8m2!3d40.1807885!4d44.5268565!16s%2Fg%2F11ldwmntqz!19sChIJ33LHnVq9akARwV4-2w--jTU","gym in Kentron, Yerevan"
0x406abd00440ac6db:0x984f9cdc1688428d,Bridge Yoga,Yoga studio,фитнес,Ереван,"44 Arshakunyats Ave, Yerevan, Armenia",,,,,,,,,5.0,,open,,40.1500476,44.4975969,https://www.google.com/maps/place/Bridge+Yoga/data=!4m7!3m6!1s0x406abd00440ac6db:0x984f9cdc1688428d!8m2!3d40.1500476!4d44.4975969!16s%2Fg%2F11z7qpfqg3!19sChIJ28YKRAC9akARjUKIFtycT5g,"gym in Shengavit, Yerevan"
0x406abd0026fe40db:0x99cc706b6d931899,Calesthenics park,Gym,фитнес,Ереван,"8 Kajaznuni St, Yerevan 0070, Armenia",,,,,,,,,5.0,,open,,40.1692386,44.5184122,https://www.google.com/maps/place/Calesthenics+park/data=!4m7!3m6!1s0x406abd0026fe40db:0x99cc706b6d931899!8m2!3d40.1692386!4d44.5184122!16s%2Fg%2F11x0yjln6g!19sChIJ20D-JgC9akARmRiTbWtwzJk,"gym in Kentron, Yerevan"
0x406aa3006d83a09f:0xd347e23fead9196e,Calisthenics park,Gym,фитнес,Ереван,"11 Marshal Khudiakov St, Yerevan, Armenia",,,,,,,,,,,open,,40.2170274,44.5815466,https://www.google.com/maps/place/Calisthenics+park/data=!4m7!3m6!1s0x406aa3006d83a09f:0xd347e23fead9196e!8m2!3d40.2170274!4d44.5815466!16s%2Fg%2F11ynvczvrq!19sChIJn6CDbQCjakARbhnZ6j_iR9M,"gym in Nor Nork, Yerevan"
0x406aa300702adafd:0x582a163cb2095c78,Calisthenics park,Gym,фитнес,Ереван,"16 Almati St, Yerevan 0060, Armenia",,,,,,,,,4.3,,open,,40.2197084,44.5774872,https://www.google.com/maps/place/Calisthenics+park/data=!4m7!3m6!1s0x406aa300702adafd:0x582a163cb2095c78!8m2!3d40.2197084!4d44.5774872!16s%2Fg%2F11xzmqzrgg!19sChIJ_doqcACjakAReFwJsjwWKlg,"gym in Nor Nork, Yerevan"
0x406abddceb3f2cb3:0x1f382c23e665178a,Cloud 7 Rooftop Republic Square,Gym,фитнес,Ереван,"2 King Pap St, Yerevan 0010, Armenia",+37443587000,,,,,,,,2.0,,open,,40.1784264,44.5116569,https://www.google.com/maps/place/Cloud+7+Rooftop+Republic+Square/data=!4m7!3m6!1s0x406abddceb3f2cb3:0x1f382c23e665178a!8m2!3d40.1784264!4d44.5116569!16s%2Fg%2F11q3n5q_xh!19sChIJsyw_69y9akARihdl5iMsOB8,"gym in Kentron, Yerevan"
0x406abcf8daa3ae27:0x2fbd8358e6aa902d,Davis' Gym,Gym,фитнес,Ереван,"6 Zakyan St, Yerevan, Armenia",+37443131315,,,,,,,,4.5,,open,,40.1773023,44.5070563,https://www.google.com/maps/place/Davis%27+Gym/data=!4m7!3m6!1s0x406abcf8daa3ae27:0x2fbd8358e6aa902d!8m2!3d40.1773023!4d44.5070563!16s%2Fg%2F11cn95g9qs!19sChIJJ66j2vi8akARLZCq5liDvS8,"gym in Kentron, Yerevan"
0x406aa304227457d9:0xa2fab1cba66acae2,Diamond gym,Fitness center,фитнес,Ереван,"37/46 Moldovakan St, Yerevan 0062, Armenia",+37477112347,,,,,,,,,,open,,40.2036903,44.5742226,https://www.google.com/maps/place/Diamond+gym/data=!4m7!3m6!1s0x406aa304227457d9:0xa2fab1cba66acae2!8m2!3d40.2036903!4d44.5742226!16s%2Fg%2F11zz4l4xdd!19sChIJ2Vd0IgSjakAR4spqpsux-qI,"gym in Nor Nork, Yerevan"
0x406abd07f6243165:0xa6c7dccb19f368a0,Double X Fit -EMS individual training,Fitness center,фитнес,Ереван,"15/a, Alek Manukyan St, Yerevan 0070, Armenia",+37498911090,,,,,,,,5.0,,open,,40.1747402,44.5228751,https://www.google.com/maps/place/Double+X+Fit+-EMS+individual+training/data=!4m7!3m6!1s0x406abd07f6243165:0xa6c7dccb19f368a0!8m2!3d40.1747402!4d44.5228751!16s%2Fg%2F11gwmkcn9_!19sChIJZTEk9ge9akARoGjzGcvcx6Y,"gym in Kentron, Yerevan"
0x406abdb7837bd339:0x78f439075bdf06c,Dynamo Sports Club,Sports complex,фитнес,Ереван,"69 Vardanants St, Yerevan 0070, Armenia",+37410552311,,,,,,,,4.2,,open,,40.171012,44.5232326,https://www.google.com/maps/place/Dynamo+Sports+Club/data=!4m7!3m6!1s0x406abdb7837bd339:0x78f439075bdf06c!8m2!3d40.171012!4d44.5232326!16s%2Fg%2F11jt1lmm03!19sChIJOdN7g7e9akARbPC9dZBDjwc,"gym in Erebuni, Yerevan"
0x406aa3e3782812a3:0x64eef6511f52e96a,Energy Gym,Gym,фитнес,Ереван,"6 Nansen Street 1, Yerevan 0085, Armenia",+37443222247,,,,,,,,5.0,,open,,40.2000859,44.5629574,https://www.google.com/maps/place/Energy+Gym/data=!4m7!3m6!1s0x406aa3e3782812a3:0x64eef6511f52e96a!8m2!3d40.2000859!4d44.5629574!16s%2Fg%2F11x6bzffr1!19sChIJoxIoeOOjakARaulSH1H27mQ,"gym in Nor Nork, Yerevan"
0x406abdb6575ca6ff:0x88411212f91215b2,Erkinq Yoga and Meditation,Yoga studio,фитнес,Ереван,"Sevastopolyan, Kievyan St, Yerevan 0033, Armenia",+37495488846,,,,,,,,5.0,,open,,40.1948715,44.4859012,https://www.google.com/maps/place/Erkinq+Yoga+and+Meditation/data=!4m7!3m6!1s0x406abdb6575ca6ff:0x88411212f91215b2!8m2!3d40.1948715!4d44.4859012!16s%2Fg%2F11x___b6ng!19sChIJ_6ZcV7a9akARshUS-RISQYg,"gym in Shengavit, Yerevan"
0x406aa3005825f43d:0x4d4097bbbe6dca4d,FIGHT GYM CLUB,,фитнес,Ереван,"4, 3 Nikoghayos Adonts St, Yerevan, Armenia",,,,,,,,,5.0,,open,,40.2128207,44.5248554,https://www.google.com/maps/place/FIGHT+GYM+CLUB/data=!4m7!3m6!1s0x406aa3005825f43d:0x4d4097bbbe6dca4d!8m2!3d40.2128207!4d44.5248554!16s%2Fg%2F11m74j1sch!19sChIJPfQlWACjakARTcptvruXQE0,"gym in Arabkir, Yerevan"
0x406abf00741724cd:0xef51c73a8c4161f7,FitWell,Fitness center,фитнес,Ереван,"47 Chekhov St, Yerevan, Armenia",+37443022332,,,,,,,,3.5,,open,,40.1492227,44.4730007,https://www.google.com/maps/place/FitWell/data=!4m7!3m6!1s0x406abf00741724cd:0xef51c73a8c4161f7!8m2!3d40.1492227!4d44.4730007!16s%2Fg%2F11x95syd7h!19sChIJzSQXdAC_akAR92FBjDrHUe8,"gym in Shengavit, Yerevan"
0x406abd0079be705d:0xbd866bf95be4524e,Fitness Club Legend,Sports club,фитнес,Ереван,"40/3 Andranik Zoravar St, Yerevan 0034, Armenia",+37433656656,,,,,,,,5.0,,open,,40.1773453,44.4443372,https://www.google.com/maps/place/Fitness+Club+Legend/data=!4m7!3m6!1s0x406abd0079be705d:0xbd866bf95be4524e!8m2!3d40.1773453!4d44.4443372!16s%2Fg%2F11x72qzfbq!19sChIJXXC-eQC9akARTlLkW_lrhr0,"gym in Malatia-Sebastia, Yerevan"
0x406abcdfa2100001:0x24501069ef2efaac,Fitness Shop,Store,фитнес,Ереван,"72, 6 Teryan St, Yerevan, Armenia",+37495999399,,,,,,,,5.0,,open,,40.1904967,44.5230301,https://www.google.com/maps/place/Fitness+Shop/data=!4m7!3m6!1s0x406abcdfa2100001:0x24501069ef2efaac!8m2!3d40.1904967!4d44.5230301!16s%2Fg%2F11hf04n75m!19sChIJAQAQot-8akARrPou72kQUCQ,"gym in Nor Nork, Yerevan"
0x406abce54165bc09:0x470260004f31b1c2,Flex Ֆլեքս ֆիթնես,Gym,фитнес,Ереван,"11 Tumanyan St, Yerevan 0001, Armenia",+37410520120,,,,,,,,4.1,,open,,40.1803278,44.5200626,https://www.google.com/maps/place/Flex+%D5%96%D5%AC%D5%A5%D6%84%D5%BD+%D6%86%D5%AB%D5%A9%D5%B6%D5%A5%D5%BD/data=!4m7!3m6!1s0x406abce54165bc09:0x470260004f31b1c2!8m2!3d40.1803278!4d44.5200626!16s%2Fg%2F11xfx3f4z!19sChIJCbxlQeW8akARwrExTwBgAkc,"gym in Kentron, Yerevan"
0x406abd56a73a0855:0xbe13a31bbff2cb40,GAPI movement studio,Fitness center,фитнес,Ереван,"76 Tigran Mets Ave, Yerevan 0005, Armenia",+37433849019,,,,,,,,,,open,,40.1567904,44.51052,https://www.google.com/maps/place/GAPI+movement+studio/data=!4m7!3m6!1s0x406abd56a73a0855:0xbe13a31bbff2cb40!8m2!3d40.1567904!4d44.51052!16s%2Fg%2F11zxdgy5vh!19sChIJVQg6p1a9akARQMvyvxujE74,"gym in Shengavit, Yerevan"
0x406abd84661f6c29:0x7dfc9dca74eaa10d,Gaya Yoga Room,Yoga studio,фитнес,Ереван,"Yerevan, Armenia",+37495814402,,,,,,,,5.0,,open,,40.1872023,44.515209,https://www.google.com/maps/place/Gaya+Yoga+Room/data=!4m7!3m6!1s0x406abd84661f6c29:0x7dfc9dca74eaa10d!8m2!3d40.1872023!4d44.515209!16s%2Fg%2F11nqxnv_tl!19sChIJKWwfZoS9akARDaHqdMqd_H0,"gym in Kentron, Yerevan"
0x406abd51309edf25:0xa57cd8a469d1376,GoFit,Gym,фитнес,Ереван,"1, 3 Buzand St, Yerevan, Armenia",+37441113113,,,,,,,,4.5,,open,,40.1757529,44.5171577,https://www.google.com/maps/place/GoFit/data=!4m7!3m6!1s0x406abd51309edf25:0xa57cd8a469d1376!8m2!3d40.1757529!4d44.5171577!16s%2Fg%2F11rzq5hs63!19sChIJJd-eMFG9akARdhOdRorNVwo,"gym in Kentron, Yerevan"
0x406abd3f7cb248bb:0x384bc7faff528921,Gong Boxing Club,Boxing club,фитнес,Ереван,"2/8 Karakhanyan St, Yerevan, Armenia",+37433935339,,,,,,,,5.0,,open,,40.1777629,44.5616985,https://www.google.com/maps/place/Gong+Boxing+Club/data=!4m7!3m6!1s0x406abd3f7cb248bb:0x384bc7faff528921!8m2!3d40.1777629!4d44.5616985!16s%2Fg%2F11rvc01hh4!19sChIJu0iyfD-9akARIYlS__rHSzg,"gym in Nor Nork, Yerevan"
0x406abbe8809b8475:0x215796ed2204c595,Gor Boxing Club,Boxing gym,фитнес,Ереван,"18, 6 Erebuni St, Yerevan, Armenia",+37498450160,,,,,,,,4.6,,open,,40.1420373,44.5155559,https://www.google.com/maps/place/Gor+Boxing+Club/data=!4m7!3m6!1s0x406abbe8809b8475:0x215796ed2204c595!8m2!3d40.1420373!4d44.5155559!16s%2Fg%2F11n40c7hg3!19sChIJdYSbgOi7akARlcUEIu2WVyE,"gym in Shengavit, Yerevan"
0x406aa39d528d1803:0xc72e6e59d06eff76,Gym,Sports club,фитнес,Ереван,"6G9X+8J8, Tsarav Aghbyur St, Yerevan, Armenia",,,,,,,,,,,open,,40.218287,44.549067,https://www.google.com/maps/place/Gym/data=!4m7!3m6!1s0x406aa39d528d1803:0xc72e6e59d06eff76!8m2!3d40.218287!4d44.549067!16s%2Fg%2F11sd6gtw6m!19sChIJAxiNUp2jakARdv9u0FluLsc,"gym in Nor Nork, Yerevan"
0x406abd61f48b1b09:0x160db2370235075f,Gym Centre,Sports complex,фитнес,Ереван,"7, 1 Tsitsernakaberd Hwy, Yerevan 0082, Armenia",+37495137824,,,,,,,,,,open,,40.1794463,44.4913875,https://www.google.com/maps/place/Gym+Centre/data=!4m7!3m6!1s0x406abd61f48b1b09:0x160db2370235075f!8m2!3d40.1794463!4d44.4913875!16s%2Fg%2F11rtsz41kd!19sChIJCRuL9GG9akARXwc1AjeyDRY,"gym in Shengavit, Yerevan"
0x406abdd9662cf3dd:0xc9e76d80a90221ba,Happy Yoga,Fitness center,фитнес,Ереван,"25 Mesrop Mashtots Ave, Yerevan 0002, Armenia",,,,,,,,,,,open,,40.1837386,44.5107662,https://www.google.com/maps/place/Happy+Yoga/data=!4m7!3m6!1s0x406abdd9662cf3dd:0xc9e76d80a90221ba!8m2!3d40.1837386!4d44.5107662!16s%2Fg%2F11zgs9z12r!19sChIJ3fMsZtm9akARuiECqYBt58k,"gym in Kentron, Yerevan"
0x406abd56dc446c0b:0xe9f8205d81ac0893,JammFit-EMS,Fitness center,фитнес,Ереван,"8 Vahram Papazyan St, Yerevan 0052, Armenia",+37496995519,,,,,,,,,,open,,40.1990926,44.5073585,https://www.google.com/maps/place/JammFit-EMS/data=!4m7!3m6!1s0x406abd56dc446c0b:0xe9f8205d81ac0893!8m2!3d40.1990926!4d44.5073585!16s%2Fg%2F11p1b5qgn_!19sChIJC2xE3Fa9akARkwisgV0g-Ok,"gym in Kentron, Yerevan"
0x406aa30012955dd7:0xf5e5ee2cf52aae96,KMG,Gym,фитнес,Ереван,"8 Azatutyan Ave, Yerevan 0014, Armenia",,,,,,,,,,,open,,40.2100966,44.5311492,https://www.google.com/maps/place/KMG/data=!4m7!3m6!1s0x406aa30012955dd7:0xf5e5ee2cf52aae96!8m2!3d40.2100966!4d44.5311492!16s%2Fg%2F11w1gnkw8m!19sChIJ112VEgCjakARlq4q9Szu5fU,"gym in Nor Nork, Yerevan"
0x406a97a464b85a4f:0xca08f3d3b01c3cfd,LIFE UP GYM,Gym,фитнес,Ереван,"44, Yerevan 0054, Armenia",+37493134101,,,,,,,,4.9,,open,,40.2223859,44.4940406,https://www.google.com/maps/place/LIFE+UP+GYM/data=!4m7!3m6!1s0x406a97a464b85a4f:0xca08f3d3b01c3cfd!8m2!3d40.2223859!4d44.4940406!16s%2Fg%2F11tmr_k3z2!19sChIJT1q4ZKSXakAR_TwcsNPzCMo,"gym in Arabkir, Yerevan"
0x406abd0058627fed:0xdf014637e230f70f,Lady Zone,Gym,фитнес,Ереван,"3 8th St, Yerevan, Armenia",+37477060066,,,,,,,,5.0,,open,,40.1849917,44.5441358,https://www.google.com/maps/place/Lady+Zone/data=!4m7!3m6!1s0x406abd0058627fed:0xdf014637e230f70f!8m2!3d40.1849917!4d44.5441358!16s%2Fg%2F11z3d97bsb!19sChIJ7X9iWAC9akARD_cw4jdGAd8,"gym in Kentron, Yerevan"
0x406aa30064b83a6b:0x39477b35a41de489,Lady Zone,Gym,фитнес,Ереван,"6HCJ+88H, 17 St, Yerevan, Armenia",,,,,,,,,3.0,,open,,40.2208691,44.5816948,https://www.google.com/maps/place/Lady+Zone/data=!4m7!3m6!1s0x406aa30064b83a6b:0x39477b35a41de489!8m2!3d40.2208691!4d44.5816948!16s%2Fg%2F11zjpcj6pn!19sChIJazq4ZACjakARieQdpDV7Rzk,"gym in Nor Nork, Yerevan"
0x406abbf3c6d0f1ff:0x80681d02c8217b44,Lady Zone Fitness Club,Gym,фитнес,Ереван,"Agatangheghos 6/1 Koryun 5/1 Raffu 35/7 Erebuni 17/1, 1 Mazmanian St, Yerevan, Armenia",+37477060066,,,,,,,,2.6,,open,,40.1417866,44.515458,https://www.google.com/maps/place/Lady+Zone+Fitness+Club/data=!4m7!3m6!1s0x406abbf3c6d0f1ff:0x80681d02c8217b44!8m2!3d40.1417866!4d44.515458!16s%2Fg%2F11x04tyn6w!19sChIJ__HQxvO7akARRHshyAIdaIA,"gym in Shengavit, Yerevan"
0x406abd0070b36b61:0xc57812881c1bfef0,Lady Zone Gym,Gym,фитнес,Ереван,"5GPF+WR5, Koryun St, Yerevan, Armenia",,,,,,,,,4.2,,open,,40.1872694,44.5246144,https://www.google.com/maps/place/Lady+Zone+Gym/data=!4m7!3m6!1s0x406abd0070b36b61:0xc57812881c1bfef0!8m2!3d40.1872694!4d44.5246144!16s%2Fg%2F11vx78f1rq!19sChIJYWuzcAC9akAR8P4bHIgSeMU,"gym in Kentron, Yerevan"
0x406abd000ddef86b:0x957ad87f3920c568,Lady Zone Gym,Gym,фитнес,Ереван,"2, 8 Rubinyants St, Yerevan 0069, Armenia",,,,,,,,,,,open,,40.1989976,44.5384097,https://www.google.com/maps/place/Lady+Zone+Gym/data=!4m7!3m6!1s0x406abd000ddef86b:0x957ad87f3920c568!8m2!3d40.1989976!4d44.5384097!16s%2Fg%2F11zxdhn6n6!19sChIJa_jeDQC9akARaMUgOX_YepU,"gym in Kentron, Yerevan"
0x406abd0073f37927:0x860a11747f9244d7,Lady Zone gym,Gym,фитнес,Ереван,"6G36+Q4C, Nairi Zaryan St, Yerevan, Armenia",+37477060066,,,,,,,,3.8,,open,,40.2044272,44.5102626,https://www.google.com/maps/place/Lady+Zone+gym/data=!4m7!3m6!1s0x406abd0073f37927:0x860a11747f9244d7!8m2!3d40.2044272!4d44.5102626!16s%2Fg%2F11xktxvhks!19sChIJJ3nzcwC9akAR10SSf3QRCoY,"gym in Kentron, Yerevan"
0x406abd007e72695f:0x79ddf260875e2151,Lady zone,Gym,фитнес,Ереван,"5F6M+G59, Shengavit St, Yerevan, Armenia",,,,,,,,,5.0,,open,,40.161289,44.4829835,https://www.google.com/maps/place/Lady+zone/data=!4m7!3m6!1s0x406abd007e72695f:0x79ddf260875e2151!8m2!3d40.161289!4d44.4829835!16s%2Fg%2F11mc9sqwz_!19sChIJX2lyfgC9akARUSFeh2Dy3Xk,"gym in Shengavit, Yerevan"
0x406a97003580d3c1:0x35f05644bcb118ab,Lady zone,Gym,фитнес,Ереван,"7, 37 Tigran Petrosyan St, Yerevan 0054, Armenia",,,,,,,,,2.7,,open,,40.2213366,44.4931152,https://www.google.com/maps/place/Lady+zone/data=!4m7!3m6!1s0x406a97003580d3c1:0x35f05644bcb118ab!8m2!3d40.2213366!4d44.4931152!16s%2Fg%2F11x98q7y9c!19sChIJwdOANQCXakARqxixvERW8DU,"gym in Erebuni, Yerevan"
0x406abd1c332fe39d:0xfa99194f011f23e5,Lotus,Gym,фитнес,Ереван,"19a Koryun St, Yerevan 0009, Armenia",+37410616199,,,,,,,,1.0,,open,,40.1877272,44.5112197,https://www.google.com/maps/place/Lotus/data=!4m7!3m6!1s0x406abd1c332fe39d:0xfa99194f011f23e5!8m2!3d40.1877272!4d44.5112197!16s%2Fg%2F11bbrl37qq!19sChIJneMvMxy9akAR5SMfAU8Zmfo,"gym in Kentron, Yerevan"
0x406aa3244f47454d:0xd3689c03aa86c25a,MY GYM Sport Club,Gym,фитнес,Ереван,"5HV7+446, Yerevan, Armenia",+37433600010,,,,,,,,4.1,,open,,40.1929467,44.5626504,https://www.google.com/maps/place/MY+GYM+Sport+Club/data=!4m7!3m6!1s0x406aa3244f47454d:0xd3689c03aa86c25a!8m2!3d40.1929467!4d44.5626504!16s%2Fg%2F11sv_4fxkf!19sChIJTUVHTySjakARWsKGqgOcaNM,"gym in Kentron, Yerevan"
0x406aa3005cb1d393:0x250fc79cab6343f4,Mayants boxing club,Boxing gym,фитнес,Ереван,"31 Duryan St, Yerevan, Armenia",,,,,,,,,,,open,,40.2135394,44.5833195,https://www.google.com/maps/place/Mayants+boxing+club/data=!4m7!3m6!1s0x406aa3005cb1d393:0x250fc79cab6343f4!8m2!3d40.2135394!4d44.5833195!16s%2Fg%2F11n4l3fsxd!19sChIJk9OxXACjakAR9ENjq5zHDyU,"gym in Nor Nork, Yerevan"
0x406abd0032602f81:0x34960882fddbeda7,MihaBodyTec,Fitness center,фитнес,Ереван,"6/2 Маро Маргарян, Yerevan, Armenia",,,,,,,,,,,open,,40.199098,44.5100431,https://www.google.com/maps/place/MihaBodyTec/data=!4m7!3m6!1s0x406abd0032602f81:0x34960882fddbeda7!8m2!3d40.199098!4d44.5100431!16s%2Fg%2F11x36h585r!19sChIJgS9gMgC9akARp-3b_YIIljQ,"gym in Arabkir, Yerevan"
0x406abd8e362117b5:0x1ca43926996a33c2,Monkey Space - Kentron,Fitness center,фитнес,Ереван,"14 ул. Рафаэля Лемкина, Yerevan, Armenia",+37498150404,,,,,,,,5.0,,open,,40.1883585,44.5105302,https://www.google.com/maps/place/Monkey+Space+-+Kentron/data=!4m7!3m6!1s0x406abd8e362117b5:0x1ca43926996a33c2!8m2!3d40.1883585!4d44.5105302!16s%2Fg%2F11xshd5lrv!19sChIJtRchNo69akARwjNqmSY5pBw,"gym in Kentron, Yerevan"
0x406abd86717e8e67:0xc007cdd6dcd68a9a,Motion Gym,Gym,фитнес,Ереван,"17 Griboyedov St, Yerevan, Armenia",+37433308880,,,,,,,,5.0,,open,,40.211275,44.5135339,https://www.google.com/maps/place/Motion+Gym/data=!4m7!3m6!1s0x406abd86717e8e67:0xc007cdd6dcd68a9a!8m2!3d40.211275!4d44.5135339!16s%2Fg%2F11ltwxbnyr!19sChIJZ45-cYa9akARmorW3NbNB8A,"gym in Arabkir, Yerevan"
0x406abd00212feafd:0x61ee250a2d8406ca,Neo Gym,Gym,фитнес,Ереван,"3 Hakob Hakobyan St, Yerevan 0033, Armenia",+37433820810,,,,,,,,4.3,,open,,40.200667,44.4908555,https://www.google.com/maps/place/Neo+Gym/data=!4m7!3m6!1s0x406abd00212feafd:0x61ee250a2d8406ca!8m2!3d40.200667!4d44.4908555!16s%2Fg%2F11yzl8pjk4!19sChIJ_eovIQC9akARygaELQol7mE,"gym in Arabkir, Yerevan"
0x406abe79c038e219:0xbf6f5f0a7d41b6e2,Neptun,Sports complex,фитнес,Ереван,"4th St, Yerevan, Armenia",+37477721888,,,,,,,,4.3,,open,,40.1609537,44.4445068,https://www.google.com/maps/place/Neptun/data=!4m7!3m6!1s0x406abe79c038e219:0xbf6f5f0a7d41b6e2!8m2!3d40.1609537!4d44.4445068!16s%2Fg%2F1hhk8yjn9!19sChIJGeI4wHm-akAR4rZBfQpfb78,"gym in Malatia-Sebastia, Yerevan"
0x406abd0001675221:0x3556c8a6f5a97b3c,Nika's Place Antigravity,Pilates studio,фитнес,Ереван,"19 Martiros Saryan St, Yerevan 0005, Armenia",+37433836060,,,,,,,,5.0,,open,,40.185802,44.507786,https://www.google.com/maps/place/Nika%27s+Place+Antigravity/data=!4m7!3m6!1s0x406abd0001675221:0x3556c8a6f5a97b3c!8m2!3d40.185802!4d44.507786!16s%2Fg%2F11yng0_c_2!19sChIJIVJnAQC9akARPHup9abIVjU,"gym in Nor Nork, Yerevan"
0x406abd0071a46427:0x13abbfc9b24e932d,One Gym,Gym,фитнес,Ереван,"36 Chekhov St, Yerevan 0039, Armenia",,,,,,,,,,,open,,40.1512765,44.4779298,https://www.google.com/maps/place/One+Gym/data=!4m7!3m6!1s0x406abd0071a46427:0x13abbfc9b24e932d!8m2!3d40.1512765!4d44.4779298!16s%2Fg%2F11mkcc5bbd!19sChIJJ2SkcQC9akARLZNOssm_qxM,"gym in Shengavit, Yerevan"
0x406abd00500d8da9:0x5abc006130d88901,Open air gym,Gym,фитнес,Ереван,"21, 1 Vahram Papazyan St, Yerevan 0012, Armenia",,,,,,,,,3.0,,open,,40.2046576,44.5006659,https://www.google.com/maps/place/Open+air+gym/data=!4m7!3m6!1s0x406abd00500d8da9:0x5abc006130d88901!8m2!3d40.2046576!4d44.5006659!16s%2Fg%2F11x92dx1sj!19sChIJqY0NUAC9akARAYnYMGEAvFo,"gym in Kentron, Yerevan"
0x406abd005deae335:0x65104cc2a6e7f71a,Open air gym,Gym,фитнес,Ереван,"118 Vahram Papazyan St, Yerevan 0012, Armenia",,,,,,,,,,,open,,40.2107568,44.4976112,https://www.google.com/maps/place/Open+air+gym/data=!4m7!3m6!1s0x406abd005deae335:0x65104cc2a6e7f71a!8m2!3d40.2107568!4d44.4976112!16s%2Fg%2F11xspxd6s1!19sChIJNePqXQC9akARGvfnpsJMEGU,"gym in Kentron, Yerevan"
0x406aa39eb21128bf:0x507860a944eb40f6,Orion Sports Club,Sports club,фитнес,Ереван,"52, 4 Mesrop Mashtots Ave, Yerevan, Armenia",+37455999060,,,,,,,,4.1,,open,,40.189323,44.5186389,https://www.google.com/maps/place/Orion+Sports+Club/data=!4m7!3m6!1s0x406aa39eb21128bf:0x507860a944eb40f6!8m2!3d40.189323!4d44.5186389!16s%2Fg%2F11tnd2z6x5!19sChIJvygRsp6jakAR9kDrRKlgeFA,"gym in Kentron, Yerevan"
0x406abdd8eadbd80b:0x5e23a130f587e590,Outdoor Fitness,Gym,фитнес,Ереван,"5GFC+F2R, Yerevan, Armenia",,,,,,,,,3.7,,open,,40.1737495,44.5200026,https://www.google.com/maps/place/Outdoor+Fitness/data=!4m7!3m6!1s0x406abdd8eadbd80b:0x5e23a130f587e590!8m2!3d40.1737495!4d44.5200026!16s%2Fg%2F11q4q_88j6!19sChIJC9jb6ti9akARkOWH9TChI14,"gym in Nor Nork, Yerevan"
0x406abd9b809e22e1:0x54af45ca7f8f47c2,Outdoor Gym - Calisthenics - Fitness,Gym,фитнес,Ереван,"5GMF+5WJ, Yerevan, Armenia",,,,,,,,,3.3,,open,,40.1829689,44.5247781,https://www.google.com/maps/place/Outdoor+Gym+-+Calisthenics+-+Fitness/data=!4m7!3m6!1s0x406abd9b809e22e1:0x54af45ca7f8f47c2!8m2!3d40.1829689!4d44.5247781!16s%2Fg%2F11v0rhpwch!19sChIJ4SKegJu9akARwkePf8pFr1Q,"gym in Kentron, Yerevan"
0x406abd0019ea8b5f:0x777434b8eb493bfb,Outdoor gym,Gym,фитнес,Ереван,"2ա, Yeznik Koghbatsi St, Yerevan, Armenia",,,,,,,,,3.7,,open,,40.1789394,44.5086203,https://www.google.com/maps/place/Outdoor+gym/data=!4m7!3m6!1s0x406abd0019ea8b5f:0x777434b8eb493bfb!8m2!3d40.1789394!4d44.5086203!16s%2Fg%2F11vy1lb37f!19sChIJX4vqGQC9akAR-ztJ67g0dHc,"gym in Kentron, Yerevan"
0x406aa30024e50b7b:0x294237b93933b663,Outdoor training gym,Gym,фитнес,Ереван,"6H8M+R27 Avan Park, Yerevan, Armenia",,,,,,,,,,,open,,40.21722,44.5828617,https://www.google.com/maps/place/Outdoor+training+gym/data=!4m7!3m6!1s0x406aa30024e50b7b:0x294237b93933b663!8m2!3d40.21722!4d44.5828617!16s%2Fg%2F11yntxzy61!19sChIJewvlJACjakARY7YzObk3Qik,"gym in Nor Nork, Yerevan"
0x406abd0045cb4e43:0x3f3a9f67d6037724,Over limit,Gym,фитнес,Ереван,"5GC2+53Q, 14 Tairov St, Yerevan, Armenia",,,,,,,,,5.0,,open,,40.1705726,44.5002034,https://www.google.com/maps/place/Over+limit/data=!4m7!3m6!1s0x406abd0045cb4e43:0x3f3a9f67d6037724!8m2!3d40.1705726!4d44.5002034!16s%2Fg%2F11nvlsw3hb!19sChIJQ07LRQC9akARJHcD1mefOj8,"gym in Malatia-Sebastia, Yerevan"
0x406abd76675bc2a1:0xa2798eaa358cd7e1,Pilates esthetic,Pilates studio,фитнес,Ереван,"10 Ghazar Parpetsi St, Yerevan 0002, Armenia",,,,,,,,,4.5,,open,,40.1841305,44.5097275,https://www.google.com/maps/place/Pilates+esthetic/data=!4m7!3m6!1s0x406abd76675bc2a1:0xa2798eaa358cd7e1!8m2!3d40.1841305!4d44.5097275!16s%2Fg%2F11thl9w49t!19sChIJocJbZ3a9akAR4deMNaqOeaI,"gym in Nor Nork, Yerevan"
0x406abd4f40462ec1:0x6368e0bd14e517b4,Power Fit Sport Complex,Gym,фитнес,Ереван,"5FC9+RW9 Kurghinyan 130, Yerevan 0068, Armenia",+37477424271,,,,,,,,5.0,,open,,40.1720377,44.4698475,https://www.google.com/maps/place/Power+Fit+Sport+Complex/data=!4m7!3m6!1s0x406abd4f40462ec1:0x6368e0bd14e517b4!8m2!3d40.1720377!4d44.4698475!16s%2Fg%2F11q9m9h2tx!19sChIJwS5GQE-9akARtBflFL3gaGM,"gym in Malatia-Sebastia, Yerevan"
0x406abcf9b0cd72cd:0x3404ce6e82d8435,Prolife Fitness,Gym,фитнес,Ереван,"26/1 Vazgen Sargsyan St, Yerevan, Armenia",+37410588533,,,,,,,,3.3,,open,,40.1760152,44.5122147,https://www.google.com/maps/place/Prolife+Fitness/data=!4m7!3m6!1s0x406abcf9b0cd72cd:0x3404ce6e82d8435!8m2!3d40.1760152!4d44.5122147!16s%2Fg%2F11flzf5z27!19sChIJzXLNsPm8akARNYQt6OZMQAM,"gym in Kentron, Yerevan"
0x406a970017a9a3e9:0x4a2fc2ccbbb42b8e,Pulse Fit,Gym,фитнес,Ереван,"6FCV+P4V, Yerevan 0054, Armenia",+37498388399,,,,,,,,3.3,,open,,40.2218614,44.4927969,https://www.google.com/maps/place/Pulse+Fit/data=!4m7!3m6!1s0x406a970017a9a3e9:0x4a2fc2ccbbb42b8e!8m2!3d40.2218614!4d44.4927969!16s%2Fg%2F11ltxqzrvk!19sChIJ6aOpFwCXakARjiu0u8zCL0o,"gym in Arabkir, Yerevan"
0x406abd2a824f8273:0x4e980d2aad7b6179,ReaFit,Fitness center,фитнес,Ереван,"47 Komitas Ave, Yerevan 0014, Armenia",+37496388199,,,,,,,,,,open,,40.2072194,44.5149357,https://www.google.com/maps/place/ReaFit/data=!4m7!3m6!1s0x406abd2a824f8273:0x4e980d2aad7b6179!8m2!3d40.2072194!4d44.5149357!16s%2Fg%2F11swvk93fb!19sChIJc4JPgiq9akAReWF7rSoNmE4,"gym in Kentron, Yerevan"
0x406abd85861449e5:0x72b0585d75b5bcb6,Sacralá | the New Dimension of Goddess Sacred Circle,Yoga studio,фитнес,Ереван,"Abovyan St, Yerevan 0010, Armenia",,,,,,,,,5.0,,open,,40.1861896,44.5210173,https://www.google.com/maps/place/Sacral%C3%A1+%7C+the+New+Dimension+of+Goddess+Sacred+Circle/data=!4m7!3m6!1s0x406abd85861449e5:0x72b0585d75b5bcb6!8m2!3d40.1861896!4d44.5210173!16s%2Fg%2F11yj_97gss!19sChIJ5UkUhoW9akARtry1dV1YsHI,"gym in Kentron, Yerevan"
0x406abd6b1c95b201:0xb8289f1e03108f79,Samadhi Yoga Studio - Սամադհի յոգա ստուդիա,Yoga studio,фитнес,Ереван,"12 Vagharsh Vagharshyan St, Yerevan 0012 Հասցե՝ Վաղարշ Վաղարշյան փողոց, 12 շենք, 3-րդ հարկ, Yerevan 0012, Armenia",+37455431007,,,,,,,,5.0,,open,,40.1994215,44.5016454,https://www.google.com/maps/place/Samadhi+Yoga+Studio+-+%D5%8D%D5%A1%D5%B4%D5%A1%D5%A4%D5%B0%D5%AB+%D5%B5%D5%B8%D5%A3%D5%A1+%D5%BD%D5%BF%D5%B8%D6%82%D5%A4%D5%AB%D5%A1/data=!4m7!3m6!1s0x406abd6b1c95b201:0xb8289f1e03108f79!8m2!3d40.1994215!4d44.5016454!16s%2Fg%2F11pq4ly_n0!19sChIJAbKVHGu9akAReY8QAx6fKLg,"gym in Arabkir, Yerevan"
0x406abd82033c35f3:0x18bbd7c690674423,Sattva,Yoga studio,фитнес,Ереван,"73, 1 Simon Vratsyan St, Yerevan, Armenia",+37494488722,,,,,,,,5.0,,open,,40.171349,44.5200181,https://www.google.com/maps/place/Sattva/data=!4m7!3m6!1s0x406abd82033c35f3:0x18bbd7c690674423!8m2!3d40.171349!4d44.5200181!16s%2Fg%2F11gwmgm6hg!19sChIJ8zU8A4K9akARI0RnkMbXuxg,"gym in Kentron, Yerevan"
0x406abd4c9af90467:0xb0f0784dc7e449ab,Shakti Iyengar Yoga Armenia,Yoga studio,фитнес,Ереван,"54 Mesrop Mashtots Ave, Yerevan 0009, Armenia",+37493777599,,,,,,,,5.0,,open,,40.1901317,44.5195349,https://www.google.com/maps/place/Shakti+Iyengar+Yoga+Armenia/data=!4m7!3m6!1s0x406abd4c9af90467:0xb0f0784dc7e449ab!8m2!3d40.1901317!4d44.5195349!16s%2Fg%2F11rt_4_gxn!19sChIJZwT5mky9akARq0nkx0148LA,"gym in Nor Nork, Yerevan"
0x406abca6f0955555:0xded3decf6cb506f1,Skateboard Square,Gym,фитнес,Ереван,"5HF8+R8G, Yerevan, Armenia",,,,,,,,,,,open,,40.174567,44.5658363,https://www.google.com/maps/place/Skateboard+Square/data=!4m7!3m6!1s0x406abca6f0955555:0xded3decf6cb506f1!8m2!3d40.174567!4d44.5658363!16s%2Fg%2F11txv1nfpw!19sChIJVVWV8Ka8akAR8Qa1bM_e094,"gym in Nor Nork, Yerevan"
0x406abd66a0bf115f:0x2819763508ff80c3,Sky Gym,Sports club,фитнес,Ереван,"0034, 58 Svachyan St, Yerevan 0034, Armenia",+37499994393,,,,,,,,3.0,,open,,40.1750984,44.4397348,https://www.google.com/maps/place/Sky+Gym/data=!4m7!3m6!1s0x406abd66a0bf115f:0x2819763508ff80c3!8m2!3d40.1750984!4d44.4397348!16s%2Fg%2F11f5n7gnjr!19sChIJXxG_oGa9akARw4D_CDV2GSg,"gym in Shengavit, Yerevan"
0x406abd6f8e469d7d:0xacbaefaaa4c32a15,Spitak Sports Centre,Gym,фитнес,Ереван,"20 Halabyan St, Yerevan 0078, Armenia",+37410344699,,,,,,,,4.0,,open,,40.1995373,44.4799401,https://www.google.com/maps/place/Spitak+Sports+Centre/data=!4m7!3m6!1s0x406abd6f8e469d7d:0xacbaefaaa4c32a15!8m2!3d40.1995373!4d44.4799401!16s%2Fg%2F11c54ccm72!19sChIJfZ1Gjm-9akARFSrDpKrvuqw,"gym in Kentron, Yerevan"
0x406abd4fa8dc5805:0xfa4aa5e61388a2c5,Sports Complex of Russian-Armenian (Slavonic) University,Sports complex,фитнес,Ереван,"123 Hovsep Emin St, Yerevan, Armenia",+37410270714,,,,,,,,4.7,,open,,40.209959,44.5031958,https://www.google.com/maps/place/Sports+Complex+of+Russian-Armenian+%28Slavonic%29+University/data=!4m7!3m6!1s0x406abd4fa8dc5805:0xfa4aa5e61388a2c5!8m2!3d40.209959!4d44.5031958!16s%2Fg%2F11g6_3zd3w!19sChIJBVjcqE-9akARxaKIE-alSvo,"gym in Kentron, Yerevan"
0x406abd04484e71e3:0xdfa53be476f21c6e,Street workout,Gym,фитнес,Ереван,"5FPX+C8H, Hrazdan Gorge, Yerevan, Armenia",,,,,,,,,4.8,,open,,40.1860598,44.4983478,https://www.google.com/maps/place/Street+workout/data=!4m7!3m6!1s0x406abd04484e71e3:0xdfa53be476f21c6e!8m2!3d40.1860598!4d44.4983478!16s%2Fg%2F11c58976vh!19sChIJ43FOSAS9akARbhzyduQ7pd8,"gym in Kentron, Yerevan"
0x406abd0005860131:0x8dd29c887f7dcab5,Street workout,Gym,фитнес,Ереван,"5G3H+8GV Vardavar Park, Yerevan, Armenia",,,,,,,,,,,open,,40.1534349,44.5287941,https://www.google.com/maps/place/Street+workout/data=!4m7!3m6!1s0x406abd0005860131:0x8dd29c887f7dcab5!8m2!3d40.1534349!4d44.5287941!16s%2Fg%2F11z58gblrn!19sChIJMQGGBQC9akARtcp9f4ic0o0,"gym in Shengavit, Yerevan"
0x406abd2a21c8da7d:0x948addd71cdbc1a3,The Gym Armenia,Gym,фитнес,Ереван,"8 Mesrop Mashtots Ave, Yerevan 0015, Armenia",+37433301111,,,,,,,,3.5,,open,,40.1778583,44.5044162,https://www.google.com/maps/place/The+Gym+Armenia/data=!4m7!3m6!1s0x406abd2a21c8da7d:0x948addd71cdbc1a3!8m2!3d40.1778583!4d44.5044162!16s%2Fg%2F11yxh1csx7!19sChIJfdrIISq9akARo8HbHNfdipQ,"gym in Kentron, Yerevan"
0x406aa3263602c239:0xfe0c547930c9106,The One Gym,Gym,фитнес,Ереван,"Azatutyun 24/15, 0014, Armenia",+37412818181,,,,,,,,4.0,,open,,40.208341,44.5311945,https://www.google.com/maps/place/The+One+Gym/data=!4m7!3m6!1s0x406aa3263602c239:0xfe0c547930c9106!8m2!3d40.208341!4d44.5311945!16s%2Fg%2F11nfr9059x!19sChIJOcICNiajakARBpEMk0fF4A8,"gym in Kentron, Yerevan"
0x406abde7bf31be67:0x606887534331e162,Titan Gym,Fitness center,фитнес,Ереван,"45/1 Mamikoniants St, Yerevan 0014, Armenia",,,,,,,,,1.0,,open,,40.2095482,44.5090594,https://www.google.com/maps/place/Titan+Gym/data=!4m7!3m6!1s0x406abde7bf31be67:0x606887534331e162!8m2!3d40.2095482!4d44.5090594!16s%2Fg%2F11z68zltbv!19sChIJZ74xv-e9akARYuExQ1OHaGA,"gym in Kentron, Yerevan"
0x406aa34c3e00565b:0xdc697e7534c0bebf,Tork Angegh Sports Complex,Gym,фитнес,Ереван,"1 st back, Yerevan, Armenia",+37410662434,,,,,,,,4.3,,open,,40.1887708,44.5723584,https://www.google.com/maps/place/Tork+Angegh+Sports+Complex/data=!4m7!3m6!1s0x406aa34c3e00565b:0xdc697e7534c0bebf!8m2!3d40.1887708!4d44.5723584!16s%2Fg%2F11cncfw884!19sChIJW1YAPkyjakARv77ANHV-adw,"gym in Nor Nork, Yerevan"
0x406abdc292ee3c85:0xe1197b7c86728651,VOLT Sport Complex,Gym,фитнес,Ереван,"Zeytun Park, 4 Davit Anhaght Street, Yerevan 0014, Armenia",,,,,,,,,,,open,,40.1993752,44.5377775,https://www.google.com/maps/place/VOLT+Sport+Complex/data=!4m7!3m6!1s0x406abdc292ee3c85:0xe1197b7c86728651!8m2!3d40.1993752!4d44.5377775!16s%2Fg%2F11k3vw5h18!19sChIJhTzuksK9akARUYZyhnx7GeE,"gym in Nor Nork, Yerevan"
0x406a99982223dd59:0xea95245819c7fd93,Vardikyan Judo Club,Gym,фитнес,Ереван,"45/3 4dist, Yerevan 0052, Armenia",+37477371477,,,,,,,,5.0,,open,,40.2238231,44.5021423,https://www.google.com/maps/place/Vardikyan+Judo+Club/data=!4m7!3m6!1s0x406a99982223dd59:0xea95245819c7fd93!8m2!3d40.2238231!4d44.5021423!16s%2Fg%2F11xtylt6l0!19sChIJWd0jIpiZakARk_3HGVgkleo,"gym in Arabkir, Yerevan"
0x406abd003463d3a9:0xd769e8349a2bf503,Vlad Fitness Lady,Gym,фитнес,Ереван,"2 Griboyedov St, Yerevan, Armenia",,,,,,,,,2.0,,open,,40.2050874,44.5138031,https://www.google.com/maps/place/Vlad+Fitness+Lady/data=!4m7!3m6!1s0x406abd003463d3a9:0xd769e8349a2bf503!8m2!3d40.2050874!4d44.5138031!16s%2Fg%2F11wbm9c9hm!19sChIJqdNjNAC9akARA_UrmjToadc,"gym in Nor Nork, Yerevan"
0x406abcef2f955555:0x94ebc0a45cf9bdd5,YSU Gym,University,фитнес,Ереван,"5GJG+7M2, Charents St, Yerevan, Armenia",,,,,,,,,5.0,,open,,40.1806284,44.5266429,https://www.google.com/maps/place/YSU+Gym/data=!4m7!3m6!1s0x406abcef2f955555:0x94ebc0a45cf9bdd5!8m2!3d40.1806284!4d44.5266429!16s%2Fg%2F11txv1_dwl!19sChIJVVWVL--8akAR1b35XKTA65Q,"gym in Kentron, Yerevan"
0x406abd8c20aa3005:0x86c1cbe95612de86,Your Space женский фитнес-центр,Fitness center,фитнес,Ереван,"Andranik 71/7 0034, Armenia",+37494944744,,,,,,,,4.0,,open,,40.1755001,44.4459963,https://www.google.com/maps/place/Your+Space+%D0%B6%D0%B5%D0%BD%D1%81%D0%BA%D0%B8%D0%B9+%D1%84%D0%B8%D1%82%D0%BD%D0%B5%D1%81-%D1%86%D0%B5%D0%BD%D1%82%D1%80/data=!4m7!3m6!1s0x406abd8c20aa3005:0x86c1cbe95612de86!8m2!3d40.1755001!4d44.4459963!16s%2Fg%2F11jgn2ykqs!19sChIJBTCqIIy9akARht4SVunLwYY,"gym in Malatia-Sebastia, Yerevan"
0x406aa30015b2a587:0x80836e28bd0195a3,Спорт зал,Gym,фитнес,Ереван,"31 ул. Дурян, Yerevan, Armenia",,,,,,,,,,,open,,40.2134725,44.5832669,https://www.google.com/maps/place/%D0%A1%D0%BF%D0%BE%D1%80%D1%82+%D0%B7%D0%B0%D0%BB/data=!4m7!3m6!1s0x406aa30015b2a587:0x80836e28bd0195a3!8m2!3d40.2134725!4d44.5832669!16s%2Fg%2F11wj5pxqqd!19sChIJh6WyFQCjakARo5UBvShug4A,"gym in Nor Nork, Yerevan"
0x406abc222c7e6e11:0xf23a6a48592f3b71,Спортзал,Gym,фитнес,Ереван,"14 Bagratuniats St, Yerevan 0039, Armenia",+37494428502,,,,,,,,4.2,,open,,40.1521711,44.4816731,https://www.google.com/maps/place/%D0%A1%D0%BF%D0%BE%D1%80%D1%82%D0%B7%D0%B0%D0%BB/data=!4m7!3m6!1s0x406abc222c7e6e11:0xf23a6a48592f3b71!8m2!3d40.1521711!4d44.4816731!16s%2Fg%2F11c5_6sb18!19sChIJEW5-LCK8akARcTsvWUhqOvI,"gym in Shengavit, Yerevan"
0x406aa3187989570d:0xdaec92f12dc2e7bb,Հիլլս Սպորտային Համալիր,Gym,фитнес,Ереван,"27, 1 Moldovakan St, Yerevan, Armenia",+37443700930,,,,,,,,3.9,,open,,40.2077863,44.5706752,https://www.google.com/maps/place/%D5%80%D5%AB%D5%AC%D5%AC%D5%BD+%D5%8D%D5%BA%D5%B8%D6%80%D5%BF%D5%A1%D5%B5%D5%AB%D5%B6+%D5%80%D5%A1%D5%B4%D5%A1%D5%AC%D5%AB%D6%80/data=!4m7!3m6!1s0x406aa3187989570d:0xdaec92f12dc2e7bb!8m2!3d40.2077863!4d44.5706752!16s%2Fg%2F11ggc14fxt!19sChIJDVeJeRijakARu-fCLfGS7No,"gym in Nor Nork, Yerevan"
0x406abd0003119bd5:0xe9aad456dc27c182,ՌՏՍ GYM,Gym,фитнес,Ереван,"2/1 Прошян, Yerevan 0019, Armenia",,,,,,,,,5.0,,open,,40.1527131,44.4955073,https://www.google.com/maps/place/%D5%8C%D5%8F%D5%8D+GYM/data=!4m7!3m6!1s0x406abd0003119bd5:0xe9aad456dc27c182!8m2!3d40.1527131!4d44.4955073!16s%2Fg%2F11mdkq1v62!19sChIJ1ZsRAwC9akARgsEn3FbUquk,"gym in Shengavit, Yerevan"
0x406abbceb6ceb8a9:0x5ec815c3c5675280,Տուռնիկներ,Gym,фитнес,Ереван,"95 Minsk St, Yerevan, Armenia",,,,,,,,,,,open,,40.1745669,44.5726852,https://www.google.com/maps/place/%D5%8F%D5%B8%D6%82%D5%BC%D5%B6%D5%AB%D5%AF%D5%B6%D5%A5%D6%80/data=!4m7!3m6!1s0x406abbceb6ceb8a9:0x5ec815c3c5675280!8m2!3d40.1745669!4d44.5726852!16s%2Fg%2F11l31rv5xh!19sChIJqbjOts67akARgFJnxcMVyF4,"gym in Nor Nork, Yerevan"
0x406aa3b256c38371:0x4f18de3e8abd6f04,(KODAK) Photo express Фото документов,Photography studio,фотостудия,Ереван,"8 Mamikoniants St, Yerevan, Armenia",+37455786142,,,,,,,,5.0,,open,,40.208204,44.5267839,https://www.google.com/maps/place/%28KODAK%29+Photo+express+%D0%A4%D0%BE%D1%82%D0%BE+%D0%B4%D0%BE%D0%BA%D1%83%D0%BC%D0%B5%D0%BD%D1%82%D0%BE%D0%B2/data=!4m7!3m6!1s0x406aa3b256c38371:0x4f18de3e8abd6f04!8m2!3d40.208204!4d44.5267839!16s%2Fg%2F11t0nc_kqh!19sChIJcYPDVrKjakARBG-9ij7eGE8,"photo studio in Kentron, Yerevan"
0x406abd430c9ae569:0x359aac75a279cce1,ALISA STUDIO,Video production service,фотостудия,Ереван,"0033, 4 Aram Khachatrian St, Yerevan 0033, Armenia",+17478008808,,,,,,,,5.0,,open,,40.2021868,44.4912425,https://www.google.com/maps/place/ALISA+STUDIO/data=!4m7!3m6!1s0x406abd430c9ae569:0x359aac75a279cce1!8m2!3d40.2021868!4d44.4912425!16s%2Fg%2F11g0xhk2z2!19sChIJaeWaDEO9akAR4cx5onWsmjU,"photo studio in Kentron, Yerevan"
0x406abda55a34a2f1:0xa2527d130e44e61a,ART STUDIO,Corporate office,фотостудия,Ереван,"5G3F+M5R, Yerevan, Armenia",+37499688666,,,,,,,,5.0,,open,,40.1542499,44.5228752,https://www.google.com/maps/place/ART+STUDIO/data=!4m7!3m6!1s0x406abda55a34a2f1:0xa2527d130e44e61a!8m2!3d40.1542499!4d44.5228752!16s%2Fg%2F11h4knmb44!19sChIJ8aI0WqW9akARGuZEDhN9UqI,"photo studio in Shengavit, Yerevan"
0x406abd2ed890be65:0x76e81908dbce5413,ASVARAS,Photography studio,фотостудия,Ереван,"63 Komitas Ave, Yerevan 0014, Armenia",,,,,,,,,3.0,,open,,40.2065052,44.5238354,https://www.google.com/maps/place/ASVARAS/data=!4m7!3m6!1s0x406abd2ed890be65:0x76e81908dbce5413!8m2!3d40.2065052!4d44.5238354!16s%2Fg%2F11j84vb66p!19sChIJZb6Q2C69akARE1TO2wgZ6HY,"photo studio in Shengavit, Yerevan"
0x406abd27786c027d:0xd59b7c9fe209c3a5,ATD Photostudio,Photography studio,фотостудия,Ереван,"49, 2 Komitas str, Yerevan 0051, Armenia",+37491885061,,,,,,,,5.0,,open,,40.2078354,44.5168805,https://www.google.com/maps/place/ATD+Photostudio/data=!4m7!3m6!1s0x406abd27786c027d:0xd59b7c9fe209c3a5!8m2!3d40.2078354!4d44.5168805!16s%2Fg%2F11q46s0plc!19sChIJfQJseCe9akARpcMJ4p98m9U,"photo studio in Kentron, Yerevan"
0x406abd007f137117:0xab7f794b563cd35,ArtFocus Photostudio,Photography studio,фотостудия,Ереван,"1 Galshoyan St, Yerevan, Armenia",,,,,,,,,5.0,,open,,40.1835084,44.5720884,https://www.google.com/maps/place/ArtFocus+Photostudio/data=!4m7!3m6!1s0x406abd007f137117:0xab7f794b563cd35!8m2!3d40.1835084!4d44.5720884!16s%2Fg%2F11yckn4n8z!19sChIJF3ETfwC9akARNc1jtZT3two,"photo studio in Nor Nork, Yerevan"
0x406abbaa7ab4851d:0xb8078d1b19c8e016,Atmosfera,Photography studio,фотостудия,Ереван,"82 Azatamartikner Ave, Yerevan, Armenia",+37495595966,,,,,,,,,,open,,40.1431232,44.5216702,https://www.google.com/maps/place/Atmosfera/data=!4m7!3m6!1s0x406abbaa7ab4851d:0xb8078d1b19c8e016!8m2!3d40.1431232!4d44.5216702!16s%2Fg%2F11t_rdtnzr!19sChIJHYW0eqq7akARFuDIGRuNB7g,"photo studio in Kentron, Yerevan"
0x406abc597ed6d1f7:0x921a8079ed0d310e,Axiom Studio,Photography studio,фотостудия,Ереван,"Arshakunyats Ave, Yerevan, Armenia",+37455218505,,,,,,,,5.0,,open,,40.1702997,44.5074839,https://www.google.com/maps/place/Axiom+Studio/data=!4m7!3m6!1s0x406abc597ed6d1f7:0x921a8079ed0d310e!8m2!3d40.1702997!4d44.5074839!16s%2Fg%2F1ptvt7l4d!19sChIJ99HWflm8akARDjEN7XmAGpI,"photo studio in Kentron, Yerevan"
0x406aa355e83268ad:0x8629212bc838bcf6,Blanc Photostudio,Photography studio,фотостудия,Ереван,"10/1 Nikoghayos Adonts St, Yerevan 0014, Armenia",+37491037771,,,,,,,,5.0,,open,,40.2145258,44.5252456,https://www.google.com/maps/place/Blanc+Photostudio/data=!4m7!3m6!1s0x406aa355e83268ad:0x8629212bc838bcf6!8m2!3d40.2145258!4d44.5252456!16s%2Fg%2F11zj0jdq_t!19sChIJrWgy6FWjakAR9rw4yCshKYY,"photo studio in Arabkir, Yerevan"
0x406abd665a94de1b:0x8b35fb958a6a75a,DaVinci Wedding Photo Video Agency Armenia,Wedding photographer,фотостудия,Ереван,"8 Zakyan St, Yerevan 0015, Armenia",+37455333321,,,,,,,,5.0,,open,,40.1766513,44.5055719,https://www.google.com/maps/place/DaVinci+Wedding+Photo+Video+Agency+Armenia/data=!4m7!3m6!1s0x406abd665a94de1b:0x8b35fb958a6a75a!8m2!3d40.1766513!4d44.5055719!16s%2Fg%2F11jwd9t0d5!19sChIJG96UWma9akARWqemWLlfswg,"photo studio in Kentron, Yerevan"
0x406abce7251856a3:0x858aece289b45503,Dalin Photo & Design Studio,Portrait studio,фотостудия,Ереван,"16 Isahakyan St, Yerevan 0025, Armenia",+37455565165,,,,,,,,4.2,,open,,40.1856484,44.5238577,https://www.google.com/maps/place/Dalin+Photo+%26+Design+Studio/data=!4m7!3m6!1s0x406abce7251856a3:0x858aece289b45503!8m2!3d40.1856484!4d44.5238577!16s%2Fg%2F11b6jj_xrs!19sChIJo1YYJee8akARA1W0ieLsioU,"photo studio in Kentron, Yerevan"
0x406a97121f8aceeb:0x1286f30f551baaf0,Dcar LLC,Photography studio,фотостудия,Ереван,"2, 2 Melkumov St, Yerevan, Armenia",,,,,,,,,,,open,,40.2147974,44.4714771,https://www.google.com/maps/place/Dcar+LLC/data=!4m7!3m6!1s0x406a97121f8aceeb:0x1286f30f551baaf0!8m2!3d40.2147974!4d44.4714771!16s%2Fg%2F11vz7fmsc0!19sChIJ686KHxKXakAR8KobVQ_zhhI,"photo studio in Malatia-Sebastia, Yerevan"
0x406abd8ead599a83:0xe2df06f98417cc37,Design Factory,Print shop,фотостудия,Ереван,"42 Mesrop Mashtots Ave, Yerevan, Armenia",+37495054044,,,,,,,,5.0,,open,,40.1848927,44.5129805,https://www.google.com/maps/place/Design+Factory/data=!4m7!3m6!1s0x406abd8ead599a83:0xe2df06f98417cc37!8m2!3d40.1848927!4d44.5129805!16s%2Fg%2F11kj6pcnnq!19sChIJg5pZrY69akARN8wXhPkG3-I,"photo studio in Kentron, Yerevan"
0x406abd1c2c89d78f:0x3d843d6275d45163,Dream Day Productions,Photography studio,фотостудия,Ереван,"65a Tigran Mets Ave, Yerevan, Armenia",+37493504539,,,,,,,,,,open,,40.1577848,44.5119184,https://www.google.com/maps/place/Dream+Day+Productions/data=!4m7!3m6!1s0x406abd1c2c89d78f:0x3d843d6275d45163!8m2!3d40.1577848!4d44.5119184!16s%2Fg%2F11h9grt7dg!19sChIJj9eJLBy9akARY1HUdWI9hD0,"photo studio in Shengavit, Yerevan"
0x406abfeb56de5a89:0xcbf85b7a26970640,Edgar Melkonyan Photographer,Wedding photographer,фотостудия,Ереван,"Shengavit , Araratyan street , home 66/6, Yerevan 0010, Armenia",+37495709090,,,,,,,,,,open,,40.1457195,44.4790606,https://www.google.com/maps/place/Edgar+Melkonyan+Photographer/data=!4m7!3m6!1s0x406abfeb56de5a89:0xcbf85b7a26970640!8m2!3d40.1457195!4d44.4790606!16s%2Fg%2F11tdp2qwmz!19sChIJiVreVuu_akARQAaXJnpb-Ms,"photo studio in Shengavit, Yerevan"
0x406abd7af8ad0821:0x89bf7b4f0db08845,Evergreen Photostudio/Production,Photography studio,фотостудия,Ереван,"24 Hovsep Arghutian St, Yerevan 0051, Armenia",+37411600777,,,,,,,,5.0,,open,,40.2116735,44.5105907,https://www.google.com/maps/place/Evergreen+Photostudio%2FProduction/data=!4m7!3m6!1s0x406abd7af8ad0821:0x89bf7b4f0db08845!8m2!3d40.2116735!4d44.5105907!16s%2Fg%2F11pvqm8l4h!19sChIJIQit-Hq9akARRYiwDU97v4k,"photo studio in Kentron, Yerevan"
0x406abda53b64e0a7:0xc23927f9d496c059,Express photo print scan,Photography studio,фотостудия,Ереван,"72, 19 Komitas st, Yerevan, Armenia",+37410260255,,,,,,,,4.4,,open,,40.2040635,44.5011832,https://www.google.com/maps/place/Express+photo+print+scan/data=!4m7!3m6!1s0x406abda53b64e0a7:0xc23927f9d496c059!8m2!3d40.2040635!4d44.5011832!16s%2Fg%2F11tf0517jh!19sChIJp-BkO6W9akARWcCW1PknOcI,"photo studio in Kentron, Yerevan"
0x406aa364dda839d5:0x734bd8559a972802,Fashion Box Photostudio,Photography studio,фотостудия,Ереван,"Bagrevand St, Yerevan, Armenia",+37498220022,,,,,,,,5.0,,open,,40.20023,44.5818848,https://www.google.com/maps/place/Fashion+Box+Photostudio/data=!4m7!3m6!1s0x406aa364dda839d5:0x734bd8559a972802!8m2!3d40.20023!4d44.5818848!16s%2Fg%2F11gmyx_brd!19sChIJ1Tmo3WSjakARAiiXmlXYS3M,"photo studio in Kentron, Yerevan"
0x406abd9e304dd1e9:0x96f56dbbd2518b2e,Fs Photo Studio,Portrait studio,фотостудия,Ереван,"66, 1 Yerznkyan St, Yerevan 0033, Armenia",+37493455093,,,,,,,,5.0,,open,,40.1964518,44.4930816,https://www.google.com/maps/place/Fs+Photo+Studio/data=!4m7!3m6!1s0x406abd9e304dd1e9:0x96f56dbbd2518b2e!8m2!3d40.1964518!4d44.4930816!16s%2Fg%2F11x1_mynk_!19sChIJ6dFNMJ69akARLotR0rtt9ZY,"photo studio in Kentron, Yerevan"
0x4e699ba892924ab1:0x73588bb7709cd877,Full Pavilion,Photography studio,фотостудия,Ереван,"65 Tigran Mets Ave, Yerevan 0005, Armenia",+37443955955,,,,,,,,,,open,,40.1565953,44.5110123,https://www.google.com/maps/place/Full+Pavilion/data=!4m7!3m6!1s0x4e699ba892924ab1:0x73588bb7709cd877!8m2!3d40.1565953!4d44.5110123!16s%2Fg%2F11vm6vt0dk!19sChIJsUqSkqibaU4Rd9iccLeLWHM,"photo studio in Kentron, Yerevan"
0x406abc11338a44df:0x3a4ec9fd4c49cc21,Gabrielyan Photo Studio,Corporate office,фотостудия,Ереван,"31 Garegin Nzhdeh St, Yerevan 0026, Armenia",+37477052027,,,,,,,,,,open,,40.152547,44.4980012,https://www.google.com/maps/place/Gabrielyan+Photo+Studio/data=!4m7!3m6!1s0x406abc11338a44df:0x3a4ec9fd4c49cc21!8m2!3d40.152547!4d44.4980012!16s%2Fg%2F11d_8mc6df!19sChIJ30SKMxG8akARIcxJTP3JTjo,"photo studio in Kentron, Yerevan"
0x406abd9434131703:0xd98aab17d341c9b8,Gayane Avetisyan Photography,Photography studio,фотостудия,Ереван,"90 Charents St, Yerevan, Armenia",+37455324040,,,,,,,,5.0,,open,,40.1695815,44.5234618,https://www.google.com/maps/place/Gayane+Avetisyan+Photography/data=!4m7!3m6!1s0x406abd9434131703:0xd98aab17d341c9b8!8m2!3d40.1695815!4d44.5234618!16s%2Fg%2F11vpl358wl!19sChIJAxcTNJS9akARuMlB0xeritk,"photo studio in Kentron, Yerevan"
0x406abdb0d647e36b:0x125f04dd3ddafb97,Get Studio,Photography studio,фотостудия,Ереван,"39 Arshakunyats Ave, Yerevan, Armenia",+37455282905,,,,,,,,5.0,,open,,40.1570719,44.502093,https://www.google.com/maps/place/Get+Studio/data=!4m7!3m6!1s0x406abdb0d647e36b:0x125f04dd3ddafb97!8m2!3d40.1570719!4d44.502093!16s%2Fg%2F11fvxxq0l5!19sChIJa-NH1rC9akARl_vaPd0EXxI,"photo studio in Kentron, Yerevan"
0x406aa358db684097:0x5d98873ba67636eb,Gold Kodak,Photographer,фотостудия,Ереван,"5HQW+53J, Yerevan, Armenia",+37494353654,,,,,,,,5.0,,open,,40.1879691,44.5951369,https://www.google.com/maps/place/Gold+Kodak/data=!4m7!3m6!1s0x406aa358db684097:0x5d98873ba67636eb!8m2!3d40.1879691!4d44.5951369!16s%2Fg%2F1263x7ln5!19sChIJl0Bo21ijakAR6zZ2pjuHmF0,"photo studio in Nor Nork, Yerevan"
0x406abd4399dd016b:0x79d1d78ace7a4edf,HB Studio,Portrait studio,фотостудия,Ереван,"35 Halabyan St, Yerevan 0038, Armenia",+37410380440,,,,,,,,5.0,,open,,40.1978168,44.4783007,https://www.google.com/maps/place/HB+Studio/data=!4m7!3m6!1s0x406abd4399dd016b:0x79d1d78ace7a4edf!8m2!3d40.1978168!4d44.4783007!16s%2Fg%2F11j4s_vj_p!19sChIJawHdmUO9akAR3056zorX0Xk,"photo studio in Kentron, Yerevan"
0x406abd45ae15cb25:0xa0c9f66a49ea62ab,ImageNation studio,Photography studio,фотостудия,Ереван,"59 Komitas Ave, Yerevan 0014, Armenia",,,,,,,,,5.0,,open,,40.2066542,44.5217128,https://www.google.com/maps/place/ImageNation+studio/data=!4m7!3m6!1s0x406abd45ae15cb25:0xa0c9f66a49ea62ab!8m2!3d40.2066542!4d44.5217128!16s%2Fg%2F11ltqy9mst!19sChIJJcsVrkW9akARq2LqSWr2yaA,"photo studio in Kentron, Yerevan"
0x406aa35dc4415fbd:0xd31583fa2bc4b872,Immorta Photostudio,Photography studio,фотостудия,Ереван,"134/1 Tsarav Aghbyur St, Yerevan, Armenia",+37441923233,,,,,,,,5.0,,open,,40.2156615,44.550421,https://www.google.com/maps/place/Immorta+Photostudio/data=!4m7!3m6!1s0x406aa35dc4415fbd:0xd31583fa2bc4b872!8m2!3d40.2156615!4d44.550421!16s%2Fg%2F11xlkx7b6w!19sChIJvV9BxF2jakARcrjEK_qDFdM,"photo studio in Kentron, Yerevan"
0x406abd16e46725fb:0xf90228810404f07e,Infini Production,Photography studio,фотостудия,Ереван,"5GGG+VJH, Sayat-Nova Ave, Yerevan, Armenia",,,,,,,,,,,open,,40.1771881,44.5265989,https://www.google.com/maps/place/Infini+Production/data=!4m7!3m6!1s0x406abd16e46725fb:0xf90228810404f07e!8m2!3d40.1771881!4d44.5265989!16s%2Fg%2F11gy1rs3dd!19sChIJ-yVn5Ba9akARfvAEBIEoAvk,"photo studio in Kentron, Yerevan"
0x406abff681315209:0xfd05bd8fa435d6bd,Jerm Studio,Photography studio,фотостудия,Ереван,"82 Araratyan St, Yerevan 0043, Armenia",+37493993117,,,,,,,,,,open,,40.1384481,44.4640897,https://www.google.com/maps/place/Jerm+Studio/data=!4m7!3m6!1s0x406abff681315209:0xfd05bd8fa435d6bd!8m2!3d40.1384481!4d44.4640897!16s%2Fg%2F11z2mjss51!19sChIJCVIxgfa_akARvdY1pI-9Bf0,"photo studio in Shengavit, Yerevan"
0x406abd1a232fc775:0x16b63845c339a652,Jupiter Photo Express,Photo shop,фотостудия,Ереван,"21 Marshal Baghramyan Ave, Yerevan 0019, Armenia",+37410588814,,,,,,,,3.7,,open,,40.1910376,44.5049343,https://www.google.com/maps/place/Jupiter+Photo+Express/data=!4m7!3m6!1s0x406abd1a232fc775:0x16b63845c339a652!8m2!3d40.1910376!4d44.5049343!16s%2Fg%2F113f1d2m5!19sChIJdccvIxq9akARUqY5w0U4thY,"photo studio in Kentron, Yerevan"
0x406abda41607cad5:0xbdc7e290a5da5bce,Karapetyan Studio,Portrait studio,фотостудия,Ереван,"Սաֆարյան2/14, Yerevan, Armenia",+37498781048,,,,,,,,,,open,,40.1477924,44.5095623,https://www.google.com/maps/place/Karapetyan+Studio/data=!4m7!3m6!1s0x406abda41607cad5:0xbdc7e290a5da5bce!8m2!3d40.1477924!4d44.5095623!16s%2Fg%2F11tnj21hbn!19sChIJ1coHFqS9akARzlvapZDix70,"photo studio in Shengavit, Yerevan"
0x406abcfc535a727d:0xf516dd5460f7cf00,Karmir Photo Lab,Photo lab,фотостудия,Ереван,"23 Gevorg Kochar St, Yerevan 0009, Armenia",+37444120135,,,,,,,,4.9,,open,,40.1890673,44.5195634,https://www.google.com/maps/place/Karmir+Photo+Lab/data=!4m7!3m6!1s0x406abcfc535a727d:0xf516dd5460f7cf00!8m2!3d40.1890673!4d44.5195634!16s%2Fg%2F11fy1ltsvb!19sChIJfXJaU_y8akARAM_3YFTdFvU,"photo studio in Kentron, Yerevan"
0x406abd7c448e1085:0xab1641cec8d4fa6,Ketikyan Photo Studio,Photography studio,фотостудия,Ереван,"4, 2 King Pap St, Yerevan 0001, Armenia",+37495450250,,,,,,,,,,open,,40.1794947,44.5108391,https://www.google.com/maps/place/Ketikyan+Photo+Studio/data=!4m7!3m6!1s0x406abd7c448e1085:0xab1641cec8d4fa6!8m2!3d40.1794947!4d44.5108391!16s%2Fg%2F11n44z49m7!19sChIJhRCORHy9akARpk-N7BxksQo,"photo studio in Kentron, Yerevan"
0x406abce0a171e701:0xe1fe266adf4d23c2,Kodak,Photography service,фотостудия,Ереван,"46 Abovyan St, Yerevan 0009, Armenia",+37410585668,,,,,,,,3.9,,open,,40.1874541,44.5237295,https://www.google.com/maps/place/Kodak/data=!4m7!3m6!1s0x406abce0a171e701:0xe1fe266adf4d23c2!8m2!3d40.1874541!4d44.5237295!16s%2Fg%2F11gf9nqp14!19sChIJAedxoeC8akARwiNN32om_uE,"photo studio in Kentron, Yerevan"
0x406abd1dbec4c657:0xd24003db0875b560,Kodak Photoexpress,Photography service,фотостудия,Ереван,"0010, 1 Zakyan St, Yerevan 0010, Armenia",+37499589038,,,,,,,,4.5,,open,,40.1788265,44.5097359,https://www.google.com/maps/place/Kodak+Photoexpress/data=!4m7!3m6!1s0x406abd1dbec4c657:0xd24003db0875b560!8m2!3d40.1788265!4d44.5097359!16s%2Fg%2F11g1qj1r93!19sChIJV8bEvh29akARYLV1CNsDQNI,"photo studio in Kentron, Yerevan"
0x406abd5fb9861833:0xfde363cfc5ae873b,Koulakszian Photo Studio,Photographer,фотостудия,Ереван,"19 Davit Anhaght Street, Yerevan, Armenia",+37444888358,,,,,,,,,,open,,40.2015759,44.5343293,https://www.google.com/maps/place/Koulakszian+Photo+Studio/data=!4m7!3m6!1s0x406abd5fb9861833:0xfde363cfc5ae873b!8m2!3d40.2015759!4d44.5343293!16s%2Fg%2F11thkrplzf!19sChIJMxiGuV-9akARO4euxc9j4_0,"photo studio in Kentron, Yerevan"
0x406abd003967d415:0x44827ad920586e54,Lilya Tovmasyan Photography,Photography studio,фотостудия,Ереван,"35, 9 Halabyan St, Yerevan, Armenia",,,,,,,,,5.0,,open,,40.1919556,44.4778023,https://www.google.com/maps/place/Lilya+Tovmasyan+Photography/data=!4m7!3m6!1s0x406abd003967d415:0x44827ad920586e54!8m2!3d40.1919556!4d44.4778023!16s%2Fg%2F11yzdb81tb!19sChIJFdRnOQC9akARVG5YINl6gkQ,"photo studio in Arabkir, Yerevan"
0x406aa3c053e5eb6b:0x2db8d545505bd14f,Limina Photostudio,Portrait studio,фотостудия,Ереван,"10/1 Nikoghayos Adonts St, Yerevan, Armenia",+37455810410,,,,,,,,,,open,,40.2146271,44.5220575,https://www.google.com/maps/place/Limina+Photostudio/data=!4m7!3m6!1s0x406aa3c053e5eb6b:0x2db8d545505bd14f!8m2!3d40.2146271!4d44.5220575!16s%2Fg%2F11n43msbl1!19sChIJa-vlU8CjakART9FbUEXVuC0,"photo studio in Malatia-Sebastia, Yerevan"
0x406aa378b596701f:0xc006acab07ef3387,Lucky Look photo studio,Photography studio,фотостудия,Ереван,"40.222395, 44.574388, 0022, Armenia",+37499851038,,,,,,,,1.0,,open,,40.2223794,44.574443,https://www.google.com/maps/place/Lucky+Look+photo+studio/data=!4m7!3m6!1s0x406aa378b596701f:0xc006acab07ef3387!8m2!3d40.2223794!4d44.574443!16s%2Fg%2F11rylkpz22!19sChIJH3CWtXijakARhzPvB6usBsA,"photo studio in Erebuni, Yerevan"
0x406abd029f2e6603:0x83ca4e8690455b8d,Lumen Wedding Photo and Video,Wedding photographer,фотостудия,Ереван,"5GM5+G3H, Aram Street, Yerevan, Armenia",+37491471989,,,,,,,,4.6,,open,,40.183822,44.50775,https://www.google.com/maps/place/Lumen+Wedding+Photo+and+Video/data=!4m7!3m6!1s0x406abd029f2e6603:0x83ca4e8690455b8d!8m2!3d40.183822!4d44.50775!16s%2Fg%2F11b6z6__qc!19sChIJA2YunwK9akARjVtFkIZOyoM,"photo studio in Kentron, Yerevan"
0x406abd00738eb131:0xc8a3b2bd8deef730,MOOD Studio Photo,Wedding photographer,фотостудия,Ереван,"5GP8+V3P, Yerevan, Armenia",,,,,,,,,,,open,,40.1872023,44.515209,https://www.google.com/maps/place/MOOD+Studio+Photo/data=!4m7!3m6!1s0x406abd00738eb131:0xc8a3b2bd8deef730!8m2!3d40.1872023!4d44.515209!16s%2Fg%2F11lp1lw_h0!19sChIJMbGOcwC9akARMPfujb2yo8g,"photo studio in Kentron, Yerevan"
0x406abd1501a5f2f3:0xfadc02720e6c2858,ManeniKidsPhotostudio,Photography studio,фотостудия,Ереван,"36 Avet Avetisyan St, Yerevan 0033, Armenia",+37494227926,,,,,,,,1.0,,open,,40.1973631,44.4988278,https://www.google.com/maps/place/ManeniKidsPhotostudio/data=!4m7!3m6!1s0x406abd1501a5f2f3:0xfadc02720e6c2858!8m2!3d40.1973631!4d44.4988278!16s%2Fg%2F11dfj4z_s6!19sChIJ8_KlARW9akARWChsDnIC3Po,"photo studio in Kentron, Yerevan"
0x406abd1182d117ad:0xf3c723c23075f412,Mantis Pictures,Photography studio,фотостудия,Ереван,"15 Komitas Ave, Yerevan 0012, Armenia",+37443000979,,,,,,,,5.0,,open,,40.2035718,44.4992713,https://www.google.com/maps/place/Mantis+Pictures/data=!4m7!3m6!1s0x406abd1182d117ad:0xf3c723c23075f412!8m2!3d40.2035718!4d44.4992713!16s%2Fg%2F11q4jttkv_!19sChIJrRfRghG9akAREvR1MMIjx_M,"photo studio in Kentron, Yerevan"
0x406abd3ae3f30097:0x50fe28b7a66d8b61,MarryMe Production,Wedding photographer,фотостудия,Ереван,"1, 2 Koryun St, Yerevan 0002, Armenia",+37491523334,,,,,,,,5.0,,open,,40.1880938,44.524687,https://www.google.com/maps/place/MarryMe+Production/data=!4m7!3m6!1s0x406abd3ae3f30097:0x50fe28b7a66d8b61!8m2!3d40.1880938!4d44.524687!16s%2Fg%2F11fl0yh4dc!19sChIJlwDz4zq9akARYYttprco_lA,"photo studio in Shengavit, Yerevan"
0x406abdadd0da79c1:0xcb787d0764fe52e9,Media Home Photo Studio,Photography studio,фотостудия,Ереван,"34 Ostrovsku Street, Yerevan, Armenia",+37455014140,,,,,,,,4.5,,open,,40.1609673,44.5181223,https://www.google.com/maps/place/Media+Home+Photo+Studio/data=!4m7!3m6!1s0x406abdadd0da79c1:0xcb787d0764fe52e9!8m2!3d40.1609673!4d44.5181223!16s%2Fg%2F11rnnjkdjt!19sChIJwXna0K29akAR6VL-ZAd9eMs,"photo studio in Kentron, Yerevan"
0x406abd5aed05e085:0x25eca7cfcd3ad18,Muradyan Production,Photography studio,фотостудия,Ереван,"65A Tigran Mets Ave, Yerevan, Armenia",+37498889228,,,,,,,,,,open,,40.1578228,44.5118249,https://www.google.com/maps/place/Muradyan+Production/data=!4m7!3m6!1s0x406abd5aed05e085:0x25eca7cfcd3ad18!8m2!3d40.1578228!4d44.5118249!16s%2Fg%2F11s8616x2y!19sChIJheAF7Vq9akARGK3T_HzKXgI,"photo studio in Kentron, Yerevan"
0x406abd001e600f4b:0x6cda232e402136c,Nane photo studio,Photography studio,фотостудия,Ереван,"11 Khanjyan St, Mkhchyan, Armenia",,,,,,,,,,,open,,40.174136,44.5177966,https://www.google.com/maps/place/Nane+photo+studio/data=!4m7!3m6!1s0x406abd001e600f4b:0x6cda232e402136c!8m2!3d40.174136!4d44.5177966!16s%2Fg%2F11w36pzfqn!19sChIJSw9gHgC9akARbBMC5DKizQY,"photo studio in Kentron, Yerevan"
0x406abb8836b00919:0x1257d9a26d0b35b0,Ne11i,Portrait studio,фотостудия,Ереван,"Նոր-Արեշ, 44 փողոց, 2-րդ տուն, Yerevan 0075, Armenia",+37498101135,,,,,,,,,,open,,40.1407474,44.5203928,https://www.google.com/maps/place/Ne11i/data=!4m7!3m6!1s0x406abb8836b00919:0x1257d9a26d0b35b0!8m2!3d40.1407474!4d44.5203928!16s%2Fg%2F11wx67dpwf!19sChIJGQmwNoi7akARsDULbaLZVxI,"photo studio in Erebuni, Yerevan"
0x406abd0ffd059edd:0xf5a6bf8d3675615f,Novel Production,Photographer,фотостудия,Ереван,"Sebastia St, Yerevan, Armenia",+37477407450,,,,,,,,,,open,,40.1763116,44.4583842,https://www.google.com/maps/place/Novel+Production/data=!4m7!3m6!1s0x406abd0ffd059edd:0xf5a6bf8d3675615f!8m2!3d40.1763116!4d44.4583842!16s%2Fg%2F11yxp95rzd!19sChIJ3Z4F_Q-9akARX2F1No2_pvU,"photo studio in Malatia-Sebastia, Yerevan"
0x406abd2c553d3d43:0xf9a93a2ad2559e36,Nurijanyan Photo Studio,Photography studio,фотостудия,Ереван,"46 Komitas Ave, Yerevan 0051, Armenia",+37499326286,,,,,,,,,,open,,40.2066738,44.5109445,https://www.google.com/maps/place/Nurijanyan+Photo+Studio/data=!4m7!3m6!1s0x406abd2c553d3d43:0xf9a93a2ad2559e36!8m2!3d40.2066738!4d44.5109445!16s%2Fg%2F11ysy2y_4t!19sChIJQz09VSy9akARNp5V0io6qfk,"photo studio in Kentron, Yerevan"
0x406ab977baa94c77:0xef06debd48630053,PHOTO,Passport photo processor,фотостудия,Ереван,"НОРАГАВИТ УЛИЦА 8 ДОМ 23/2, Yerevan 0072, Armenia",,,,,,,,,4.7,,open,,40.1204954,44.4755837,https://www.google.com/maps/place/PHOTO/data=!4m7!3m6!1s0x406ab977baa94c77:0xef06debd48630053!8m2!3d40.1204954!4d44.4755837!16s%2Fg%2F11knpbrpc7!19sChIJd0ypune5akARUwBjSL3eBu8,"photo studio in Shengavit, Yerevan"
0x406abd0027628043:0xb6b648910a0ef8c1,Photo & Xerox,Photography studio,фотостудия,Ереван,"5FR6+4FM, Ara Sargsyan St, Yerevan, Armenia",,,,,,,,,,,open,,40.1902888,44.4611627,https://www.google.com/maps/place/Photo+%26+Xerox/data=!4m7!3m6!1s0x406abd0027628043:0xb6b648910a0ef8c1!8m2!3d40.1902888!4d44.4611627!16s%2Fg%2F11yqlw6gs2!19sChIJQ4BiJwC9akARwfgOCpFItrY,"photo studio in Kentron, Yerevan"
0x406abd4dcfaae15f:0x1ad46251943cbae0,Photo Khalatyan,Photography studio,фотостудия,Ереван,"71 Tigran Mets Ave, Yerevan 0005, Armenia",,,,,,,,,4.5,,open,,40.1555318,44.5105995,https://www.google.com/maps/place/Photo+Khalatyan/data=!4m7!3m6!1s0x406abd4dcfaae15f:0x1ad46251943cbae0!8m2!3d40.1555318!4d44.5105995!16s%2Fg%2F11s93mpw4x!19sChIJX-Gqz029akAR4Lo8lFFi1Bo,"photo studio in Shengavit, Yerevan"
0x406aa30072b26c1d:0xe2fb00e1594d3d65,Photo ՖՈՏՈ xerox,Commercial printer,фотостудия,Ереван,"121 Andranik Zoravar St, Yerevan, Armenia",+37491322670,,,,,,,,5.0,,open,,40.1661581,44.4455421,https://www.google.com/maps/place/Photo+%D5%96%D5%88%D5%8F%D5%88+xerox/data=!4m7!3m6!1s0x406aa30072b26c1d:0xe2fb00e1594d3d65!8m2!3d40.1661581!4d44.4455421!16s%2Fg%2F11w1xm3xyx!19sChIJHWyycgCjakARZT1NWeEA--I,"photo studio in Malatia-Sebastia, Yerevan"
0x406abd098794ded9:0x7b57dadf6177e141,PhotoArm,Photographer,фотостудия,Ереван,"Marshal Baghramyan Ave, Yerevan 0019, Armenia",+37441359535,,,,,,,,3.0,,open,,40.1922371,44.5041657,https://www.google.com/maps/place/PhotoArm/data=!4m7!3m6!1s0x406abd098794ded9:0x7b57dadf6177e141!8m2!3d40.1922371!4d44.5041657!16s%2Fg%2F11pyjs1m0v!19sChIJ2d6Uhwm9akARQeF3Yd_aV3s,"photo studio in Kentron, Yerevan"
0x406abd2045cd4b1d:0xcbef34aa3f05d45c,Photoann Photoroom,Photo booth,фотостудия,Ереван,"65a Tigran Mets Ave, Yerevan, Armenia",+37499273494,,,,,,,,,,open,,40.1577848,44.5119184,https://www.google.com/maps/place/Photoann+Photoroom/data=!4m7!3m6!1s0x406abd2045cd4b1d:0xcbef34aa3f05d45c!8m2!3d40.1577848!4d44.5119184!16s%2Fg%2F11fpjqpzvv!19sChIJHUvNRSC9akARXNQFP6o078s,"photo studio in Erebuni, Yerevan"
0x406abc67b75191bb:0x1f058f497ef87e52,Photoatelier Armstephan,Portrait studio,фотостудия,Ереван,"кв. 53, 51 Tigran Mets Ave, Yerevan, Armenia",+37493241660,,,,,,,,,,open,,40.1636495,44.5133078,https://www.google.com/maps/place/Photoatelier+Armstephan/data=!4m7!3m6!1s0x406abc67b75191bb:0x1f058f497ef87e52!8m2!3d40.1636495!4d44.5133078!16s%2Fg%2F11b75hk06q!19sChIJu5FRt2e8akARUn74fkmPBR8,"photo studio in Shengavit, Yerevan"
0x406aa3abf08ff443:0x4c57cf5ca22f9013,Photohub Photostudio,Photography studio,фотостудия,Ереван,"55, 5 Tsarav Aghbyur St, Yerevan 0052, Armenia",+37477774143,,,,,,,,5.0,,open,,40.2172404,44.5526027,https://www.google.com/maps/place/Photohub+Photostudio/data=!4m7!3m6!1s0x406aa3abf08ff443:0x4c57cf5ca22f9013!8m2!3d40.2172404!4d44.5526027!16s%2Fg%2F11x73zk05s!19sChIJQ_SP8KujakARE5AvolzPV0w,"photo studio in Nor Nork, Yerevan"
0x406abd6caeaeb1cb:0xd31b11396a88df8f,Printing House Print and Design Studio Center,Commercial printer,фотостудия,Ереван,"89 Marshal Baghramyan Ave, Yerevan 0033, Armenia",+37410223004,,,,,,,,4.6,,open,,40.1971399,44.4930008,https://www.google.com/maps/place/Printing+House+Print+and+Design+Studio+Center/data=!4m7!3m6!1s0x406abd6caeaeb1cb:0xd31b11396a88df8f!8m2!3d40.1971399!4d44.4930008!16s%2Fg%2F11c6cq5p4l!19sChIJy7Gurmy9akARj9-IajkRG9M,"photo studio in Kentron, Yerevan"
0x406abce34714d8bb:0x12b394f30876e047,RETRO PHOTO,Portrait studio,фотостудия,Ереван,"25 Teryan St, Yerevan 0010, Armenia",+37411252114,,,,,,,,3.0,,open,,40.182884,44.514382,https://www.google.com/maps/place/RETRO+PHOTO/data=!4m7!3m6!1s0x406abce34714d8bb:0x12b394f30876e047!8m2!3d40.182884!4d44.514382!16s%2Fg%2F1q62dlthd!19sChIJu9gUR-O8akARR-B2CPOUsxI,"photo studio in Kentron, Yerevan"
0x406a97de678389ef:0xb1d2f899150e7053,RL Studio,Photography studio,фотостудия,Ереван,"5 Beknazarian St, Yerevan, Armenia",+37498991488,,,,,,,,,,open,,40.2108349,44.4710204,https://www.google.com/maps/place/RL+Studio/data=!4m7!3m6!1s0x406a97de678389ef:0xb1d2f899150e7053!8m2!3d40.2108349!4d44.4710204!16s%2Fg%2F11fx9lzymn!19sChIJ74mDZ96XakARU3AOFZn40rE,"photo studio in Kentron, Yerevan"
0x406aa3e6b8e1b25f:0x83e67385b08e2168,RecOrder Photostudio | Photographer | Videography | Photo Course,Photography studio,фотостудия,Ереван,"27A Moldovakan St, Yerevan, Armenia",+37495895555,,,,,,,,5.0,,open,,40.2067725,44.5702498,https://www.google.com/maps/place/RecOrder+Photostudio+%7C+Photographer+%7C+Videography+%7C+Photo+Course/data=!4m7!3m6!1s0x406aa3e6b8e1b25f:0x83e67385b08e2168!8m2!3d40.2067725!4d44.5702498!16s%2Fg%2F11w1qqkp35!19sChIJX7LhuOajakARaCGOsIVz5oM,"photo studio in Arabkir, Yerevan"
0x406aa30471d4cacf:0xd5b87b8b468ac20f,Roga and Kopita,Photography studio,фотостудия,Ереван,"1 Bagrevand St, Yerevan 0062, Armenia",+37495328512,,,,,,,,,,open,,40.206558,44.5741013,https://www.google.com/maps/place/Roga+and+Kopita/data=!4m7!3m6!1s0x406aa30471d4cacf:0xd5b87b8b468ac20f!8m2!3d40.206558!4d44.5741013!16s%2Fg%2F11wbjx8d4f!19sChIJz8rUcQSjakARD8KKRot7uNU,"photo studio in Erebuni, Yerevan"
0x2c3261c0ae0adc33:0xdd37301deff964a8,Rooms Photo Studio,Photography studio,фотостудия,Ереван,,+37499323202,,,,,,,,,,open,,40.1533904,44.4885671,https://www.google.com/maps/place/Rooms+Photo+Studio/data=!4m7!3m6!1s0x2c3261c0ae0adc33:0xdd37301deff964a8!8m2!3d40.1533904!4d44.4885671!16s%2Fg%2F11z37vmqb7!19sChIJM9wKrsBhMiwRqGT57x0wN90,"photo studio in Kentron, Yerevan"
0x406abd96ab8b736d:0x820dbb24c0cd0ba9,Sed Sahakyan Photography,Photography studio,фотостудия,Ереван,"21, 4 Yervand Kochar St, Yerevan, Armenia",+37496660564,,,,,,,,5.0,,open,,40.1695952,44.5174521,https://www.google.com/maps/place/Sed+Sahakyan+Photography/data=!4m7!3m6!1s0x406abd96ab8b736d:0x820dbb24c0cd0ba9!8m2!3d40.1695952!4d44.5174521!16s%2Fg%2F11vpn2cj1d!19sChIJbXOLq5a9akARqQvNwCS7DYI,"photo studio in Kentron, Yerevan"
0x41fa1efff34f20ed:0xd42ef6656bb95eda,Selfie Zone,Photography studio,фотостудия,Ереван,"7 Khanjyan St, Yerevan, Armenia",+37496001244,,,,,,,,,,open,,40.1737538,44.5164196,https://www.google.com/maps/place/Selfie+Zone/data=!4m7!3m6!1s0x41fa1efff34f20ed:0xd42ef6656bb95eda!8m2!3d40.1737538!4d44.5164196!16s%2Fg%2F11k9sx889r!19sChIJ7SBP8_8e-kER2l65a2X2LtQ,"photo studio in Kentron, Yerevan"
0x406abfdd70c18b2b:0x8fad2fbf421608fc,Shine photostudio,Portrait studio,фотостудия,Ереван,"5th floor, 82 Araratyan St, Yerevan 0046, Armenia",+37444187270,,,,,,,,,,open,,40.1390211,44.4648437,https://www.google.com/maps/place/Shine+photostudio/data=!4m7!3m6!1s0x406abfdd70c18b2b:0x8fad2fbf421608fc!8m2!3d40.1390211!4d44.4648437!16s%2Fg%2F11w3kkyb5c!19sChIJK4vBcN2_akAR_AgWQr8vrY8,"photo studio in Shengavit, Yerevan"
0x406abd718f57469d:0x165cc94472286ddf,ShivRish photography,Photographer,фотостудия,Ереван,"10/3 Sebastia St, Yerevan, Armenia",+37493499136,,,,,,,,5.0,,open,,40.1871738,44.4614574,https://www.google.com/maps/place/ShivRish+photography/data=!4m7!3m6!1s0x406abd718f57469d:0x165cc94472286ddf!8m2!3d40.1871738!4d44.4614574!16s%2Fg%2F11j4kbkk7z!19sChIJnUZXj3G9akAR320ockTJXBY,"photo studio in Shengavit, Yerevan"
0x406abd777e1ced9b:0xae82a401cd0a7d84,Sky Studios,Photography studio,фотостудия,Ереван,"Ձորափի փողոց 40, 15 հարկ 2 մուտք, Yerevan, Armenia",+37441404015,,,,,,,,5.0,,open,,40.1821082,44.4971536,https://www.google.com/maps/place/Sky+Studios/data=!4m7!3m6!1s0x406abd777e1ced9b:0xae82a401cd0a7d84!8m2!3d40.1821082!4d44.4971536!16s%2Fg%2F11nq01pfr4!19sChIJm-0cfne9akARhH0KzQGkgq4,"photo studio in Kentron, Yerevan"
0x406abdf006a65019:0xff0f99cfbaf2349e,Studio Hovig,Photographer,фотостудия,Ереван,"22 V, Vagharsh Vagharshyan St, Yerevan 0012, Armenia",+37477777851,,,,,,,,4.4,,open,,40.2022008,44.4993379,https://www.google.com/maps/place/Studio+Hovig/data=!4m7!3m6!1s0x406abdf006a65019:0xff0f99cfbaf2349e!8m2!3d40.2022008!4d44.4993379!16s%2Fg%2F11vkr2w8tm!19sChIJGVCmBvC9akARnjTyus-ZD_8,"photo studio in Kentron, Yerevan"
0x406abd1cef49ffd3:0x18635b5f1bf351c6,Taraz & Art,Souvenir manufacturer,фотостудия,Ереван,"72 Teryan St, Yerevan, Armenia",+37499818990,,,,,,,,5.0,,open,,40.1897397,44.5242615,https://www.google.com/maps/place/Taraz+%26+Art/data=!4m7!3m6!1s0x406abd1cef49ffd3:0x18635b5f1bf351c6!8m2!3d40.1897397!4d44.5242615!16s%2Fg%2F11fpmj_l20!19sChIJ0_9J7xy9akARxlHzG19bYxg,"photo studio in Kentron, Yerevan"
0x406aa375d5559515:0xbb28e539b1ac8b66,VaNa Studio,Photography studio,фотостудия,Ереван,"1, 3 Gyulikevkhyan St, Yerevan, Armenia",+37494672710,,,,,,,,5.0,,open,,40.1902138,44.5678488,https://www.google.com/maps/place/VaNa+Studio/data=!4m7!3m6!1s0x406aa375d5559515:0xbb28e539b1ac8b66!8m2!3d40.1902138!4d44.5678488!16s%2Fg%2F11ryllchjf!19sChIJFZVV1XWjakARZoussTnlKLs,"photo studio in Nor Nork, Yerevan"
0x406abdf7d372f3af:0xfd91b09f5ad08a12,Vajrapar,Photo lab,фотостудия,Ереван,"16 Martiros Saryan St, Yerevan 0002, Armenia",+37498151167,,,,,,,,4.5,,open,,40.1861832,44.5071972,https://www.google.com/maps/place/Vajrapar/data=!4m7!3m6!1s0x406abdf7d372f3af:0xfd91b09f5ad08a12!8m2!3d40.1861832!4d44.5071972!16s%2Fg%2F11spwc01dj!19sChIJr_Ny0_e9akAREorQWp-wkf0,"photo studio in Kentron, Yerevan"
0x406abdd4204ac50b:0x3da254b0f1095de2,Xerox,Photography studio,фотостудия,Ереван,"5G49+J85, Michurin St, Yerevan, Armenia",,,,,,,,,5.0,,open,,40.1565172,44.5183691,https://www.google.com/maps/place/Xerox/data=!4m7!3m6!1s0x406abdd4204ac50b:0x3da254b0f1095de2!8m2!3d40.1565172!4d44.5183691!16s%2Fg%2F11s1wjt35l!19sChIJC8VKINS9akAR4l0J8bBUoj0,"photo studio in Shengavit, Yerevan"
0x406abd0034d3de5f:0x621e8a56673abb58,Xerox,Photography studio,фотостудия,Ереван,"36 Mesrop Mashtots Ave, Yerevan 0002, Armenia",,,,,,,,,,,open,,40.1833949,44.5111218,https://www.google.com/maps/place/Xerox/data=!4m7!3m6!1s0x406abd0034d3de5f:0x621e8a56673abb58!8m2!3d40.1833949!4d44.5111218!16s%2Fg%2F11lmvq_ll3!19sChIJX97TNAC9akARWLs6Z1aKHmI,"photo studio in Shengavit, Yerevan"
0x406abd9b65699e5d:0x13e79dc6e3bf97df,Xerox photo print,Photo lab,фотостудия,Ереван,"3rd Floor 19 Room, 28 Isahakyan Street, Yerevan 0009, Armenia",,,,,,,,,3.8,,open,,40.1885576,44.5201699,https://www.google.com/maps/place/Xerox+photo+print/data=!4m7!3m6!1s0x406abd9b65699e5d:0x13e79dc6e3bf97df!8m2!3d40.1885576!4d44.5201699!16s%2Fg%2F11j7vtc98n!19sChIJXZ5pZZu9akAR35e_48ad5xM,"photo studio in Kentron, Yerevan"
0x406abd004680d277:0x7ee8418dc88d9f6f,"Xerox, Scan, Print",Photography studio,фотостудия,Ереван,"61 Hanrapetutyan St, Yerevan, Armenia",,,,,,,,,5.0,,open,,40.1774744,44.5176634,"https://www.google.com/maps/place/Xerox,+Scan,+Print/data=!4m7!3m6!1s0x406abd004680d277:0x7ee8418dc88d9f6f!8m2!3d40.1774744!4d44.5176634!16s%2Fg%2F11lmj6d1lt!19sChIJd9KARgC9akARb5-NyI1B6H4","photo studio in Kentron, Yerevan"
0x406abdabd45df6fd:0x33831af92829ada5,Yerevan Pictures Studio,Photography studio,фотостудия,Ереван,"6, 1 Abelian St, Yerevan 0038, Armenia",+37455477412,,,,,,,,5.0,,open,,40.2009577,44.4754269,https://www.google.com/maps/place/Yerevan+Pictures+Studio/data=!4m7!3m6!1s0x406abdabd45df6fd:0x33831af92829ada5!8m2!3d40.2009577!4d44.4754269!16s%2Fg%2F11tmws1tx8!19sChIJ_fZd1Ku9akARpa0pKPkagzM,"photo studio in Kentron, Yerevan"
0x406abcfb49ad7f73:0xf7d463c351636a04,Zenit Studio,Photography studio,фотостудия,Ереван,"3 Abovyan St, Yerevan 0001, Armenia",+37477440791,,,,,,,,,,open,,40.1810482,44.5154689,https://www.google.com/maps/place/Zenit+Studio/data=!4m7!3m6!1s0x406abcfb49ad7f73:0xf7d463c351636a04!8m2!3d40.1810482!4d44.5154689!16s%2Fg%2F11fqptd4js!19sChIJc3-tSfu8akARBGpjUcNj1Pc,"photo studio in Kentron, Yerevan"
0x406aa2eabed5d051:0x21cbecf2a42dd27f,Zoom Photo Studio,Photography studio,фотостудия,Ереван,"6GCV+724, Yerevan, Armenia",+37498211179,,,,,,,,,,open,,40.2206436,44.5425802,https://www.google.com/maps/place/Zoom+Photo+Studio/data=!4m7!3m6!1s0x406aa2eabed5d051:0x21cbecf2a42dd27f!8m2!3d40.2206436!4d44.5425802!16s%2Fg%2F11hcw43pwm!19sChIJUdDVvuqiakARf9ItpPLsyyE,"photo studio in Erebuni, Yerevan"
0x406a95c240e8cfd9:0x95da035b540c85,marukyan photo,Portrait studio,фотостудия,Ереван,"գ, 39 տ երևանյան խճուղի, Merdzavan 1139, Armenia",+37493779917,,,,,,,,,,open,,40.1826307,44.4034143,https://www.google.com/maps/place/marukyan+photo/data=!4m7!3m6!1s0x406a95c240e8cfd9:0x95da035b540c85!8m2!3d40.1826307!4d44.4034143!16s%2Fg%2F11sdtypb4g!19sChIJ2c_oQMKVakARhQxUWwPalQA,"photo studio in Malatia-Sebastia, Yerevan"
0x406abd000069945f:0xe59526b4ba07cddc,photo and printing,Photography studio,фотостудия,Ереван,"5GF7+G9H, Tigran Mets Ave, Yerevan, Armenia",,,,,,,,,5.0,,open,,40.1738042,44.5134728,https://www.google.com/maps/place/photo+and+printing/data=!4m7!3m6!1s0x406abd000069945f:0xe59526b4ba07cddc!8m2!3d40.1738042!4d44.5134728!16s%2Fg%2F11x964bflw!19sChIJX5RpAAC9akAR3M0HurQmleU,"photo studio in Kentron, Yerevan"
0x406abd0075e65657:0x3091a10eb949173c,Ксерокопия,Photography studio,фотостудия,Ереван,"31, 3 улица Гусана Шерама, Yerevan 0084, Armenia",,,,,,,,,1.0,,open,,40.1829784,44.4454375,https://www.google.com/maps/place/%D0%9A%D1%81%D0%B5%D1%80%D0%BE%D0%BA%D0%BE%D0%BF%D0%B8%D1%8F/data=!4m7!3m6!1s0x406abd0075e65657:0x3091a10eb949173c!8m2!3d40.1829784!4d44.4454375!16s%2Fg%2F11ypqz4d2b!19sChIJV1bmdQC9akARPBdJuQ6hkTA,"photo studio in Kentron, Yerevan"
0x406abb00723ad815:0xc5efa8f3b7689b6a,Студия Lenges Art,Photography studio,фотостудия,Ереван,"4GHJ+XX5, Yerevan, Armenia",,,,,,,,,5.0,,open,,40.1301489,44.5317044,https://www.google.com/maps/place/%D0%A1%D1%82%D1%83%D0%B4%D0%B8%D1%8F+Lenges+Art/data=!4m7!3m6!1s0x406abb00723ad815:0xc5efa8f3b7689b6a!8m2!3d40.1301489!4d44.5317044!16s%2Fg%2F11y3zl10yc!19sChIJFdg6cgC7akARaptot_Oo78U,"photo studio in Shengavit, Yerevan"
0x406abd00761ec399:0x7b1d3c12edbcc007,Фото,Passport photo processor,фотостудия,Ереван,"15 Vardanants St, Yerevan, Armenia",,,,,,,,,4.0,,open,,40.1759018,44.5199922,https://www.google.com/maps/place/%D0%A4%D0%BE%D1%82%D0%BE/data=!4m7!3m6!1s0x406abd00761ec399:0x7b1d3c12edbcc007!8m2!3d40.1759018!4d44.5199922!16s%2Fg%2F11y2zh8s75!19sChIJmcMedgC9akARB8C87RI8HXs,"photo studio in Kentron, Yerevan"
0x406abdcf64f0d54b:0x9493f419426f3445,"Фото салон, распечатка документов, изготовление ключей",Photography studio,фотостудия,Ереван,"12 Tigran Mets Ave, Yerevan 0010, Armenia",+37493099444,,,,,,,,4.1,,open,,40.173787,44.5135194,"https://www.google.com/maps/place/%D0%A4%D0%BE%D1%82%D0%BE+%D1%81%D0%B0%D0%BB%D0%BE%D0%BD,+%D1%80%D0%B0%D1%81%D0%BF%D0%B5%D1%87%D0%B0%D1%82%D0%BA%D0%B0+%D0%B4%D0%BE%D0%BA%D1%83%D0%BC%D0%B5%D0%BD%D1%82%D0%BE%D0%B2,+%D0%B8%D0%B7%D0%B3%D0%BE%D1%82%D0%BE%D0%B2%D0%BB%D0%B5%D0%BD%D0%B8%D0%B5+%D0%BA%D0%BB%D1%8E%D1%87%D0%B5%D0%B9/data=!4m7!3m6!1s0x406abdcf64f0d54b:0x9493f419426f3445!8m2!3d40.173787!4d44.5135194!16s%2Fg%2F11jz75_mr_!19sChIJS9XwZM-9akARRTRvQhn0k5Q","photo studio in Kentron, Yerevan"
0x406abd3ea8d02a49:0x50e623065a57bf6c,Фото типография,Photography service,фотостудия,Ереван,"36/3 Arshakunyats Ave, Yerevan 0026, Armenia",+37499107877,,,,,,,,,,open,,40.1526663,44.498305,https://www.google.com/maps/place/%D0%A4%D0%BE%D1%82%D0%BE+%D1%82%D0%B8%D0%BF%D0%BE%D0%B3%D1%80%D0%B0%D1%84%D0%B8%D1%8F/data=!4m7!3m6!1s0x406abd3ea8d02a49:0x50e623065a57bf6c!8m2!3d40.1526663!4d44.498305!16s%2Fg%2F11l3499nbm!19sChIJSSrQqD69akARbL9XWgYj5lA,"photo studio in Shengavit, Yerevan"
0x406abd0045d5867d:0x26d83637648d5a24,Թարգմանչական գրասենյակ,Photography studio,фотостудия,Ереван,"1 Բելինսկի, Yerevan, Armenia",+37495437495,,,,,,,,,,open,,40.1564428,44.5191926,https://www.google.com/maps/place/%D4%B9%D5%A1%D6%80%D5%A3%D5%B4%D5%A1%D5%B6%D5%B9%D5%A1%D5%AF%D5%A1%D5%B6+%D5%A3%D6%80%D5%A1%D5%BD%D5%A5%D5%B6%D5%B5%D5%A1%D5%AF/data=!4m7!3m6!1s0x406abd0045d5867d:0x26d83637648d5a24!8m2!3d40.1564428!4d44.5191926!16s%2Fg%2F11y51pd_n1!19sChIJfYbVRQC9akARJFqNZDc22CY,"photo studio in Shengavit, Yerevan"
0x406aa3d858b015d1:0x59330435f66176a4,Կոդակ,Photography studio,фотостудия,Ереван,"5HV9+7VH, Yerevan, Armenia",,,,,,,,,,,open,,40.1931825,44.5697287,https://www.google.com/maps/place/%D4%BF%D5%B8%D5%A4%D5%A1%D5%AF/data=!4m7!3m6!1s0x406aa3d858b015d1:0x59330435f66176a4!8m2!3d40.1931825!4d44.5697287!16s%2Fg%2F11l38rq7z5!19sChIJ0RWwWNijakARpHZh9jUEM1k,"photo studio in Nor Nork, Yerevan"
0x406aa3283a9b45fb:0x8fbb1145922e6b06,Հայրապետյան ստուդիա,Photography studio,фотостудия,Ереван,"28 Rubinyants St, Yerevan, Armenia",+37495644423,,,,,,,,3.7,,open,,40.2043526,44.5510257,https://www.google.com/maps/place/%D5%80%D5%A1%D5%B5%D6%80%D5%A1%D5%BA%D5%A5%D5%BF%D5%B5%D5%A1%D5%B6+%D5%BD%D5%BF%D5%B8%D6%82%D5%A4%D5%AB%D5%A1/data=!4m7!3m6!1s0x406aa3283a9b45fb:0x8fbb1145922e6b06!8m2!3d40.2043526!4d44.5510257!16s%2Fg%2F11df0pnrhp!19sChIJ-0WbOiijakARBmsukkURu48,"photo studio in Kentron, Yerevan"
0x406abde048e8793d:0xf59879de2476ea2b,Ֆոտո տպագրություն (Photo Smile),Portrait studio,фотостудия,Ереван,"1 Aghbyur Serob St, Yerevan 0019, Armenia",+37455549445,,,,,,,,5.0,,open,,40.1956712,44.499812,https://www.google.com/maps/place/%D5%96%D5%B8%D5%BF%D5%B8+%D5%BF%D5%BA%D5%A1%D5%A3%D6%80%D5%B8%D6%82%D5%A9%D5%B5%D5%B8%D6%82%D5%B6+%28Photo+Smile%29/data=!4m7!3m6!1s0x406abde048e8793d:0xf59879de2476ea2b!8m2!3d40.1956712!4d44.499812!16s%2Fg%2F11h4d4z88z!19sChIJPXnoSOC9akARK-p2JN55mPU,"photo studio in Kentron, Yerevan"
0x406abd00103f5a43:0xd5c780902b973856,աջա,Photography studio,фотостудия,Ереван,"5FXH+WQ9, Halabyan St, Yerevan, Armenia",,,,,,,,,,,open,,40.1997976,44.4794977,https://www.google.com/maps/place/%D5%A1%D5%BB%D5%A1/data=!4m7!3m6!1s0x406abd00103f5a43:0xd5c780902b973856!8m2!3d40.1997976!4d44.4794977!16s%2Fg%2F11y7r4r1zv!19sChIJQ1o_EAC9akARVjiXK5CAx9U,"photo studio in Shengavit, Yerevan"
0x406abd8027d362f9:0x71bbbfc8a8b919b,4 Friends Hostel,,хостел,Ереван,"3, 1 Grigor Lusavorich Street, Yerevan, Armenia",,,,,,,,,3.9,,open,,40.1724351,44.5067713,https://www.google.com/maps/place/4+Friends+Hostel/data=!4m10!3m9!1s0x406abd8027d362f9:0x71bbbfc8a8b919b!5m2!4m1!1i2!8m2!3d40.1724351!4d44.5067713!16s%2Fg%2F11s7wn65bs!19sChIJ-WLTJ4C9akARm5GLivy7Gwc,"hostel in Nor Nork, Yerevan"
0x406abd877ffaca23:0x215ab6178a229551,AVA HOSTEL YEREVAN,,хостел,Ереван,"No.3 Yeznik Koghbatsi St, Yerevan 0015, Armenia",+37493939882,,,,,,,,5.0,,open,,40.1795634,44.5081862,https://www.google.com/maps/place/AVA+HOSTEL+YEREVAN/data=!4m10!3m9!1s0x406abd877ffaca23:0x215ab6178a229551!5m2!4m1!1i2!8m2!3d40.1795634!4d44.5081862!16s%2Fg%2F11xtycvc5c!19sChIJI8r6f4e9akARUZUiihe2WiE,"hostel in Arabkir, Yerevan"
0x406abde5da3523d7:0xe51625204e1500b8,Apart House in Erevan,,хостел,Ереван,"М.Маштоц 6, Yerevan 0015, Armenia",+37491312172,,,,,,,,,,open,,40.178259,44.506274,https://www.google.com/maps/place/Apart+House+in+Erevan/data=!4m10!3m9!1s0x406abde5da3523d7:0xe51625204e1500b8!5m2!4m1!1i2!8m2!3d40.178259!4d44.506274!16s%2Fg%2F11kywx_04q!19sChIJ1yM12uW9akARuAAVTiAlFuU,"hostel in Nor Nork, Yerevan"
0x406abcfad183ffff:0x279ad69d25e511e2,Areva Hostel & Apartment,,хостел,Ереван,"5 Переулок Микаэля Налбандяна, Yerevan 0001, Armenia",+37433400102,,,,,,,,4.4,,open,,40.1804647,44.5171731,https://www.google.com/maps/place/Areva+Hostel+%26+Apartment/data=!4m10!3m9!1s0x406abcfad183ffff:0x279ad69d25e511e2!5m2!4m1!1i2!8m2!3d40.1804647!4d44.5171731!16s%2Fg%2F11swf8wrp9!19sChIJ__-D0fq8akAR4hHlJZ3Wmic,"hostel in Kentron, Yerevan"
0x406abdc5ff6d8c7d:0x686086ce7ce61c26,Ariaraman Hostel,,хостел,Ереван,"47A Hin Yerevantsi St, Yerevan 0002, Armenia",+37495908969,,,,,,,,4.7,,open,,40.1843431,44.512904,https://www.google.com/maps/place/Ariaraman+Hostel/data=!4m10!3m9!1s0x406abdc5ff6d8c7d:0x686086ce7ce61c26!5m2!4m1!1i2!8m2!3d40.1843431!4d44.512904!16s%2Fg%2F11ytb8zgqc!19sChIJfYxt_8W9akARJhzmfM6GYGg,"hostel in Arabkir, Yerevan"
0x406abd9df562bbc9:0x432fcd9153048ecc,Arka hostel,,хостел,Ереван,"Khorhrdaran St, Yerevan 0001, Armenia",+37441314303,,,,,,,,4.6,,open,,40.1722844,44.5042407,https://www.google.com/maps/place/Arka+hostel/data=!4m10!3m9!1s0x406abd9df562bbc9:0x432fcd9153048ecc!5m2!4m1!1i2!8m2!3d40.1722844!4d44.5042407!16s%2Fg%2F11sjrv1fg3!19sChIJybti9Z29akARzI4EU5HNL0M,"hostel in Malatia-Sebastia, Yerevan"
0x406abdbba5a6e0d7:0x591bbf6e26c9561d,Armena Hostel,,хостел,Ереван,"54 1/1 Pushkin St, Yerevan 0002, Armenia",+37441771880,,,,,,,,4.2,,open,,40.1845199,44.5104508,https://www.google.com/maps/place/Armena+Hostel/data=!4m10!3m9!1s0x406abdbba5a6e0d7:0x591bbf6e26c9561d!5m2!4m1!1i2!8m2!3d40.1845199!4d44.5104508!16s%2Fg%2F11ldm3fvc7!19sChIJ1-Cmpbu9akARHVbJJm6_G1k,"hostel in Arabkir, Yerevan"
0x406abc164ae83b2d:0x95176008da9623b8,Armenia Premium Hostel and Tours,,хостел,Ереван,"64/2 Bernakirneri Street, Yerevan 0005, Armenia",+37491359099,,,,,,,,,,open,,40.1540658,44.4930701,https://www.google.com/maps/place/Armenia+Premium+Hostel+and+Tours/data=!4m10!3m9!1s0x406abc164ae83b2d:0x95176008da9623b8!5m2!4m1!1i2!8m2!3d40.1540658!4d44.4930701!16s%2Fg%2F11fkm893tt!19sChIJLTvoSha8akARuCOW2ghgF5U,"hostel in Erebuni, Yerevan"
0x406abce290500001:0x7ef0fb0bc083dfc1,Armenner Hostel and Tours,,хостел,Ереван,"31/2 Mesrop Mashtots Ave, Yerevan 0002, Armenia",+37494841044,,,,,,,,4.0,,open,,40.1849277,44.5120832,https://www.google.com/maps/place/Armenner+Hostel+and+Tours/data=!4m10!3m9!1s0x406abce290500001:0x7ef0fb0bc083dfc1!5m2!4m1!1i2!8m2!3d40.1849277!4d44.5120832!16s%2Fg%2F11h4trmphh!19sChIJAQBQkOK8akARwd-DwAv78H4,"hostel in Arabkir, Yerevan"
0x406aa3263f4fb605:0x57f9d7dfcc32df60,Art Garden Hostel and Tours,,хостел,Ереван,"57/11 Myasnikyan Ave, Yerevan 0096, Armenia",+37477775610,,,,,,,,,,open,,40.2040656,44.5558849,https://www.google.com/maps/place/Art+Garden+Hostel+and+Tours/data=!4m10!3m9!1s0x406aa3263f4fb605:0x57f9d7dfcc32df60!5m2!4m1!1i2!8m2!3d40.2040656!4d44.5558849!16s%2Fg%2F11hzhys5c0!19sChIJBbZPPyajakARYN8yzN_X-Vc,"hostel in Nor Nork, Yerevan"
0x406abce7d5fde487:0xc7e77d06fb35f814,ArtEast Hostel,,хостел,Ереван,"31/2 Aygestan 9th Street, Yerevan 0025, Armenia",+37444223445,,,,,,,,4.4,,open,,40.1838991,44.5283245,https://www.google.com/maps/place/ArtEast+Hostel/data=!4m10!3m9!1s0x406abce7d5fde487:0xc7e77d06fb35f814!5m2!4m1!1i2!8m2!3d40.1838991!4d44.5283245!16s%2Fg%2F113gd7ftl!19sChIJh-T91ee8akARFPg1-wZ958c,"hostel in Arabkir, Yerevan"
0x406abe9e1d695555:0xe7de110e51a84116,Artashisyan hostel,,хостел,Ереван,"77, 2 Artashesyan St, Yerevan 0050, Armenia",+37498420363,,,,,,,,,,open,,40.1503523,44.4740528,https://www.google.com/maps/place/Artashisyan+hostel/data=!4m10!3m9!1s0x406abe9e1d695555:0xe7de110e51a84116!5m2!4m1!1i2!8m2!3d40.1503523!4d44.4740528!16s%2Fg%2F11k3kjjp85!19sChIJVVVpHZ6-akARFkGoUQ4R3uc,"hostel in Malatia-Sebastia, Yerevan"
0x406abde65c0b4e61:0x548580ae69803684,Asana hostel,,хостел,Ереван,"58 Gulakyan St, Yerevan, Armenia",+37493573467,,,,,,,,4.8,,open,,40.1976498,44.5029704,https://www.google.com/maps/place/Asana+hostel/data=!4m10!3m9!1s0x406abde65c0b4e61:0x548580ae69803684!5m2!4m1!1i2!8m2!3d40.1976498!4d44.5029704!16s%2Fg%2F11lym7440p!19sChIJYU4LXOa9akARhDaAaa6AhVQ,"hostel in Arabkir, Yerevan"
0x406abd0017582d53:0x1079eee19d3cc144,Asana hostel 2,,хостел,Ереван,"6G2G+28J, Armen Tigranyan St, Yerevan, Armenia",,,,,,,,,5.0,,open,,40.2001,44.525769,https://www.google.com/maps/place/Asana+hostel+2/data=!4m10!3m9!1s0x406abd0017582d53:0x1079eee19d3cc144!5m2!4m1!1i2!8m2!3d40.2001!4d44.525769!16s%2Fg%2F11xv2z0qv9!19sChIJUy1YFwC9akARRME8neHueRA,"hostel in Arabkir, Yerevan"
0x406aa32f99b2437f:0xbd83e41813dc1967,Avan Ejmineh hostel,,хостел,Ереван,"no 9 achariyan st, Yerevan 0096, Armenia",+37491012300,,,,,,,,,,open,,40.2179272,44.5633686,https://www.google.com/maps/place/Avan+Ejmineh+hostel/data=!4m10!3m9!1s0x406aa32f99b2437f:0xbd83e41813dc1967!5m2!4m1!1i2!8m2!3d40.2179272!4d44.5633686!16s%2Fg%2F11s7v60ypd!19sChIJf0OymS-jakARZxncExjkg70,"hostel in Nor Nork, Yerevan"
0x406abcfc9ec55555:0xc8f97e7eb07be7ff,Avenue Hostel Yerevan,,хостел,Ереван,"8/13 Teryan St, Yerevan 0001, Armenia",+37477600332,,,,,,,,4.2,,open,,40.1812348,44.5129395,https://www.google.com/maps/place/Avenue+Hostel+Yerevan/data=!4m10!3m9!1s0x406abcfc9ec55555:0xc8f97e7eb07be7ff!5m2!4m1!1i2!8m2!3d40.1812348!4d44.5129395!16s%2Fg%2F11fktzk391!19sChIJVVXFnvy8akAR_-d7sH5--cg,"hostel in Arabkir, Yerevan"
0x406abcb49259a0ff:0x841b99f46ed6144a,BAAZ hostel,,хостел,Ереван,"5 Badal Muradian St, Yerevan 0002, Armenia",+37477047117,,,,,,,,3.0,,open,,40.1869757,44.5637754,https://www.google.com/maps/place/BAAZ+hostel/data=!4m10!3m9!1s0x406abcb49259a0ff:0x841b99f46ed6144a!5m2!4m1!1i2!8m2!3d40.1869757!4d44.5637754!16s%2Fg%2F11fkm899fx!19sChIJ_6BZkrS8akARShTWbvSZG4Q,"hostel in Nor Nork, Yerevan"
0x406abd0057247e13:0xbfa6991772a1ea0e,BETHEL Hostel,,хостел,Ереван,"8 Abelian St, Yerevan 0038, Armenia",+37477334061,,,,,,,,4.5,,open,,40.2003253,44.4735817,https://www.google.com/maps/place/BETHEL+Hostel/data=!4m10!3m9!1s0x406abd0057247e13:0xbfa6991772a1ea0e!5m2!4m1!1i2!8m2!3d40.2003253!4d44.4735817!16s%2Fg%2F11vqs77c24!19sChIJE34kVwC9akARDuqhcheZpr8,"hostel in Arabkir, Yerevan"
0x406abd42f288b563:0x66c3410815c0757a,Balcony Villa Hostel,,хостел,Ереван,"3, 1 Hovsep Emin St, Yerevan, Armenia",,,,,,,,,4.9,,open,,40.203807,44.4894127,https://www.google.com/maps/place/Balcony+Villa+Hostel/data=!4m10!3m9!1s0x406abd42f288b563:0x66c3410815c0757a!5m2!4m1!1i2!8m2!3d40.203807!4d44.4894127!16s%2Fg%2F11b73mcmqf!19sChIJY7WI8kK9akARenXAFQhBw2Y,"hostel in Arabkir, Yerevan"
0x406abd4d69ff37fb:0x838cf018faddda29,Bampy,,хостел,Ереван,"45 Movses Khorenatsi Street, Yerevan 0018, Armenia",+37477799881,,,,,,,,3.2,,open,,40.1643768,44.5164007,https://www.google.com/maps/place/Bampy/data=!4m10!3m9!1s0x406abd4d69ff37fb:0x838cf018faddda29!5m2!4m1!1i2!8m2!3d40.1643768!4d44.5164007!16s%2Fg%2F11f9zs5zfs!19sChIJ-zf_aU29akARKdrd-hjwjIM,"hostel in Erebuni, Yerevan"
0x406abd002c633893:0xc62260510d91a117,Best Hostel,,хостел,Ереван,"45, 1 Movses Khorenatsi Street, Yerevan, Armenia",,,,,,,,,3.0,,open,,40.1651719,44.5151203,https://www.google.com/maps/place/Best+Hostel/data=!4m10!3m9!1s0x406abd002c633893:0xc62260510d91a117!5m2!4m1!1i2!8m2!3d40.1651719!4d44.5151203!16s%2Fg%2F11z3lkxxf3!19sChIJkzhjLAC9akARF6GRDVFgIsY,"hostel in Kentron, Yerevan"
0x406abd9d6f31d06d:0x5bc3c6850feac9a8,CENTER HOSTEL,,хостел,Ереван,"16 Heratsi St, Yerevan, Armenia",+79110014700,,,,,,,,,,open,,40.1901317,44.5297209,https://www.google.com/maps/place/CENTER+HOSTEL/data=!4m10!3m9!1s0x406abd9d6f31d06d:0x5bc3c6850feac9a8!5m2!4m1!1i2!8m2!3d40.1901317!4d44.5297209!16s%2Fg%2F11vhrrvgfb!19sChIJbdAxb529akARqMnqD4XGw1s,"hostel in Arabkir, Yerevan"
0x406abb940e3804d5:0xa1cd1e32a194eafa,CJ Hostel and Tours,,хостел,Ереван,"Hanrapetutyan street, 3rd lane, 8th building, 20th apartment, 0001, Armenia",+37493022037,,,,,,,,4.5,,open,,40.1427247,44.54094,https://www.google.com/maps/place/CJ+Hostel+and+Tours/data=!4m10!3m9!1s0x406abb940e3804d5:0xa1cd1e32a194eafa!5m2!4m1!1i2!8m2!3d40.1427247!4d44.54094!16s%2Fg%2F11fhqvjpsq!19sChIJ1QQ4DpS7akAR-uqUoTIezaE,"hostel in Nor Nork, Yerevan"
0x406abd00207dba9b:0x8384c2e167c3a3b3,Canyon Hostel,,хостел,Ереван,"5FMX+PWQ Ուրուգվայի հրապարակ, Dzorapi Street, Yerevan, Armenia",+37491770799,,,,,,,,4.3,,open,,40.1845831,44.4989894,https://www.google.com/maps/place/Canyon+Hostel/data=!4m10!3m9!1s0x406abd00207dba9b:0x8384c2e167c3a3b3!5m2!4m1!1i2!8m2!3d40.1845831!4d44.4989894!16s%2Fg%2F11lyy3y5b_!19sChIJm7p9IAC9akARs6PDZ-HChIM,"hostel in Kentron, Yerevan"
0x406abce4e0c9a3ef:0xaf22bec996b57da2,Centrium хостел,,хостел,Ереван,"Tumanyan Street 15 первы этаж , дом 2, Yerevan 0001, Armenia",+37499910910,,,,,,,,5.0,,open,,40.1814179,44.5184352,https://www.google.com/maps/place/Centrium+%D1%85%D0%BE%D1%81%D1%82%D0%B5%D0%BB/data=!4m10!3m9!1s0x406abce4e0c9a3ef:0xaf22bec996b57da2!5m2!4m1!1i2!8m2!3d40.1814179!4d44.5184352!16s%2Fg%2F11gghdsq8n!19sChIJ76PJ4OS8akARon21lsm-Iq8,"hostel in Nor Nork, Yerevan"
0x406abc23e26fb539:0x90dfe3eb9fdeb744,Chexovi Baxniq Hostel,,хостел,Ереван,"23 Chekhov St, Yerevan 0411, Armenia",+37441600670,,,,,,,,1.0,,open,,40.1523035,44.4799724,https://www.google.com/maps/place/Chexovi+Baxniq+Hostel/data=!4m10!3m9!1s0x406abc23e26fb539:0x90dfe3eb9fdeb744!5m2!4m1!1i2!8m2!3d40.1523035!4d44.4799724!16s%2Fg%2F11fr6svklp!19sChIJObVv4iO8akARRLfen-vj35A,"hostel in Malatia-Sebastia, Yerevan"
0x406abd5ae96ba575:0x9f88732e4a3a5587,City Walk Hostel,,хостел,Ереван,"56 Zarobyan St, Yerevan 0009, Armenia",,,,,,,,,4.2,,open,,40.1924997,44.5103343,https://www.google.com/maps/place/City+Walk+Hostel/data=!4m10!3m9!1s0x406abd5ae96ba575:0x9f88732e4a3a5587!5m2!4m1!1i2!8m2!3d40.1924997!4d44.5103343!16s%2Fg%2F11gy4fkdvb!19sChIJdaVr6Vq9akARh1U6Si5ziJ8,"hostel in Arabkir, Yerevan"
0x406abd01c278e7e3:0x8322ea01ee06e51a,Classy&Cozy Hostel,,хостел,Ереван,"5GM3+MMR, Kond St, Yerevan, Armenia",+37491560256,,,,,,,,3.5,,open,,40.1842276,44.5039077,https://www.google.com/maps/place/Classy%26Cozy+Hostel/data=!4m10!3m9!1s0x406abd01c278e7e3:0x8322ea01ee06e51a!5m2!4m1!1i2!8m2!3d40.1842276!4d44.5039077!16s%2Fg%2F11g8xk5brx!19sChIJ4-d4wgG9akARGuUG7gHqIoM,"hostel in Arabkir, Yerevan"
0x406abcd940dbeecf:0xda7619265225468a,Cosmos hostel,,хостел,Ереван,"2nd floor, 20 Heratsi St, Yerevan 0025, Armenia",+37494382879,,,,,,,,,,open,,40.1907369,44.5301558,https://www.google.com/maps/place/Cosmos+hostel/data=!4m10!3m9!1s0x406abcd940dbeecf:0xda7619265225468a!5m2!4m1!1i2!8m2!3d40.1907369!4d44.5301558!16s%2Fg%2F11j0clslwx!19sChIJz-7bQNm8akARikYlUiYZdto,"hostel in Nor Nork, Yerevan"
0x406abcf32d2418ff:0xf423d9b3241ed8d9,Cozy Yerevan Hostel,,хостел,Ереван,"106 Charents St, Yerevan, Armenia",+37443541884,,,,,,,,2.3,,open,,40.1682425,44.5233104,https://www.google.com/maps/place/Cozy+Yerevan+Hostel/data=!4m10!3m9!1s0x406abcf32d2418ff:0xf423d9b3241ed8d9!5m2!4m1!1i2!8m2!3d40.1682425!4d44.5233104!16s%2Fg%2F11j0clqr48!19sChIJ_xgkLfO8akAR2dgeJLPZI_Q,"hostel in Nor Nork, Yerevan"
0x406abd1db2d4f157:0xe464f9c77bda4cb1,Crazy Hostel,,хостел,Ереван,"41 10 Tumanyan St, Yerevan 0002, Armenia",+37499993949,,,,,,,,3.6,,open,,40.1873497,44.5102558,https://www.google.com/maps/place/Crazy+Hostel/data=!4m10!3m9!1s0x406abd1db2d4f157:0xe464f9c77bda4cb1!5m2!4m1!1i2!8m2!3d40.1873497!4d44.5102558!16s%2Fg%2F11h18zr8z6!19sChIJV_HUsh29akARsUzae8f5ZOQ,"hostel in Arabkir, Yerevan"
0x406abd005f199293:0x2146e6ac4f888fe,Crown,,хостел,Ереван,"6 Kajaznuni St, Yerevan 0070, Armenia",,,,,,,,,1.0,,open,,40.1696359,44.5185667,https://www.google.com/maps/place/Crown/data=!4m10!3m9!1s0x406abd005f199293:0x2146e6ac4f888fe!5m2!4m1!1i2!8m2!3d40.1696359!4d44.5185667!16s%2Fg%2F11xgnx2kjw!19sChIJk5IZXwC9akAR_oj4xGpuFAI,"hostel in Erebuni, Yerevan"
0x406abcefd4500739:0xe835331b1060c07c,Cube-ik Hostel,,хостел,Ереван,"35 Khanjyan St, Yerevan 0001, Armenia",+37499405050,,,,,,,,,,open,,40.1782339,44.5225936,https://www.google.com/maps/place/Cube-ik+Hostel/data=!4m10!3m9!1s0x406abcefd4500739:0xe835331b1060c07c!5m2!4m1!1i2!8m2!3d40.1782339!4d44.5225936!16s%2Fg%2F11hrp8d7pk!19sChIJOQdQ1O-8akARfMBgEBszNeg,"hostel in Nor Nork, Yerevan"
0x406abd78751b9eed:0x200f9858f6c4734a,Destiny 1 Hostel,,хостел,Ереван,"19, Nalbandyan Street, Behind Tatev Tour and Haypost YEREVAN Yerevan AM 0010, 19 Nalbandyan St, Yerevan 0010, Armenia",+37441038586,,,,,,,,3.8,,open,,40.1807433,44.5184073,https://www.google.com/maps/place/Destiny+1+Hostel/data=!4m10!3m9!1s0x406abd78751b9eed:0x200f9858f6c4734a!5m2!4m1!1i2!8m2!3d40.1807433!4d44.5184073!16s%2Fg%2F11f6nydxdw!19sChIJ7Z4bdXi9akARSnPE9liYDyA,"hostel in Nor Nork, Yerevan"
0x406abd380701601b:0x891e5c9890522384,Divan house,,хостел,Ереван,"5GMW+4M, Yerevan, Armenia",+37495133999,,,,,,,,,,open,,40.1828609,44.546717,https://www.google.com/maps/place/Divan+house/data=!4m10!3m9!1s0x406abd380701601b:0x891e5c9890522384!5m2!4m1!1i2!8m2!3d40.1828609!4d44.546717!16s%2Fg%2F11y1c26zvv!19sChIJG2ABBzi9akARhCNSkJhcHok,"hostel in Nor Nork, Yerevan"
0x406abd87a71de77f:0x59588650673d820e,Eger Hostel,,хостел,Ереван,"1, 1 Davit-Bek St, Yerevan 0008, Armenia",+37444085085,,,,,,,,4.5,,open,,40.1809763,44.5617207,https://www.google.com/maps/place/Eger+Hostel/data=!4m10!3m9!1s0x406abd87a71de77f:0x59588650673d820e!5m2!4m1!1i2!8m2!3d40.1809763!4d44.5617207!16s%2Fg%2F11flgby6p7!19sChIJf-cdp4e9akARDoI9Z1CGWFk,"hostel in Nor Nork, Yerevan"
0x406abd6b42055555:0xe3b6ef86e152b28f,FIAS HOSTEL & TOURS,,хостел,Ереван,"2 Vazgen The First St, Yerevan 0033, Armenia",+37455614661,,,,,,,,5.0,,open,,40.1982468,44.4933395,https://www.google.com/maps/place/FIAS+HOSTEL+%26+TOURS/data=!4m10!3m9!1s0x406abd6b42055555:0xe3b6ef86e152b28f!5m2!4m1!1i2!8m2!3d40.1982468!4d44.4933395!16s%2Fg%2F11f6f_t03x!19sChIJVVUFQmu9akARj7JS4YbvtuM,"hostel in Arabkir, Yerevan"
0x406abd003185fe81:0xa32c8b3fb83d3383,Family hostel,,хостел,Ереван,"3/2 Григор лусаворич, Yerevan 0015, Armenia",+37491901007,,,,,,,,,,open,,40.1725657,44.5064418,https://www.google.com/maps/place/Family+hostel/data=!4m10!3m9!1s0x406abd003185fe81:0xa32c8b3fb83d3383!5m2!4m1!1i2!8m2!3d40.1725657!4d44.5064418!16s%2Fg%2F11yp_c_2qt!19sChIJgf6FMQC9akARgzM9uD-LLKM,"hostel in Erebuni, Yerevan"
0x406abd37c8498b49:0x6f900cc781efc7f9,Filleo - 1st Luxe Hostel in Yerevan,,хостел,Ереван,"6G47+52G, Komitas Ave, Yerevan 0051, Armenia",+37496930088,,,,,,,,,,open,,40.2054283,44.5125632,https://www.google.com/maps/place/Filleo+-+1st+Luxe+Hostel+in+Yerevan/data=!4m10!3m9!1s0x406abd37c8498b49:0x6f900cc781efc7f9!5m2!4m1!1i2!8m2!3d40.2054283!4d44.5125632!16s%2Fg%2F11pdhk11ls!19sChIJSYtJyDe9akAR-cfvgccMkG8,"hostel in Arabkir, Yerevan"
0x406abd379a1e56e3:0x132ed158a566112,GR Hostel,,хостел,Ереван,"47 Nairi Zaryan Street 47/4 nairi zaryan street, Komitas Ave, Yerevan 0014, Armenia",+37494131170,,,,,,,,,,open,,40.2041791,44.5202148,https://www.google.com/maps/place/GR+Hostel/data=!4m10!3m9!1s0x406abd379a1e56e3:0x132ed158a566112!5m2!4m1!1i2!8m2!3d40.2041791!4d44.5202148!16s%2Fg%2F11gyb5kfpy!19sChIJ41Yemje9akAREmFWihXtMgE,"hostel in Arabkir, Yerevan"
0x406abcb49a4c751d:0x8becdccf7dff14f6,GS House,,хостел,Ереван,"3 Badal Muradian St, Yerevan 0015, Armenia",+37496534826,,,,,,,,2.2,,open,,40.1866551,44.5646211,https://www.google.com/maps/place/GS+House/data=!4m10!3m9!1s0x406abcb49a4c751d:0x8becdccf7dff14f6!5m2!4m1!1i2!8m2!3d40.1866551!4d44.5646211!16s%2Fg%2F11fxb9b92c!19sChIJHXVMmrS8akAR9hT_fc_c7Is,"hostel in Nor Nork, Yerevan"
0x406abd3509f0480d:0xe1313c4cd53b6d7,Galaxy inn Luxury hostel,,хостел,Ереван,"36 Abovyan St, Yerevan, Armenia",+37443740001,,,,,,,,4.5,,open,,40.1855438,44.5215347,https://www.google.com/maps/place/Galaxy+inn+Luxury+hostel/data=!4m10!3m9!1s0x406abd3509f0480d:0xe1313c4cd53b6d7!5m2!4m1!1i2!8m2!3d40.1855438!4d44.5215347!16s%2Fg%2F11v_85256p!19sChIJDUjwCTW9akAR17ZTzcQTEw4,"hostel in Arabkir, Yerevan"
0x406abc5703c00001:0x8bb247fa6da02861,Glee hostel,,хостел,Ереван,"7/4 171 Argishti St, Yerevan 0015, Armenia",+37498585583,,,,,,,,3.5,,open,,40.1737502,44.5042187,https://www.google.com/maps/place/Glee+hostel/data=!4m10!3m9!1s0x406abc5703c00001:0x8bb247fa6da02861!5m2!4m1!1i2!8m2!3d40.1737502!4d44.5042187!16s%2Fg%2F11gyb5327n!19sChIJAQDAA1e8akARYSigbfpHsos,"hostel in Malatia-Sebastia, Yerevan"
0x406abc5f8f8a5555:0x2845dd5664609702,Happy Downtown Hostel,,хостел,Ереван,"Yervand Kovhar Street, No 19 Backside Entrance, Yerevan 0058, Armenia",+37491195980,,,,,,,,,,open,,40.1696879,44.5175707,https://www.google.com/maps/place/Happy+Downtown+Hostel/data=!4m10!3m9!1s0x406abc5f8f8a5555:0x2845dd5664609702!5m2!4m1!1i2!8m2!3d40.1696879!4d44.5175707!16s%2Fg%2F11j2l7d1yf!19sChIJVVWKj1-8akARApdgZFbdRSg,"hostel in Nor Nork, Yerevan"
0x406abc72f0a9b205:0x22d188d9cfdaca5a,Home Hostel,,хостел,Ереван,"116, 5 Burnazian St, Yerevan 0075, Armenia",+37455200005,,,,,,,,5.0,,open,,40.1537391,44.5140218,https://www.google.com/maps/place/Home+Hostel/data=!4m10!3m9!1s0x406abc72f0a9b205:0x22d188d9cfdaca5a!5m2!4m1!1i2!8m2!3d40.1537391!4d44.5140218!16s%2Fg%2F11hzxyyyv0!19sChIJBbKp8HK8akARWsraz9mI0SI,"hostel in Erebuni, Yerevan"
0x406abd3f5265674b:0x92c03b01025824da,HosTales,,хостел,Ереван,"29/1 11, Yerevan, Armenia",+37411571795,,,,,,,,5.0,,open,,40.189793,44.5295754,https://www.google.com/maps/place/HosTales/data=!4m10!3m9!1s0x406abd3f5265674b:0x92c03b01025824da!5m2!4m1!1i2!8m2!3d40.189793!4d44.5295754!16s%2Fg%2F11g2zgh0_l!19sChIJS2dlUj-9akAR2iRYAgE7wJI,"hostel in Arabkir, Yerevan"
0x406abd1d67089929:0x3bd3b01a7dc38ba5,Hostel,,хостел,Ереван,"9 Ghazar Parpetsi St, Yerevan 0002, Armenia",,,,,,,,,2.8,,open,,40.1853324,44.5104204,https://www.google.com/maps/place/Hostel/data=!4m10!3m9!1s0x406abd1d67089929:0x3bd3b01a7dc38ba5!5m2!4m1!1i2!8m2!3d40.1853324!4d44.5104204!16s%2Fg%2F11c5btlhkv!19sChIJKZkIZx29akARpYvDfRqw0zs,"hostel in Arabkir, Yerevan"
0x406abd006c1ada17:0x677da44c41efdf82,Hostel,,хостел,Ереван,"13 Tigran Mets Ave, Yerevan, Armenia",,,,,,,,,,,open,,40.1744877,44.5140535,https://www.google.com/maps/place/Hostel/data=!4m10!3m9!1s0x406abd006c1ada17:0x677da44c41efdf82!5m2!4m1!1i2!8m2!3d40.1744877!4d44.5140535!16s%2Fg%2F11lttn0jzw!19sChIJF9oabAC9akARgt_vQUykfWc,"hostel in Nor Nork, Yerevan"
0x406abce750eebc25:0x164be49d50bc2620,Hostel Compass,,хостел,Ереван,"5 Koryun St, Yerevan 0025, Armenia",+37455870993,,,,,,,,,,open,,40.186569,44.5252256,https://www.google.com/maps/place/Hostel+Compass/data=!4m10!3m9!1s0x406abce750eebc25:0x164be49d50bc2620!5m2!4m1!1i2!8m2!3d40.186569!4d44.5252256!16s%2Fg%2F11fztnqcbt!19sChIJJbzuUOe8akARICa8UJ3kSxY,"hostel in Nor Nork, Yerevan"
0x406abddb414a877b:0xaa4b172529eba670,Hostel David Bek,,хостел,Ереван,"5G2M+H4W, Hostel David Bek Международный Аэропорт, Yerevan 0008, Armenia",+37494438070,,,,,,,,3.7,,open,,40.1514863,44.5328407,https://www.google.com/maps/place/Hostel+David+Bek/data=!4m10!3m9!1s0x406abddb414a877b:0xaa4b172529eba670!5m2!4m1!1i2!8m2!3d40.1514863!4d44.5328407!16s%2Fg%2F11hz2f8ndz!19sChIJe4dKQdu9akARcKbrKSUXS6o,"hostel in Nor Nork, Yerevan"
0x406abd06bd64288d:0x3f49fddbc73e287,Hostel Enigma,,хостел,Ереван,"24 King Pap St, Yerevan 0002, Armenia",+37444533578,,,,,,,,4.0,,open,,40.1824854,44.5067292,https://www.google.com/maps/place/Hostel+Enigma/data=!4m10!3m9!1s0x406abd06bd64288d:0x3f49fddbc73e287!5m2!4m1!1i2!8m2!3d40.1824854!4d44.5067292!16s%2Fg%2F11thjwc4vy!19sChIJjShkvQa9akARh-JzvN2f9AM,"hostel in Kentron, Yerevan"
0x406abb83d7d65e89:0xfbf53f62fe8ebdd2,Hostel Flamingo,,хостел,Ереван,"47 Artsakh Ave, Yerevan, Armenia",+37496720909,,,,,,,,3.6,,open,,40.1384394,44.5113834,https://www.google.com/maps/place/Hostel+Flamingo/data=!4m10!3m9!1s0x406abb83d7d65e89:0xfbf53f62fe8ebdd2!5m2!4m1!1i2!8m2!3d40.1384394!4d44.5113834!16s%2Fg%2F11tms1b37n!19sChIJiV7W14O7akAR0r2O_mI_9fs,"hostel in Erebuni, Yerevan"
0x406abc8aa085c0a9:0x141b8ae24e19702f,Hostel Jaguar,,хостел,Ереван,"16 Zavarian St, Yerevan 0018, Armenia",+37493525771,,,,,,,,1.0,,open,,40.1684925,44.5212402,https://www.google.com/maps/place/Hostel+Jaguar/data=!4m10!3m9!1s0x406abc8aa085c0a9:0x141b8ae24e19702f!5m2!4m1!1i2!8m2!3d40.1684925!4d44.5212402!16s%2Fg%2F11h0t__vfl!19sChIJqcCFoIq8akARL3AZTuKKGxQ,"hostel in Erebuni, Yerevan"
0x406abd38ded1d7c7:0xd133b1e4763770d,Hostel Kovcheg,,хостел,Ереван,"6 19th Street, Yerevan 0001, Armenia",+79002091034,,,,,,,,,,open,,40.2016624,44.5074799,https://www.google.com/maps/place/Hostel+Kovcheg/data=!4m10!3m9!1s0x406abd38ded1d7c7:0xd133b1e4763770d!5m2!4m1!1i2!8m2!3d40.2016624!4d44.5074799!16s%2Fg%2F11gfj6pdnd!19sChIJx9fR3ji9akARDXdjRx47Ew0,"hostel in Arabkir, Yerevan"
0x406aa3186c45c09d:0x59e3e426ba2052d4,Hostel Moldovakan,,хостел,Ереван,"1-3/F, Moldovakan 29/6, Yerevan 0062, Armenia",+37498566768,,,,,,,,5.0,,open,,40.206546,44.571105,https://www.google.com/maps/place/Hostel+Moldovakan/data=!4m10!3m9!1s0x406aa3186c45c09d:0x59e3e426ba2052d4!5m2!4m1!1i2!8m2!3d40.206546!4d44.571105!16s%2Fg%2F11c3_5k52q!19sChIJncBFbBijakAR1FIguibk41k,"hostel in Nor Nork, Yerevan"
0x406abb6d5e877c4d:0xf4aa2af2ef9cc6f,Hostel Nor Aresh,,хостел,Ереван,"11th St, Yerevan, Armenia",+37444432440,,,,,,,,4.9,,open,,40.1431904,44.5125205,https://www.google.com/maps/place/Hostel+Nor+Aresh/data=!4m10!3m9!1s0x406abb6d5e877c4d:0xf4aa2af2ef9cc6f!5m2!4m1!1i2!8m2!3d40.1431904!4d44.5125205!16s%2Fg%2F11jt16b6l7!19sChIJTXyHXm27akARb8z5Lq-iSg8,"hostel in Nor Nork, Yerevan"
0x406abcf0081a8a61:0xb6a38ef3c7f5d804,Hostel Sakharov,,хостел,Ереван,"House 4, Sakharov Str, Yerevan 0091, Armenia",+37443150766,,,,,,,,4.2,,open,,40.1789669,44.519286,https://www.google.com/maps/place/Hostel+Sakharov/data=!4m10!3m9!1s0x406abcf0081a8a61:0xb6a38ef3c7f5d804!5m2!4m1!1i2!8m2!3d40.1789669!4d44.519286!16s%2Fg%2F11cs6llhtr!19sChIJYYoaCPC8akARBNj1x_OOo7Y,"hostel in Kentron, Yerevan"
0x406abd8aa7713eb5:0xa434b96549237df3,Hostel Street51,,хостел,Ереван,"bld 9 51st St, Yerevan 0037, Armenia",+37499250003,,,,,,,,3.9,,open,,40.2019001,44.5216628,https://www.google.com/maps/place/Hostel+Street51/data=!4m10!3m9!1s0x406abd8aa7713eb5:0xa434b96549237df3!5m2!4m1!1i2!8m2!3d40.2019001!4d44.5216628!16s%2Fg%2F11h9lvgydz!19sChIJtT5xp4q9akAR830jSWW5NKQ,"hostel in Arabkir, Yerevan"
0x406abc58940a5c9b:0xdb6f1dec56706d7f,Hostel Vagary,,хостел,Ереван,"72, Movses Khorenatsi 30/72 Мовсеса Хоренаци 30, 72 Movses Khorenatsi Street, Yerevan 0018, Armenia",+37499891089,,,,,,,,4.3,,open,,40.170037,44.512932,https://www.google.com/maps/place/Hostel+Vagary/data=!4m10!3m9!1s0x406abc58940a5c9b:0xdb6f1dec56706d7f!5m2!4m1!1i2!8m2!3d40.170037!4d44.512932!16s%2Fg%2F11cm_hdxlp!19sChIJm1wKlFi8akARf21wVuwdb9s,"hostel in Nor Nork, Yerevan"
0x406abd001f33388d:0xf83209e9cab5b2d2,Hostel olympic,,хостел,Ереван,"10 Tigran Mets Ave, Yerevan, Armenia",+37477007626,,,,,,,,4.2,,open,,40.1744567,44.5136143,https://www.google.com/maps/place/Hostel+olympic/data=!4m10!3m9!1s0x406abd001f33388d:0xf83209e9cab5b2d2!5m2!4m1!1i2!8m2!3d40.1744567!4d44.5136143!16s%2Fg%2F11wb4h6_9b!19sChIJjTgzHwC9akAR0rK1yukJMvg,"hostel in Kentron, Yerevan"
0x406aa30030b76191:0x9939ee18696c8e6a,Hotel S27,,хостел,Ереван,"5JV4+PP, Yerevan, Armenia",,,,,,,,,4.3,,open,,40.1943599,44.606822,https://www.google.com/maps/place/Hotel+S27/data=!4m10!3m9!1s0x406aa30030b76191:0x9939ee18696c8e6a!5m2!4m1!1i2!8m2!3d40.1943599!4d44.606822!16s%2Fg%2F11wn8fyvl5!19sChIJkWG3MACjakARao5saRjuOZk,"hostel in Nor Nork, Yerevan"
0x406abd456aa34d6b:0x5805b98eb2254cdb,IT Hostel,,хостел,Ереван,"90 Sevkareci Saqo St, Yerevan 0001, Armenia",+37443707006,,,,,,,,5.0,,open,,40.208818,44.498848,https://www.google.com/maps/place/IT+Hostel/data=!4m10!3m9!1s0x406abd456aa34d6b:0x5805b98eb2254cdb!5m2!4m1!1i2!8m2!3d40.208818!4d44.498848!16s%2Fg%2F11qc66cjyn!19sChIJa02jakW9akAR20wlso65BVg,"hostel in Arabkir, Yerevan"
0x406abc164ae83b2d:0xa4ba7647fd764cc2,Indo Armenian International Hostel,,хостел,Ереван,"64, 2 Byernakirnyeri Street, Yerevan 0005, Armenia",+37441334383,,,,,,,,,,open,,40.1540658,44.4930701,https://www.google.com/maps/place/Indo+Armenian+International+Hostel/data=!4m10!3m9!1s0x406abc164ae83b2d:0xa4ba7647fd764cc2!5m2!4m1!1i2!8m2!3d40.1540658!4d44.4930701!16s%2Fg%2F11h18ztvyq!19sChIJLTvoSha8akARwkx2_Ud2uqQ,"hostel in Erebuni, Yerevan"
0x406abd0d6102af19:0x5149016255fb0396,International Hostel,,хостел,Ереван,"18/2 Orbeli Brothers St, Yerevan 0028, Armenia",+37494825377,,,,,,,,5.0,,open,,40.1937425,44.489766,https://www.google.com/maps/place/International+Hostel/data=!4m10!3m9!1s0x406abd0d6102af19:0x5149016255fb0396!5m2!4m1!1i2!8m2!3d40.1937425!4d44.489766!16s%2Fg%2F11gfj6ncwc!19sChIJGa8CYQ29akARlgP7VWIBSVE,"hostel in Arabkir, Yerevan"
0x406abc6eb7b66de3:0xe604b1df8060e8f7,Jasmine Hostel,,хостел,Ереван,"52 Tigran Mets Ave, Yerevan 0005, Armenia",+37477776757,,,,,,,,4.5,,open,,40.1590335,44.5114909,https://www.google.com/maps/place/Jasmine+Hostel/data=!4m10!3m9!1s0x406abc6eb7b66de3:0xe604b1df8060e8f7!5m2!4m1!1i2!8m2!3d40.1590335!4d44.5114909!16s%2Fg%2F11h4trnfd1!19sChIJ4222t268akAR9-hggN-xBOY,"hostel in Nor Nork, Yerevan"
0x406abd691288f3f9:0x2783a4fdeb7cfea6,Joyful Hostel,,хостел,Ереван,"31 Nikol Duman Street, Yerevan 0010, Armenia",+37410277658,,,,,,,,3.0,,open,,40.2013856,44.4888344,https://www.google.com/maps/place/Joyful+Hostel/data=!4m10!3m9!1s0x406abd691288f3f9:0x2783a4fdeb7cfea6!5m2!4m1!1i2!8m2!3d40.2013856!4d44.4888344!16s%2Fg%2F11f76y_dqc!19sChIJ-fOIEmm9akARpv586_2kgyc,"hostel in Arabkir, Yerevan"
0x406abd1d2743fda5:0x546388c72a2737b5,Kataryn Hostel,,хостел,Ереван,"3 Pushkin Street, 3/1 Pushkin Steps, Yerevan 8910, Armenia",+37499212262,,,,,,,,3.8,,open,,40.1796556,44.5160163,https://www.google.com/maps/place/Kataryn+Hostel/data=!4m10!3m9!1s0x406abd1d2743fda5:0x546388c72a2737b5!5m2!4m1!1i2!8m2!3d40.1796556!4d44.5160163!16s%2Fg%2F11q2q0gjnj!19sChIJpf1DJx29akARtTcnKseIY1Q,"hostel in Kentron, Yerevan"
0x406abd0b03005501:0x1dbee43213f222a2,Kenut Hostel,,хостел,Ереван,"Aygestan 10 36, Yerevan 0025, Armenia",+37494640065,,,,,,,,4.6,,open,,40.1796037,44.5300948,https://www.google.com/maps/place/Kenut+Hostel/data=!4m10!3m9!1s0x406abd0b03005501:0x1dbee43213f222a2!5m2!4m1!1i2!8m2!3d40.1796037!4d44.5300948!16s%2Fg%2F11ks2s2n8l!19sChIJAVUAAwu9akARoiLyEzLkvh0,"hostel in Nor Nork, Yerevan"
0x406abcf84859a6dd:0x46306bfeed7cb2be,LIGHT HOUSE HOSTEL,,хостел,Ереван,"APARTMENT 17, STREET 4 Deghatan Street, Yerevan 1234, Armenia",+37455588579,,,,,,,,5.0,,open,,40.1756663,44.5105103,https://www.google.com/maps/place/LIGHT+HOUSE+HOSTEL/data=!4m10!3m9!1s0x406abcf84859a6dd:0x46306bfeed7cb2be!5m2!4m1!1i2!8m2!3d40.1756663!4d44.5105103!16s%2Fg%2F11fklfb3z4!19sChIJ3aZZSPi8akARvrJ87f5rMEY,"hostel in Nor Nork, Yerevan"
0x406abd424db6e0ef:0xd4770f48ae9799d4,Leena hostel 7/11 Aygektsi Street,,хостел,Ереван,"Leena hostel, 11 Aygektsi St, Yerevan 0054, Armenia",+37493126099,,,,,,,,4.7,,open,,40.2043689,44.4940794,https://www.google.com/maps/place/Leena+hostel+7%2F11+Aygektsi+Street/data=!4m10!3m9!1s0x406abd424db6e0ef:0xd4770f48ae9799d4!5m2!4m1!1i2!8m2!3d40.2043689!4d44.4940794!16s%2Fg%2F11gxwnl574!19sChIJ7-C2TUK9akAR1JmXrkgPd9Q,"hostel in Arabkir, Yerevan"
0x406aa3e9428e284b:0xfea62a71f9c297c3,Li-Em Fauna Hostel,,хостел,Ереван,"55, 5 Myasnikyan Ave, Yerevan, Armenia",+37499700017,,,,,,,,,,open,,40.1992815,44.5510972,https://www.google.com/maps/place/Li-Em+Fauna+Hostel/data=!4m10!3m9!1s0x406aa3e9428e284b:0xfea62a71f9c297c3!5m2!4m1!1i2!8m2!3d40.1992815!4d44.5510972!16s%2Fg%2F11j31wndjt!19sChIJSyiOQumjakARw5fC-XEqpv4,"hostel in Nor Nork, Yerevan"
0x406aa382ac1fff71:0xd3216a6f7d792f13,Liko Hostel,,хостел,Ереван,"7, 1 Nikoghayos Adonts St, Yerevan 0037, Armenia",,,,,,,,,4.7,,open,,40.2138515,44.5201947,https://www.google.com/maps/place/Liko+Hostel/data=!4m10!3m9!1s0x406aa382ac1fff71:0xd3216a6f7d792f13!5m2!4m1!1i2!8m2!3d40.2138515!4d44.5201947!16s%2Fg%2F11j19fdxdl!19sChIJcf8frIKjakAREy95fW9qIdM,"hostel in Arabkir, Yerevan"
0x406abddee42eed9b:0x313b4e820b54436c,Loft Host Yerevan (Hostel),,хостел,Ереван,"1, 1 Teryan St, Yerevan, Armenia",+37444525356,,,,,,,,4.3,,open,,40.181399,44.5122309,https://www.google.com/maps/place/Loft+Host+Yerevan+%28Hostel%29/data=!4m10!3m9!1s0x406abddee42eed9b:0x313b4e820b54436c!5m2!4m1!1i2!8m2!3d40.181399!4d44.5122309!16s%2Fg%2F11ty6xc23y!19sChIJm-0u5N69akARbENUC4JOOzE,"hostel in Kentron, Yerevan"
0x406abc5fc8055555:0xa74c9fcc747274a3,Lovey Hostel,,хостел,Ереван,"27 Yervand Kochar Street Ground floor behind Reve Supermarket, 0070, Armenia",+37443541884,,,,,,,,,,open,,40.1686391,44.5168282,https://www.google.com/maps/place/Lovey+Hostel/data=!4m10!3m9!1s0x406abc5fc8055555:0xa74c9fcc747274a3!5m2!4m1!1i2!8m2!3d40.1686391!4d44.5168282!16s%2Fg%2F11j540tsvs!19sChIJVVUFyF-8akARo3RydMyfTKc,"hostel in Erebuni, Yerevan"
0x406abd001eeed7c9:0xafd71e70dc6922fe,M&W Hostel,,хостел,Ереван,"19 Kond St, Yerevan, Armenia",+37493159825,,,,,,,,4.6,,open,,40.1837723,44.503123,https://www.google.com/maps/place/M%26W+Hostel/data=!4m10!3m9!1s0x406abd001eeed7c9:0xafd71e70dc6922fe!5m2!4m1!1i2!8m2!3d40.1837723!4d44.503123!16s%2Fg%2F11z2x70y9q!19sChIJydfuHgC9akAR_iJp3HAe168,"hostel in Arabkir, Yerevan"
0x406aa3186ece5adf:0x5fee43e83a0b41fc,MASIV Hostel 4-th & 5-th floors,,хостел,Ереван,"27 Moldovakan St, Yerevan, Armenia",+37410629976,,,,,,,,3.9,,open,,40.2075629,44.5702594,https://www.google.com/maps/place/MASIV+Hostel+4-th+%26+5-th+floors/data=!4m10!3m9!1s0x406aa3186ece5adf:0x5fee43e83a0b41fc!5m2!4m1!1i2!8m2!3d40.2075629!4d44.5702594!16s%2Fg%2F1q6cn9zbb!19sChIJ31rObhijakAR_EELOuhD7l8,"hostel in Nor Nork, Yerevan"
0x406abcf816bf1561:0xcd2b0df6d8010a34,MGA Hostel & Tours,,хостел,Ереван,"10 Movses Khorenatsi Street, Yerevan 0015, Armenia",,,,,,,,,4.2,,open,,40.1776962,44.5069626,https://www.google.com/maps/place/MGA+Hostel+%26+Tours/data=!4m10!3m9!1s0x406abcf816bf1561:0xcd2b0df6d8010a34!5m2!4m1!1i2!8m2!3d40.1776962!4d44.5069626!16s%2Fg%2F11cm_hvwt8!19sChIJYRW_Fvi8akARNAoB2PYNK80,"hostel in Arabkir, Yerevan"
0x406abc5f8f8a5555:0x9a956e1c2f119b1f,MIRAGE GUEST HOUSE AND HOSTELS,,хостел,Ереван,"19 Yervand Kochar St, Yerevan 0058, Armenia",+37455431914,,,,,,,,4.0,,open,,40.1697166,44.5175227,https://www.google.com/maps/place/MIRAGE+GUEST+HOUSE+AND+HOSTELS/data=!4m10!3m9!1s0x406abc5f8f8a5555:0x9a956e1c2f119b1f!5m2!4m1!1i2!8m2!3d40.1697166!4d44.5175227!16s%2Fg%2F11h4trx8ll!19sChIJVVWKj1-8akARH5sRLxxulZo,"hostel in Arabkir, Yerevan"
0x406abde39024fb65:0xf4f3ba7fa8ce37d1,MK Hostel and tours LLC,,хостел,Ереван,"122/4 Vardanants St, Yerevan, Armenia",+37495011722,,,,,,,,,,open,,40.1717656,44.5204647,https://www.google.com/maps/place/MK+Hostel+and+tours+LLC/data=!4m10!3m9!1s0x406abde39024fb65:0xf4f3ba7fa8ce37d1!5m2!4m1!1i2!8m2!3d40.1717656!4d44.5204647!16s%2Fg%2F11zcxhb8ty!19sChIJZfskkOO9akAR0TfOqH-68_Q,"hostel in Nor Nork, Yerevan"
0x406abce274c92e5f:0x6b82a66b3361cca9,Magnolia Boutique Hostel,,хостел,Ереван,"65, 37 Mesrop Mashtots Ave, Yerevan 0002, Armenia",+37410532148,,,,,,,,4.2,,open,,40.1861513,44.5135901,https://www.google.com/maps/place/Magnolia+Boutique+Hostel/data=!4m10!3m9!1s0x406abce274c92e5f:0x6b82a66b3361cca9!5m2!4m1!1i2!8m2!3d40.1861513!4d44.5135901!16s%2Fg%2F11gfj6ns40!19sChIJXy7JdOK8akARqcxhM2umgms,"hostel in Arabkir, Yerevan"
0x406abd1e779aaaab:0xa15764d009ae087b,Mango Hostel / Mango Hospitality LLC,,хостел,Ереван,"33a Moskovyan Street, Yerevan 0002, Armenia",+37495231111,,,,,,,,5.0,,open,,40.187894,44.5125058,https://www.google.com/maps/place/Mango+Hostel+%2F+Mango+Hospitality+LLC/data=!4m10!3m9!1s0x406abd1e779aaaab:0xa15764d009ae087b!5m2!4m1!1i2!8m2!3d40.187894!4d44.5125058!16s%2Fg%2F11fktzjsn2!19sChIJq6qadx69akARewiuCdBkV6E,"hostel in Arabkir, Yerevan"
0x406abdfeada89f8d:0xede63f943356158b,MidCity Hostel Yerevan,,хостел,Ереван,"8, 11 Teryan St, Yerevan 0010, Armenia",+37493293393,,,,,,,,4.1,,open,,40.1812865,44.512806,https://www.google.com/maps/place/MidCity+Hostel+Yerevan/data=!4m10!3m9!1s0x406abdfeada89f8d:0xede63f943356158b!5m2!4m1!1i2!8m2!3d40.1812865!4d44.512806!16s%2Fg%2F11rpwtlsly!19sChIJjZ-orf69akARixVWM5Q_5u0,"hostel in Arabkir, Yerevan"
0x406abd3406560ec7:0x5c1fdebd3decf08,Mini Hostel Tigranyan 5,,хостел,Ереван,"1 этаж, 5, 38 Nikoghayos Tigranyan St, Yerevan 0051, Armenia",+37499930050,,,,,,,,4.8,,open,,40.2053701,44.5199953,https://www.google.com/maps/place/Mini+Hostel+Tigranyan+5/data=!4m10!3m9!1s0x406abd3406560ec7:0x5c1fdebd3decf08!5m2!4m1!1i2!8m2!3d40.2053701!4d44.5199953!16s%2Fg%2F11c5bt8fgl!19sChIJxw5WBjS9akARCM_e0-v9wQU,"hostel in Arabkir, Yerevan"
0x406abd35b1040001:0x9ca67867d18025b8,NAPOLY,,хостел,Ереван,"51 Komitas Ave, Yerevan 0014, Armenia",+37455901890,,,,,,,,5.0,,open,,40.2068357,44.518203,https://www.google.com/maps/place/NAPOLY/data=!4m10!3m9!1s0x406abd35b1040001:0x9ca67867d18025b8!5m2!4m1!1i2!8m2!3d40.2068357!4d44.518203!16s%2Fg%2F11fktzj783!19sChIJAQAEsTW9akARuCWA0Wd4ppw,"hostel in Nor Nork, Yerevan"
0x406abd14403861a7:0xde660a211e8b5e89,NOOR HOSTEL,,хостел,Ереван,"Near Nor Zovq Super market, 16 Gyulbenkyan St, Yerevan 0010, Armenia",+37444095096,,,,,,,,5.0,,open,,40.1959697,44.4988092,https://www.google.com/maps/place/NOOR+HOSTEL/data=!4m10!3m9!1s0x406abd14403861a7:0xde660a211e8b5e89!5m2!4m1!1i2!8m2!3d40.1959697!4d44.4988092!16s%2Fg%2F11fmljfw5q!19sChIJp2E4QBS9akARiV6LHiEKZt4,"hostel in Arabkir, Yerevan"
0x406abd7b9f92e3ad:0x784978d8b730867e,New day hostel Yerevan,,хостел,Ереван,"Nar-Dos Street, 69 1st Ln, Yerevan 0010, Armenia",+37495701647,,,,,,,,1.0,,open,,40.1625886,44.5143272,https://www.google.com/maps/place/New+day+hostel+Yerevan/data=!4m10!3m9!1s0x406abd7b9f92e3ad:0x784978d8b730867e!5m2!4m1!1i2!8m2!3d40.1625886!4d44.5143272!16s%2Fg%2F11z3_0xm2y!19sChIJreOSn3u9akARfoYwt9h4SXg,"hostel in Kentron, Yerevan"
0x406abce929fa653d:0x67648e550494f4c9,Noy Hostel Yerevan,,хостел,Ереван,"house 41, 9th street, Yerevan 0025, Armenia",+37491287277,,,,,,,,4.4,,open,,40.1829922,44.5282596,https://www.google.com/maps/place/Noy+Hostel+Yerevan/data=!4m10!3m9!1s0x406abce929fa653d:0x67648e550494f4c9!5m2!4m1!1i2!8m2!3d40.1829922!4d44.5282596!16s%2Fg%2F11f3xwv2qn!19sChIJPWX6Kem8akARyfSUBFWOZGc,"hostel in Arabkir, Yerevan"
0x406abdcfe5b072bd:0xf127cca2db28e993,NreNi family hostel,,хостел,Ереван,"54 Pushkin St, Yerevan, Armenia",+37495283030,,,,,,,,,,open,,40.184598,44.5103031,https://www.google.com/maps/place/NreNi+family+hostel/data=!4m10!3m9!1s0x406abdcfe5b072bd:0xf127cca2db28e993!5m2!4m1!1i2!8m2!3d40.184598!4d44.5103031!16s%2Fg%2F11h8f_v8lw!19sChIJvXKw5c-9akARk-ko26LMJ_E,"hostel in Arabkir, Yerevan"
0x406abd9c1cbca205:0x252efa85040b5603,Nreni Tour & Hostel,,хостел,Ереван,"33a Moskovyan Street, Yerevan 0002, Armenia",+37441333633,,,,,,,,,,open,,40.1878622,44.5124944,https://www.google.com/maps/place/Nreni+Tour+%26+Hostel/data=!4m10!3m9!1s0x406abd9c1cbca205:0x252efa85040b5603!5m2!4m1!1i2!8m2!3d40.1878622!4d44.5124944!16s%2Fg%2F11h_ycszr7!19sChIJBaK8HJy9akARA1YLBIX6LiU,"hostel in Arabkir, Yerevan"
0x406abdc4908adacb:0xf2cad3503bbd0a61,Old Butania,,хостел,Ереван,"39, 1 Belinskiy St, Yerevan 0008, Armenia",,,,,,,,,5.0,,open,,40.1542609,44.5189652,https://www.google.com/maps/place/Old+Butania/data=!4m10!3m9!1s0x406abdc4908adacb:0xf2cad3503bbd0a61!5m2!4m1!1i2!8m2!3d40.1542609!4d44.5189652!16s%2Fg%2F11v6xyhx3y!19sChIJy9qKkMS9akARYQq9O1DTyvI,"hostel in Nor Nork, Yerevan"
0x406abd0030c3386b:0x29636ce5451d214e,Old Erevan center Hostel,,хостел,Ереван,"19 Kond St, Yerevan, Armenia",,,,,,,,,2.2,,open,,40.1838079,44.5030809,https://www.google.com/maps/place/Old+Erevan+center+Hostel/data=!4m10!3m9!1s0x406abd0030c3386b:0x29636ce5451d214e!5m2!4m1!1i2!8m2!3d40.1838079!4d44.5030809!16s%2Fg%2F11y3dn44d3!19sChIJazjDMAC9akARTiEdReVsYyk,"hostel in Arabkir, Yerevan"
0x406abcfb21e0b567:0xc948427a752bb5ca,Old Yerevan Hostel,,хостел,Ереван,"3 Pushkin St, Yerevan, Armenia",+37494884175,,,,,,,,2.0,,open,,40.1800426,44.5158026,https://www.google.com/maps/place/Old+Yerevan+Hostel/data=!4m10!3m9!1s0x406abcfb21e0b567:0xc948427a752bb5ca!5m2!4m1!1i2!8m2!3d40.1800426!4d44.5158026!16s%2Fg%2F11cny0kmrg!19sChIJZ7XgIfu8akARyrUrdXpCSMk,"hostel in Arabkir, Yerevan"
0x406abd153e5172cb:0xb082951e935c0a91,PAI Armenia Tours and Accommodation,,хостел,Ереван,"44 Gabriel Sundukyan St, Yerevan 0044, Armenia",+37455777022,,,,,,,,5.0,,open,,40.198452,44.49856,https://www.google.com/maps/place/PAI+Armenia+Tours+and+Accommodation/data=!4m10!3m9!1s0x406abd153e5172cb:0xb082951e935c0a91!5m2!4m1!1i2!8m2!3d40.198452!4d44.49856!16s%2Fg%2F11gfn98phh!19sChIJy3JRPhW9akARkQpckx6VgrA,"hostel in Arabkir, Yerevan"
0x406abdb2ce30c2db:0xe3940892ab9e644f,PARADISE HOSTEL,,хостел,Ереван,"6 Kajaznuni St, Yerevan 0070, Armenia",+37455161298,,,,,,,,2.3,,open,,40.1696424,44.5186353,https://www.google.com/maps/place/PARADISE+HOSTEL/data=!4m10!3m9!1s0x406abdb2ce30c2db:0xe3940892ab9e644f!5m2!4m1!1i2!8m2!3d40.1696424!4d44.5186353!16s%2Fg%2F11t_tsbm_v!19sChIJ28IwzrK9akART2Seq5IIlOM,"hostel in Nor Nork, Yerevan"
0x406abd8ea60c05cf:0x990e592eef42de46,Pariss Library Hostel,,хостел,Ереван,"кв.17, ул. Закзна дом 8, Yerevan 0015, Armenia",+37495566386,,,,,,,,4.0,,open,,40.1770691,44.5063621,https://www.google.com/maps/place/Pariss+Library+Hostel/data=!4m10!3m9!1s0x406abd8ea60c05cf:0x990e592eef42de46!5m2!4m1!1i2!8m2!3d40.1770691!4d44.5063621!16s%2Fg%2F11x6637cs6!19sChIJzwUMpo69akARRt5C7y5ZDpk,"hostel in Kentron, Yerevan"
0x406abc5fa0beaaab:0xb4afc712f1c2b48f,Persian hostel,,хостел,Ереван,"27 Yervand Kochar Street Ground floor , behind Reve super market, 0070, 0070, Armenia",+37444229088,,,,,,,,1.0,,open,,40.1694779,44.5159633,https://www.google.com/maps/place/Persian+hostel/data=!4m10!3m9!1s0x406abc5fa0beaaab:0xb4afc712f1c2b48f!5m2!4m1!1i2!8m2!3d40.1694779!4d44.5159633!16s%2Fg%2F11s_vqz3z9!19sChIJq6q-oF-8akARj7TC8RLHr7Q,"hostel in Erebuni, Yerevan"
0x406abdaf1b0f9509:0xd3267040190cfa79,Pinoy Hostel & Tours,,хостел,Ереван,"No. 3, 6 Avag Petrosyan Street, Yerevan 0019, Armenia",+37443668482,,,,,,,,4.4,,open,,40.1806555,44.5217444,https://www.google.com/maps/place/Pinoy+Hostel+%26+Tours/data=!4m10!3m9!1s0x406abdaf1b0f9509:0xd3267040190cfa79!5m2!4m1!1i2!8m2!3d40.1806555!4d44.5217444!16s%2Fg%2F11f4_r08zl!19sChIJCZUPG6-9akARefoMGUBwJtM,"hostel in Nor Nork, Yerevan"
0x406abc67ca743847:0xae831d8253dba064,RACHHPAL HOSTEL,,хостел,Ереван,"51 Tigran Mets Avenue Armek building ground floor, 0016, Armenia",+37491111357,,,,,,,,1.0,,open,,40.1633024,44.5133852,https://www.google.com/maps/place/RACHHPAL+HOSTEL/data=!4m10!3m9!1s0x406abc67ca743847:0xae831d8253dba064!5m2!4m1!1i2!8m2!3d40.1633024!4d44.5133852!16s%2Fg%2F11h6f8nsch!19sChIJRzh0yme8akARZKDbU4Idg64,"hostel in Erebuni, Yerevan"
0x406abcf19ff3607f:0x61cd2f9f5554c0b6,Rafael Hostel,,хостел,Ереван,"3 Teryan St, Yerevan 0001, Armenia",+37498291229,,,,,,,,4.0,,open,,40.1817538,44.5128583,https://www.google.com/maps/place/Rafael+Hostel/data=!4m10!3m9!1s0x406abcf19ff3607f:0x61cd2f9f5554c0b6!5m2!4m1!1i2!8m2!3d40.1817538!4d44.5128583!16s%2Fg%2F1tj99h51!19sChIJf2Dzn_G8akARtsBUVZ8vzWE,"hostel in Arabkir, Yerevan"
0x406abcfb1f74bc39:0x7550935722911599,Republic Square Hostel,,хостел,Ереван,"3 Pushkin St, Yerevan 8910, Armenia",+37410544477,,,,,,,,4.0,,open,,40.1797995,44.5160284,https://www.google.com/maps/place/Republic+Square+Hostel/data=!4m10!3m9!1s0x406abcfb1f74bc39:0x7550935722911599!5m2!4m1!1i2!8m2!3d40.1797995!4d44.5160284!16s%2Fg%2F11c1xzvwr2!19sChIJObx0H_u8akARmRWRIleTUHU,"hostel in Nor Nork, Yerevan"
0x406abdf619e9d791:0x2dddb5d9b0ad2776,Resta hostel,,хостел,Ереван,"street, Yerevan 0018, Armenia",+37493551884,,,,,,,,5.0,,open,,40.1649414,44.5152636,https://www.google.com/maps/place/Resta+hostel/data=!4m10!3m9!1s0x406abdf619e9d791:0x2dddb5d9b0ad2776!5m2!4m1!1i2!8m2!3d40.1649414!4d44.5152636!16s%2Fg%2F11x_50zcpm!19sChIJkdfpGfa9akARdietsNm13S0,"hostel in Nor Nork, Yerevan"
0x406abd1c331f579f:0x354eb47987bc0bed,Retro Hostel & Tours,,хостел,Ереван,"10, Building, 8 Zakyan St, Yerevan 0015, Armenia",+37491767634,,,,,,,,4.6,,open,,40.1771071,44.5064046,https://www.google.com/maps/place/Retro+Hostel+%26+Tours/data=!4m10!3m9!1s0x406abd1c331f579f:0x354eb47987bc0bed!5m2!4m1!1i2!8m2!3d40.1771071!4d44.5064046!16s%2Fg%2F11h1pbh5cc!19sChIJn1cfMxy9akAR7Qu8h3m0TjU,"hostel in Nor Nork, Yerevan"
0x406abd4282e8110b:0x68db71fc7d842b90,Rose Hostel,,хостел,Ереван,"18A Heratsi St, Yerevan 0010, Armenia",+37455158120,,,,,,,,,,open,,40.1908091,44.5297566,https://www.google.com/maps/place/Rose+Hostel/data=!4m10!3m9!1s0x406abd4282e8110b:0x68db71fc7d842b90!5m2!4m1!1i2!8m2!3d40.1908091!4d44.5297566!16s%2Fg%2F11y44k71zm!19sChIJCxHogkK9akARkCuEffxx22g,"hostel in Arabkir, Yerevan"
0x406aa3003683e541:0x8e05ecd4f0b14c5d,Ruma hostel yerevan,,хостел,Ереван,"6H97+59W, 9 Atcharian 1st d/st, Yerevan 0040, Armenia",,,,,,,,,,,open,,40.2180075,44.5632643,https://www.google.com/maps/place/Ruma+hostel+yerevan/data=!4m10!3m9!1s0x406aa3003683e541:0x8e05ecd4f0b14c5d!5m2!4m1!1i2!8m2!3d40.2180075!4d44.5632643!16s%2Fg%2F11nq65k5bx!19sChIJQeWDNgCjakARXUyx8NTsBY4,"hostel in Nor Nork, Yerevan"
0x406abd34b4db6c75:0x5bc582e925ebb30e,Savannah Pinoy Hostel,,хостел,Ереван,"Nar-Dos Street, 43/2 1st St, Yerevan 0018, Armenia",+37444232381,,,,,,,,4.4,,open,,40.1631403,44.5142409,https://www.google.com/maps/place/Savannah+Pinoy+Hostel/data=!4m10!3m9!1s0x406abd34b4db6c75:0x5bc582e925ebb30e!5m2!4m1!1i2!8m2!3d40.1631403!4d44.5142409!16s%2Fg%2F11w9hg13c3!19sChIJdWzbtDS9akARDrPrJemCxVs,"hostel in Nor Nork, Yerevan"
0x406abc5f1e26b461:0x662f7f2853bb3fe8,Shat LAV Hostel,,хостел,Ереван,"29 Tigran Mets Ave, Yerevan 0070, Armenia",+37498980001,,,,,,,,3.7,,open,,40.1697668,44.5138878,https://www.google.com/maps/place/Shat+LAV+Hostel/data=!4m10!3m9!1s0x406abc5f1e26b461:0x662f7f2853bb3fe8!5m2!4m1!1i2!8m2!3d40.1697668!4d44.5138878!16s%2Fg%2F11f4wt60d3!19sChIJYbQmHl-8akAR6D-7Uyh_L2Y,"hostel in Nor Nork, Yerevan"
0x406abd1f3872dc17:0x2d01ffe6091dd8f6,Silver,,хостел,Ереван,"68 Sarmeni str., Yerevan 0009, Armenia",+37494007548,,,,,,,,5.0,,open,,40.1910872,44.513979,https://www.google.com/maps/place/Silver/data=!4m10!3m9!1s0x406abd1f3872dc17:0x2d01ffe6091dd8f6!5m2!4m1!1i2!8m2!3d40.1910872!4d44.513979!16s%2Fg%2F11s1wdx6ln!19sChIJF9xyOB-9akAR9tgdCeb_AS0,"hostel in Arabkir, Yerevan"
0x406abd1d45a55555:0xe9cda8da2a715120,Singh International Hostel,,хостел,Ереван,"Pushkin 58, 52 Street, Yerevan 0002, Armenia",+37441950588,,,,,,,,4.0,,open,,40.1851937,44.5093895,https://www.google.com/maps/place/Singh+International+Hostel/data=!4m10!3m9!1s0x406abd1d45a55555:0xe9cda8da2a715120!5m2!4m1!1i2!8m2!3d40.1851937!4d44.5093895!16s%2Fg%2F11fd_stzt3!19sChIJVVWlRR29akARIFFxKtqozek,"hostel in Arabkir, Yerevan"
0x406abcfc1f3aaaab:0xbf28a4da055e5d95,Small Center Hostel & Tours,,хостел,Ереван,"5GJ5+2F2, 23/1, 11 King Pap St, Yerevan 0002, Armenia",+37444549434,,,,,,,,4.7,,open,,40.1799643,44.5086325,https://www.google.com/maps/place/Small+Center+Hostel+%26+Tours/data=!4m10!3m9!1s0x406abcfc1f3aaaab:0xbf28a4da055e5d95!5m2!4m1!1i2!8m2!3d40.1799643!4d44.5086325!16s%2Fg%2F11hzhyps0c!19sChIJq6o6H_y8akARlV1eBdqkKL8,"hostel in Nor Nork, Yerevan"
0x406aa34a462890e3:0xadb2a82626494392,Star Hostel,,хостел,Ереван,"57 Gai Ave, Yerevan 0056, Armenia",+37498303751,,,,,,,,5.0,,open,,40.1907198,44.5672565,https://www.google.com/maps/place/Star+Hostel/data=!4m10!3m9!1s0x406aa34a462890e3:0xadb2a82626494392!5m2!4m1!1i2!8m2!3d40.1907198!4d44.5672565!16s%2Fg%2F11sdd5v3sb!19sChIJ45AoRkqjakARkkNJJiaosq0,"hostel in Nor Nork, Yerevan"
0x406abd1d67055555:0x880c845a4d32ff29,Star Hostel And Tours,,хостел,Ереван,"Saint Zoravor Church, 9 Ghazar Parpetsi Street Beside, Yerevan 0002, Armenia",+37444416108,,,,,,,,1.7,,open,,40.1853204,44.5104481,https://www.google.com/maps/place/Star+Hostel+And+Tours/data=!4m10!3m9!1s0x406abd1d67055555:0x880c845a4d32ff29!5m2!4m1!1i2!8m2!3d40.1853204!4d44.5104481!16s%2Fg%2F11h11kws30!19sChIJVVUFZx29akARKf8yTVqEDIg,"hostel in Arabkir, Yerevan"
0x406abc726ae821b9:0x4d177beaadc96583,Station Hostel / Apartments,,хостел,Ереван,"1/1, AM, 0005, Sasuntsi Davit St, Yerevan, Armenia",+37410570045,,,,,,,,3.9,,open,,40.1541327,44.5081893,https://www.google.com/maps/place/Station+Hostel+%2F+Apartments/data=!4m10!3m9!1s0x406abc726ae821b9:0x4d177beaadc96583!5m2!4m1!1i2!8m2!3d40.1541327!4d44.5081893!16s%2Fg%2F11fxzvs9xm!19sChIJuSHoanK8akARg2XJrep7F00,"hostel in Erebuni, Yerevan"
0x406abd1d67089929:0x43a461e8b6dcb957,Sun Ray Hostel,,хостел,Ереван,"9 Ghazar Parpetsi St, Yerevan 0002, Armenia",+37410539239,,,,,,,,4.0,,open,,40.1853324,44.5104204,https://www.google.com/maps/place/Sun+Ray+Hostel/data=!4m10!3m9!1s0x406abd1d67089929:0x43a461e8b6dcb957!5m2!4m1!1i2!8m2!3d40.1853324!4d44.5104204!16s%2Fg%2F11c5bt7m6b!19sChIJKZkIZx29akARV7nctuhhpEM,"hostel in Arabkir, Yerevan"
0x406abd004935affb:0xe05603c438b50952,Tehran mets hostel,,хостел,Ереван,"3rd Lane, 22, Tigran Mets Ave, Yerevan, Armenia",,,,,,,,,4.8,,open,,40.1688236,44.5122859,https://www.google.com/maps/place/Tehran+mets+hostel/data=!4m10!3m9!1s0x406abd004935affb:0xe05603c438b50952!5m2!4m1!1i2!8m2!3d40.1688236!4d44.5122859!16s%2Fg%2F11ykn8mg5p!19sChIJ-681SQC9akARUgm1OMQDVuA,"hostel in Nor Nork, Yerevan"
0x406abcf7dfcdc099:0xc9060c00b0129106,The Place by J (City Hostel and Tours),,хостел,Ереван,"27 Movses Khorenatsi Street, Yerevan, Armenia",+37477774893,,,,,,,,4.0,,open,,40.1737207,44.5113398,https://www.google.com/maps/place/The+Place+by+J+%28City+Hostel+and+Tours%29/data=!4m10!3m9!1s0x406abcf7dfcdc099:0xc9060c00b0129106!5m2!4m1!1i2!8m2!3d40.1737207!4d44.5113398!16s%2Fg%2F11fztnqs8t!19sChIJmcDN3_e8akARBpESsAAMBsk,"hostel in Nor Nork, Yerevan"
0x406abddb1bcf2acf:0xf1ed04e76841e649,The Transit Hostel,,хостел,Ереван,"21 Nikol Duman St, Yerevan, Armenia",+37491225028,,,,,,,,,,open,,40.1982328,44.488552,https://www.google.com/maps/place/The+Transit+Hostel/data=!4m10!3m9!1s0x406abddb1bcf2acf:0xf1ed04e76841e649!5m2!4m1!1i2!8m2!3d40.1982328!4d44.488552!16s%2Fg%2F11g4fhyj9l!19sChIJzyrPG9u9akARSeZBaOcE7fE,"hostel in Arabkir, Yerevan"
0x406abc5f3a1ca515:0xc1f521edec07573f,Theatre Hostel,,хостел,Ереван,"27, 2nd Entrance, Tigran Mets Ave, Yerevan 0018, Armenia",+37410545676,,,,,,,,3.8,,open,,40.1704088,44.5137593,https://www.google.com/maps/place/Theatre+Hostel/data=!4m10!3m9!1s0x406abc5f3a1ca515:0xc1f521edec07573f!5m2!4m1!1i2!8m2!3d40.1704088!4d44.5137593!16s%2Fg%2F1tfpyb98!19sChIJFaUcOl-8akARP1cH7O0h9cE,"hostel in Nor Nork, Yerevan"
0x406aa3187a1f1303:0xbf3e8d3d9a2fa102,Tork Residence,,хостел,Ереван,"55, 1 Moldovakan St, Yerevan 0062, Armenia",+37496939350,,,,,,,,,,open,,40.2064728,44.57019,https://www.google.com/maps/place/Tork+Residence/data=!4m10!3m9!1s0x406aa3187a1f1303:0xbf3e8d3d9a2fa102!5m2!4m1!1i2!8m2!3d40.2064728!4d44.57019!16s%2Fg%2F11fmlj7nf9!19sChIJAxMfehijakARAqEvmj2NPr8,"hostel in Nor Nork, Yerevan"
0x406abda13ea214b7:0xad39e1afe56a69fe,UBER STAY HOSTEL LLC.,,хостел,Ереван,"54, 27 Yervand Kochar St, Yerevan 0070, Armenia",+37498316129,,,,,,,,4.0,,open,,40.1686391,44.5168282,https://www.google.com/maps/place/UBER+STAY+HOSTEL+LLC./data=!4m10!3m9!1s0x406abda13ea214b7:0xad39e1afe56a69fe!5m2!4m1!1i2!8m2!3d40.1686391!4d44.5168282!16s%2Fg%2F11hy9d98z5!19sChIJtxSiPqG9akAR_mlq5a_hOa0,"hostel in Erebuni, Yerevan"
0x406aa2d06dee7829:0x9b00ccd81433feb9,VJ hostel,,хостел,Ереван,"1st floor, 74 Karapet Ulnetsi St, Yerevan 0069, Armenia",+37477255377,,,,,,,,4.0,,open,,40.2091813,44.5414003,https://www.google.com/maps/place/VJ+hostel/data=!4m10!3m9!1s0x406aa2d06dee7829:0x9b00ccd81433feb9!5m2!4m1!1i2!8m2!3d40.2091813!4d44.5414003!16s%2Fg%2F11fklf4wq_!19sChIJKXjubdCiakARuf4zFNjMAJs,"hostel in Arabkir, Yerevan"
0x406abd004849fcf5:0x85ae04dd7d250d68,Velvet Vogue Hostel,,хостел,Ереван,"5GHH+VX9, 10th St, Yerevan, Armenia",+37496524560,,,,,,,,3.9,,open,,40.1796728,44.5299748,https://www.google.com/maps/place/Velvet+Vogue+Hostel/data=!4m10!3m9!1s0x406abd004849fcf5:0x85ae04dd7d250d68!5m2!4m1!1i2!8m2!3d40.1796728!4d44.5299748!16s%2Fg%2F11xl9xf3qj!19sChIJ9fxJSAC9akARaA0lfd0EroU,"hostel in Arabkir, Yerevan"
0x406abd00106c0eb5:0xc0fa450c7410c1d9,West Hostel,,хостел,Ереван,"Building, 24 King Pap St, Yerevan 0002, Armenia",+37495101995,,,,,,,,3.0,,open,,40.1823319,44.5064561,https://www.google.com/maps/place/West+Hostel/data=!4m10!3m9!1s0x406abd00106c0eb5:0xc0fa450c7410c1d9!5m2!4m1!1i2!8m2!3d40.1823319!4d44.5064561!16s%2Fg%2F11vzbj4z39!19sChIJtQ5sEAC9akAR2cEQdAxF-sA,"hostel in Arabkir, Yerevan"
0x406abd1b50a80189:0x9166a65167e0a550,Wooden_Room_Hostel,,хостел,Ереван,"69 Nar-Dos St, Yerevan, Armenia",,,,,,,,,3.9,,open,,40.1665888,44.5190007,https://www.google.com/maps/place/Wooden_Room_Hostel/data=!4m10!3m9!1s0x406abd1b50a80189:0x9166a65167e0a550!5m2!4m1!1i2!8m2!3d40.1665888!4d44.5190007!16s%2Fg%2F11v3pgb0bc!19sChIJiQGoUBu9akARUKXgZ1GmZpE,"hostel in Nor Nork, Yerevan"
0x406abc6919504d0b:0xd8257b3d04f0ec54,Woodstock Hostel,,хостел,Ереван,"1 Glinka St, Yerevan 0062, Armenia",+37491198041,,,,,,,,,,open,,40.1603286,44.5089591,https://www.google.com/maps/place/Woodstock+Hostel/data=!4m10!3m9!1s0x406abc6919504d0b:0xd8257b3d04f0ec54!5m2!4m1!1i2!8m2!3d40.1603286!4d44.5089591!16s%2Fg%2F11h0spvmvj!19sChIJC01QGWm8akARVOzwBD17Jdg,"hostel in Erebuni, Yerevan"
0x406abcfade2c0001:0xa69220b546653c97,Yerevan Downtown backpackers hostels,,хостел,Ереван,"1 Pushkin St, Yerevan 0010, Armenia",+37496961170,,,,,,,,,,open,,40.179847,44.5162567,https://www.google.com/maps/place/Yerevan+Downtown+backpackers+hostels/data=!4m10!3m9!1s0x406abcfade2c0001:0xa69220b546653c97!5m2!4m1!1i2!8m2!3d40.179847!4d44.5162567!16s%2Fg%2F11j330qj8j!19sChIJAQAs3vq8akARlzxlRrUgkqY,"hostel in Arabkir, Yerevan"
0x406abce2b1f59725:0x96b6e60b4d2aebee,Yerevan Home Hostel,,хостел,Ереван,"28/18 Pushkin St, Yerevan 0010, Armenia",+37491580910,,,,,,,,,,open,,40.1842626,44.5106093,https://www.google.com/maps/place/Yerevan+Home+Hostel/data=!4m10!3m9!1s0x406abce2b1f59725:0x96b6e60b4d2aebee!5m2!4m1!1i2!8m2!3d40.1842626!4d44.5106093!16s%2Fg%2F11f4wt_qly!19sChIJJZf1seK8akAR7usqTQvmtpY,"hostel in Arabkir, Yerevan"
0x406abce750eebc25:0x5efe245f2dae8753,Your Hostel,,хостел,Ереван,"57, 5 Koryun St, Yerevan 0025, Armenia",+37496300604,,,,,,,,4.3,,open,,40.1869022,44.52496,https://www.google.com/maps/place/Your+Hostel/data=!4m10!3m9!1s0x406abce750eebc25:0x5efe245f2dae8753!5m2!4m1!1i2!8m2!3d40.1869022!4d44.52496!16s%2Fg%2F11bzvzk6y5!19sChIJJbzuUOe8akARU4euLV8k_l4,"hostel in Arabkir, Yerevan"
0x406abd140fe55cf3:0x44f8923716a51067,Zebra Hostel &Tours,,хостел,Ереван,"19/2 Gyulbenkyan St, Yerevan, Armenia",,,,,,,,,4.5,,open,,40.1959702,44.4988089,https://www.google.com/maps/place/Zebra+Hostel+%26Tours/data=!4m10!3m9!1s0x406abd140fe55cf3:0x44f8923716a51067!5m2!4m1!1i2!8m2!3d40.1959702!4d44.4988089!16s%2Fg%2F11c1qb7zry!19sChIJ81zlDxS9akARZxClFjeS-EQ,"hostel in Arabkir, Yerevan"
0x406abd001382e7ff:0x2f5f72bd72d731de,clara studio,,хостел,Ереван,"5GJJ+CPJ, Yerevan, Armenia",,,,,,,,,,,open,,40.1810936,44.5317608,https://www.google.com/maps/place/clara+studio/data=!4m10!3m9!1s0x406abd001382e7ff:0x2f5f72bd72d731de!5m2!4m1!1i2!8m2!3d40.1810936!4d44.5317608!16s%2Fg%2F11yhkkf2nl!19sChIJ_-eCEwC9akAR3jHXcr1yXy8,"hostel in Nor Nork, Yerevan"
0x406abd86c0432bbb:0x3ea1aac1db289235,haven hostel,,хостел,Ереван,"5FGV+PGW, Lusinyants St, Yerevan, Armenia",+37444292977,,,,,,,,,,open,,40.1768508,44.4938158,https://www.google.com/maps/place/haven+hostel/data=!4m10!3m9!1s0x406abd86c0432bbb:0x3ea1aac1db289235!5m2!4m1!1i2!8m2!3d40.1768508!4d44.4938158!16s%2Fg%2F11f773t7z6!19sChIJuytDwIa9akARNZIo28GqoT4,"hostel in Malatia-Sebastia, Yerevan"
0x406abd7831d658d9:0x695618135f92ce56,hostel,,хостел,Ереван,"Paronyan.st7, Yerevan 0015, Armenia",,,,,,,,,3.0,,open,,40.1785284,44.502293,https://www.google.com/maps/place/hostel/data=!4m10!3m9!1s0x406abd7831d658d9:0x695618135f92ce56!5m2!4m1!1i2!8m2!3d40.1785284!4d44.502293!16s%2Fg%2F11n3by67p9!19sChIJ2VjWMXi9akARVs6SXxMYVmk,"hostel in Nor Nork, Yerevan"
0x406abcfeece55555:0x71895a4a10e5f70b,maria HOSTEL,,хостел,Ереван,"16 Mesrop Mashtots Ave, Yerevan 0015, Armenia",+37493546574,,,,,,,,5.0,,open,,40.1793886,44.5063563,https://www.google.com/maps/place/maria+HOSTEL/data=!4m10!3m9!1s0x406abcfeece55555:0x71895a4a10e5f70b!5m2!4m1!1i2!8m2!3d40.1793886!4d44.5063563!16s%2Fg%2F11h11ky_jz!19sChIJVVXl7P68akARC_flEEpaiXE,"hostel in Nor Nork, Yerevan"
0x406abc580bce6b05:0xd4ae748934098b98,stay4u,,хостел,Ереван,"movses khorenatsi 25 flat 24, 8th floor, Yerevan 0010, Armenia",+37443553223,,,,,,,,5.0,,open,,40.1741993,44.5111233,https://www.google.com/maps/place/stay4u/data=!4m10!3m9!1s0x406abc580bce6b05:0xd4ae748934098b98!5m2!4m1!1i2!8m2!3d40.1741993!4d44.5111233!16s%2Fg%2F11fhvmq218!19sChIJBWvOC1i8akARmIsJNIl0rtQ,"hostel in Erebuni, Yerevan"
0x406abdfdb97eac33:0xa01eb89d3552649a,sun city hostel,,хостел,Ереван,"10 Tigran Mets Ave, Yerevan 0010, Armenia",+37455922035,,,,,,,,2.4,,open,,40.1744568,44.5136135,https://www.google.com/maps/place/sun+city+hostel/data=!4m10!3m9!1s0x406abdfdb97eac33:0xa01eb89d3552649a!5m2!4m1!1i2!8m2!3d40.1744568!4d44.5136135!16s%2Fg%2F11twsss1qc!19sChIJM6x-uf29akARmmRSNZ24HqA,"hostel in Nor Nork, Yerevan"
0x406abd779fe08815:0xb5c2345f0ee90425,«Shamrock» Hostel,,хостел,Ереван,"31 Nikol Duman St, Yerevan 0010, Armenia",+37455451521,,,,,,,,3.2,,open,,40.1991611,44.4878537,https://www.google.com/maps/place/%C2%ABShamrock%C2%BB+Hostel/data=!4m10!3m9!1s0x406abd779fe08815:0xb5c2345f0ee90425!5m2!4m1!1i2!8m2!3d40.1991611!4d44.4878537!16s%2Fg%2F11fkn2c8dx!19sChIJFYjgn3e9akARJQTpDl80wrU,"hostel in Arabkir, Yerevan"
0x406abc6096fe2bcf:0x17a8696b80859413,Ինտեր Հոստել,,хостел,Ереван,"49 Tolstoy St, Yerevan 0018, Armenia",+37499792211,,,,,,,,4.1,,open,,40.166758,44.5171869,https://www.google.com/maps/place/%D4%BB%D5%B6%D5%BF%D5%A5%D6%80+%D5%80%D5%B8%D5%BD%D5%BF%D5%A5%D5%AC/data=!4m10!3m9!1s0x406abc6096fe2bcf:0x17a8696b80859413!5m2!4m1!1i2!8m2!3d40.166758!4d44.5171869!16s%2Fg%2F11bytsj1dq!19sChIJzyv-lmC8akARE5SFgGtpqBc,"hostel in Kentron, Yerevan"
0x406aa33a166de9fd:0x94fc800ad8eeff01,AVANGARD FLOWERS,Florist,цветы,Ереван,"Нор Норк 1-ый микрорайон, Yerevan, Armenia",+37455882121,,,,,,,,5.0,,open,,40.1986203,44.5670144,https://www.google.com/maps/place/AVANGARD+FLOWERS/data=!4m7!3m6!1s0x406aa33a166de9fd:0x94fc800ad8eeff01!8m2!3d40.1986203!4d44.5670144!16s%2Fg%2F11hbqdjw_v!19sChIJ_eltFjqjakARAf_u2AqA_JQ,"florist in Kentron, Yerevan"
0x406abd1338f1203d:0x5794928f730af7ec,Alvard,Wholesale florist,цветы,Ереван,"Մաշտոց 19, Yerevan 0002, Armenia",+37433399955,,,,,,,,,,open,,40.182856,44.5097109,https://www.google.com/maps/place/Alvard/data=!4m7!3m6!1s0x406abd1338f1203d:0x5794928f730af7ec!8m2!3d40.182856!4d44.5097109!16s%2Fg%2F11q9m92pbk!19sChIJPSDxOBO9akAR7PcKc4-SlFc,"florist in Nor Nork, Yerevan"
0x406abdc6c879972b:0xdf333232a5fc3950,Amelie flowers,Florist,цветы,Ереван,"27, 3 Mikoyan St, Yerevan, Armenia",+37433490440,,,,,,,,,,open,,40.1850865,44.5644791,https://www.google.com/maps/place/Amelie+flowers/data=!4m7!3m6!1s0x406abdc6c879972b:0xdf333232a5fc3950!8m2!3d40.1850865!4d44.5644791!16s%2Fg%2F11p_5szyhy!19sChIJK5d5yMa9akARUDn8pTIyM98,"florist in Nor Nork, Yerevan"
0x406abfe7cee14693:0xfecb2c3c87c0a561,Amie Flowers,Flower market,цветы,Ереван,"Soghomon, 9 Taronts St, Yerevan, Armenia",,,,,,,,,,,open,,40.1445156,44.4843877,https://www.google.com/maps/place/Amie+Flowers/data=!4m7!3m6!1s0x406abfe7cee14693:0xfecb2c3c87c0a561!8m2!3d40.1445156!4d44.4843877!16s%2Fg%2F11yqwhypcp!19sChIJk0bhzue_akARYaXAhzwsy_4,"florist in Shengavit, Yerevan"
0x406abdd7de41483d:0xd83ba532323d951b,Amor Flower,Florist,цветы,Ереван,"23/11 Kirk Kerkorian, Yerevan, Armenia",+37433520508,,,,,,,,5.0,,open,,40.18983,44.4691388,https://www.google.com/maps/place/Amor+Flower/data=!4m7!3m6!1s0x406abdd7de41483d:0xd83ba532323d951b!8m2!3d40.18983!4d44.4691388!16s%2Fg%2F11ysl0h2jt!19sChIJPUhB3te9akARG5U9MjKlO9g,"florist in Kentron, Yerevan"
0x406abd433f686931:0xe0bf118fa0481371,An Flowers,Florist,цветы,Ереван,"5FP6+7GF, Sebastya street, Yerevan, Armenia",,,,,,,,,4.7,,open,,40.1856824,44.461293,https://www.google.com/maps/place/An+Flowers/data=!4m7!3m6!1s0x406abd433f686931:0xe0bf118fa0481371!8m2!3d40.1856824!4d44.461293!16s%2Fg%2F11jzh1n5n9!19sChIJMWloP0O9akARcRNIoI8Rv-A,"florist in Kentron, Yerevan"
0x406abd4752eca209:0x94bfde4093e356f5,Angels Flowers,Shopping mall,цветы,Ереван,"12 Vahram Papazyan St, Yerevan 0012, Armenia",+37496470606,,,,,,,,5.0,,open,,40.2026984,44.5035928,https://www.google.com/maps/place/Angels+Flowers/data=!4m7!3m6!1s0x406abd4752eca209:0x94bfde4093e356f5!8m2!3d40.2026984!4d44.5035928!16s%2Fg%2F11f537r95x!19sChIJCaLsUke9akAR9Vbjk0Dev5Q,"florist in Nor Nork, Yerevan"
0x406abb262c75a629:0xf315c7cbcb83af5e,Anna Flowers,Florist,цветы,Ереван,"20/1 Еребуни, Yerevan 0020, Armenia",+37443608160,,,,,,,,5.0,,open,,40.1416274,44.523123,https://www.google.com/maps/place/Anna+Flowers/data=!4m7!3m6!1s0x406abb262c75a629:0xf315c7cbcb83af5e!8m2!3d40.1416274!4d44.523123!16s%2Fg%2F11xmx4htvm!19sChIJKaZ1LCa7akARXq-Dy8vHFfM,"florist in Shengavit, Yerevan"
0x406abd97a1a0b941:0xcaff084353e43e6f,Anna Harutyunyan,Florist,цветы,Ереван,"Shinararneri St, Yerevan, Armenia",+37497244467,,,,,,,,,,open,,40.1949099,44.4737713,https://www.google.com/maps/place/Anna+Harutyunyan/data=!4m7!3m6!1s0x406abd97a1a0b941:0xcaff084353e43e6f!8m2!3d40.1949099!4d44.4737713!16s%2Fg%2F11nw0z_ks0!19sChIJQbmgoZe9akARbz7kU0MI_8o,"florist in Kentron, Yerevan"
0x406abd00757e4fff:0x2ce027999a7bac69,Anushik Flowers,Florist,цветы,Ереван,"48, 3 Komitas Ave, Yerevan, Armenia",,,,,,,,,,,open,,40.2066148,44.5123608,https://www.google.com/maps/place/Anushik+Flowers/data=!4m7!3m6!1s0x406abd00757e4fff:0x2ce027999a7bac69!8m2!3d40.2066148!4d44.5123608!16s%2Fg%2F11w3b2zfcn!19sChIJ_09-dQC9akARaax7mpkn4Cw,"florist in Kentron, Yerevan"
0x406abdf449832297:0x3e5b88a71043a203,Arev flowers,Flower designer,цветы,Ереван,"Miqayelian, Yerevan 0004, Armenia",+37493748440,,,,,,,,,,open,,40.1872023,44.515209,https://www.google.com/maps/place/Arev+flowers/data=!4m7!3m6!1s0x406abdf449832297:0x3e5b88a71043a203!8m2!3d40.1872023!4d44.515209!16s%2Fg%2F11xcxrjhz_!19sChIJlyKDSfS9akARA6JDEKeIWz4,"florist in Kentron, Yerevan"
0x406abd0030bbf185:0x875c29802c6b1b53,Aroma de Jasmin,Florist,цветы,Ереван,"1 Komitas Ave, Yerevan 0033, Armenia",+37410271140,,,,,,,,,,open,,40.2012513,44.4936446,https://www.google.com/maps/place/Aroma+de+Jasmin/data=!4m7!3m6!1s0x406abd0030bbf185:0x875c29802c6b1b53!8m2!3d40.2012513!4d44.4936446!16s%2Fg%2F11lcyk34h3!19sChIJhfG7MAC9akARUxtrLIApXIc,"florist in Kentron, Yerevan"
0x406abb28ec4db829:0x15a286cc3ac1b6f8,Art Bouquet,Wholesale florist,цветы,Ереван,"12/1 Khaghagh Don St, Yerevan 0087, Armenia",+37493031099,,,,,,,,,,open,,40.1287372,44.5259798,https://www.google.com/maps/place/Art+Bouquet/data=!4m7!3m6!1s0x406abb28ec4db829:0x15a286cc3ac1b6f8!8m2!3d40.1287372!4d44.5259798!16s%2Fg%2F11zh5z6p13!19sChIJKbhN7Ci7akAR-LbBOsyGohU,"florist in Shengavit, Yerevan"
0x406abd318cbc5ed3:0xbe84c779f804c0ae,Ashan Roses,Florist,цветы,Ереван,"11 Azatutyan Ave, Yerevan 0037, Armenia",+37499202442,,,,,,,,4.0,,open,,40.202925,44.5231438,https://www.google.com/maps/place/Ashan+Roses/data=!4m7!3m6!1s0x406abd318cbc5ed3:0xbe84c779f804c0ae!8m2!3d40.202925!4d44.5231438!16s%2Fg%2F11c6_v2klp!19sChIJ0168jDG9akARrsAE-HnHhL4,"florist in Kentron, Yerevan"
0x406abce2afdaabbb:0x79ba078e402febaf,Avenue Des Fleurs,Florist,цветы,Ереван,"5GM6+P6F, Pushkin St, Yerevan, Armenia",+37410530374,,,,,,,,4.2,,open,,40.1843163,44.5105563,https://www.google.com/maps/place/Avenue+Des+Fleurs/data=!4m7!3m6!1s0x406abce2afdaabbb:0x79ba078e402febaf!8m2!3d40.1843163!4d44.5105563!16s%2Fg%2F11hyt167pn!19sChIJu6var-K8akARr-svQI4Hunk,"florist in Arabkir, Yerevan"
0x406abdbb6c1e04ab:0x2f047940d9b805e4,Black Orchid,Florist,цветы,Ереван,"3 Athens St, Yerevan 0082, Armenia",+37491525001,,,,,,,,3.7,,open,,40.179031,44.49355,https://www.google.com/maps/place/Black+Orchid/data=!4m7!3m6!1s0x406abdbb6c1e04ab:0x2f047940d9b805e4!8m2!3d40.179031!4d44.49355!16s%2Fg%2F11vl262y9q!19sChIJqwQebLu9akAR5AW42UB5BC8,"florist in Kentron, Yerevan"
0x406abd6b49055555:0x2ceefc96fb1f0a96,Bloom Flowershop,Florist,цветы,Ереван,"4, 2 Hrachya Kochar St, Yerevan, Armenia",+37443839899,,,,,,,,,,open,,40.1976858,44.4936722,https://www.google.com/maps/place/Bloom+Flowershop/data=!4m7!3m6!1s0x406abd6b49055555:0x2ceefc96fb1f0a96!8m2!3d40.1976858!4d44.4936722!16s%2Fg%2F11j0jjz9j1!19sChIJVVUFSWu9akARlgof-5b87iw,"florist in Kentron, Yerevan"
0x406abb7ca31b3ef7:0x5a4f5e9003453600,Blooming Bouquet,Flower market,цветы,Ереван,"Davit-Bek St, Yerevan, Armenia",+37491200902,,,,,,,,,,open,,40.1500598,44.5235451,https://www.google.com/maps/place/Blooming+Bouquet/data=!4m7!3m6!1s0x406abb7ca31b3ef7:0x5a4f5e9003453600!8m2!3d40.1500598!4d44.5235451!16s%2Fg%2F11y1310dgd!19sChIJ9z4bo3y7akARADZFA5BeT1o,"florist in Erebuni, Yerevan"
0x406abdc6cb7c8ea3:0x2c3eeb4c821429c1,Bluebells flowers,Florist,цветы,Ереван,"2/3 Ler Kamsar St, Yerevan, Armenia",,,,,,,,,5.0,,open,,40.1929915,44.5022161,https://www.google.com/maps/place/Bluebells+flowers/data=!4m7!3m6!1s0x406abdc6cb7c8ea3:0x2c3eeb4c821429c1!8m2!3d40.1929915!4d44.5022161!16s%2Fg%2F11mzzy0v3p!19sChIJo458y8a9akARwSkUgkzrPiw,"florist in Kentron, Yerevan"
0x406a95005add2b23:0x7c3940c92aa7787e,Blumi flowers,Florist,цветы,Ереван,"578W+G7X, 6A Vazgen Arajin Street, Vagharshapat, Armenia",+37477664741,,,,,,,,,,open,,40.1663332,44.2957602,https://www.google.com/maps/place/Blumi+flowers/data=!4m7!3m6!1s0x406a95005add2b23:0x7c3940c92aa7787e!8m2!3d40.1663332!4d44.2957602!16s%2Fg%2F11z3xf02yd!19sChIJIyvdWgCVakARfninKslAOXw,"florist in Shengavit, Yerevan"
0x406abd7f34ad737d:0xc85c9f7a1bc825b9,Bordo Flowers,Flower market,цветы,Ереван,"արտաշատ, Երևան, 12/9 խճուղի, Masis 0803, Armenia",,,,,,,,,5.0,,open,,40.1002242,44.4695672,https://www.google.com/maps/place/Bordo+Flowers/data=!4m7!3m6!1s0x406abd7f34ad737d:0xc85c9f7a1bc825b9!8m2!3d40.1002242!4d44.4695672!16s%2Fg%2F11xfhfrvkg!19sChIJfXOtNH-9akARuSXIG3qfXMg,"florist in Erebuni, Yerevan"
0x406abc677d8e0503:0xd025d59e132d4fa1,CAXIKNER,Florist,цветы,Ереван,"5G87+43X, Tigran Mets Ave, Yerevan, Armenia",+37494251550,,,,,,,,5.0,,open,,40.1653547,44.5127427,https://www.google.com/maps/place/CAXIKNER/data=!4m7!3m6!1s0x406abc677d8e0503:0xd025d59e132d4fa1!8m2!3d40.1653547!4d44.5127427!16s%2Fg%2F11dy1my5p2!19sChIJAwWOfWe8akARoU8tE57VJdA,"florist in Kentron, Yerevan"
0x406abd3f5ec0bae7:0xc2cf054511da84f4,DOLCE VITA FLOWERS SALON,Florist,цветы,Ереван,"24/1, AM, 0012, Hrachya Kochar St, Yerevan 0033, Armenia",+37477900204,,,,,,,,3.3,,open,,40.201733,44.503265,https://www.google.com/maps/place/DOLCE+VITA+FLOWERS+SALON/data=!4m7!3m6!1s0x406abd3f5ec0bae7:0xc2cf054511da84f4!8m2!3d40.201733!4d44.503265!16s%2Fg%2F11f15p_ffm!19sChIJ57rAXj-9akAR9ITaEUUFz8I,"florist in Kentron, Yerevan"
0x406a9500082ff083:0x1d9dd1a73dd10b40,Dyans flowers,Florist,цветы,Ереван,"589G+8CF, Vagharshapat, Armenia",,,,,,,,,5.0,,open,,40.1683191,44.3260508,https://www.google.com/maps/place/Dyans+flowers/data=!4m7!3m6!1s0x406a9500082ff083:0x1d9dd1a73dd10b40!8m2!3d40.1683191!4d44.3260508!16s%2Fg%2F11vwnzzzd4!19sChIJg_AvCACVakARQAvRPafRnR0,"florist in Shengavit, Yerevan"
0x406abd69bd436039:0x6c6892c7f9189deb,El Floreal,Florist,цветы,Ереван,"30, 5 Movses Khorenatsi Street, Yerevan, Armenia",+37494499703,,,,,,,,5.0,,open,,40.1699566,44.5131687,https://www.google.com/maps/place/El+Floreal/data=!4m7!3m6!1s0x406abd69bd436039:0x6c6892c7f9189deb!8m2!3d40.1699566!4d44.5131687!16s%2Fg%2F11kbfpv9m3!19sChIJOWBDvWm9akAR650Y-ceSaGw,"florist in Kentron, Yerevan"
0x406a97d938d2978d:0x40e3b87bbee7f16,Emi Flower Shop,Corporate office,цветы,Ереван,"6F59+F49, Yerevan, Armenia",,,,,,,,,5.0,,open,,40.2086663,44.4678661,https://www.google.com/maps/place/Emi+Flower+Shop/data=!4m7!3m6!1s0x406a97d938d2978d:0x40e3b87bbee7f16!8m2!3d40.2086663!4d44.4678661!16s%2Fg%2F11fylyqmmy!19sChIJjZfSONmXakARFn_uu4c7DgQ,"florist in Kentron, Yerevan"
0x406abbd816bab617:0x64cc012d497e5981,FLORUNA flowers,Flower market,цветы,Ереван,"124 Erebuni St, Yerevan, Armenia",+37491425290,,,,,,,,,,open,,40.1412166,44.5336756,https://www.google.com/maps/place/FLORUNA+flowers/data=!4m7!3m6!1s0x406abbd816bab617:0x64cc012d497e5981!8m2!3d40.1412166!4d44.5336756!16s%2Fg%2F11mcwh_xst!19sChIJF7a6Fti7akARgVl-SS0BzGQ,"florist in Erebuni, Yerevan"
0x406aa3004c426c07:0x56f33f7d5c36bbee,FORme flowers,Florist,цветы,Ереван,"19, 76 Gai Ave, Yerevan, Armenia",,,,,,,,,,,open,,40.1966755,44.5684835,https://www.google.com/maps/place/FORme+flowers/data=!4m7!3m6!1s0x406aa3004c426c07:0x56f33f7d5c36bbee!8m2!3d40.1966755!4d44.5684835!16s%2Fg%2F11vwpq4n11!19sChIJB2xCTACjakAR7rs2XH0_81Y,"florist in Nor Nork, Yerevan"
0x406aa1b8b2c60c05:0xff2ab3fb71243f83,Floral abovyan Ծաղկի սրահ,Florist,цветы,Ереван,"сараланджа, Abovyan 2203, Armenia",+37494447320,,,,,,,,5.0,,open,,40.2695072,44.6425087,https://www.google.com/maps/place/Floral+abovyan+%D4%BE%D5%A1%D5%B2%D5%AF%D5%AB+%D5%BD%D6%80%D5%A1%D5%B0/data=!4m7!3m6!1s0x406aa1b8b2c60c05:0xff2ab3fb71243f83!8m2!3d40.2695072!4d44.6425087!16s%2Fg%2F11n3b4_483!19sChIJBQzGsrihakARgz8kcfuzKv8,"florist in Shengavit, Yerevan"
0x406abd1b65cbf7e1:0x685ed1d677a3c8b6,Florastamp,Flower designer,цветы,Ереван,"16 Margaryan St, Yerevan 0078, Armenia",,,,,,,,,,,open,,40.2049828,44.4725533,https://www.google.com/maps/place/Florastamp/data=!4m7!3m6!1s0x406abd1b65cbf7e1:0x685ed1d677a3c8b6!8m2!3d40.2049828!4d44.4725533!16s%2Fg%2F11zh8shgkp!19sChIJ4ffLZRu9akARtsijd9bRXmg,"florist in Kentron, Yerevan"
0x406abd000a59643d:0xd8064efe519ad034,Florist,Florist,цветы,Ереван,"21 Abovyan St, Yerevan, Armenia",,,,,,,,,,,open,,40.1854771,44.5204077,https://www.google.com/maps/place/Florist/data=!4m7!3m6!1s0x406abd000a59643d:0xd8064efe519ad034!8m2!3d40.1854771!4d44.5204077!16s%2Fg%2F11yg0lpgtm!19sChIJPWRZCgC9akARNNCaUf5OBtg,"florist in Kentron, Yerevan"
0x406aa3004f8cd539:0xd5c0c9c3dd4eed5a,Florist,Florist,цветы,Ереван,"92, 1 Paruyr Sevak St, Yerevan, Armenia",,,,,,,,,,,open,,40.2026838,44.544122,https://www.google.com/maps/place/Florist/data=!4m7!3m6!1s0x406aa3004f8cd539:0xd5c0c9c3dd4eed5a!8m2!3d40.2026838!4d44.544122!16s%2Fg%2F11m6rfbqc0!19sChIJOdWMTwCjakARWu1O3cPJwNU,"florist in Kentron, Yerevan"
0x406abd49b574262d:0xc8d6639f124415bc,Flower Booth,Flower market,цветы,Ереван,"22 Mesrop Mashtots Ave, Yerevan 0002, Armenia",,,,,,,,,3.8,,open,,40.1825148,44.5100731,https://www.google.com/maps/place/Flower+Booth/data=!4m7!3m6!1s0x406abd49b574262d:0xc8d6639f124415bc!8m2!3d40.1825148!4d44.5100731!16s%2Fg%2F11v5dm64ph!19sChIJLSZ0tUm9akARvBVEEp9j1sg,"florist in Kentron, Yerevan"
0x406abd0077d36c73:0x85f62cba52be32d2,Flower Shop,Florist,цветы,Ереван,"4, 3 Alek Manukyan St, Yerevan 0025, Armenia",,,,,,,,,5.0,,open,,40.1794647,44.5247757,https://www.google.com/maps/place/Flower+Shop/data=!4m7!3m6!1s0x406abd0077d36c73:0x85f62cba52be32d2!8m2!3d40.1794647!4d44.5247757!16s%2Fg%2F11md_kgn56!19sChIJc2zTdwC9akAR0jK-Uros9oU,"florist in Kentron, Yerevan"
0x406aa3002e6a43f1:0x8110eb8752507d41,Flower Shop,Flower market,цветы,Ереван,"10 Rubinyants St, Yerevan 0069, Armenia",,,,,,,,,,,open,,40.2010275,44.5433827,https://www.google.com/maps/place/Flower+Shop/data=!4m7!3m6!1s0x406aa3002e6a43f1:0x8110eb8752507d41!8m2!3d40.2010275!4d44.5433827!16s%2Fg%2F11vyzgnxdv!19sChIJ8UNqLgCjakARQX1QUofrEIE,"florist in Arabkir, Yerevan"
0x406abd0034e200a3:0xb342fde74ccd0b82,Flower shop,Flower market,цветы,Ереван,"10 Vratsakan St, Yerevan, Armenia",,,,,,,,,,,open,,40.2068008,44.5103312,https://www.google.com/maps/place/Flower+shop/data=!4m7!3m6!1s0x406abd0034e200a3:0xb342fde74ccd0b82!8m2!3d40.2068008!4d44.5103312!16s%2Fg%2F11y3qbr6zd!19sChIJowDiNAC9akARggvNTOf9QrM,"florist in Arabkir, Yerevan"
0x406abd00633e8bef:0xde1c50271f1f15ee,Flower shop,Flower market,цветы,Ереван,"5F63+G73, Yerevan, Armenia",,,,,,,,,,,open,,40.1612616,44.4531666,https://www.google.com/maps/place/Flower+shop/data=!4m7!3m6!1s0x406abd00633e8bef:0xde1c50271f1f15ee!8m2!3d40.1612616!4d44.4531666!16s%2Fg%2F11vst7xsxn!19sChIJ74s-YwC9akAR7hUfHydQHN4,"florist in Malatia-Sebastia, Yerevan"
0x406abd0038b21677:0x58dcdc15719e518f,Flower shop by Tamara,Flower market,цветы,Ереван,"32 Kievyan St, Yerevan 0033, Armenia",,,,,,,,,,,open,,40.1974799,44.4927913,https://www.google.com/maps/place/Flower+shop+by+Tamara/data=!4m7!3m6!1s0x406abd0038b21677:0x58dcdc15719e518f!8m2!3d40.1974799!4d44.4927913!16s%2Fg%2F11zg3dq_lt!19sChIJdxayOAC9akARj1GecRXc3Fg,"florist in Kentron, Yerevan"
0x406abd00251f3457:0x8e37ff961d70c266,Flower shops,Flower market,цветы,Ереван,"48, 3 Komitas Ave, Yerevan, Armenia",,,,,,,,,,,open,,40.2067119,44.5124565,https://www.google.com/maps/place/Flower+shops/data=!4m7!3m6!1s0x406abd00251f3457:0x8e37ff961d70c266!8m2!3d40.2067119!4d44.5124565!16s%2Fg%2F11vwr765t9!19sChIJVzQfJQC9akARZsJwHZb_N44,"florist in Nor Nork, Yerevan"
0x406abd007cac7565:0xb733ad2b83cba242,Flower's,Florist,цветы,Ереван,"5FWX+X79, Yerevan, Armenia",,,,,,,,,,,open,,40.1974044,44.4982432,https://www.google.com/maps/place/Flower%27s/data=!4m7!3m6!1s0x406abd007cac7565:0xb733ad2b83cba242!8m2!3d40.1974044!4d44.4982432!16s%2Fg%2F11vtbkwflp!19sChIJZXWsfAC9akARQqLLgyutM7c,"florist in Kentron, Yerevan"
0x406abd719ad79577:0xf8aedc2373ad2dde,Flowers,Florist,цветы,Ереван,"28 Ghazar Parpetsi St, Yerevan, Armenia",,,,,,,,,2.5,,open,,40.1861281,44.5119751,https://www.google.com/maps/place/Flowers/data=!4m7!3m6!1s0x406abd719ad79577:0xf8aedc2373ad2dde!8m2!3d40.1861281!4d44.5119751!16s%2Fg%2F11sk1kgxfn!19sChIJd5XXmnG9akAR3i2tcyPcrvg,"florist in Kentron, Yerevan"
0x406abd46db0ef179:0xcf46888c2c672136,Flowers,Florist,цветы,Ереван,"6G32+PPM, Komitas Ave, Yerevan, Armenia",,,,,,,,,5.0,,open,,40.2043377,44.5018057,https://www.google.com/maps/place/Flowers/data=!4m7!3m6!1s0x406abd46db0ef179:0xcf46888c2c672136!8m2!3d40.2043377!4d44.5018057!16s%2Fg%2F11cn0l1s_n!19sChIJefEO20a9akARNiFnLIyIRs8,"florist in Kentron, Yerevan"
0x406abc1a9bc94911:0x68d7de84a1b621fd,Flowers,Florist,цветы,Ереван,"0026 46Արշակունյաց պողոտա, Yerevan 0026, Armenia",+37491531489,,,,,,,,,,open,,40.1872023,44.515209,https://www.google.com/maps/place/Flowers/data=!4m7!3m6!1s0x406abc1a9bc94911:0x68d7de84a1b621fd!8m2!3d40.1872023!4d44.515209!16s%2Fg%2F11cn3py81q!19sChIJEUnJmxq8akAR_SG2oYTe12g,"florist in Kentron, Yerevan"
0x406abd00178c315b:0xdd2e33485964a3a6,Flowers,Flower market,цветы,Ереван,"9 Mesrop Mashtots Ave, Yerevan 0002, Armenia",,,,,,,,,,,open,,40.1805773,44.5073228,https://www.google.com/maps/place/Flowers/data=!4m7!3m6!1s0x406abd00178c315b:0xdd2e33485964a3a6!8m2!3d40.1805773!4d44.5073228!16s%2Fg%2F11wtw15l7j!19sChIJWzGMFwC9akARpqNkWUgzLt0,"florist in Kentron, Yerevan"
0x406abde4268d5eef:0x955dde06a450e583,Flowers,Florist,цветы,Ереван,"0034, 113 Gusan Sheram Street, Yerevan 0034, Armenia",,,,,,,,,3.7,,open,,40.1746497,44.4380632,https://www.google.com/maps/place/Flowers/data=!4m7!3m6!1s0x406abde4268d5eef:0x955dde06a450e583!8m2!3d40.1746497!4d44.4380632!16s%2Fg%2F11cn0k12kx!19sChIJ716NJuS9akARg-VQpAbeXZU,"florist in Shengavit, Yerevan"
0x406abb0032fc0c6b:0xc0f899eb0e606c0c,Flowers,Flower market,цветы,Ереван,"22 Davit-Bek St, Yerevan 0008, Armenia",,,,,,,,,5.0,,open,,40.1501591,44.5278326,https://www.google.com/maps/place/Flowers/data=!4m7!3m6!1s0x406abb0032fc0c6b:0xc0f899eb0e606c0c!8m2!3d40.1501591!4d44.5278326!16s%2Fg%2F11vx30tljd!19sChIJawz8MgC7akARDGxgDuuZ-MA,"florist in Shengavit, Yerevan"
0x406abd4a43e01a75:0xacfce63aaeeefca2,Flowers delivery in Armenia,Florist,цветы,Ереван,"65 Halabyan St, Yerevan 0078, Armenia",+37443404808,,,,,,,,,,open,,40.2048614,44.4798038,https://www.google.com/maps/place/Flowers+delivery+in+Armenia/data=!4m7!3m6!1s0x406abd4a43e01a75:0xacfce63aaeeefca2!8m2!3d40.2048614!4d44.4798038!16s%2Fg%2F11sy711myf!19sChIJdRrgQ0q9akARovzurjrm_Kw,"florist in Kentron, Yerevan"
0x406abd41a1a5dbc7:0x4817f1e4099727a3,FlowersHouse,Florist,цветы,Ереван,"49 Marshal Baghramian Avenue, Yerevan, Armenia",+37455582662,,,,,,,,,,open,,40.1925043,44.4994798,https://www.google.com/maps/place/FlowersHouse/data=!4m7!3m6!1s0x406abd41a1a5dbc7:0x4817f1e4099727a3!8m2!3d40.1925043!4d44.4994798!16s%2Fg%2F11yggrcnb7!19sChIJx9uloUG9akARoyeXCeTxF0g,"florist in Kentron, Yerevan"
0x406abd5bdc7bfe59:0x195a5967fd11b774,Fresh flowers,Flower market,цветы,Ереван,"19 Aghayan St, Yerevan, Armenia",+37455755255,,,,,,,,5.0,,open,,40.1863677,44.5188627,https://www.google.com/maps/place/Fresh+flowers/data=!4m7!3m6!1s0x406abd5bdc7bfe59:0x195a5967fd11b774!8m2!3d40.1863677!4d44.5188627!16s%2Fg%2F11sb5shs9j!19sChIJWf573Fu9akARdLcR_WdZWhk,"florist in Kentron, Yerevan"
0x406abdc2aafe9c0b:0x9e86756af789a9e9,GAAGA flowers and more,Flower delivery,цветы,Ереван,"18 Azatamartikneri, Yerevan 0020, Armenia",+37496828822,,,,,,,,5.0,,open,,40.1467494,44.5097369,https://www.google.com/maps/place/GAAGA+flowers+and+more/data=!4m7!3m6!1s0x406abdc2aafe9c0b:0x9e86756af789a9e9!8m2!3d40.1467494!4d44.5097369!16s%2Fg%2F11z1vwl060!19sChIJC5z-qsK9akAR6amJ92p1hp4,"florist in Shengavit, Yerevan"
0x406abdd31a4f2421:0x658dca5445fd1afb,GIFT AVENUE,Florist,цветы,Ереван,"21/1 Marshal Baghramyan Ave, Yerevan 0019, Armenia",+37494640265,,,,,,,,,,open,,40.1911264,44.5064692,https://www.google.com/maps/place/GIFT+AVENUE/data=!4m7!3m6!1s0x406abdd31a4f2421:0x658dca5445fd1afb!8m2!3d40.1911264!4d44.5064692!16s%2Fg%2F11zxmp21c5!19sChIJISRPGtO9akAR-xr9RVTKjWU,"florist in Kentron, Yerevan"
0x406abd003444cbad:0xe06ee4dee2c86cfc,GREEN STORY LLC,Florist,цветы,Ереван,"97/20 Davit-Bek St, Yerevan, Armenia",+37495208800,,,,,,,,,,open,,40.1672401,44.5458005,https://www.google.com/maps/place/GREEN+STORY+LLC/data=!4m7!3m6!1s0x406abd003444cbad:0xe06ee4dee2c86cfc!8m2!3d40.1672401!4d44.5458005!16s%2Fg%2F11ydthvsdr!19sChIJrctENAC9akAR_GzI4t7kbuA,"florist in Arabkir, Yerevan"
0x406aa3c754c5e335:0x661ece6e089ea2be,Gala Garden,Florist,цветы,Ереван,"11, 1 Gyulikevkhyan St, Yerevan 0076, Armenia",+37494304949,,,,,,,,,,open,,40.1877306,44.5702688,https://www.google.com/maps/place/Gala+Garden/data=!4m7!3m6!1s0x406aa3c754c5e335:0x661ece6e089ea2be!8m2!3d40.1877306!4d44.5702688!16s%2Fg%2F11msvw5htz!19sChIJNePFVMejakARvqKeCG7OHmY,"florist in Nor Nork, Yerevan"
0x406abdf2b8fa7e61:0x97fbcb332ab01430,Garoona Flowers,Florist,цветы,Ереван,"22 Mesrop Mashtots Ave, Yerevan 0002, Armenia",+37441041044,,,,,,,,,,open,,40.182349,44.510535,https://www.google.com/maps/place/Garoona+Flowers/data=!4m7!3m6!1s0x406abdf2b8fa7e61:0x97fbcb332ab01430!8m2!3d40.182349!4d44.510535!16s%2Fg%2F11npt58clh!19sChIJYX76uPK9akARMBSwKjPL-5c,"florist in Kentron, Yerevan"
0x40403a1a526fb473:0x3d501994e371588a,Giovani Flora,Flower designer,цветы,Ереван,"5, 47 Spandaryan St, Hrazdan, Armenia",+37498112130,,,,,,,,5.0,,open,,40.4944178,44.7588287,https://www.google.com/maps/place/Giovani+Flora/data=!4m7!3m6!1s0x40403a1a526fb473:0x3d501994e371588a!8m2!3d40.4944178!4d44.7588287!16s%2Fg%2F11g7ntt_nj!19sChIJc7RvUho6QEARilhx45QZUD0,"florist in Shengavit, Yerevan"
0x406abb533cdc056b:0xe67c48643458d90c,Green Flowers Shop,Florist,цветы,Ереван,"3/4 Davit-Bek St, Yerevan 0092, Armenia",+37477760100,,,,,,,,,,open,,40.150167,44.5217643,https://www.google.com/maps/place/Green+Flowers+Shop/data=!4m7!3m6!1s0x406abb533cdc056b:0xe67c48643458d90c!8m2!3d40.150167!4d44.5217643!16s%2Fg%2F11vf98h6n4!19sChIJawXcPFO7akARDNlYNGRIfOY,"florist in Shengavit, Yerevan"
0x406aa366b01e4b13:0x513646a64f874c79,Grig Garden,Plant nursery,цветы,Ереван,"Yerevan, Armenia",+37410677776,,,,,,,,4.2,,open,,40.1885232,44.5654326,https://www.google.com/maps/place/Grig+Garden/data=!4m7!3m6!1s0x406aa366b01e4b13:0x513646a64f874c79!8m2!3d40.1885232!4d44.5654326!16s%2Fg%2F11fl5tqhy9!19sChIJE0sesGajakAReUyHT6ZGNlE,"florist in Nor Nork, Yerevan"
0x406abd003bf48dd3:0x7bd7aae8e74a6341,Gustus Flowers,Florist,цветы,Ереван,"18, 3 Arno Babajanyan St, Yerevan, Armenia",,,,,,,,,5.0,,open,,40.1730981,44.4377813,https://www.google.com/maps/place/Gustus+Flowers/data=!4m7!3m6!1s0x406abd003bf48dd3:0x7bd7aae8e74a6341!8m2!3d40.1730981!4d44.4377813!16s%2Fg%2F11vqx1315s!19sChIJ0430OwC9akARQWNK5-iq13s,"florist in Malatia-Sebastia, Yerevan"
0x406aa3c6c1913d1b:0xb0360cd847456a7b,House of Esthetic Beautiness,Florist,цветы,Ереван,"6H9C+XPG, Marshal Babajanyan St, Yerevan, Armenia",,,,,,,,,5.0,,open,,40.220532,44.5715738,https://www.google.com/maps/place/House+of+Esthetic+Beautiness/data=!4m7!3m6!1s0x406aa3c6c1913d1b:0xb0360cd847456a7b!8m2!3d40.220532!4d44.5715738!16s%2Fg%2F11tck4bdtg!19sChIJGz2RwcajakARe2pFR9gMNrA,"florist in Shengavit, Yerevan"
0x406abd7ad2e4d7d3:0x552d98ca1bab5ad4,Hrach's Signature,Flower designer,цветы,Ереван,"Ervand Kochar 5/2, 0070, Armenia",+37494080514,,,,,,,,5.0,,open,,40.1791857,44.4991029,https://www.google.com/maps/place/Hrach%27s+Signature/data=!4m7!3m6!1s0x406abd7ad2e4d7d3:0x552d98ca1bab5ad4!8m2!3d40.1791857!4d44.4991029!16s%2Fg%2F11h3g3r1kz!19sChIJ09fk0nq9akAR1FqrG8qYLVU,"florist in Kentron, Yerevan"
0x406abd373db47079:0xa19bd955f18d751f,Jolly Flowers Boutique,Florist,цветы,Ереван,"36/1 Paronyan St, Yerevan 0054, Armenia",+37455389999,,,,,,,,,,open,,40.1816648,44.4994389,https://www.google.com/maps/place/Jolly+Flowers+Boutique/data=!4m7!3m6!1s0x406abd373db47079:0xa19bd955f18d751f!8m2!3d40.1816648!4d44.4994389!16s%2Fg%2F11z8tk_r66!19sChIJeXC0PTe9akARH3WN8VXZm6E,"florist in Kentron, Yerevan"
0x406abd5b2ec88583:0xd35df52e0f82c4ba,Joy Events,Flower delivery,цветы,Ереван,"14, 40 Manandyan St, Yerevan 0006, Armenia",+37411212200,,,,,,,,4.3,,open,,40.1538251,44.4869983,https://www.google.com/maps/place/Joy+Events/data=!4m7!3m6!1s0x406abd5b2ec88583:0xd35df52e0f82c4ba!8m2!3d40.1538251!4d44.4869983!16s%2Fg%2F11rylkjzs0!19sChIJg4XILlu9akARusSCDy71XdM,"florist in Kentron, Yerevan"
0x406aa31ca21bd1fb:0x197a473678d81ce8,KALA flower shop,Wholesale florist,цветы,Ереван,"Է. հասրաթյան 2/3 Գյուղ Սարուխան, կենտրոնական փողոց, Yerevan 0069, Armenia",+37495505677,,,,,,,,,,open,,40.2096208,44.5411269,https://www.google.com/maps/place/KALA+flower+shop/data=!4m7!3m6!1s0x406aa31ca21bd1fb:0x197a473678d81ce8!8m2!3d40.2096208!4d44.5411269!16s%2Fg%2F11l1yg_x0t!19sChIJ-9EbohyjakAR6BzYeDZHehk,"florist in Kentron, Yerevan"
0x406abb0014902945:0xebb38dd73227fae1,Karia Flowers,Florist,цветы,Ереван,"4GXG+X99, 1 Davit-Bek St, Yerevan, Armenia",,,,,,,,,5.0,,open,,40.1499636,44.5264787,https://www.google.com/maps/place/Karia+Flowers/data=!4m7!3m6!1s0x406abb0014902945:0xebb38dd73227fae1!8m2!3d40.1499636!4d44.5264787!16s%2Fg%2F11z4w_msd5!19sChIJRSmQFAC7akAR4fonMteNs-s,"florist in Kentron, Yerevan"
0x406aa3639a45abf7:0xe1f2087f6e6c9360,Katrin Flowers - Կատրին ծաղիկներ,Florist,цветы,Ереван,"9/12 Moldovakan St, Yerevan 0091, Armenia",+37444723030,,,,,,,,,,open,,40.2064468,44.5702431,https://www.google.com/maps/place/Katrin+Flowers+-+%D4%BF%D5%A1%D5%BF%D6%80%D5%AB%D5%B6+%D5%AE%D5%A1%D5%B2%D5%AB%D5%AF%D5%B6%D5%A5%D6%80/data=!4m7!3m6!1s0x406aa3639a45abf7:0xe1f2087f6e6c9360!8m2!3d40.2064468!4d44.5702431!16s%2Fg%2F11hylfcr4q!19sChIJ96tFmmOjakARYJNsbn8I8uE,"florist in Nor Nork, Yerevan"
0x406abd1f7d0b0989:0x40f0a2950c8aee9b,Koryun 19 a,Florist,цветы,Ереван,"19а Koryun St, Yerevan, Armenia",,,,,,,,,4.5,,open,,40.1894613,44.5212614,https://www.google.com/maps/place/Koryun+19+a/data=!4m7!3m6!1s0x406abd1f7d0b0989:0x40f0a2950c8aee9b!8m2!3d40.1894613!4d44.5212614!16s%2Fg%2F11qb3vf92t!19sChIJiQkLfR-9akARm-6KDJWi8EA,"florist in Kentron, Yerevan"
0x406abfc8036846f5:0x93e55c28a5481a86,LD FLOWERS,Florist,цветы,Ереван,"83 Адмирала Исакова, Тайров, Armenia",+37494339380,,,,,,,,5.0,,open,,40.1604336,44.4266086,https://www.google.com/maps/place/LD+FLOWERS/data=!4m7!3m6!1s0x406abfc8036846f5:0x93e55c28a5481a86!8m2!3d40.1604336!4d44.4266086!16s%2Fg%2F11kqd2j44r!19sChIJ9UZoA8i_akARhhpIpShc5ZM,"florist in Shengavit, Yerevan"
0x406abd13729e2b75:0x7acb82f7a1a57486,La Fiori,Florist,цветы,Ереван,"0033, 79 Marshal Baghramyan Ave, Yerevan 0033, Armenia",+37499277393,,,,,,,,5.0,,open,,40.1956599,44.4945753,https://www.google.com/maps/place/La+Fiori/data=!4m7!3m6!1s0x406abd13729e2b75:0x7acb82f7a1a57486!8m2!3d40.1956599!4d44.4945753!16s%2Fg%2F11bzp__520!19sChIJdSuechO9akARhnSlofeCy3o,"florist in Kentron, Yerevan"
0x406abd5f4b1990e5:0x56445cc800c8dd03,La flor,Flower designer,цветы,Ереван,"15, 1 Vagharsh Vagharshyan St, Yerevan, Armenia",+37495795111,,,,,,,,5.0,,open,,40.2007568,44.4999152,https://www.google.com/maps/place/La+flor/data=!4m7!3m6!1s0x406abd5f4b1990e5:0x56445cc800c8dd03!8m2!3d40.2007568!4d44.4999152!16s%2Fg%2F11rylkpccl!19sChIJ5ZAZS1-9akARA93IAMhcRFY,"florist in Kentron, Yerevan"
0x261d1086337d8fc5:0x8334f0dae4aa2838,Lara Flowers,Flower delivery,цветы,Ереван,"115/4 Улица Гусан Шерама, Yerevan 0034, Armenia",+37455115028,,,,,,,,,,open,,40.1746629,44.4380555,https://www.google.com/maps/place/Lara+Flowers/data=!4m7!3m6!1s0x261d1086337d8fc5:0x8334f0dae4aa2838!8m2!3d40.1746629!4d44.4380555!16s%2Fg%2F11zk4jgzdb!19sChIJxY99M4YQHSYROCiq5NrwNIM,"florist in Shengavit, Yerevan"
0x406abdcd85b78335:0xf06a730aa121ea8b,Latona Flowers,Florist,цветы,Ереван,"25 Abovyan St, Yerevan 0001, Armenia",+37415200200,,,,,,,,5.0,,open,,40.1860026,44.5210599,https://www.google.com/maps/place/Latona+Flowers/data=!4m7!3m6!1s0x406abdcd85b78335:0xf06a730aa121ea8b!8m2!3d40.1860026!4d44.5210599!16s%2Fg%2F11zz3wq1hv!19sChIJNYO3hc29akARi-ohoQpzavA,"florist in Kentron, Yerevan"
0x406abd006deb0f73:0x91203049f3ff83ac,Lilit flowers,Florist,цветы,Ереван,"10, 4 Grigor Hasratyan St, Yerevan, Armenia",,,,,,,,,,,open,,40.1926741,44.4630263,https://www.google.com/maps/place/Lilit+flowers/data=!4m7!3m6!1s0x406abd006deb0f73:0x91203049f3ff83ac!8m2!3d40.1926741!4d44.4630263!16s%2Fg%2F11v_09rgwz!19sChIJcw_rbQC9akARrIP_80kwIJE,"florist in Kentron, Yerevan"
0x406aa369dcb16315:0x4f28eaa4540be4,Lilu flower store - Լիլու ծաղկի սրահ,Florist,цветы,Ереван,"6HCF+J3R, Yerevan, Armenia",,,,,,,,,5.0,,open,,40.2215814,44.5725375,https://www.google.com/maps/place/Lilu+flower+store+-+%D4%BC%D5%AB%D5%AC%D5%B8%D6%82+%D5%AE%D5%A1%D5%B2%D5%AF%D5%AB+%D5%BD%D6%80%D5%A1%D5%B0/data=!4m7!3m6!1s0x406aa369dcb16315:0x4f28eaa4540be4!8m2!3d40.2215814!4d44.5725375!16s%2Fg%2F11s7d0fv86!19sChIJFWOx3GmjakAR5AtUpOooTwA,"florist in Shengavit, Yerevan"
0x406abdae53f237db:0x77e9aa8e648debc4,Lotus Flowers,Florist,цветы,Ереван,"3 Gusan Sheram Street, Yerevan 0034, Armenia",,,,,,,,,,,open,,40.1801558,44.4413806,https://www.google.com/maps/place/Lotus+Flowers/data=!4m7!3m6!1s0x406abdae53f237db:0x77e9aa8e648debc4!8m2!3d40.1801558!4d44.4413806!16s%2Fg%2F11kb4xfr06!19sChIJ2zfyU669akARxOuNZI6q6Xc,"florist in Shengavit, Yerevan"
0x406aa38689ff7da9:0xad2c399883683757,Luna Flowers,Florist,цветы,Ереван,"12 Մառի, Yerevan, Armenia",+37498294019,,,,,,,,5.0,,open,,40.1898491,44.5824655,https://www.google.com/maps/place/Luna+Flowers/data=!4m7!3m6!1s0x406aa38689ff7da9:0xad2c399883683757!8m2!3d40.1898491!4d44.5824655!16s%2Fg%2F11lymgq33c!19sChIJqX3_iYajakARVzdog5g5LK0,"florist in Nor Nork, Yerevan"
0x406a9b0024089af3:0xc6988c75a5d21f8f,MANE FLOWERS,Florist,цветы,Ереван,"35 Norayr Sisakyan Street, Ashtarak 0201, Armenia",,,,,,,,,,,open,,40.2916465,44.3576757,https://www.google.com/maps/place/MANE+FLOWERS/data=!4m7!3m6!1s0x406a9b0024089af3:0xc6988c75a5d21f8f!8m2!3d40.2916465!4d44.3576757!16s%2Fg%2F11ypz_4lq8!19sChIJ85oIJACbakARjx_SpXWMmMY,"florist in Shengavit, Yerevan"
0x406aefd5c3dd34bf:0x86a6eb8fc9ffa118,MH Flowers,Florist,цветы,Ереван,"43G6+45F, Mrgashat, Armenia",,,,,,,,,5.0,,open,,40.1252445,44.0605348,https://www.google.com/maps/place/MH+Flowers/data=!4m7!3m6!1s0x406aefd5c3dd34bf:0x86a6eb8fc9ffa118!8m2!3d40.1252445!4d44.0605348!16s%2Fg%2F11scnq3wmr!19sChIJvzTdw9XvakARGKH_yY_rpoY,"florist in Shengavit, Yerevan"
0x406aa35e57572535:0x1b00de36ec98c72d,MK Flowers,Wholesale florist,цветы,Ереван,"76/1 Zakaria Kanakertsi St, Yerevan, Armenia",+37444410091,,,,,,,,,,open,,40.2227675,44.5446176,https://www.google.com/maps/place/MK+Flowers/data=!4m7!3m6!1s0x406aa35e57572535:0x1b00de36ec98c72d!8m2!3d40.2227675!4d44.5446176!16s%2Fg%2F11yrqt3m7b!19sChIJNSVXV16jakARLceY7DbeABs,"florist in Erebuni, Yerevan"
0x406abbc8fa8551f7:0x2d6dba5e0da76a7c,Mane Flowers,Florist,цветы,Ереван,"50-th St, Yerevan, Armenia",+37477448033,,,,,,,,5.0,,open,,40.1490372,44.532127,https://www.google.com/maps/place/Mane+Flowers/data=!4m7!3m6!1s0x406abbc8fa8551f7:0x2d6dba5e0da76a7c!8m2!3d40.1490372!4d44.532127!16s%2Fg%2F11zjh1kkf_!19sChIJ91GF-si7akARfGqnDV66bS0,"florist in Shengavit, Yerevan"
0x406aa34a0866350d:0xbb6519e2502be39,Mary Rose Flower Salon,Flower designer,цветы,Ереван,"6 Nersisyan St, Yerevan 0014, Armenia",+37498460800,,,,,,,,,,open,,40.2061726,44.5291414,https://www.google.com/maps/place/Mary+Rose+Flower+Salon/data=!4m7!3m6!1s0x406aa34a0866350d:0xbb6519e2502be39!8m2!3d40.2061726!4d44.5291414!16s%2Fg%2F11tsd6tzmh!19sChIJDTVmCEqjakAROb4CJZ5Rtgs,"florist in Kentron, Yerevan"
0x406abd37be7460f3:0x5c5b75982cfc9bf3,Meri Flowers,Flower designer,цветы,Ереван,"2/2 Ohanov St, Yerevan, Armenia",+37455739323,,,,,,,,5.0,,open,,40.1801422,44.4468113,https://www.google.com/maps/place/Meri+Flowers/data=!4m7!3m6!1s0x406abd37be7460f3:0x5c5b75982cfc9bf3!8m2!3d40.1801422!4d44.4468113!16s%2Fg%2F11fl8tc60w!19sChIJ82B0vje9akAR85v8LJh1W1w,"florist in Shengavit, Yerevan"
0x406aa3000e2e2597:0x9e35461aef86f58,Mkrtchyan Flowers HRT- PM,Flower designer,цветы,Ереван,"6HCG+6C2, Arinj, Armenia",,,,,,,,,5.0,,open,,40.2205166,44.5759843,https://www.google.com/maps/place/Mkrtchyan+Flowers+HRT-+PM/data=!4m7!3m6!1s0x406aa3000e2e2597:0x9e35461aef86f58!8m2!3d40.2205166!4d44.5759843!16s%2Fg%2F11wwzdlf31!19sChIJlyUuDgCjakARWG_4rmFU4wk,"florist in Shengavit, Yerevan"
0x406abd001100e969:0xdc7664746856c6eb,Mon bouquet,Flower designer,цветы,Ереван,"Yerevan, Armenia",+37495156069,,,,,,,,,,open,,40.1739149,44.4455418,https://www.google.com/maps/place/Mon+bouquet/data=!4m7!3m6!1s0x406abd001100e969:0xdc7664746856c6eb!8m2!3d40.1739149!4d44.4455418!16s%2Fg%2F11z185cz_t!19sChIJaekAEQC9akAR68ZWaHRkdtw,"florist in Malatia-Sebastia, Yerevan"
0x406abd748d49ab6b:0x1d9d61e96eeb4439,Méli Fiori,Florist,цветы,Ереван,"15 Mesrop Mashtots Ave, Yerevan 0002, Armenia",+37494968889,,,,,,,,,,open,,40.1822527,44.5081994,https://www.google.com/maps/place/M%C3%A9li+Fiori/data=!4m7!3m6!1s0x406abd748d49ab6b:0x1d9d61e96eeb4439!8m2!3d40.1822527!4d44.5081994!16s%2Fg%2F11xdvfp30v!19sChIJa6tJjXS9akAROUTrbulhnR0,"florist in Kentron, Yerevan"
0x406aa2d5df3ac003:0x4118ed2423740b38,Nare Flowers,Market,цветы,Ереван,"6G3V+3HF, Yerevan, Armenia",+37499660684,,,,,,,,4.7,,open,,40.2026843,44.5439067,https://www.google.com/maps/place/Nare+Flowers/data=!4m7!3m6!1s0x406aa2d5df3ac003:0x4118ed2423740b38!8m2!3d40.2026843!4d44.5439067!16s%2Fg%2F1vlk015p!19sChIJA8A639WiakAROAt0IyTtGEE,"florist in Nor Nork, Yerevan"
0x406ab99fd66922a9:0xf798c0a4a99dda87,New Style Flowers,Florist,цветы,Ереван,"3FQF+4M3, 1st St, Nor Kharberd, Armenia",+37493545833,,,,,,,,5.0,,open,,40.0877561,44.4741749,https://www.google.com/maps/place/New+Style+Flowers/data=!4m7!3m6!1s0x406ab99fd66922a9:0xf798c0a4a99dda87!8m2!3d40.0877561!4d44.4741749!16s%2Fg%2F11l1yk8md5!19sChIJqSJp1p-5akARh9qdqaTAmPc,"florist in Shengavit, Yerevan"
0x406abd006a272845:0xb27c4109c34b513c,Nice flowers,Florist,цветы,Ереван,"5CHR+G74 Гусана Шерама, Yerevan 0034, Armenia",+37491899113,,,,,,,,,,open,,40.178766,44.4407088,https://www.google.com/maps/place/Nice+flowers/data=!4m7!3m6!1s0x406abd006a272845:0xb27c4109c34b513c!8m2!3d40.178766!4d44.4407088!16s%2Fg%2F11vx7g4qnc!19sChIJRSgnagC9akARPFFLwwlBfLI,"florist in Shengavit, Yerevan"
0x406aa31e507fd1d5:0x69376dc2d3cca33a,Orchid Flower Salon,Florist,цветы,Ереван,"68/1 Marshal Khudiakov St, Yerevan 0063, Armenia",+37493006757,,,,,,,,5.0,,open,,40.2109291,44.5667156,https://www.google.com/maps/place/Orchid+Flower+Salon/data=!4m7!3m6!1s0x406aa31e507fd1d5:0x69376dc2d3cca33a!8m2!3d40.2109291!4d44.5667156!16s%2Fg%2F11g8nwfmrj!19sChIJ1dF_UB6jakAROqPM08JtN2k,"florist in Nor Nork, Yerevan"
0x406abd0051d7e363:0x8ec279dbbe3b94df,Orchids,Florist,цветы,Ереван,"6 Heratsi St, Yerevan, Armenia",+37477382210,,,,,,,,,,open,,40.1883425,44.5275108,https://www.google.com/maps/place/Orchids/data=!4m7!3m6!1s0x406abd0051d7e363:0x8ec279dbbe3b94df!8m2!3d40.1883425!4d44.5275108!16s%2Fg%2F11xfpk1r1j!19sChIJY-PXUQC9akAR35Q7vtt5wo4,"florist in Kentron, Yerevan"
0x406abd006bdfb039:0x1aa2bbf920ef26f7,Penelope Flowers,Flower market,цветы,Ереван,"5GQF+9F2, Koryun St, Yerevan, Armenia",,,,,,,,,4.0,,open,,40.1884383,44.5234855,https://www.google.com/maps/place/Penelope+Flowers/data=!4m7!3m6!1s0x406abd006bdfb039:0x1aa2bbf920ef26f7!8m2!3d40.1884383!4d44.5234855!16s%2Fg%2F11yl3gq3yp!19sChIJObDfawC9akAR9ybvIPm7oho,"florist in Kentron, Yerevan"
0x406abd003c52871b:0xc960d6abc1639a6d,Pinkypink,Florist,цветы,Ереван,"5GM8+34G, 2 Hin Yerevantsi St, Yerevan, Armenia",,,,,,,,,5.0,,open,,40.1825294,44.5155481,https://www.google.com/maps/place/Pinkypink/data=!4m7!3m6!1s0x406abd003c52871b:0xc960d6abc1639a6d!8m2!3d40.1825294!4d44.5155481!16s%2Fg%2F11z5yw406g!19sChIJG4dSPAC9akARbZpjwavWYMk,"florist in Kentron, Yerevan"
0x406abd14c003deab:0xcf2a964f82d94e61,Prime Flowers,Flower market,цветы,Ереван,"79/5 Charents St, Yerevan 0025, Armenia",+37410556606,,,,,,,,5.0,,open,,40.1741472,44.5266847,https://www.google.com/maps/place/Prime+Flowers/data=!4m7!3m6!1s0x406abd14c003deab:0xcf2a964f82d94e61!8m2!3d40.1741472!4d44.5266847!16s%2Fg%2F11fl0t6xd1!19sChIJq94DwBS9akARYU7Zgk-WKs8,"florist in Kentron, Yerevan"
0x406abd984944e727:0x1e13f44b7c3c2642,Punj,Flower designer,цветы,Ереван,"3 Grigor Lusavorich Street, Yerevan 0015, Armenia",+37491044808,,,,,,,,1.0,,open,,40.1721604,44.5072526,https://www.google.com/maps/place/Punj/data=!4m7!3m6!1s0x406abd984944e727:0x1e13f44b7c3c2642!8m2!3d40.1721604!4d44.5072526!16s%2Fg%2F11ft2h3tq1!19sChIJJ-dESZi9akARQiY8fEv0Ex4,"florist in Nor Nork, Yerevan"
0x406aa31dcb4eb857:0x45bb61958426314b,Punj.am,Florist,цветы,Ереван,"44/3 Marshal Khudiakov St, Yerevan 0063, Armenia",+37433407066,,,,,,,,5.0,,open,,40.2113801,44.567723,https://www.google.com/maps/place/Punj.am/data=!4m7!3m6!1s0x406aa31dcb4eb857:0x45bb61958426314b!8m2!3d40.2113801!4d44.567723!16s%2Fg%2F1ptwr63_9!19sChIJV7hOyx2jakARSzEmhJVhu0U,"florist in Nor Nork, Yerevan"
0x406abd00364841d7:0x8680d56dba07f62f,Punk Flowers,Florist,цветы,Ереван,"63 Halabyan St, Yerevan, Armenia",+37443318111,,,,,,,,5.0,,open,,40.2044725,44.4799774,https://www.google.com/maps/place/Punk+Flowers/data=!4m7!3m6!1s0x406abd00364841d7:0x8680d56dba07f62f!8m2!3d40.2044725!4d44.4799774!16s%2Fg%2F11yclnj9xq!19sChIJ10FINgC9akARL_YHum3VgIY,"florist in Kentron, Yerevan"
0x406abd0052e2dc9b:0x7a613636d754f4ac,Rosavie De Flore,Florist,цветы,Ереван,"11 Mesrop Mashtots Ave, Yerevan 0002, Armenia",+37499004455,,,,,,,,,,open,,40.1811936,44.5077141,https://www.google.com/maps/place/Rosavie+De+Flore/data=!4m7!3m6!1s0x406abd0052e2dc9b:0x7a613636d754f4ac!8m2!3d40.1811936!4d44.5077141!16s%2Fg%2F11zyrmv0hx!19sChIJm9ziUgC9akARrPRU1zY2YXo,"florist in Kentron, Yerevan"
0x406aa34a6e42403d:0x942971ac64998db5,Rose Flowers,Florist,цветы,Ереван,"8/1 tevosyan street, Yerevan, Armenia",+37495004747,,,,,,,,5.0,,open,,40.1894826,44.5899874,https://www.google.com/maps/place/Rose+Flowers/data=!4m7!3m6!1s0x406aa34a6e42403d:0x942971ac64998db5!8m2!3d40.1894826!4d44.5899874!16s%2Fg%2F11ft9h3_x4!19sChIJPUBCbkqjakARtY2ZZKxxKZQ,"florist in Nor Nork, Yerevan"
0x406abd55e27ae449:0x4b6c2bb697530c12,Sargsyans Gift Collection,Florist,цветы,Ереван,"36 Komitas Ave, Yerevan 0012, Armenia",+37477662637,,,,,,,,5.0,,open,,40.2050883,44.5049736,https://www.google.com/maps/place/Sargsyans+Gift+Collection/data=!4m7!3m6!1s0x406abd55e27ae449:0x4b6c2bb697530c12!8m2!3d40.2050883!4d44.5049736!16s%2Fg%2F11vb5xstvb!19sChIJSeR64lW9akAREgxTl7YrbEs,"florist in Kentron, Yerevan"
0x406abd005831e753:0x90c6da50adfcf013,Secret Garden,Florist,цветы,Ереван,"5, 1 Koryun St, Yerevan, Armenia",+37491119771,,,,,,,,,,open,,40.187201,44.5247375,https://www.google.com/maps/place/Secret+Garden/data=!4m7!3m6!1s0x406abd005831e753:0x90c6da50adfcf013!8m2!3d40.187201!4d44.5247375!16s%2Fg%2F11z13h92z0!19sChIJU-cxWAC9akARE_D8rVDaxpA,"florist in Kentron, Yerevan"
0x406abd64ac3eaf75:0xad2299f6cbb363ed,Serenada Flowers,Florist,цветы,Ереван,"10 Tumanyan St, Yerevan 0001, Armenia",,,,,,,,,4.0,,open,,40.1801978,44.5214705,https://www.google.com/maps/place/Serenada+Flowers/data=!4m7!3m6!1s0x406abd64ac3eaf75:0xad2299f6cbb363ed!8m2!3d40.1801978!4d44.5214705!16s%2Fg%2F11nxv4_6zs!19sChIJda8-rGS9akAR7WOzy_aZIq0,"florist in Kentron, Yerevan"
0x406a950048df5773:0x7e3bbbe48278e6f2,ShaMa floral artistry | Ծաղկի սրահ,Florist,цветы,Ереван,"22 Manushyan St, Vagharshapat, Armenia",+37496541123,,,,,,,,5.0,,open,,40.1649812,44.3442958,https://www.google.com/maps/place/ShaMa+floral+artistry+%7C+%D4%BE%D5%A1%D5%B2%D5%AF%D5%AB+%D5%BD%D6%80%D5%A1%D5%B0/data=!4m7!3m6!1s0x406a950048df5773:0x7e3bbbe48278e6f2!8m2!3d40.1649812!4d44.3442958!16s%2Fg%2F11xgb3vn0l!19sChIJc1ffSACVakAR8uZ4guS7O34,"florist in Shengavit, Yerevan"
0x406aa1d82edc944d:0x426f0f7cbce1ba8c,"Shi Flowers ,Flowers stor in Abovyan",Florist,цветы,Ереван,"ул Атиса 1/107/13, Abovyan, Armenia",+37477575569,,,,,,,,,,open,,40.2788604,44.6403868,"https://www.google.com/maps/place/Shi+Flowers+,Flowers+stor+in+Abovyan/data=!4m7!3m6!1s0x406aa1d82edc944d:0x426f0f7cbce1ba8c!8m2!3d40.2788604!4d44.6403868!16s%2Fg%2F11mzqwrn5g!19sChIJTZTcLtihakARjLrhvHwPb0I","florist in Shengavit, Yerevan"
0x406aa367eefa0ab9:0x5ce126cd9c832051,Solange Flowers,Flower market,цветы,Ереван,"6/1 Nikoghayos Adonts St, Yerevan, Armenia",+37499990558,,,,,,,,3.0,,open,,40.2127703,44.5222853,https://www.google.com/maps/place/Solange+Flowers/data=!4m7!3m6!1s0x406aa367eefa0ab9:0x5ce126cd9c832051!8m2!3d40.2127703!4d44.5222853!16s%2Fg%2F11vx64clbp!19sChIJuQr67mejakARUSCDnM0m4Vw,"florist in Arabkir, Yerevan"
0x406ab9004b80b64b:0x1aac5961a18aae5f,Syuzan Flowers,Florist,цветы,Ереван,"H8, 7 1st St, Ayntap 0803, Armenia",,,,,,,,,,,open,,40.102522,44.4697646,https://www.google.com/maps/place/Syuzan+Flowers/data=!4m7!3m6!1s0x406ab9004b80b64b:0x1aac5961a18aae5f!8m2!3d40.102522!4d44.4697646!16s%2Fg%2F11yq2lr38s!19sChIJS7aASwC5akARX66KoWFZrBo,"florist in Shengavit, Yerevan"
0x406abddfea691acb:0xff3e95f6ff194d4b,Ti Amo Flower Shop,Flower delivery,цветы,Ереван,"Glinka St, Yerevan, Armenia",+37477611467,,,,,,,,5.0,,open,,40.1600809,44.512757,https://www.google.com/maps/place/Ti+Amo+Flower+Shop/data=!4m7!3m6!1s0x406abddfea691acb:0xff3e95f6ff194d4b!8m2!3d40.1600809!4d44.512757!16s%2Fg%2F11q9m8hl1f!19sChIJyxpp6t-9akARS00Z__aVPv8,"florist in Kentron, Yerevan"
0x406abd1395f26859:0x941e74a60176c2b,Tiger Flowers,Florist,цветы,Ереван,"66A Marshal Baghramyan Ave, Yerevan, Armenia",+37495444440,,,,,,,,,,open,,40.1949689,44.4963263,https://www.google.com/maps/place/Tiger+Flowers/data=!4m7!3m6!1s0x406abd1395f26859:0x941e74a60176c2b!8m2!3d40.1949689!4d44.4963263!16s%2Fg%2F11h_6q6h2c!19sChIJWWjylRO9akARK2wXYErnQQk,"florist in Kentron, Yerevan"
0x406abd0058b90a6b:0x326791b95025da8c,Tokhunts Flowers,Florist,цветы,Ереван,"4FXW+G69, Frunze St, Yerevan, Armenia",,,,,,,,,,,open,,40.1487824,44.4955962,https://www.google.com/maps/place/Tokhunts+Flowers/data=!4m7!3m6!1s0x406abd0058b90a6b:0x326791b95025da8c!8m2!3d40.1487824!4d44.4955962!16s%2Fg%2F11x16w2vcg!19sChIJawq5WAC9akARjNolULmRZzI,"florist in Shengavit, Yerevan"
0x406aa3d7bc4a6f45:0xc842a837e22cd43e,Underground Florist,Florist,цветы,Ереван,"12, 10 Gai Ave, Yerevan, Armenia",,,,,,,,,,,open,,40.1985929,44.5669091,https://www.google.com/maps/place/Underground+Florist/data=!4m7!3m6!1s0x406aa3d7bc4a6f45:0xc842a837e22cd43e!8m2!3d40.1985929!4d44.5669091!16s%2Fg%2F11kj6w1tk6!19sChIJRW9KvNejakARPtQs4jeoQsg,"florist in Nor Nork, Yerevan"
0x406abd0056962301:0xd8d7f7b56aaf7398,VITA fiori,Florist,цветы,Ереван,"24, 3 Gyulbenkyan St, Yerevan, Armenia",,,,,,,,,5.0,,open,,40.198271,44.497657,https://www.google.com/maps/place/VITA+fiori/data=!4m7!3m6!1s0x406abd0056962301:0xd8d7f7b56aaf7398!8m2!3d40.198271!4d44.497657!16s%2Fg%2F11vzd9b8zk!19sChIJASOWVgC9akARmHOvarX319g,"florist in Kentron, Yerevan"
0x406abd00743664d9:0x3f7f5e32530d3d5d,VITA fiori,Flower market,цветы,Ереван,"2 King Pap St, Yerevan 0010, Armenia",,,,,,,,,,,open,,40.1787232,44.5112737,https://www.google.com/maps/place/VITA+fiori/data=!4m7!3m6!1s0x406abd00743664d9:0x3f7f5e32530d3d5d!8m2!3d40.1787232!4d44.5112737!16s%2Fg%2F11z7l0fbwk!19sChIJ2WQ2dAC9akARXT0NUzJefz8,"florist in Nor Nork, Yerevan"
0x406a9aa01f5a34f5:0x2f5ec0ef5948a318,Venus Flowers,Florist,цветы,Ереван,"61 Grigor Narekatsi St, Ashtarak, Armenia",+37498545472,,,,,,,,5.0,,open,,40.2923263,44.35235,https://www.google.com/maps/place/Venus+Flowers/data=!4m7!3m6!1s0x406a9aa01f5a34f5:0x2f5ec0ef5948a318!8m2!3d40.2923263!4d44.35235!16s%2Fg%2F11h9zhypq4!19sChIJ9TRaH6CaakARGKNIWe_AXi8,"florist in Shengavit, Yerevan"
0x406ac7a307a148ef:0x492168376f247ca4,Vista Floral Studio,Flower delivery,цветы,Ереван,"7 Heratsi 5, Masis 0801, Armenia",+37444777081,,,,,,,,5.0,,open,,40.0681277,44.4486658,https://www.google.com/maps/place/Vista+Floral+Studio/data=!4m7!3m6!1s0x406ac7a307a148ef:0x492168376f247ca4!8m2!3d40.0681277!4d44.4486658!16s%2Fg%2F11x6pn3h1c!19sChIJ70ihB6PHakARpHwkbzdoIUk,"florist in Shengavit, Yerevan"
0x406abd8317d2e77d:0x279af1b346bd1dd6,Yeva,Flower designer,цветы,Ереван,"10, 1 Grigor Hasratyan St, Yerevan 0031, Armenia",+37477676773,,,,,,,,,,open,,40.193376,44.4628557,https://www.google.com/maps/place/Yeva/data=!4m7!3m6!1s0x406abd8317d2e77d:0x279af1b346bd1dd6!8m2!3d40.193376!4d44.4628557!16s%2Fg%2F11g6wf33yw!19sChIJfefSF4O9akAR1h29RrPxmic,"florist in Kentron, Yerevan"
0x406abdbd3894b6ab:0x6bfa4b9b59f665c9,Your Flowers Yerevan,Flower delivery,цветы,Ереван,"9 Paronyan St, Yerevan 0001, Armenia",+37498581914,,,,,,,,,,open,,40.1790259,44.5014194,https://www.google.com/maps/place/Your+Flowers+Yerevan/data=!4m7!3m6!1s0x406abdbd3894b6ab:0x6bfa4b9b59f665c9!8m2!3d40.1790259!4d44.5014194!16s%2Fg%2F11z5tlr9sh!19sChIJq7aUOL29akARyWX2WZtL-ms,"florist in Kentron, Yerevan"
0x406abd294f5486bd:0x73490a2e4e92aaf3,dream flowers,Shopping mall,цветы,Ереван,"6 Grigor Hasratyan St, Yerevan 0031, Armenia",,,,,,,,,5.0,,open,,40.1934339,44.4631138,https://www.google.com/maps/place/dream+flowers/data=!4m7!3m6!1s0x406abd294f5486bd:0x73490a2e4e92aaf3!8m2!3d40.1934339!4d44.4631138!16s%2Fg%2F11rn294l8m!19sChIJvYZUTym9akAR86qSTi4KSXM,"florist in Kentron, Yerevan"
0x406abd5c5ad5ac11:0x47d11a353ac9adcd,flowers,Florist,цветы,Ереван,"19 Hrachya Kochar St, Yerevan, Armenia",+37493338313,,,,,,,,,,open,,40.201447,44.5012497,https://www.google.com/maps/place/flowers/data=!4m7!3m6!1s0x406abd5c5ad5ac11:0x47d11a353ac9adcd!8m2!3d40.201447!4d44.5012497!16s%2Fg%2F11yj9_j1vc!19sChIJEazVWly9akARza3JOjUa0Uc,"florist in Kentron, Yerevan"
0x406abd0c1db1f397:0x958034444918836a,green home,Flower market,цветы,Ереван,"Pushkin St, Yerevan 0002, Armenia",+37477733922,,,,,,,,2.0,,open,,40.1823642,44.5132166,https://www.google.com/maps/place/green+home/data=!4m7!3m6!1s0x406abd0c1db1f397:0x958034444918836a!8m2!3d40.1823642!4d44.5132166!16s%2Fg%2F11nqlspmsf!19sChIJl_OxHQy9akARaoMYSUQ0gJU,"florist in Arabkir, Yerevan"
0x406a9500727efc53:0xa979d89f528c16e6,karinka flowers,Florist,цветы,Ереван,"589H+3WG, Vagharshapat, Armenia",,,,,,,,,5.0,,open,,40.1676959,44.3298249,https://www.google.com/maps/place/karinka+flowers/data=!4m7!3m6!1s0x406a9500727efc53:0xa979d89f528c16e6!8m2!3d40.1676959!4d44.3298249!16s%2Fg%2F11w46wvl91!19sChIJU_x-cgCVakAR5haMUp_Yeak,"florist in Shengavit, Yerevan"
0x406aa3f9b83cfa87:0x9ac4d0a56c2fa24d,ВАЛЕНТИНА,Florist,цветы,Ереван,"77, 1 Paruyr Sevak St, Yerevan, Armenia",,,,,,,,,5.0,,open,,40.2019891,44.5455573,https://www.google.com/maps/place/%D0%92%D0%90%D0%9B%D0%95%D0%9D%D0%A2%D0%98%D0%9D%D0%90/data=!4m7!3m6!1s0x406aa3f9b83cfa87:0x9ac4d0a56c2fa24d!8m2!3d40.2019891!4d44.5455573!16s%2Fg%2F11l6sb5ztk!19sChIJh_o8uPmjakARTaIvbKXQxJo,"florist in Kentron, Yerevan"
0x406abd00739d33eb:0x9220f674f1382240,Ереван 3 мас,Florist,цветы,Ереван,"4FXH+MW2, Manandyan St, Yerevan, Armenia",,,,,,,,,5.0,,open,,40.1491438,44.4797765,https://www.google.com/maps/place/%D0%95%D1%80%D0%B5%D0%B2%D0%B0%D0%BD+3+%D0%BC%D0%B0%D1%81/data=!4m7!3m6!1s0x406abd00739d33eb:0x9220f674f1382240!8m2!3d40.1491438!4d44.4797765!16s%2Fg%2F11y3b8mdfy!19sChIJ6zOdcwC9akARQCI48XT2IJI,"florist in Malatia-Sebastia, Yerevan"
0x406abd0061cc128f:0x658611eb810e5b1e,Улица папазеан,Florist,цветы,Ереван,"70a Avet Avetisyan St, Yerevan 0012, Armenia",,,,,,,,,,,open,,40.198154,44.5016077,https://www.google.com/maps/place/%D0%A3%D0%BB%D0%B8%D1%86%D0%B0+%D0%BF%D0%B0%D0%BF%D0%B0%D0%B7%D0%B5%D0%B0%D0%BD/data=!4m7!3m6!1s0x406abd0061cc128f:0x658611eb810e5b1e!8m2!3d40.198154!4d44.5016077!16s%2Fg%2F11ml4hcjxl!19sChIJjxLMYQC9akARHlsOgesRhmU,"florist in Kentron, Yerevan"
0x406abd0258eceb8b:0x77a3229026ba376a,ЦВЕТЫ,Florist,цветы,Ереван,"6 Galshoyan St, Yerevan 0079, Armenia",,,,,,,,,4.0,,open,,40.182002,44.5710494,https://www.google.com/maps/place/%D0%A6%D0%92%D0%95%D0%A2%D0%AB/data=!4m7!3m6!1s0x406abd0258eceb8b:0x77a3229026ba376a!8m2!3d40.182002!4d44.5710494!16s%2Fg%2F11hf87cmgr!19sChIJi-vsWAK9akARaje6JpAio3c,"florist in Nor Nork, Yerevan"
0x406aa3df046247d5:0x9f1c2d1695dec643,Цветы,Florist,цветы,Ереван,"23 Azatutyan Ave, Yerevan, Armenia",,,,,,,,,,,open,,40.2077589,44.5276026,https://www.google.com/maps/place/%D0%A6%D0%B2%D0%B5%D1%82%D1%8B/data=!4m7!3m6!1s0x406aa3df046247d5:0x9f1c2d1695dec643!8m2!3d40.2077589!4d44.5276026!16s%2Fg%2F11srggs6jr!19sChIJ1UdiBN-jakARQ8belRYtHJ8,"florist in Arabkir, Yerevan"
0x406abdfbefacdd0d:0xe7bcfb0a9eb19986,Անիկո ծաղկի սրահ,Florist,цветы,Ереван,"18, 4 Svachyan St, Yerevan, Armenia",,,,,,,,,,,open,,40.175434,44.4488749,https://www.google.com/maps/place/%D4%B1%D5%B6%D5%AB%D5%AF%D5%B8+%D5%AE%D5%A1%D5%B2%D5%AF%D5%AB+%D5%BD%D6%80%D5%A1%D5%B0/data=!4m7!3m6!1s0x406abdfbefacdd0d:0xe7bcfb0a9eb19986!8m2!3d40.175434!4d44.4488749!16s%2Fg%2F11v0p156hl!19sChIJDd2s7_u9akARhpmxngr7vOc,"florist in Malatia-Sebastia, Yerevan"
0x406abd004ae782b5:0x1032e3cf17e2180c,Բաղրամյան վարդեր տաղավար,Florist,цветы,Ереван,"5GR3+VMV, Marshal Baghramyan Ave, Yerevan, Armenia",,,,,,,,,,,open,,40.1922371,44.5041657,https://www.google.com/maps/place/%D4%B2%D5%A1%D5%B2%D6%80%D5%A1%D5%B4%D5%B5%D5%A1%D5%B6+%D5%BE%D5%A1%D6%80%D5%A4%D5%A5%D6%80+%D5%BF%D5%A1%D5%B2%D5%A1%D5%BE%D5%A1%D6%80/data=!4m7!3m6!1s0x406abd004ae782b5:0x1032e3cf17e2180c!8m2!3d40.1922371!4d44.5041657!16s%2Fg%2F11yrl9x7v0!19sChIJtYLnSgC9akARDBjiF8_jMhA,"florist in Kentron, Yerevan"
0x406abdbeeb261a6d:0x25474a599ef292b7,Ծաղիկներ և ձևավորում,Florist,цветы,Ереван,"ул. Тевосяна 36/3 Jrvezh, Yerevan 0089, Armenia",+37477670540,,,,,,,,,,open,,40.1824375,44.5123962,https://www.google.com/maps/place/%D4%BE%D5%A1%D5%B2%D5%AB%D5%AF%D5%B6%D5%A5%D6%80+%D6%87+%D5%B1%D6%87%D5%A1%D5%BE%D5%B8%D6%80%D5%B8%D6%82%D5%B4/data=!4m7!3m6!1s0x406abdbeeb261a6d:0x25474a599ef292b7!8m2!3d40.1824375!4d44.5123962!16s%2Fg%2F11njpgftz6!19sChIJbRom6769akARt5LynllKRyU,"florist in Kentron, Yerevan"
0x406abc67dafdc921:0x356fa88a7e637de5,Ծաղիկների խանութ,Florist,цветы,Ереван,"36 Tigran Mets Ave, Yerevan 0018, Armenia",+37493373873,,,,,,,,4.0,,open,,40.1632397,44.5121525,https://www.google.com/maps/place/%D4%BE%D5%A1%D5%B2%D5%AB%D5%AF%D5%B6%D5%A5%D6%80%D5%AB+%D5%AD%D5%A1%D5%B6%D5%B8%D6%82%D5%A9/data=!4m7!3m6!1s0x406abc67dafdc921:0x356fa88a7e637de5!8m2!3d40.1632397!4d44.5121525!16s%2Fg%2F11b6dq7nxt!19sChIJIcn92me8akAR5X1jfoqobzU,"florist in Kentron, Yerevan"
0x406abdb5ace151df:0xd40a0d70ee6d9475,Ծաղկի խանութ,Florist,цветы,Ереван,"5GPC+M99, Moskovyan Street, Yerevan, Armenia",,,,,,,,,5.0,,open,,40.1866578,44.520978,https://www.google.com/maps/place/%D4%BE%D5%A1%D5%B2%D5%AF%D5%AB+%D5%AD%D5%A1%D5%B6%D5%B8%D6%82%D5%A9/data=!4m7!3m6!1s0x406abdb5ace151df:0xd40a0d70ee6d9475!8m2!3d40.1866578!4d44.520978!16s%2Fg%2F11smrr1ynp!19sChIJ31HhrLW9akARdZRt7nANCtQ,"florist in Kentron, Yerevan"
0x406abd005a069f85:0x6268a8993efad3db,Ծաղկի սրահ,Florist,цветы,Ереван,"5HF8+R8G, Yerevan, Armenia",,,,,,,,,5.0,,open,,40.174921,44.565575,https://www.google.com/maps/place/%D4%BE%D5%A1%D5%B2%D5%AF%D5%AB+%D5%BD%D6%80%D5%A1%D5%B0/data=!4m7!3m6!1s0x406abd005a069f85:0x6268a8993efad3db!8m2!3d40.174921!4d44.565575!16s%2Fg%2F11x082jych!19sChIJhZ8GWgC9akAR29P6PpmoaGI,"florist in Nor Nork, Yerevan"
0x406ab90034dc3db1:0xe0cb0d4500ec8c95,Ծաղկի սրահ,Florist,цветы,Ереван,"2 Artashat Hwy, Yerevan 0803, Armenia",,,,,,,,,,,open,,40.1133644,44.4762955,https://www.google.com/maps/place/%D4%BE%D5%A1%D5%B2%D5%AF%D5%AB+%D5%BD%D6%80%D5%A1%D5%B0/data=!4m7!3m6!1s0x406ab90034dc3db1:0xe0cb0d4500ec8c95!8m2!3d40.1133644!4d44.4762955!16s%2Fg%2F11wj5d21kt!19sChIJsT3cNAC5akARlYzsAEUNy-A,"florist in Shengavit, Yerevan"
0x406abb00216f5cd1:0x325f3da89cdf7b76,Ծաղկի սրահ,Florist,цветы,Ереван,"23, 2 Titogradian St, Yerevan, Armenia",,,,,,,,,,,open,,40.1286005,44.524677,https://www.google.com/maps/place/%D4%BE%D5%A1%D5%B2%D5%AF%D5%AB+%D5%BD%D6%80%D5%A1%D5%B0/data=!4m7!3m6!1s0x406abb00216f5cd1:0x325f3da89cdf7b76!8m2!3d40.1286005!4d44.524677!16s%2Fg%2F11x0rmzkfh!19sChIJ0VxvIQC7akARdnvfnKg9XzI,"florist in Erebuni, Yerevan"
